nome_via;sistema_viario;hierarquia_via;geometry
AV. DEP. ANÍBAL KHURY;SETORIAL 1;LEI Nº 15511 / 2019;LINESTRING (667105.4689624524 7176848.242576074, 667114.3099554072 7176802.21376281, 667299.1282960351 7176279.0277953185, 667306.2464931445 7176255.89358813, 667309.8054895301 7176233.522181848, 667310.8224849314 7176209.371375633, 667307.517678604 7176181.915369465, 667293.0270583454 7176098.785351694, 667290.9932533005 7176076.159746474, 667292.772849248 7176053.788340554, 667298.1114463776 7176032.942134298, 667308.3138432805 7176005.014325306, 667342.2376420632 7175957.374306653)
AV. DR. DÁRIO LOPES DOS SANTOS;SETORIAL 2;LEI Nº 15511 / 2019;LINESTRING (676112.7808381153 7185600.625153465, 676241.1284620787 7185557.497715123, 676256.5360648092 7185551.6327103395, 676273.796667603 7185543.816504657, 676327.8254752546 7185514.163285515, 676359.039679869 7185497.958274699, 676387.8618846597 7185485.501065361, 676413.5514893042 7185476.1764575, 676496.9711053491 7185450.463833159, 676514.1311084226 7185444.105627872, 676531.0837110344 7185435.815622127)
ESTR. DO GANCHINHO - LE;COLETORA 2;LEI Nº 15511 / 2019;LINESTRING (671993.0784470992 7173343.693513954, 672100.0620644594 7173301.8888815995, 672140.3348708543 7173285.491069254, 672180.0332768732 7173267.955456747, 672240.6764857628 7173239.704037281, 672283.540891741 7173218.27182316, 672337.365098513 7173187.828204557, 672375.3585033535 7173166.6395915, 672402.3923070445 7173152.757382503, 672426.5035106293 7173141.797774823, 672449.1535143116 7173133.029967987)
R. ALBERTO FERREIRA;COLETORA 2;LEI Nº 15511 / 2019;LINESTRING (666271.3676999743 7178570.723174665, 666289.4236843064 7178469.647745628, 666306.0116709427 7178381.975720268)
R. AMADOR BUENO;SETORIAL 1;LEI Nº 15511 / 2019;LINESTRING (680950.0799579098 7182250.7164522465, 681008.8671761001 7182265.784443349, 681023.7089809995 7182271.002241463, 681038.3767862782 7182278.172040117, 681076.7790009324 7182300.764037568)
R. ANA MARIA FOGGIATTO RODA;COLETORA 2;LEI Nº 15511 / 2019;LINESTRING (674820.9434819617 7172141.423231045, 674782.8392701835 7172129.156236047, 674708.4946474163 7172106.230446048, 674548.9343984912 7172056.6558674, 674523.508387169 7172031.921066694, 674482.3005686693 7171991.09866537)
R. ANJOLILO BUZETTI;SETORIAL 1;LEI Nº 15511 / 2019;LINESTRING (667739.4961283652 7174906.989566358, 667713.0619255268 7174925.0387761425, 667697.5517259224 7174945.878784418, 667670.9445335417 7175016.114407149, 667651.28893972 7175070.745024622, 667613.7905521779 7175178.344058803, 667586.3973613987 7175257.584083938, 667556.9457712212 7175342.339110861, 667537.1251783571 7175402.016129637, 667518.2685846409 7175456.292746885, 667497.5831913017 7175514.690165525, 667478.3199973855 7175568.4841827415, 667435.4382121097 7175694.170222549, 667419.3538175919 7175741.133437442, 667402.0262229799 7175789.153252846, 667401.8332244114 7175796.516854715, 667385.0138355386 7175872.493676966, 667378.6538386222 7175895.632283993, 667372.2454401379 7175911.028489107, 667360.5640416255 7175932.74609685, 667342.2376420632 7175957.374306653)
R. ANTÔNIO SKREPEC;COLETORA 2;LEI Nº 15511 / 2019;LINESTRING (672917.1127445253 7175622.218485156, 672945.7271474979 7175602.668274364, 672955.4379465014 7175586.362868302)
R. ARCÉSIO DE BARROS LIMA;COLETORA 2;LEI Nº 15511 / 2019;LINESTRING (667180.2056224635 7171075.146540074, 667182.4390203112 7171061.746936375, 667173.8780021936 7170981.72151868)
R. AYRTON PIZZATTO GUSI;COLETORA 1;LEI Nº 15511 / 2019;LINESTRING (674429.6035117904 7175601.158764681, 674414.1529070499 7175596.650966797)
R. CARLOS CHAGAS;COLETORA 2;LEI Nº 15511 / 2019;LINESTRING (666801.3635704834 7187259.557901309, 666814.4085727351 7187253.8810972115, 666824.9669739599 7187246.305893114, 666839.1939749516 7187232.799286727, 666879.7433793095 7187201.965670532, 666898.8557808525 7187184.88666223, 666906.3109812136 7187177.024658677, 666911.4313811169 7187169.903655787, 666913.457380481 7187164.095853859, 666915.4833753839 7187136.00224609, 666917.4977744299 7187128.620843755, 666939.2607732413 7187094.475630452)
R. CATULO DA PAIXÃO CEARENSE;COLETORA 2;LEI Nº 15511 / 2019;LINESTRING (680890.2293947352 7182490.422526723, 680915.5114025476 7182496.820722878, 680968.6576191011 7182510.883514952, 681023.5504360955 7182524.911506637)
R. CEL. JOÃO RODRIGUES DA SILVA LAPA;COLETORA 2;LEI Nº 15511 / 2019;LINESTRING (668070.4304106339 7171939.074771026, 668076.8652090146 7171923.356765896, 668168.9092218573 7171876.97813602, 668186.2860202156 7171848.096525475)
R. CHRISTIANO CARTENSEN;OUTRAS VIAS;LEI Nº 15511 / 2019;LINESTRING (669233.8756036127 7185296.105698706, 669151.5427813771 7185290.920714064)
R. CID MARCONDES DE ALBUQUERQUE;COLETORA 1;LEI Nº 15511 / 2019;LINESTRING (674088.0728304838 7175613.665439211, 674100.2858295214 7175594.69843195)
R. CLETO DA SILVA;COLETORA 2;LEI Nº 15511 / 2019;LINESTRING (675456.1293545382 7179355.733689748, 675415.3105408531 7179339.243094172)
R. CONS. DANTAS;COLETORA 1;LEI Nº 15511 / 2019;LINESTRING (675188.0059052396 7184198.786584526, 675154.3230938066 7184185.423188147)
R. DA TRINDADE;SETORIAL 1;LEI Nº 15511 / 2019;LINESTRING (680977.4914560885 7182670.922954131, 680996.8620483521 7182612.605534947, 681023.5504360955 7182524.911506637, 681037.5610300524 7182480.695492245, 681052.3296235821 7182433.624676958, 681062.824615038 7182382.015661441, 681077.8224034633 7182311.196640018, 681076.7790009324 7182300.764037568)
R. DOS PIONEIROS;SETORIAL 1;LEI Nº 15511 / 2019;MULTILINESTRING ((673003.2103323652 7174498.55358911, 673041.4045455749 7174517.2119857855, 673065.4443538899 7174528.955783691, 673090.7853613914 7174535.249779981), (673156.5969808734 7174551.595370343, 673276.3804163418 7174581.345952787, 673314.9644277686 7174590.928947131))
R. DR. GABRIEL FERREIRA FILHO;COLETORA 2;LEI Nº 15511 / 2019;LINESTRING (679764.3324977362 7180584.672283359, 679572.2851925239 7180320.728257665)
R. EMANOEL VOLUZ;COLETORA 1;LEI Nº 15511 / 2019;LINESTRING (672174.8204814445 7175231.779142043, 672219.3264832065 7175187.493721873, 672240.136880781 7175151.075308552, 672249.8918788689 7175130.264901381, 672245.3486756202 7175119.927499761)
R. EMÍLIO ROMANI;COLETORA 2;LEI Nº 15511 / 2019;LINESTRING (667425.5754458753 7174878.954622563, 667398.481646223 7174913.693836599, 667374.0132483938 7174954.323251563, 667364.6454506172 7174976.809459006, 667348.8594557282 7175021.504673235, 667330.0916627301 7175079.256491294, 667326.8800633346 7175086.189493656, 667304.1230710733 7175152.502914643, 667238.0524943145 7175348.975576572, 667196.6287088501 7175472.067215398, 667169.1599176285 7175549.432640097, 667136.5699286405 7175644.237070158, 667110.1703383469 7175724.974695494)
R. ENETTE DUBARD;COLETORA 1;LEI Nº 15511 / 2019;LINESTRING (666827.2503552916 7171163.092032185, 666829.4795533789 7171150.866828771, 666830.7255504333 7171134.668224589, 666832.9683481283 7171120.463420693, 666836.7065462801 7171106.757016618, 666842.4383447623 7171092.302811962)
R. ENG. JOÃO KLOSS;COLETORA 2;LEI Nº 15511 / 2019;LINESTRING (667524.7848834114 7170966.614844514, 667527.5322790976 7170941.889837966, 667535.5850752327 7170913.061029355)
R. EVELÁZIO AUGUSTO BLEY;COLETORA 2;LEI Nº 15511 / 2019;LINESTRING (668138.1901943298 7171777.311117943, 668142.9399968795 7171784.272718679, 668186.2860202156 7171848.096525475, 668223.7848404092 7171903.310331356, 668252.4396558424 7171945.501935849, 668279.5092704264 7171985.359940097, 668306.3416848838 7172024.868144308, 668333.103099307 7172064.272148509, 668344.9977057176 7172081.786150378, 668461.1047691477 7172256.8229696145)
R. EÇA DE QUEIROZ;COLETORA 1;LEI Nº 15511 / 2019;LINESTRING (675290.0290143115 7189350.80851154, 675401.0750569114 7189414.915105177)
R. FILÓS. HUBERTO ROHDEN;COLETORA 1;LEI Nº 15511 / 2019;LINESTRING (673541.5627650637 7174023.908360103, 673589.5359705697 7173994.2001427915, 673606.0507724639 7173983.972936831)
R. FRANCISCO CLAUDINO FERREIRA;COLETORA 2;LEI Nº 15511 / 2019;LINESTRING (673207.5113247384 7175183.757116113, 673210.5387240155 7175176.712313738, 673234.935121607 7175136.355498673, 673265.7945180986 7175083.106279069, 673296.2357145268 7175030.064459608, 673341.7207095633 7174952.635430983, 673354.2285079373 7174930.092222802, 673382.8449001223 7174858.860199228)
R. GABRIEL FRECCEIRO DE MIRANDA;COLETORA 2;LEI Nº 15511 / 2019;LINESTRING (673480.4656652203 7177458.346025903, 673482.8740642582 7177450.855823526, 673481.3836586725 7177425.801417562, 673480.4306551014 7177409.783213749)
R. GERMANO ERBRECHT;COLETORA 2;LEI Nº 15511 / 2019;LINESTRING (672084.3425910277 7174901.440478956, 672069.6861951075 7174938.570091169)
R. HUSSEIN IBRAHIM OMAIRY;COLETORA 2;LEI Nº 15511 / 2019;LINESTRING (674686.0745344757 7172547.212958474, 674660.1577265017 7172539.0971619245, 674609.7839110346 7172523.477968667, 674599.611907626 7172518.957169692, 674591.1351041527 7172512.175769811, 674551.4158819965 7172452.311163498)
R. JOAQUIM FERREIRA BELLO;COLETORA 2;LEI Nº 15511 / 2019;LINESTRING (671918.6561736489 7175013.826740966, 671920.1459722191 7175005.128738507, 671940.6857748046 7174993.270931333, 672016.4919865531 7174960.237907514, 672069.6861951075 7174938.570091169)
R. JORN. AUGUSTO WALDRIGUES;COLETORA 2;LEI Nº 15511 / 2019;LINESTRING (667304.1230710733 7175152.502914643, 667256.0822561166 7175136.652920362, 667207.0672405922 7175119.162925869, 667159.347625519 7175102.320731277, 667111.7360107331 7175086.774136979, 667060.6141946414 7175068.992542828, 667010.8239790471 7175052.052348617, 666962.7093638107 7175034.844154004, 666910.2515471639 7175015.896359826, 666900.2845434716 7175009.6467602765, 666857.8093301724 7174995.193565208, 666808.9557149112 7174978.728770917, 666761.1013000321 7174962.940176589, 666711.5454845536 7174946.232782374, 666660.9922687304 7174929.012388229)
R. JORN. RUBENS ÁVILA;COLETORA 2;LEI Nº 15511 / 2019;LINESTRING (667238.0524943145 7175348.975576572, 667229.9554921627 7175348.152177992, 667189.3614793423 7175333.900982607, 667141.2100641909 7175317.254588143, 667092.2388488706 7175300.76839388, 666993.7996181191 7175267.815405451, 666993.5170180314 7175267.719805485, 666942.774402038 7175250.014011267, 666894.514987047 7175234.251417031, 666841.1813703809 7175216.329623273, 666833.1431667027 7175207.803222772, 666740.9391377756 7175176.217433406, 666550.7362778015 7175109.442054916)
R. JOSÉ MOLENDA;COLETORA 1;LEI Nº 15511 / 2019;LINESTRING (673618.4748675207 7176345.225519113, 673609.8360596857 7176317.846714093)
R. JOSÉ OSIRES BAGLIOLI;COLETORA 2;LEI Nº 15511 / 2019;LINESTRING (672805.3304151957 7176095.428425947, 672781.8028026453 7176062.8530227225)
R. JOÃO BONAT;COLETORA 1;LEI Nº 15511 / 2019;LINESTRING (669885.6465399419 7179253.609217968, 669843.8059295756 7179254.084026615, 669793.2353170465 7179254.657837064, 669778.5757135877 7179255.671440305)
R. JOÃO ELOY DE SOUZA;COLETORA 1;LEI Nº 15511 / 2019;LINESTRING (674340.960486271 7175583.293178798, 674373.5664953005 7175588.156373183, 674414.1529070499 7175596.650966797)
R. LEON NICOLAS;OUTRAS VIAS;LEI Nº 15511 / 2019;LINESTRING (671460.2636525328 7176914.8843080755, 671276.3682068533 7176913.868545638)
R. LUCIANO PIUZZI;COLETORA 2;LEI Nº 15511 / 2019;LINESTRING (671846.4330411847 7176396.82689929, 671835.5030333129 7176371.725495291, 671829.7346285104 7176355.338292398, 671828.1616258248 7176344.195089947, 671827.3750215757 7176324.530485213, 671830.1040202677 7176314.923882256)
R. LUIZ FRANÇA;COLETORA 1;LEI Nº 15511 / 2019;LINESTRING (679568.8786288121 7182350.004376351, 679591.8676187757 7182276.325752506, 679599.6920164216 7182256.179545655, 679628.5026045407 7182167.117916622, 679640.9648064408 7182161.262112437, 679669.9072127253 7182156.360704942, 679685.9748124533 7182136.1882963125)
R. MANDIRITUBA;COLETORA 2;LEI Nº 15511 / 2019;LINESTRING (673063.8163980916 7174743.669837075, 673093.1983980044 7174708.646422314, 673095.5143973859 7174702.941020424)
R. MANOEL DAS CHAGAS LIMA;COLETORA 2;LEI Nº 15511 / 2019;LINESTRING (666750.4743219791 7187083.052265227, 666807.1951374415 7187086.7948548645, 666939.2607732413 7187094.475630452, 666971.7213800974 7187086.659221904)
R. MARTE;COLETORA 1;LEI Nº 15511 / 2019;LINESTRING (673709.6028039753 7174973.289559479, 673757.6872184317 7174986.12695263, 673776.4766240807 7174991.143349952, 673799.7688310836 7174997.361946634)
R. OLÍVIO ZAGONEL;COLETORA 2;LEI Nº 15511 / 2019;LINESTRING (668562.686543107 7183872.470665955, 668522.527322069 7183819.165260315, 668519.9005176575 7183800.658056069)
R. OSÍRIS DEL CORSO;COLETORA 1;LEI Nº 15511 / 2019;LINESTRING (680979.374707546 7181984.490777679, 680998.4019140969 7181992.447575586, 681122.9735583954 7182051.01736353, 681136.3737634994 7182058.87256263, 681151.6223699767 7182070.886762395, 681176.9827814612 7182094.153762843)
R. OSÍRIS DEL CORSO;SETORIAL 1;LEI Nº 15511 / 2019;LINESTRING (680497.2237276009 7181717.778813964, 680531.9653414118 7181740.945812366, 680607.0405734979 7181801.325411549, 680630.1245822241 7181814.620409949, 680650.777989641 7181824.706008054, 680706.7252097304 7181852.026002917, 680762.1910296532 7181879.110797824, 680779.4518358347 7181887.457196217, 680879.3220716068 7181935.724186908, 680979.374707546 7181984.490777679)
R. PAUL GARFUNKEL;SETORIAL 1;LEI Nº 15511 / 2019;LINESTRING (667417.7078438093 7172887.725534199, 667429.7432436326 7172872.329328011, 667441.5180407532 7172843.80531866, 667458.9244360224 7172799.285904266, 667491.7306271351 7172715.54867718, 667496.0806253107 7172701.229872802, 667498.2556233949 7172689.086069395, 667498.9806208732 7172675.673665969, 667498.7994183154 7172663.167462947, 667496.6244149833 7172649.21125997, 667490.6638093283 7172628.267256047)
R. PE. PAULO WARKOCZ;COLETORA 2;LEI Nº 15511 / 2019;LINESTRING (665408.7906123118 7185260.0428568795, 665411.2660080537 7185235.371649981, 665415.4472053279 7185216.207444172, 665422.0676050929 7185206.451040328, 665438.7928062149 7185190.422832847, 665496.6340114062 7185141.641008703, 665515.4498134775 7185127.7034013495, 665566.3222242028 7185115.856388175, 665575.4402251557 7185108.8455845425)
R. PEDRO CLAUDINO DA ROCHA;COLETORA 1;LEI Nº 15511 / 2019;LINESTRING (672936.973678997 7174319.422158656, 672943.8986815205 7174323.433358208, 673043.2887109171 7174348.128343664)
R. PEDRO PROSDÓCIMO;COLETORA 2;LEI Nº 15511 / 2019;LINESTRING (666617.6221222123 7171249.572895141, 666615.5061016029 7171149.080871165)
R. PROF. ORLANDO ALVES CHAVES;COLETORA 1;LEI Nº 15511 / 2019;LINESTRING (669106.9239862768 7181427.590128245, 669095.183185563 7181438.696933461, 669060.2737800664 7181455.087344725)
R. RICARDO GASPARIAN MACHADO;SETORIAL 1;LEI Nº 15511 / 2019;LINESTRING (672763.2564965913 7174608.824866131, 672959.4209230149 7174505.060399809, 672976.1023260527 7174500.055995109, 672990.0037289883 7174497.831791675, 673003.2103323652 7174498.55358911)
R. SEN. ACCIOLY FILHO;COLETORA 1;LEI Nº 15511 / 2019;LINESTRING (666633.3940537423 7178888.561782422, 666586.6084418206 7178887.337191466)
R. SEN. ACCIOLY FILHO;COLETORA 2;LEI Nº 15511 / 2019;LINESTRING (666586.6084418206 7178887.337191466, 666538.0044277823 7178877.792398771)
R. VALDOMIRO MACIEL BAPTISTA;COLETORA 2;LEI Nº 15511 / 2019;LINESTRING (672084.3425910277 7174901.440478956, 672146.6132007858 7174874.871059521)
R. VER. ELIAS KARAM;COLETORA 1;LEI Nº 15511 / 2019;LINESTRING (667358.0625992619 7180704.597297024, 667303.6929826564 7180690.068304243)
R. WILSON DACHEUX PEREIRA;SETORIAL 1;LEI Nº 15511 / 2019;MULTILINESTRING ((676844.9306775879 7175470.557223152, 677093.2743516808 7175532.205785706), (677533.8186832055 7175641.566719109, 677603.1881039278 7175658.786908605))
AL. AUGUSTO STELLFELD;PRIORITÁRIA;LEI Nº 15511 / 2019;LINESTRING (672645.8248600217 7186157.985823719, 672500.306610612 7186100.884638933, 672292.6505399232 7186018.35906034, 672266.3771309864 7186007.93626305, 672165.8480967721 7185967.931273378, 672043.066255079 7185919.471086087, 671899.6766064323 7185862.998900941)
AL. DR. CARLOS DE CARVALHO;COLETORA 1;LEI Nº 15511 / 2019;LINESTRING (673165.4229758513 7186069.281692842, 673165.2517757913 7186069.2094928585, 672991.0255155722 7185995.833109883, 672874.6258751646 7185945.884120999, 672754.0208335926 7185895.479732853, 672607.9605830844 7185833.565546965, 672547.9051626017 7185809.448753111, 672406.2201137383 7185749.882366899, 672338.0094902636 7185721.407973584, 672280.6690704952 7185697.28177915, 672152.1200260198 7185642.385191404, 671962.9697610575 7185563.785209974, 671765.3172930252 7185480.7348291045, 671618.5198427448 7185420.13224357, 671535.5856139142 7185383.786251183, 671499.825401383 7185367.617254335, 671378.0031592101 7185314.998865703, 671262.6211192582 7185265.050276429, 671146.5552793379 7185216.051687527, 671063.4332508473 7185181.394695583)
AL. NOSSA SENHORA DO SAGRADO CORAÇÃO;COLETORA 1;LEI Nº 15511 / 2019;LINESTRING (671074.2177673436 7175016.60731546, 671149.991598304 7175076.959114837, 671222.0248288496 7175139.701915573, 671361.9010881553 7175261.334916946, 671508.8209507322 7175390.273718676, 671630.2148025346 7175497.108520174)
AL. NOSSA SENHORA DO SAGRADO CORAÇÃO;COLETORA 2;LEI Nº 15511 / 2019;MULTILINESTRING ((671630.2147025337 7175497.108420175, 671648.143909883 7175511.41162003), (671745.5622511704 7175595.650120858, 671753.7656545604 7175602.317320822, 671841.6204872748 7175656.279316105, 671878.0767009213 7175679.001714228, 671957.9905306401 7175727.826909862, 672071.0437727376 7175797.09470373, 672185.7408151876 7175866.010097161, 672299.7550578684 7175936.773691183))
AL. PRES. TAUNAY;OUTRAS VIAS;LEI Nº 15511 / 2019;LINESTRING (672149.9227734022 7186359.036578725, 672120.8227802927 7186428.882002977, 672105.6107839823 7186465.82721577)
AV. ALCIR MARTINS BASTOS;COLETORA 2;LEI Nº 15511 / 2019;LINESTRING (668569.1132770567 7180570.447618892, 668562.4976731305 7180559.268017389, 668524.6970503037 7180493.405608296, 668486.6280273914 7180427.426999235, 668449.1204044716 7180360.680989866, 668411.9203819265 7180295.380980806, 668374.1205589799 7180228.81337155, 668355.2561479203 7180197.516767422, 668331.7577336408 7180156.032161644, 668255.9398878247 7180023.39414332, 668143.0076195012 7179825.197315896, 668010.462339221 7179591.808083554)
AV. ANITA GARIBALDI;EXTERNA;LEI Nº 15511 / 2019;LINESTRING (675304.4440350247 7188479.819078295, 675309.1434385416 7188490.71568018, 675312.4238411996 7188499.281681752, 675317.3778457686 7188514.86148482, 675321.5784501602 7188530.532888073, 675327.616457058 7188555.843893482, 675344.8814776298 7188632.234910015, 675358.2964931029 7188689.152922222, 675361.2238978259 7188707.9817265775, 675363.5899016864 7188723.394530149, 675365.5453042048 7188732.94173226, 675368.7053075539 7188744.940334765)
AV. ANITA GARIBALDI;OUTRAS VIAS;LEI Nº 15511 / 2019;LINESTRING (675258.7237859817 7188303.2612413475, 675277.1038003349 7188348.731049471, 675304.4440350247 7188479.819078295)
AV. ANITA GARIBALDI;SETORIAL 2;LEI Nº 15511 / 2019;MULTILINESTRING ((675368.7053075539 7188744.940334765, 675365.890507898 7188750.080536715, 675363.7049083428 7188754.91153845, 675361.1743098577 7188765.263941716, 675358.9889118492 7188777.456745397, 675318.9475358609 7188941.508797165, 675315.6035373368 7188952.685200822, 675311.4877387481 7188964.533804819, 675305.9833399262 7188976.99220927, 675233.2765508367 7189119.5190622425, 675185.7491582293 7189213.992097226, 675175.7403602047 7189235.882705121, 675169.972961469 7189249.0995098315, 675166.1279633136 7189262.677114233, 675162.4031653649 7189277.095518833, 675160.3271678501 7189291.520723088, 675157.5303751893 7189329.961133853, 675157.0961768029 7189338.189136123, 675157.0927768142 7189338.251136141, 675156.0387802181 7189355.766741001, 675154.0825872042 7189391.486750872, 675153.1497910356 7189410.890156208, 675154.0341946792 7189427.136560327, 675155.5867983302 7189442.583764093, 675158.5460023244 7189457.909167534, 675161.7320052369 7189467.794169484, 675166.0908092968 7189481.681972247, 675175.8240167232 7189504.881976352, 675207.406839731 7189574.955788294, 675217.5914467217 7189595.5107916035, 675230.9240549218 7189617.881994734, 675246.3132632978 7189638.522796975, 675266.15327389 7189664.143999602, 675280.3434813998 7189682.144401394, 675289.6722861151 7189692.91840229, 675300.0520917393 7189706.714403768, 675305.5704948726 7189714.729404736, 675313.7166996641 7189727.342806369, 675318.0717026466 7189736.092607776, 675321.4853054958 7189745.377409522, 675324.3867084451 7189755.7838116735, 675351.8045410335 7189876.537837958, 675354.8079445865 7189889.681640815, 675360.7305519612 7189917.356446918, 675362.1305549324 7189929.740249911, 675362.2381576997 7189942.770053351, 675361.5921599533 7189954.292256545, 675360.1083656899 7189983.438664598, 675358.4319719565 7190015.343673427, 675355.6905752341 7190034.366879055, 675353.9291769225 7190044.599282144, 675350.0687788911 7190058.7966867285, 675346.4343801367 7190069.264290273, 675341.6365812272 7190080.458694257, 675333.9313817968 7190092.816299161, 675319.3931817615 7190110.843707006, 675285.6643811644 7190150.2423245665, 675256.5603807189 7190184.575339807, 675220.4991807223 7190229.779559403, 675208.7319805644 7190243.772965594, 675194.8975801955 7190259.356372643, 675187.2649796198 7190266.194176066, 675175.8635784503 7190274.917980781, 675154.5749759367 7190289.6421891665, 675058.6707642854 7190354.468626542, 675036.3671614928 7190369.160835132, 674961.5225525126 7190420.347664453, 674955.7009524571 7190427.399867551, 674953.0863526384 7190431.547069203, 674949.4799534087 7190439.751672143, 674947.8253540683 7190444.97467388, 674946.6165552599 7190452.1714760475, 674945.4113578477 7190466.02827999, 674945.4113612903 7190482.443684361, 674946.0137670717 7190509.25029137, 674947.2185716837 7190529.73189657, 674949.3269748939 7190542.382299496, 674952.1883785529 7190556.237302586, 674956.7063828397 7190570.9961055685, 674968.2361921916 7190601.087311165, 674977.5895995243 7190624.282315381, 674980.5620025997 7190635.204917666, 674983.2304056314 7190646.304920063, 674985.4716097163 7190662.95472403, 674986.1120123928 7190674.90852708, 674986.32541462 7190685.261329793, 674985.8554170874 7190697.611933182, 674974.9638375558 7190808.901165128, 674957.1498741921 7191005.991621431, 674953.3912765001 7191021.730626419, 674942.2484785207 7191045.402235074, 674931.8774802643 7191066.792042958, 674916.0324826832 7191098.291254688, 674910.3130835266 7191109.532858888, 674905.5568844038 7191119.712662604, 674899.093286253 7191136.676268488, 674893.8820877089 7191150.192873187, 674889.4850898578 7191165.989278328, 674886.3910918054 7191179.179882498, 674884.5996944378 7191193.999286832, 674883.607297833 7191211.442291698, 674884.273903992 7191239.97709918, 674884.4337107964 7191272.237907764, 674884.7735189348 7191310.62751795, 674883.7731274981 7191352.735329412), (674884.0339276207 7191352.996129426, 674881.0989335749 7191385.100138622, 674879.3391382492 7191409.619945546, 674877.462142843 7191433.905152431, 674875.5849462068 7191452.32435775, 674874.0597530336 7191486.816367291, 674873.7079569497 7191505.93937248, 674874.0347610195 7191524.939577492, 674874.8803644745 7191540.356381439, 674876.4399672656 7191551.698584145, 674878.8501705182 7191564.174986977, 674883.3869748412 7191579.061390009, 674887.3567780341 7191589.269391907, 674892.1883818056 7191601.155594075, 674899.0611869302 7191616.916196851, 674908.5163938719 7191638.078000531, 674912.6811973827 7191649.55940273, 674915.2701999332 7191658.451804568, 674918.003403192 7191670.538207229, 674920.0356064019 7191683.282210214, 674920.7236082612 7191691.27741221, 674921.3816105647 7191701.4314147895, 674921.4756127986 7191711.961617587, 674921.1936147525 7191721.645420239, 674920.2886162457 7191729.910822641, 674918.767218862 7191744.309026817, 674916.997220689 7191755.260630118, 674914.3422227217 7191768.314034171, 674910.6918243286 7191780.593038224, 674906.2668256143 7191792.3190422915, 674899.7586267948 7191806.183647368, 674893.4162274324 7191817.245851659, 674884.8614279467 7191830.520457009, 674879.2566280679 7191838.190260238, 674873.9468281738 7191845.417663287, 674865.9820281647 7191855.447267642, 674854.0348279339 7191869.4594739005, 674845.54562783 7191879.713278426, 674819.01702812 7191914.675093351, 674810.270228561 7191927.853498716, 674806.4216291539 7191935.550701585, 674804.4390299711 7191941.965103718, 674802.5730314311 7191951.29490661, 674801.7566326798 7191958.292508654, 674801.5548340101 7191964.894310467, 674800.0072392779 7191991.996718055, 674798.5858531352 7192059.927936561, 674797.9664567482 7192077.961541527, 674796.1004622909 7192106.780749645, 674790.0296735079 7192168.009167339, 674788.2038769018 7192186.524172688, 674787.9298814847 7192208.745978706, 674791.9136903144 7192245.8395878235, 674791.7412944966 7192266.015593274, 674790.3616969485 7192279.466197173, 674787.7534997051 7192295.934402138, 674785.7961010934 7192305.038804991, 674778.6653047949 7192331.760013659, 674750.8889152433 7192416.884242332, 674745.3639176621 7192435.446648472, 674740.7613195472 7192450.290653424, 674736.5103219791 7192467.29485888, 674732.1303248615 7192486.617664988, 674728.1755278208 7192505.775470963, 674726.3601300623 7192518.7828748375, 674726.2333324722 7192530.452677999, 674728.1359353424 7192541.741880635, 674731.5607388045 7192553.918883189, 674738.6639438289 7192568.886685723, 674752.2363521699 7192591.464888947, 674764.9209599033 7192612.267491881, 674769.360362679 7192619.878092997, 674775.6347666008 7192630.626294571, 674785.0117726866 7192647.769897215, 674791.73797724 7192660.953499351, 674798.6027817603 7192673.809101367, 674805.2593857852 7192684.556902863, 674810.334988859 7192692.78070401, 674819.1967938856 7192705.511505576, 674835.259202505 7192726.239107784, 674889.2584289986 7192784.033512011, 674904.5116367801 7192801.770513583, 674917.9534436308 7192817.372714963, 674928.0350489839 7192830.094716271, 674937.8764545755 7192844.256718019, 674954.9188646025 7192870.420521485, 674965.7204706505 7192885.542523289, 674976.9328763497 7192898.469124415, 674986.9456811431 7192908.605725043, 675003.4206887864 7192924.111525761, 675016.1000946048 7192935.741126232, 675034.9979030727 7192952.09492667, 675050.2617103695 7192967.479927609, 675058.7931151226 7192979.293328999, 675066.8691203261 7192993.830131219, 675073.4915250051 7193007.720933568, 675078.6601289597 7193019.996335791, 675084.3133340597 7193037.117539214, 675089.2247387832 7193053.382942563, 675096.7919472905 7193084.304149302, 675102.2175535876 7193107.406754388, 675105.8929586066 7193126.658958802, 675108.569562566 7193142.125962406, 675109.2033645775 7193150.901764639, 675109.4425672726 7193163.434767964, 675108.7535686176 7193170.719970073, 675107.8673701162 7193178.989772487, 675105.2093719272 7193191.000376281, 675103.1489727782 7193197.667778511, 675097.4231752105 7193216.543184798, 675092.3983776818 7193234.709990749, 675065.5531901321 7193328.18542158, 675045.1739988183 7193395.525044017, 675042.4673997569 7193403.444046719, 675038.8994004637 7193411.353449602, 675037.9126005641 7193413.088050276, 675030.8542008357 7193423.371454531, 675007.3451998739 7193448.7184663, 674924.3267958383 7193535.252907058, 674900.1227947831 7193561.0729191005, 674892.0045942926 7193569.078322964, 674878.8123941456 7193585.20213008, 674869.2247943657 7193598.483135676, 674819.1475973007 7193676.378167201, 674810.9221977858 7193689.196572386, 674806.504998008 7193695.892375119, 674801.8079979183 7193701.459377607, 674784.5739969196 7193718.693585872, 674769.3283963834 7193735.59619363, 674762.6965966217 7193745.202397615, 674760.3623981918 7193755.683200935, 674760.9712013844 7193770.147804715, 674762.9980045338 7193782.593407653, 674767.7142089918 7193797.851810788, 674773.6788142774 7193815.468214299, 674777.0002184844 7193831.304617883, 674777.9866217439 7193845.607221542, 674776.5070242916 7193859.6634256495, 674769.1244292483 7193892.75403614, 674768.1464298955 7193897.101237521, 674764.1308325601 7193914.948043184, 674760.6168358021 7193934.922649322, 674758.212441241 7193963.959657676, 674749.7286669542 7194097.578495594, 674749.5886686018 7194105.629097801, 674746.5466765992 7194147.704109823, 674742.0654840575 7194189.053321953, 674734.0502943514 7194248.465739714, 674731.0586974266 7194266.981345355, 674724.823301442 7194294.135354012, 674719.5937052192 7194318.875961807, 674717.7833088621 7194338.587767525, 674720.074114235 7194361.316773202, 674737.4461358717 7194442.378791526, 674741.70894119 7194462.315796035, 674745.1859456943 7194479.370599929, 674750.1533513961 7194500.233604544, 674757.328559021 7194527.443810416, 674764.2277659246 7194551.563215509, 674769.0103704637 7194567.104018721, 674774.7763748061 7194580.44162113, 674781.1521796767 7194595.522823883, 674785.5135837966 7194609.599026787, 674787.5279860366 7194617.715628567, 674789.3671899216 7194633.90043257, 674789.4897915209 7194641.379634572, 674788.2635948901 7194659.035839619, 674785.8113970819 7194672.645643823, 674781.2748012568 7194698.394251759, 674779.0218040484 7194714.60965663, 674777.734407421 7194732.357661716, 674777.5850087903 7194739.092463573, 674776.4948116385 7194754.093067871, 674775.815813936 7194765.926271226, 674774.8460152808 7194773.588873507, 674772.3130164894 7194782.614876487, 674768.2642169803 7194790.14727938, 674763.6084171919 7194797.13088225, 674759.4054170358 7194801.782684393, 674740.1060156696 7194820.024693387, 674715.0826133688 7194841.159104362, 674687.5744106697 7194863.584916208, 674675.4342093925 7194873.077121328, 674655.37040683 7194886.6031292, 674639.3574044406 7194895.755935036, 674617.7056042678 7194922.750346897, 674605.9264046866 7194939.883754013, 674596.7480057381 7194956.711160505, 674590.7818072708 7194971.702765823, 674586.4986100232 7194990.365971791, 674584.815813027 7195006.887376631, 674584.4028162713 7195022.919181071, 674586.8910293836 7195082.396196711, 674588.6618388902 7195125.5556080695, 674589.5776460273 7195158.484216828))
AV. BRASÍLIA;EXTERNA;LEI Nº 15511 / 2019;LINESTRING (671678.4746063941 7180312.580518786, 671661.1733826245 7180218.281698415, 671643.9781592765 7180125.883078514, 671635.5225464958 7180074.1274671275, 671634.6111443638 7180064.887064972, 671634.1123400282 7180044.43825989, 671636.1073371408 7180027.979455307, 671640.3467345068 7180010.0242498815, 671644.9657328876 7179996.529845508, 671682.4201220092 7179898.084212847, 671701.074918705 7179859.322999183)
AV. BRASÍLIA;OUTRAS VIAS;LEI Nº 15511 / 2019;LINESTRING (671604.2634387569 7180560.385597017, 671620.1276366033 7180530.524986162, 671628.6276336049 7180505.580578072, 671664.0190192902 7180392.839942144, 671676.2572112174 7180338.702925875, 671678.4746063941 7180312.580518786)
AV. BRASÍLIA;SETORIAL 1;LEI Nº 15511 / 2019;LINESTRING (671701.074918705 7179859.322999183, 671737.9269178491 7179810.315579177, 671784.2315165803 7179747.82875381, 671792.4609162544 7179736.2325491775, 671798.4459153244 7179724.4495449625, 671814.8269082338 7179670.135927836, 671839.4164993798 7179597.298504335, 671878.6516857571 7179483.582667481, 671895.7566825522 7179447.280254773, 671908.5916805482 7179421.989445733, 671946.8250743637 7179345.625218544, 671966.53127261 7179313.231006293, 672037.3506728144 7179228.393770244, 672082.1674743802 7179181.705549203, 672121.0212765511 7179145.180131958, 672173.0528868322 7179131.99071788, 672208.7636979911 7179142.800313232, 672248.079311825 7179162.195910005, 672256.8933150053 7179166.923109379, 672274.9565205269 7179171.786306871, 672287.6933237589 7179172.017904297, 672395.3055497975 7179167.853880995, 672455.8191655483 7179170.859869235, 672513.8739806858 7179173.880057983, 672614.4118073912 7179181.473839085, 672731.7834390461 7179192.628217585, 672755.8716452245 7179193.377212783, 672782.6324515601 7179191.673206804, 672799.3208550918 7179188.5808025645, 672903.0782770205 7179169.2375761615, 672944.2912858105 7179161.951965772, 672953.5816880616 7179161.603963755, 672977.3402927677 7179155.664357325, 673015.9476993355 7179140.8151455615, 673040.8777034626 7179130.679937829, 673122.0245170381 7179098.3967128275, 673148.4495213127 7179087.180704508, 673169.278324882 7179079.308698192, 673218.3921331079 7179059.836683071, 673234.4137366714 7179057.722479207, 673322.5783512106 7179021.70825179)
AV. CEL. FRANCISCO HERÁCLITO DOS SANTOS;SETORIAL 1;LEI Nº 15511 / 2019;LINESTRING (677168.3510619466 7181609.010100272, 677169.3304628006 7181611.858500792, 677170.1818634016 7181613.6745010745, 677211.3162924586 7181701.413514757, 677234.8361093444 7181752.837722905, 677236.4665105157 7181756.40712347, 677252.2931195035 7181779.839726098, 677269.2331280793 7181799.9997276515, 677302.7727430564 7181830.490728319, 677365.2147709458 7181887.257329558, 677384.5331795765 7181904.819729943, 677403.073189593 7181929.819732394, 677405.3517913711 7181935.464133354, 677415.7329994743 7181961.179537726, 677423.6340083171 7181993.321944273, 677441.3832281862 7182065.529758984, 677451.2938455353 7182135.233174728, 677454.1946506144 7182155.634779336, 677477.1196907543 7182316.871415779, 677480.8230962947 7182338.479620531, 677489.3887121712 7182402.8404352125, 677506.0297427941 7182526.81706348, 677515.9819602307 7182596.831079332, 677528.6533742811 7182647.683889691, 677543.5085859029 7182684.523495989, 677564.5394035787 7182742.410106378, 677618.7234479903 7182886.179931784, 677658.7554816367 7182996.265751563, 677666.0474880986 7183017.871955568, 677694.301509292 7183083.5499664415, 677721.8701299336 7183147.433577008, 677750.5475508857 7183211.43398737, 677778.6319718256 7183276.064598024, 677806.2235926847 7183340.880008837, 677834.6940132605 7183403.30261885, 677890.031653936 7183527.77203913, 677942.634493353 7183649.542859314, 677982.3861390102 7183815.858893758, 677984.490743809 7183835.820498463, 678002.0231629789 7183904.614712487, 678003.9237679418 7183925.580717497, 677991.3579870332 7184030.065947179, 677991.3979867176 7184028.540946777, 677975.0490060743 7184138.813978775, 677964.3532225125 7184228.650204293)
AV. COM. FRANCO;COLETORA 1;LEI Nº 15511 / 2019;LINESTRING (675717.4058660129 7185267.49795022, 675730.8808527791 7185188.243926782, 675741.9096426312 7185126.640708454, 675749.6730405979 7185107.518501852, 675807.7406365398 7185017.458866225, 675865.7914319274 7184924.844629942, 675911.2392286074 7184853.764601914, 675915.048228489 7184848.568399763, 675961.1714253223 7184777.428371578, 675988.1984234499 7184735.687355051, 676012.9852216288 7184696.915739766, 676022.0742209335 7184682.574534131, 676041.6310195709 7184652.350922167, 676075.4616170679 7184599.3915013, 676103.4838147984 7184554.609283779, 676129.0508130138 7184515.118668148, 676144.769211788 7184490.240858385, 676195.2198082319 7184412.197427517, 676213.3710070426 7184384.560216527, 676240.3954050813 7184342.514999932, 676267.611203133 7184300.314783257, 676294.6520012728 7184258.751166787, 676321.6967992287 7184216.333750095, 676363.6739962015 7184151.205724373, 676395.0341938364 7184102.081505038, 676413.6989924468 7184072.939893557, 676429.3355913201 7184048.709483985, 676471.0575884647 7183984.773058632, 676628.1039762567 7183737.5237615295)
AV. CÂNDIDO HARTMANN;COLETORA 1;LEI Nº 15511 / 2019;MULTILINESTRING ((671564.674432633 7186410.449312763, 671539.9226287464 7186422.6821210515, 671525.9474268258 7186430.9175260775, 671499.5702235883 7186448.356936058, 671465.1276185772 7186467.322148096, 671420.1748121935 7186492.842964007, 671371.6810057241 7186522.423981705, 671313.4469986747 7186561.465003874, 671267.202393551 7186594.804422089, 671199.0133830139 7186629.465245153, 671115.2041706047 7186674.746874196, 671074.0047653662 7186701.220689574, 671031.4061647521 7186752.020711601, 671012.6847646881 7186775.360921547, 671002.1253638187 7186784.463726094, 670902.699155822 7186871.150369164, 670876.0483537642 7186894.81718082, 670860.1821535287 7186913.744989027, 670848.2927553736 7186937.79419776, 670842.3479559352 7186948.062401667, 670833.1607549922 7186955.088005389, 670824.1033537423 7186960.452608649), (669007.1191340815 7187214.549645426, 668945.2777182482 7187215.641458241, 668926.0221135332 7187217.0400625095, 668900.141507638 7187221.108068818, 668883.1421042986 7187226.4076736495, 668867.5733016448 7187233.268478602, 668855.5666997295 7187239.205682589, 668837.6230979572 7187253.454889959, 668827.3318972084 7187262.954494532, 668814.083295391 7187270.973099317, 668805.5620951076 7187280.50250354, 668790.680294177 7187294.998910354, 668760.8348918483 7187321.799323423, 668747.6410905049 7187332.090528792, 668734.924688055 7187336.312332474, 668718.0866827213 7187331.562734633, 668707.9224782558 7187322.541934324, 668680.0834654751 7187295.098732757, 668663.0632582526 7187281.245132566, 668656.322055297 7187275.282932366, 668645.2220525149 7187275.782934742, 668633.5420507274 7187281.941938718, 668613.355448314 7187295.927346467, 668586.1220454167 7187316.582957391, 668577.4748464986 7187333.047963457, 668574.6974475819 7187341.97396636, 668572.3220507263 7187360.582971722, 668572.3234507308 7187360.605171728, 668572.3274507452 7187360.670171743, 668572.3926509728 7187361.711172002, 668574.1696548052 7187378.38917602, 668572.9896607872 7187409.49838442, 668567.1904632184 7187428.983390705, 668547.2414692385 7187484.422809288, 668536.339274563 7187524.784622086, 668530.3080789475 7187554.24423104, 668517.0220853213 7187602.883046497, 668511.0550935324 7187651.205460394, 668504.0961000652 7187692.495072648, 668499.4569032168 7187714.067879254, 668489.9463062254 7187741.207688306, 668481.402908063 7187761.306695314, 668472.5317086823 7187775.805100918, 668455.151706073 7187785.281106919, 668402.6826973469 7187809.701323934, 668354.0148889727 7187830.977939351, 668335.2258856273 7187838.632745157, 668305.7662797819 7187847.679353482, 668271.9994738973 7187862.07696408, 668249.8628706574 7187874.5873718355, 668235.7130699658 7187889.433178594, 668211.7322697887 7187919.516591343, 668189.7218697374 7187947.683003189, 668178.721871167 7187968.983011011, 668164.7774731738 7187996.949221181, 668147.3148745979 7188026.582632499, 668129.0586736291 7188045.368041121, 668105.5106706383 7188060.978649978, 668067.2218638853 7188076.983061904, 668022.6958551863 7188091.405674672, 667990.152048036 7188098.020282969, 667957.9896402567 7188101.021690236, 667924.1210317799 7188102.753697513))
AV. CÂNDIDO HARTMANN;OUTRAS VIAS;LEI Nº 15511 / 2019;LINESTRING (671800.8698529797 7186212.667612493, 671775.1120518551 7186239.520624809, 671737.3994536006 7186295.326447144, 671725.6932530589 7186307.388452705, 671713.4202523847 7186319.5236584, 671564.674432633 7186410.449312763)
AV. DA INTEGRAÇÃO;SETORIAL 1;LEI Nº 15511 / 2019;LINESTRING (679391.1148925107 7188433.604997155, 679504.0671317675 7188478.940584814, 679615.4605705789 7188524.043972736, 679726.6666095942 7188570.267160981, 679837.8284483601 7188615.3275489155, 680059.6703246911 7188700.301123495, 680094.1561367742 7188714.494919798, 680169.8677635005 7188746.5677119205, 680280.7888023737 7188792.196900009, 680390.9308410448 7188837.769888241, 680502.3022801604 7188883.857876329, 680613.5851191329 7188929.337064264, 680724.5485581418 7188975.319252389, 680834.1253967964 7189021.280640797, 680944.9258358141 7189067.380228965, 681056.9730750605 7189112.969016714, 681167.6337140796 7189159.133404904, 681279.631753228 7189204.215792505, 681389.9449921654 7189250.309380729, 681500.7992313253 7189296.713568906, 681521.4716382932 7189303.82536629, 681534.2404423552 7189307.10556438, 681546.4236459594 7189308.979762226, 681560.364049563 7189308.74555913, 681579.8102542807 7189306.988354431, 681601.5992594834 7189304.645349067)
AV. DAS INDÚSTRIAS;COLETORA 2;LEI Nº 15511 / 2019;LINESTRING (668644.2669048865 7179626.043764215, 668637.9489065744 7179642.208769583, 668528.1475227964 7179858.479046542, 668524.1113246958 7179872.880051006, 668500.7245275031 7179915.780466601, 668474.7205306222 7179963.481083943)
AV. DAS INDÚSTRIAS;SETORIAL 1;LEI Nº 15511 / 2019;LINESTRING (669854.310325715 7177259.640123133, 669848.0091279984 7177278.495929134, 669825.5553314077 7177322.515944724, 669764.0881409841 7177444.278387728, 669694.4675512377 7177579.384435746, 669658.3799563824 7177648.625860444, 669624.5903616236 7177715.568684105, 669556.0959720057 7177850.155331796, 669430.7825904771 7178094.102618517, 669372.597999428 7178209.341659296, 669336.2750043962 7178278.268284002, 669301.3886094878 7178346.072308137, 669266.2550144315 7178413.484332228, 669232.9736196771 7178480.132355755, 669198.4232247745 7178547.632379757, 669163.724030021 7178616.0834040325, 669129.0588350504 7178683.449828035, 669096.0536401446 7178749.129651278, 669069.1764429522 7178796.018668545, 669060.6108446522 7178814.934075049, 669006.370052404 7178919.906312513, 668939.6204623702 7179051.280759183, 668876.1576718751 7179176.438003632, 668731.2516946974 7179468.077706661, 668719.3376943439 7179481.064112356, 668644.2669048865 7179626.043764215)
AV. DES. HUGO SIMAS;SETORIAL 2;LEI Nº 15511 / 2019;LINESTRING (673303.3683474462 7187685.962487474, 673237.6231380706 7187723.181910917, 673196.2875320828 7187746.15072554, 673182.8453302585 7187754.21613045, 673169.7193289439 7187764.337335837, 673137.4579263582 7187792.328749893, 673123.483725319 7187804.846956085, 673105.3703240076 7187821.25336416, 673096.815123457 7187829.334368059, 673090.4893234513 7187837.2415714525, 673085.4287244636 7187848.469775455, 673077.053328828 7187880.006985489, 673073.6901310746 7187895.053390144, 673060.2367447615 7187977.897214733, 673059.7057467169 7187987.987217497, 673060.7677492705 7187998.962220166, 673067.7485587362 7188035.808828414, 673069.906962313 7188050.33323179, 673070.592364596 7188060.475634318, 673070.4595664353 7188069.503436722, 673069.4417685024 7188080.744039893, 673053.9083785388 7188148.630060991, 673048.591982258 7188173.234868573, 673040.4329865043 7188203.953678358, 673016.5805870896 7188236.770891951, 672981.0885906551 7188298.598115606, 672939.460394451 7188369.290942872, 672925.1361960587 7188395.07495264, 672915.2789969144 7188411.616359044, 672902.6945984063 7188434.664967731, 672893.2527989526 7188449.190773519, 672885.4089989822 7188459.213577786, 672853.6343980985 7188494.985993807, 672831.1445975716 7188520.782805273, 672823.3273976722 7188531.131209623, 672785.9754004235 7188591.504233291, 672714.1040051669 7188705.095478159, 672705.7048057652 7188718.58508346, 672701.5596065836 7188727.768886743, 672698.0692078263 7188738.183090216, 672696.5420090877 7188746.200492648, 672695.4216108026 7188755.900695443, 672695.2694127858 7188765.671298055, 672696.287615423 7188777.1247008685, 672697.5602174163 7188785.142102722, 672712.3224385381 7188868.497321686, 672729.1964621254 7188961.08334266, 672731.713065383 7188973.625545454, 672738.9634760289 7189015.865555119, 672746.0230859938 7189055.05656402, 672753.0512960949 7189094.93677311, 672767.4259166142 7189175.830191534, 672770.2257211176 7189194.028395769, 672771.7833268417 7189219.692402238, 672771.0767327747 7189249.229410203, 672770.0115369969 7189270.959416173, 672768.5713395588 7189285.146620228, 672766.1533407434 7189293.927423053, 672763.2109414507 7189301.067225553, 672759.9489418652 7189307.195827851, 672735.2451427092 7189342.545842325, 672730.2567427735 7189349.171645114, 672720.5471430044 7189362.578050675, 672708.6853434414 7189379.7116576675, 672696.6919442804 7189398.953865248, 672685.3357450671 7189417.136672416, 672671.1233460603 7189439.942681398, 672665.3241463121 7189448.5094848685, 672659.2615461685 7189455.494887974, 672654.121545913 7189460.766690435, 672648.3223454821 7189466.038493032, 672640.5463446971 7189472.101296246, 672627.7621430055 7189480.140901023, 672602.7207394376 7189494.6385100465, 672578.7777360679 7189508.723118732, 672563.3357338433 7189517.551124267, 672553.3509322881 7189522.697927697, 672537.5291296467 7189529.999732904, 672518.4175264159 7189538.625139142, 672488.539921354 7189552.058348883, 672468.7761181463 7189561.631555507, 672446.0785152053 7189576.222964067, 672429.6343136504 7189589.578971006, 672416.8185127276 7189601.391176786, 672401.064911785 7189616.835984139, 672388.5751108329 7189628.0903897025, 672370.0465086913 7189641.266397025, 672353.9883065448 7189651.285603, 672345.2043055722 7189657.736406524, 672337.7929049309 7189664.049809731, 672328.5971044444 7189673.382814106, 672281.8113027362 7189724.592037352, 672246.0131012872 7189763.10585496, 672225.0443004882 7189785.90926534, 672213.5115001902 7189799.145871233, 672208.2693003551 7189806.615874298, 672202.6341009855 7189816.838078174, 672198.7481019527 7189826.465881531, 672197.0335037212 7189837.2202847395, 672195.2963060236 7189850.582488643, 672193.6929084717 7189864.479292663, 672192.7771115983 7189880.788897181, 672192.5443133514 7189889.581099561, 672193.5423158376 7189900.358502217, 672195.2275183679 7189910.469504553, 672197.875720978 7189919.738106468, 672203.0515252211 7189933.700909105, 672208.539729552 7189947.693911688, 672214.5657341575 7189962.318714326, 672219.7975383765 7189976.092716904, 672232.6619478782 7190005.726922119, 672242.3593556809 7190031.1655268725, 672247.2687594385 7190043.109729031, 672253.0547649176 7190062.269532925)
AV. DO BATEL;SETORIAL 2;LEI Nº 15511 / 2019;LINESTRING (672580.1440268765 7185113.492165416, 672553.0478168768 7185098.837567218, 672527.996807887 7185086.517369202, 672502.2225991229 7185076.1815718515, 672384.5045612105 7185039.1745865885, 672265.3481231662 7185003.266201893, 672254.3487194418 7184998.927003039, 672157.6544847153 7184951.081610592, 672055.0078476057 7184899.045618277, 671900.6087915781 7184819.639629528, 671845.42237175 7184792.181633783, 671783.7939493518 7184760.266238207, 671772.4477454892 7184755.646439346)
AV. DOS ESTADOS;COLETORA 1;LEI Nº 15511 / 2019;LINESTRING (672795.5645915421 7182745.734709304, 672682.8221401707 7182636.127304519, 672570.0220887929 7182526.411899719, 672455.906636986 7182416.100495039, 672341.3345849777 7182305.226890308, 672228.637333739 7182195.634685516, 672116.131082763 7182086.924480912, 672003.5218316166 7181977.380876115, 671894.0039816713 7181869.724871162)
AV. DR. DÁRIO LOPES DOS SANTOS;SETORIAL 2;LEI Nº 15511 / 2019;MULTILINESTRING ((674947.3470402249 7185135.791477913, 674959.4926439996 7185138.896876173, 674987.0106546348 7185155.852474801, 675041.7686768277 7185194.488673347, 675070.6764875316 7185210.054471323, 675154.5729136188 7185231.496259276, 675176.923122615 7185246.942458595, 675340.7263888787 7185361.633853981, 675465.0056391286 7185448.389450405, 675502.7014550227 7185477.770650116, 675514.9334608583 7185490.5280508585, 675572.0892894149 7185556.233055925, 675623.7575125005 7185602.628457123, 675638.0385182933 7185612.656256725, 675652.4497234481 7185619.49545547, 675669.0591288116 7185624.624853307, 675685.1799333771 7185626.578850419, 675702.5221378466 7185626.578846766, 675868.2817803299 7185625.420811522, 675989.1948114331 7185625.123985935, 676008.3310160548 7185623.647781512, 676026.4060203522 7185621.937977251, 676048.1448252847 7185618.762571834, 676068.9064297592 7185614.610166371, 676088.935433684 7185608.747960616, 676112.7808381153 7185600.625153465), (676531.0837110344 7185435.815622127, 676643.624327546 7185376.942982981, 676654.8549293113 7185371.625379219, 676670.1411320384 7185365.925374499, 676775.1963523916 7185334.346544022, 676903.3547771337 7185295.462106734, 676924.3627810057 7185288.237900399, 676951.3935825021 7185262.509487976, 677062.8705905254 7185165.19423902))
AV. FLORIANÓPOLIS;COLETORA 2;LEI Nº 15511 / 2019;LINESTRING (679036.8821894451 7182795.55360515, 679047.4235928401 7182798.879403742, 679160.9236296235 7182835.679388819, 679218.4236484024 7182854.979381421, 679276.0238670387 7182873.479373793, 679331.749885178 7182891.879566539, 679389.005303861 7182910.979559133, 679492.9247376733 7182945.167145557, 679503.7499406011 7182945.972143434, 679561.0955592841 7182964.925935959, 679617.4777776275 7182983.4371285755, 679732.8966151706 7183021.2637134325, 679743.9818205219 7183032.9899140615, 679834.4228497827 7183061.860301986, 679839.8808534499 7183072.408903524, 679953.038690027 7183108.32248835, 680011.024108765 7183126.679480558, 680067.781727386 7183145.936473258, 680126.0955463187 7183164.794065516, 680183.5253651824 7183184.3520581415, 680195.8683679639 7183182.666455042, 680298.7242013538 7183215.849041348, 680312.9358055934 7183218.695639009, 680415.9420390419 7183251.921825283, 680529.8768764643 7183290.59221058, 680576.3024915705 7183305.6820044145, 680618.038105153 7183319.24739887, 680636.4319111395 7183325.225996425, 680699.4065316372 7183345.694788054, 680713.0853360908 7183350.140986234, 680759.642751248 7183365.27378004)
AV. FREDERICO LAMBERTUCCI;COLETORA 1;LEI Nº 15511 / 2019;LINESTRING (668540.9855216546 7180826.016889572, 668454.1794806618 7180731.387283044, 668402.9624563709 7180675.001879054, 668350.948032007 7180619.199075375, 668299.7304078963 7180563.628271593, 668249.2317838342 7180507.374067493, 668197.9049595976 7180451.248663595, 668143.4177338459 7180391.522459419, 667987.0794598296 7180219.286847226, 667833.3203874081 7180051.440235633, 667679.7587147667 7179881.9430235885, 667574.165065479 7179768.5148161, 667518.2012393402 7179708.2524120975, 667501.5874318525 7179691.714011249)
AV. FREDOLIN WOLF;COLETORA 1;LEI Nº 15511 / 2019;LINESTRING (672250.0184700346 7191543.77692844, 672245.6600688044 7191543.408129241, 672240.9442671761 7191541.567729724, 672235.1930648941 7191537.8869299255, 672208.1300526623 7191513.351128952, 672185.5932419577 7191490.404727467, 672166.3346329259 7191471.350726347, 672145.2320237469 7191453.935926046, 672131.0952178478 7191443.487126171, 672116.5424121001 7191434.296326716, 672103.5772074909 7191428.591727866, 672093.4646042968 7191426.0851292815, 672083.8704014006 7191424.3565307995, 672071.5391981297 7191424.318133332, 672060.7061956269 7191426.085136038, 672051.1407937761 7191429.388938895, 672038.8095918659 7191435.957743194, 672027.0235903416 7191443.683147689, 672010.9235882013 7191453.983153762, 672002.8531869362 7191458.200156555, 671993.7487855474 7191463.155559756, 671981.763383515 7191468.6873637065, 671966.5509806054 7191474.10396829, 671953.4737780092 7191478.310972109, 671939.5791752439 7191482.738376157, 671923.1463718824 7191487.538980828, 671903.0035676348 7191492.803386385, 671891.3885652237 7191496.032389642, 671880.6513628698 7191498.396392487, 671853.9071564415 7191501.571398845, 671796.223142955 7191510.246013045, 671765.8895360772 7191515.84902079, 671719.4047254663 7191524.098432566, 671680.5147173798 7191534.83584344, 671668.2737142516 7191535.392646108, 671661.3971121275 7191533.91924713, 671650.0049080059 7191528.550448038, 671642.934105353 7191524.753248476, 671636.5179026568 7191519.908248502, 671595.2416837073 7191480.916446568, 671564.4218693894 7191450.975844902, 671521.1746494649 7191409.746242775, 671508.0796442977 7191401.467843254, 671498.5970409841 7191397.5544441575, 671485.372037085 7191395.616846358, 671475.3020344034 7191395.530648405, 671452.8900288978 7191397.604653567, 671423.0878217533 7191401.217060655, 671405.6278175646 7191403.324264806, 671390.877213786 7191403.926267998, 671375.675009391 7191402.120070638, 671362.9450053547 7191398.869672384, 671346.8133999037 7191393.113274159, 671287.7731797306 7191370.963080364, 671277.211975295 7191362.965480396, 671253.5915669498 7191352.7606825195, 671226.2901579486 7191344.101485808, 671208.6663522824 7191339.21168812, 671196.7475485026 7191336.155689749, 671186.2547453505 7191334.321891412, 671163.6055384455 7191329.87349487, 671148.0191335267 7191326.002497033, 671135.4211292891 7191321.58809844, 671126.5243262107 7191318.056499321, 671120.2423238303 7191314.558899675, 671112.8057209164 7191309.940899966, 671102.7883168736 7191303.149500208, 671094.9103132847 7191295.814699863, 671088.2409100479 7191288.631499314, 671088.1181099918 7191288.517699308, 671087.9511099015 7191288.29089928, 671067.7700994818 7191263.5056968, 671031.047279011 7191211.037090318, 671013.8124698338 7191188.499287834, 670986.9872566346 7191158.703685377, 670965.873246888 7191138.38108428, 670947.1334388092 7191123.127884049, 670936.0486339959 7191113.935883867, 670920.5206281741 7191105.54708481, 670905.4904232924 7191101.112686705, 670892.4510193449 7191098.667688724, 670882.6714166213 7191097.988690546, 670857.2714096864 7191096.90189546, 670805.7105957379 7191095.331105599)
AV. FREDOLIN WOLF;SETORIAL 1;LEI Nº 15511 / 2019;LINESTRING (670805.7105957379 7191095.331105599, 670724.5511736096 7191091.997921322, 670701.6325673587 7191091.056725761, 670562.505329455 7191085.498152733, 670536.4601226264 7191085.761358129, 670522.7283191219 7191086.364961097, 670509.2981159107 7191088.024964284, 670496.0189129581 7191090.741167724, 670481.5325100555 7191095.268171893, 670466.5935074328 7191101.7567766765, 670453.0125053229 7191108.999981385, 670437.318903118 7191118.506787129, 670425.1443016508 7191127.073991903, 670295.2502876229 7191226.532644981, 670097.4628665084 7191379.477526186, 670073.3092646314 7191401.618137026, 670054.8002637383 7191421.267746051, 669978.7258595214 7191499.386982437, 669872.6900507321 7191594.082829356, 669846.4550479727 7191614.659040201, 669827.7504454828 7191626.765447246, 669795.0494352677 7191619.137451864, 669646.2027861339 7191571.41006938, 669591.7641681681 7191553.954675779, 669539.5891515154 7191540.005282654, 669539.586151515 7191540.003682656, 669495.7129375144 7191528.273688434, 669175.6928450654 7191490.233743221, 669136.7028332017 7191482.623749092, 669134.9502326293 7191482.093949305, 669133.6440322034 7191481.699149464, 669095.8128198719 7191470.263754077, 669063.4728082255 7191455.043756564, 669016.8727890514 7191421.283756984, 668936.7699549212 7191357.428156145, 668889.3231350108 7191321.079956043, 668880.3027313132 7191314.612556141, 668873.1545288028 7191311.54915677, 668853.4143226873 7191307.126359584, 668844.0533200378 7191306.275361252, 668828.9839157094 7191304.583563849, 668822.6003140287 7191304.620165151, 668726.0120901132 7191312.692386849, 668637.6266678232 7191318.08560616, 668578.0192529334 7191322.424819367, 668497.0214318531 7191324.143636189, 668471.3218250914 7191324.313841425, 668447.3242182618 7191321.931045635, 668433.0868138946 7191318.9550477145, 668413.6074072445 7191311.536849665, 668400.3782023566 7191304.657650499, 668386.0905964947 7191294.339050626, 668372.3055900837 7191280.63944975, 668365.4531855357 7191267.086847514, 668340.6765649951 7191197.768234007, 668301.1525354132 7191102.9306166675, 668289.7323288487 7191085.353414282, 668286.3981271217 7191081.157013835, 668278.2127228791 7191070.854812738, 668270.9609195944 7191064.065812388, 668259.5431144212 7191053.37681184, 668203.0378911839 7191012.164812243, 668118.3566559218 7190948.190812251, 668112.9590537839 7190944.654412394, 668047.7670279646 7190901.942414142, 668027.5180199463 7190888.6758146845, 667961.7367947408 7190849.741017554, 667914.8139769717 7190823.000019873, 667847.3717509955 7190782.359622615, 667775.7223234049 7190739.183825525, 667578.822245906 7190611.983831227, 667530.8760268157 7190579.87483231, 667509.4340181135 7190564.686632574, 667494.4002104788 7190546.401830724)
AV. HENRY FORD;COLETORA 1;LEI Nº 15511 / 2019;MULTILINESTRING ((672886.121675715 7180147.580227306, 672866.1930695828 7180142.14663006, 672859.349466755 7180136.800230123, 672804.602249547 7180120.119437244, 672763.7596363057 7180105.716842057), (674609.7006073379 7181573.591031075, 674500.2599602364 7181480.793030292, 674442.7485364503 7181436.593831044, 674388.3733131337 7181390.830030741, 674273.2222657154 7181303.180232456, 674249.3600557026 7181284.114232579, 674215.9784414121 7181256.065632403, 674160.3938182194 7181212.237232841, 674077.3067831232 7181144.623432956, 674048.3213711106 7181122.123433272, 674023.5597608768 7181103.033233576, 673947.9557302791 7181047.824435286, 673941.3221276219 7181043.108035469, 673912.0231148765 7181017.441635042, 673853.7220899812 7180968.580234758, 673810.2824717816 7180933.830834966, 673762.1998514427 7180894.413434954, 673679.7022168466 7180828.170435283, 673657.5934079351 7180812.14183581, 673602.3863846913 7180767.323635903, 673549.2219622743 7180723.980235945, 673540.6149586914 7180717.180236008, 673495.851339951 7180681.3064362, 673476.3021317667 7180665.639636284, 673408.0459029016 7180609.495836209, 673354.6216798001 7180563.080035522, 673291.2216491034 7180492.180030683, 673253.7216307318 7180449.180027552, 673235.3706217986 7180428.404626088, 673170.1023899441 7180354.090020775, 673141.611375759 7180320.28721811, 673090.3007505656 7180261.073213733, 673050.2217309704 7180215.202610411, 673031.7087218226 7180193.542008758, 673018.367315746 7180180.422808199, 673001.912709491 7180170.194409018, 672981.8373034918 7180165.582212015, 672961.8612983216 7180164.850015974, 672909.2110825287 7180152.471423758, 672886.654675764 7180147.168227091))
AV. IGUAÇÚ;OUTRAS VIAS;LEI Nº 15511 / 2019;LINESTRING (672332.8875911671 7184280.651000697, 672143.3459273856 7184206.849420764, 672042.912493505 7184167.266231258, 671856.7944308554 7184094.457450821)
AV. IGUAÇÚ;SETORIAL 2;LEI Nº 15511 / 2019;LINESTRING (674757.7106164688 7185255.130348685, 674519.9247350224 7185158.31617333, 674270.2692494827 7185056.252799038, 674103.1817926265 7184989.657616654, 673899.9467230875 7184906.657637525, 673805.7346908057 7184867.887047109, 673694.1228528037 7184823.069458742, 673585.8052157898 7184778.881269838, 673445.7227679334 7184721.698284164, 673324.1269265189 7184672.597296722, 673244.9574994917 7184640.290104801, 673101.7138506641 7184582.111719479, 672987.8530121607 7184537.285731498, 672917.2877884244 7184510.085739089, 672847.231364775 7184482.650946511, 672632.8832924194 7184398.585769155, 672528.7572572181 7184357.420580054, 672426.1572225491 7184316.885790788, 672332.8875911671 7184280.651000697)
AV. JAIME REIS;SETORIAL 2;LEI Nº 15511 / 2019;LINESTRING (673176.7809316756 7186805.513282856, 673071.3601277451 7186918.206734246, 673032.4965261344 7186959.012752995)
AV. JORN. ADERBAL GAERTNER STRESSER;COLETORA 2;LEI Nº 15511 / 2019;LINESTRING (680497.2237276009 7181717.778813964, 680607.3237663461 7181767.978802957, 680620.023770211 7181770.978800973, 680634.9237738105 7181770.17879754, 680651.6237772363 7181766.478792974, 680664.9933790345 7181759.155788205, 680675.7755798951 7181750.530183661, 680717.5431813826 7181708.620363891, 680799.3843831719 7181621.362923837, 680855.9497847299 7181562.580496544, 680931.0065867633 7181484.482260305)
AV. JORN. ADERBAL GAERTNER STRESSER;SETORIAL 1;LEI Nº 15511 / 2019;LINESTRING (679984.1191475361 7181485.319865492, 680036.7235658593 7181508.578860074, 680095.2235864862 7181535.578854336, 680152.7236065379 7181561.078848428, 680210.5236268644 7181587.478842681, 680267.623647017 7181613.8788370835, 680324.7236669573 7181639.278831225, 680382.1236873239 7181666.27882571, 680439.4237073864 7181691.97881988, 680497.2237276009 7181717.778813964)
AV. JOSÉ GULIN;COLETORA 1;LEI Nº 15511 / 2019;LINESTRING (678393.6780509346 7190392.236730058, 678449.485247286 7190306.444695292, 678491.3184453103 7190245.7202701885, 678532.5466434398 7190186.259045554, 678573.2852413729 7190126.5016209455, 678615.3032397893 7190067.465796258, 678650.3712384418 7190018.09577563, 678655.3860385214 7190012.309373019, 678660.4008388211 7190007.5517706815, 678671.0732398662 7189999.322366208, 678682.260240826 7189990.0643613525, 678688.7742410188 7189982.966958071, 678758.2600636506 7190003.299148586, 678827.767886233 7190023.349939015, 678896.2977085109 7190043.166729587, 678980.9925362113 7190068.419118129, 679053.2529593599 7190087.686507743, 679112.5481785387 7190104.332899438, 679157.3885934358 7190118.754493643, 679164.2437958277 7190121.492892899, 679171.506398374 7190124.441692121, 679186.3028037383 7190131.288690764, 679227.7906187209 7190150.197086877, 679285.2154394123 7190176.141881436, 679342.3348599889 7190201.909876009, 679398.99028055 7190228.153070807, 679411.7536848442 7190232.495069217, 679422.6962883024 7190235.175067577, 679436.8770925882 7190237.743065209, 679446.2564953472 7190239.0830635475, 679460.8084992844 7190239.576660548, 679471.0803017729 7190238.572058072, 679479.7419035963 7190236.442055641, 679488.545505211 7190233.176252879, 679500.7569071432 7190227.212648664, 679575.2469176507 7190184.907021383, 679575.3255176649 7190184.881421359, 679600.6397211137 7190169.9502119385, 679625.4445244963 7190155.334602712, 679785.683346212 7190060.3861429505)
AV. JOÃO GUALBERTO;CENTRAL;LEI Nº 15511 / 2019;LINESTRING (674613.204061171 7187556.468180247, 674708.2235089571 7187666.613789286, 674799.7343548642 7187772.042397825, 674891.4594010621 7187878.478006588, 674984.9156481149 7187986.724415468, 675004.4712579346 7188009.232417289, 675078.1368949341 7188094.030824153, 675170.2121413911 7188200.937632978, 675258.7237859817 7188303.2612413475, 675380.6114474656 7188444.3816529345, 675412.548063666 7188481.756056078)
AV. MAL. FLORIANO PEIXOTO;OUTRAS VIAS;LEI Nº 15511 / 2019;LINESTRING (674061.6440964038 7185537.930567818, 674129.1426827341 7185389.200915035, 674198.4726660368 7185223.834257569)
AV. MAL. FLORIANO PEIXOTO;SETORIAL 1;LEI Nº 15511 / 2019;LINESTRING (674198.4726660368 7185223.834257569, 674270.2690494831 7185056.252799038, 674334.4484343883 7184905.149146403, 674345.5536344082 7184891.602140566)
AV. MAL. HUMBERTO DE ALENCAR CASTELO BRANCO;SETORIAL 1;LEI Nº 15511 / 2019;LINESTRING (677459.6237750236 7185552.580455424, 677419.7899781018 7185615.296480227, 677378.8335815793 7185681.266106118, 677341.3237849027 7185742.370530013, 677313.0985876832 7185789.676348341, 677290.7401892559 7185824.210362094, 677265.7251904265 7185860.07237676, 677247.5883903406 7185881.688986249, 677232.7825897989 7185897.111393416, 677187.0381870518 7185939.7534142565, 677153.2737853137 7185972.596029993, 677083.3783815673 7186039.937062404, 677053.7525802058 7186069.559476422, 677042.6267802031 7186083.089282315, 677031.7341808407 7186099.338688867, 677025.1237816894 7186111.380693413, 676991.4223877586 7186180.997918738, 676980.3727896076 7186203.163126869, 676951.3283952414 7186265.095349203, 676914.2616030115 7186346.8881784305, 676880.4368115854 7186428.5518069435, 676855.2520165446 7186482.660226429, 676834.3026200421 7186524.718241867)
AV. MAL. MASCARENHAS DE MORAES;SETORIAL 1;LEI Nº 15511 / 2019;LINESTRING (680401.3582695827 7190806.562808685, 680362.4482613606 7190816.048219628, 680330.2546543606 7190822.986628437, 680293.6206468475 7190832.97763902, 680252.2684392269 7190848.241852028, 680223.9238342446 7190859.8286612425, 680211.9316322593 7190865.29226529, 680174.2298268225 7190886.215879015, 680156.3224244904 7190897.317885845, 680037.8896097494 7190973.951731861, 679914.700193569 7191049.844178695, 679901.1313918638 7191058.563783949, 679800.212177937 7191117.713021499, 679707.1155642611 7191168.480255118, 679616.2379507498 7191217.345287742, 679538.7885390505 7191258.167515321, 679481.2857303446 7191288.404935773, 679411.4491199133 7191325.819360795, 679365.824513118 7191350.364777166, 679338.4153094499 7191367.04878752, 679314.1043069088 7191385.162797589, 679289.7935049303 7191405.898408358, 679267.6277045425 7191431.40101994, 679251.897105192 7191453.805229312, 679237.596707243 7191480.976239651, 679224.01110974 7191509.3388501555, 679211.1407144201 7191546.996862996, 679198.4697193828 7191585.721876081, 679153.9247359859 7191717.985721052, 679107.3887554612 7191866.163570732, 679092.1925614876 7191913.012186549, 679077.25736761 7191959.994002348, 679069.1351703809 7191982.9480102435, 679062.2083722805 7192000.360016397, 679051.3545743657 7192023.493224928, 679045.612375059 7192033.829028934, 679036.8077756581 7192047.514634492, 679027.6587759021 7192059.970239796, 679011.6669761706 7192081.012848869, 678998.3809758268 7192095.848655699, 678986.4235751699 7192107.584661413, 678972.9161737681 7192117.770667043, 678955.6443715084 7192128.620873658, 678937.2655685742 7192137.699480034, 678916.0011649281 7192147.0300870985, 678903.4139622268 7192150.030490603, 678888.5919590127 7192153.393494683, 678874.3925557203 7192155.63549833, 678863.4315529438 7192156.258300846, 678849.3567492572 7192156.5075039305, 678801.717536208 7192154.661913646, 678801.7011362045 7192154.661313651, 678801.532536157 7192154.655913685, 678778.5459297245 7192153.123518199, 678761.009124837 7192152.056121672, 678699.944508482 7192151.423334582, 678656.9904969328 7192150.771943607, 678628.6294892958 7192150.28634955, 678618.8322866942 7192150.286351648, 678611.5798850406 7192151.558753541, 678598.3470823972 7192155.630357465, 678588.5498803126 7192158.047760211, 678578.3586779488 7192159.655362825)
AV. MANOEL RIBAS;SETORIAL 2;LEI Nº 15511 / 2019;LINESTRING (673032.4965261344 7186959.012752995, 673009.4521252238 7186983.431564174, 672969.4457236406 7187025.820783576, 672953.1481227445 7187041.885591165, 672936.384920954 7187054.225197874, 672915.8965180037 7187065.633405113, 672891.567314093 7187077.217413193, 672844.2147056273 7187095.6576278405, 672810.7090992884 7187107.019037761, 672790.788295313 7187112.782243399, 672773.1264917958 7187117.930248407, 672772.8204917222 7187117.961448479, 672713.0500789463 7187131.171064321, 672631.3608617045 7187150.296086248, 672492.8790325527 7187183.133123511, 672341.7524002682 7187216.757163571, 672330.3935973924 7187217.107366011, 672323.7073955745 7187216.713967289, 672314.0713928287 7187215.534168972, 672217.0255638364 7187197.1479841955, 672070.4821197401 7187167.8112067515, 671963.3350874251 7187145.98462313, 671949.0828834593 7187144.688825729, 671937.5096804935 7187144.870628162, 671925.8042777377 7187146.243630937, 671915.9572755734 7187148.144033465, 671855.6068633593 7187164.884650292, 671852.5226627443 7187165.782051162, 671846.6612618156 7187168.665853126, 671841.2316612647 7187172.824855335, 671805.9964587351 7187204.940871013, 671792.6388575678 7187216.108476695, 671743.1530677357 7187327.870916199, 671711.3162762376 7187409.33374413, 671703.6984783297 7187429.106950888, 671671.9644854367 7187503.698577002, 671659.0952879395 7187532.109187109, 671639.4016928554 7187580.878403971, 671606.5518996159 7187655.247630267, 671598.7491000148 7187667.049834974, 671593.0129002773 7187675.581438396, 671564.8071008496 7187714.038254305, 671511.0211039174 7187797.006887175, 671502.4469045456 7187810.924292599, 671479.3227055699 7187845.18230636, 671472.1861056394 7187854.559110294, 671465.3685053915 7187861.98931365, 671458.4711046515 7187867.125516418, 671452.747903855 7187870.5009184815, 671441.007701763 7187875.196922131, 671429.5610995075 7187878.718925411, 671393.1682919873 7187888.2485353965, 671357.9460846494 7187897.177144982, 671314.3606755577 7187908.1835568305, 671286.1842697266 7187915.521164549, 671258.007863835 7187922.565172188, 671230.5226581163 7187929.582379676, 671180.0826477834 7187943.257193629, 671154.8412426542 7187950.301400661, 671133.7090380525 7187954.704006156, 671110.669032774 7187958.226011811, 671095.4068290076 7187959.253215211, 671073.9810234562 7187959.400019645, 671022.585209371 7187956.008429294, 670957.3973914713 7187951.53184148, 670922.7757820559 7187949.601248069, 670892.9585742105 7187949.217454078, 670877.7301704533 7187950.241257468, 670861.0939666699 7187952.928661583, 670846.7725638513 7187957.3824656885, 670793.2325546287 7187980.452482725, 670701.6463373055 7188012.400309879, 670674.0919317987 7188020.580517672, 670610.802718831 7188037.802135153, 670539.7637045872 7188058.683155177, 670475.8286926767 7188081.932374368, 670457.6124886494 7188085.462579021, 670439.9024840333 7188085.46258264, 670419.6432778547 7188081.071185624, 670383.6982651945 7188064.958588727, 670347.5280527264 7188050.072592197, 670329.875847202 7188045.551794613, 670315.1224430989 7188044.28259729, 670289.6548366837 7188045.370402778, 670267.8524318311 7188049.432608299, 670212.3276195738 7188060.276022486, 670165.8406094599 7188070.092634555, 669964.3483667711 7188118.313088334, 669923.2633581036 7188128.344299347, 669650.3323005054 7188194.988172457, 669521.7106733508 7188226.415406887, 669498.0746683584 7188232.19061321, 669468.5826619358 7188238.433420849, 669443.6114558604 7188240.58622649, 669410.3056465613 7188237.578032462, 669329.1610229617 7188225.585445782, 669307.3328174297 7188226.379250422, 669290.2672135695 7188229.289654653, 669274.6566104636 7188234.052259076, 669231.2898027359 7188251.708272528, 669207.7119985332 7188261.307679839, 669177.686593435 7188274.798089485, 669160.885590797 7188283.397095157, 669145.1427888373 7188293.980501139, 669132.2935876662 7188304.7387065785, 668954.428575136 7188471.970186707, 668938.3883743237 7188488.63339435, 668923.4753746791 7188509.617602905, 668912.3811755119 7188528.033410008, 668902.570177522 7188550.614417951, 668885.595380846 7188588.924231495, 668880.4563813952 7188598.268235, 668873.2927816671 7188608.857839245, 668865.6619815023 7188617.890243173, 668855.3835808034 7188627.701447843, 668844.6381797609 7188636.42225232, 668804.9267746789 7188662.585067261, 668787.3291719408 7188671.773273248, 668763.9693668742 7188676.912479331, 668742.5221613252 7188677.183083742, 668633.4291301245 7188663.889302297, 668625.8359290101 7188668.191504968, 668617.7379285616 7188676.445308782, 668610.7993288784 7188686.984712967, 668571.0221328334 7188757.983139749, 668532.9221376211 7188830.983166726, 668516.3361382419 7188855.523376558, 668494.3543382158 7188883.852788484, 668463.5057357657 7188911.677002065, 668375.7351275174 7188984.573439049, 668358.0407267835 7189003.876647724, 668351.429126971 7189013.38105157, 668349.5741270223 7189016.047452648, 668341.6365285766 7189034.039259007, 668334.8323303938 7189051.871865095, 668315.1221363565 7189106.983283645, 668311.4741371254 7189115.53108664, 668306.1823373949 7189123.733089877, 668299.3031370881 7189131.141493225, 668288.4221360426 7189140.083297785, 668198.5221253635 7189203.8833327945, 668113.7263153577 7189264.461965918, 668018.793903941 7189331.290802734, 667982.5182995764 7189356.817416798, 667890.6220884987 7189421.483452421, 667869.5188862118 7189437.61586094, 667834.0538841565 7189473.622277614, 667800.9374823108 7189507.630893284, 667783.7464804784 7189520.94410027, 667770.067678483 7189528.86610512, 667732.1736722245 7189547.182917594, 667689.279664695 7189565.710931128, 667670.2326613168 7189573.772537092, 667586.8560465267 7189609.061563201, 667536.1098375231 7189630.5397790875, 667310.7237976447 7189726.673049812, 667259.3581882613 7189747.14326554, 667087.1865565069 7189814.347117871, 667007.6681417101 7189844.782541869, 666979.7779365199 7189855.457350286, 666925.6039256994 7189872.517365657, 666894.8707195211 7189882.000574321, 666862.8219147966 7189900.483785638, 666756.4162936488 7189934.5796159655, 666674.9426770519 7189958.6954386495, 666653.534875106 7189977.116247817, 666624.5142722528 7190001.028059962, 666526.0928579902 7190059.208295065, 666468.9530503062 7190096.003516242, 666454.791848293 7190104.582521346, 666445.0376468645 7190110.282124806, 666441.2454463671 7190112.78842623)
AV. MONTEIRO TOURINHO;SETORIAL 1;LEI Nº 15511 / 2019;LINESTRING (678757.7600031528 7190654.87072206, 678750.1833989567 7190644.619320953, 678743.9191959323 7190638.215920588, 678732.2353907587 7190628.456920493, 678683.8193706699 7190594.299321763)
AV. MONTEIRO TOURINHO;SETORIAL 2;LEI Nº 15511 / 2019;LINESTRING (678757.7600031528 7190654.87072206, 678763.8902074116 7190667.201124033, 678766.3632098306 7190675.4447257, 678767.1876123804 7190686.325928424, 678765.5390153021 7190701.988532951, 678756.800828294 7190773.376953853, 678750.4098379551 7190826.332169343, 678750.5756399729 7190835.547971765, 678751.9356423724 7190845.069174014, 678755.1506453941 7190855.208576027, 678761.7174496402 7190866.9305777475, 678770.8954539846 7190875.8877781695, 678782.7966591334 7190885.252778118, 678798.0146654518 7190895.983377719, 678815.0392718161 7190904.695976393, 678828.6574763295 7190908.966974614, 678839.4910796742 7190911.223972893, 678859.8042855224 7190913.48096914, 678881.9738917056 7190915.001764793, 678892.0176946563 7190916.39216301, 678902.3856975597 7190917.161760991, 678921.6919029708 7190918.62115724, 678942.8819087952 7190919.670152976, 678967.8253155783 7190920.581547868, 678986.1015203006 7190920.089743815, 679008.1309262547 7190920.719339257, 679019.6253296089 7190922.205137188, 679030.2981328683 7190924.251935443, 679041.6545367532 7190928.382134108, 679056.445142308 7190936.055732981, 679067.5963468072 7190943.292132517, 679080.9255523742 7190952.816932196, 679090.1883566197 7190961.197532445, 679102.619962541 7190973.478933055, 679115.7801678905 7190982.202332556, 679129.9885729335 7190988.205931108, 679144.7975776636 7190992.008128943, 679155.4037807243 7190993.208926985, 679166.2101834931 7190992.808524556, 679181.0191869757 7190990.807520844, 679201.6697917657 7190987.703515579, 679210.1765939391 7190987.363313662, 679220.100196799 7190988.465911822, 679233.632401106 7190991.873909825, 679246.7684054957 7190996.144108143, 679260.6632103362 7191001.58590661, 679276.1668156103 7191007.065704741, 679288.5964196415 7191010.540502997, 679298.3562226815 7191012.684501471, 679305.8374248302 7191013.480900076, 679313.0544266498 7191013.079898419, 679321.4744286173 7191011.877096286, 679336.9248321478 7191009.307492279, 679372.3146398085 7191001.446282572, 679412.1932487314 7190993.935471992, 679437.1254543185 7190989.281465389, 679483.4656646645 7190980.459453065, 679498.1110678118 7190977.100449016, 679563.9300815003 7190959.907630266, 679581.1132850366 7190955.247025323, 679596.5598883671 7190951.762621067, 679667.5571030847 7190933.012600778, 679748.7277196395 7190910.335177241, 679801.3293305024 7190896.267362152, 679813.9747332175 7190893.367758653, 679826.2027359294 7190890.966355376, 679933.3197603651 7190873.097327512, 679979.0767709423 7190866.111315779, 680013.1119787628 7190860.699706992, 680104.7931997683 7190845.854683243, 680146.738009329 7190838.833272314, 680235.9218296835 7190824.049249107, 680345.6666560764 7190812.103222204, 680401.3470695801 7190806.565408688, 680401.3582695832 7190806.5636086855)
AV. MUNHOZ DA ROCHA;EXTERNA;LEI Nº 15511 / 2019;LINESTRING (675524.9274424011 7188241.245969025, 675530.2282462463 7188252.945970992, 675537.6072511147 7188266.927573124, 675542.9646544831 7188276.288974463, 675547.9980575535 7188284.639575604, 675552.2354604696 7188293.233576978, 675553.374461581 7188297.10857776, 675553.8654623756 7188300.268778489, 675553.8320636514 7188306.374580106, 675553.0932652612 7188314.939782519, 675548.7416681778 7188334.191388508, 675545.9960699016 7188345.783192143, 675545.8436715308 7188353.714594266, 675546.606272982 7188359.662995674, 675548.3572750895 7188367.503797373, 675550.9878777594 7188376.9269993035, 675554.2694801813 7188384.358800571, 675558.9022828126 7188391.1150013795, 675563.8246854991 7188397.774602098, 675565.9068866684 7188400.745202443)
AV. MUNHOZ DA ROCHA;OUTRAS VIAS;LEI Nº 15511 / 2019;LINESTRING (675258.7237859817 7188303.2612413475, 675307.2237964785 7188292.981628444, 675455.8238229495 7188234.481581781, 675466.4988253928 7188232.855979107, 675476.276427812 7188232.235176887, 675483.9588299635 7188232.933575455, 675524.9274424011 7188241.245969025)
AV. MUNHOZ DA ROCHA;SETORIAL 1;LEI Nº 15511 / 2019;LINESTRING (675565.9068866684 7188400.745202443, 675604.388302607 7188428.733201723, 675673.6209321009 7188482.922801438, 675720.451151827 7188518.499200957, 675778.9239764344 7188562.7816003235, 675815.5241918906 7188590.739599988, 675885.9050214106 7188643.510199079, 675980.6240612903 7188715.181598023, 675986.8116639287 7188720.014797995, 676044.8696884012 7188764.036197369, 676069.4046987013 7188782.43299705, 676086.7825059568 7188795.265796771, 676092.1043080315 7188798.501396502, 676101.5293115254 7188803.376195801, 676105.7129129929 7188805.142795384, 676112.3137152494 7188807.652994653, 676118.449917266 7188809.6053938735, 676125.1437193713 7188811.278792903, 676132.023521523 7188812.952191892, 676142.9921248703 7188815.210990173, 676156.6159290042 7188817.912788009, 676171.0931338341 7188822.852786256, 676184.0609386485 7188829.576785295, 676190.3731413283 7188834.448385249, 676195.5191436305 7188838.976785358, 676200.7831461676 7188844.4655856965, 676206.2721490982 7188851.540386406, 676214.6885540059 7188864.347988013, 676227.0083610183 7188882.278590149, 676241.7623694618 7188903.967392763, 676264.3197823331 7188936.933996711, 676274.0241879544 7188951.516398516, 676285.2717945415 7188968.756600697, 676304.3704055746 7188997.298204208, 676312.8286099695 7189007.610405145, 676322.5928145109 7189017.003605566, 676332.0624186047 7189024.642805583, 676338.8242212094 7189028.581605196, 676343.7648230412 7189031.131204826, 676351.4266256667 7189034.056803981, 676358.4654280047 7189036.403203112, 676364.7222299393 7189037.793602157, 676371.4134318922 7189038.749400996, 676381.0594346027 7189039.618399185, 676396.788238904 7189040.487396089, 676432.595448612 7189042.050588929)
AV. NOSSA SENHORA APARECIDA;SETORIAL 2;LEI Nº 15511 / 2019;LINESTRING (671060.1468587272 7184249.061454611, 671022.9772468384 7184237.5030592475, 670938.6810180991 7184202.598267509, 670936.322017306 7184201.681667754, 670918.1304118754 7184197.907870508, 670898.7966062559 7184194.640073626, 670877.55660054 7184193.278477627, 670858.6281956605 7184193.114081464, 670811.2327837956 7184194.424891515, 670752.6559693024 7184196.880304147, 670736.1159652069 7184197.552507706, 670648.4465433669 7184200.499926416, 670468.621898442 7184205.934364606, 670452.2486938466 7184203.956367441, 670408.850283083 7184205.64717675, 670366.0154728929 7184209.451586488, 670286.8660558447 7184225.188806725, 670233.1442471863 7184250.152824152, 670214.5590461845 7184268.549232703, 670165.4840458722 7184328.598258251, 670136.9516453912 7184362.059472731, 670126.8956448676 7184372.115477385, 670114.6998437941 7184382.171282476, 670099.0810418434 7184392.227288265, 670085.1546398517 7184399.951893104, 670023.3196304715 7184431.656313921, 670007.6242280529 7184439.523719158, 669991.0326250647 7184445.716724144, 669977.1254221546 7184448.92612781, 669962.3624185005 7184449.568130985, 669945.3680137362 7184447.559933929, 669892.5217965908 7184429.881940123, 669762.0073537738 7184383.863354797, 669744.6053473403 7184374.16395583, 669731.4827418298 7184363.608755771, 669716.363134356 7184345.921554271, 669702.3845256075 7184320.531950549, 669670.726704408 7184256.199740352, 669662.2700988265 7184239.415537732, 669647.3260912669 7184221.06873603, 669631.8216845128 7184207.381935645, 669582.4138643949 7184170.657936201, 669532.5856451443 7184138.706938075, 669427.4216061091 7184079.0517440345)
AV. NOSSA SENHORA DA LUZ;SETORIAL 1;LEI Nº 15511 / 2019;LINESTRING (676501.7292716218 7189065.232980435, 676514.1800718328 7189050.814573986, 676530.849872591 7189033.786365954, 676548.4160733967 7189015.861757496, 676562.5764742979 7189002.597550992, 676583.3688757172 7188983.597541565, 676601.6520771653 7188967.823933523, 676623.1198792703 7188951.22632459, 676650.5188822084 7188931.235313502, 676669.6084844422 7188918.195106013, 676696.2264873639 7188899.105495328, 676713.9472894241 7188886.937088357, 676736.7190918927 7188870.465279179, 676759.7546942371 7188853.089469707, 676773.4590953749 7188841.536663748, 676781.4786957712 7188833.51705993, 676789.4980960271 7188824.819855932, 676801.6854963647 7188811.370649795, 676814.7078968033 7188797.3738433365, 676843.9180973242 7188763.795628273, 676853.745897348 7188751.783823017, 676869.0334969454 7188731.036414295, 676883.9764964299 7188710.179605617, 676888.7080962539 7188703.515802855, 676898.7864941955 7188681.384194872, 676905.0862924706 7188665.484589338, 676909.7362903124 7188649.585184153, 676914.4258870777 7188628.5525776055, 676916.4148841174 7188612.143572853, 676917.7408812642 7188597.060768589, 676919.6326765728 7188572.616561737, 676920.0578719231 7188550.176955724, 676918.3574530298 7188463.195733134, 676917.7510437192 7188420.057121885, 676916.9022349765 7188379.884511471, 676916.5346298884 7188356.348505342, 676916.5346239987 7188328.5834980225, 676917.6378195279 7188306.150691874, 676919.2926175024 7188294.566688471, 676922.4186132089 7188270.479081458, 676927.3784076616 7188238.231671907, 676930.7218029288 7188211.8112642355, 676932.0631983271 7188188.470457803, 676931.6857938296 7188167.737252421, 676931.0821907908 7188154.15524897, 676929.4221866769 7188136.800644751, 676925.1967805168 7188112.957039367, 676918.2691731323 7188086.664233912, 676902.3927564926 7188027.725021761, 676862.8001175119 7187892.577594588, 676854.6739096025 7187865.258789124, 676842.7142969953 7187820.496779885, 676839.1902927617 7187804.85937652, 676837.3182897986 7187793.186173847, 676836.3270873693 7187782.944771363, 676836.106884324 7187768.849167703, 676838.2944815421 7187753.047763085, 676839.4012809912 7187749.088561809, 676842.1056795989 7187739.205758638, 676847.7240779612 7187724.5811536005, 676852.3100771417 7187715.086550133, 676860.2834757367 7187698.675544128, 676870.2240745374 7187680.825937327, 676911.1782691381 7187605.126508748, 676970.1916618082 7187498.243868148, 676992.7776587659 7187456.236252325, 677017.3626549919 7187408.344034532, 677025.0266534431 7187391.668228528, 677030.6012517217 7187376.728223423, 677037.5138495414 7187357.997217039, 677041.0816466345 7187339.935211541, 677041.0816442203 7187328.563008556, 677039.8944407509 7187313.677004904, 677038.806439071 7187307.091603405, 677034.5286352707 7187294.42620099, 677027.3018296761 7187276.91479793, 677021.6322261908 7187267.432396645, 677015.5598228294 7187259.0243957285, 676996.5636124751 7187233.488393063, 676952.1597886803 7187175.696787326, 676884.8571518051 7187084.22257762, 676824.0725188842 7187003.360169318, 676801.6127067546 7186973.62936629, 676787.5932988814 7186953.644164026, 676780.2850944258 7186941.56336241, 676771.2238883276 7186923.880959698, 676765.4206842614 7186911.799557766, 676759.6758792651 7186895.254554648, 676754.1608735486 7186875.032750521, 676747.442865327 7186844.459143939, 676746.807461268 7186826.086539263, 676748.1862579237 7186808.622334399, 676751.3554535763 7186784.235527344, 676755.4916499003 7186761.830520602, 676763.2472447127 7186727.878510073, 676780.8862369489 7186669.690891108, 676792.9086317059 7186630.28067825, 676809.9814265018 7186584.883862756, 676821.0664230306 7186554.972652582, 676834.3026200421 7186524.718241867)
AV. NOSSA SENHORA DA PENHA;SETORIAL 1;LEI Nº 15511 / 2019;LINESTRING (677459.623975023 7185552.580655424, 677459.6597750031 7185552.446855381, 677466.8717730282 7185534.434249158, 677491.07534493 7185373.13200204, 677509.3237210274 7185238.780563223, 677515.4237152096 7185204.080352908, 677566.4237065234 7185101.680315443, 677600.8087015358 7185036.751491258)
AV. NOSSA SENHORA DE LOURDES;COLETORA 1;LEI Nº 15511 / 2019;LINESTRING (678003.9237679418 7183925.580717497, 678032.354971376 7183907.614506786, 678145.3969744039 7183786.495451363, 678178.3237749076 7183749.48003477, 678208.8237754549 7183715.580019502, 678242.5559751341 7183673.764601501, 678253.3059738406 7183654.870794328, 678271.6585699513 7183614.755180054, 678296.1079634528 7183555.175159458, 678311.6585596765 7183518.955146792, 678326.6733554332 7183481.199733848, 678382.0217423108 7183353.852289185, 678445.6831288721 7183215.202639849, 678458.0673260938 7183187.480830062, 678525.8873143193 7183051.776380615)
AV. PARANÁ;CENTRAL;LEI Nº 15511 / 2019;MULTILINESTRING ((675412.548063666 7188481.756056078, 675525.3409205728 7188612.179866765, 675611.4603641053 7188712.034274999, 675696.538607237 7188811.190083274, 675807.0608632902 7188939.959294016, 675808.2240638735 7188941.28169412, 675897.0765086346 7189043.257102351, 675996.1035586137 7189157.223111613, 676116.1242196115 7189297.181723326, 676180.8904522929 7189371.515529336, 676228.1346762431 7189426.23033385, 676297.3715111696 7189505.545340238, 676340.6197334992 7189557.481744862, 676446.6753875776 7189681.532755332, 676450.4053894789 7189685.884355698, 676551.1340404899 7189801.9045651695, 676606.9744687784 7189866.208970416, 676670.8579011413 7189939.720576408, 676688.4967101249 7189960.237378121, 676750.9815414688 7190030.609983578, 676768.3251504144 7190051.296185399, 676830.3689818492 7190122.581791193, 676955.924646267 7190270.481803892, 676956.9698468016 7190271.704203995, 677052.4788952358 7190381.398412913, 677144.5593417172 7190486.031421216, 677235.6019882434 7190592.059030114, 677327.0822348646 7190697.876438865), (677326.892234738 7190697.513838809, 677419.6906819685 7190804.454647585, 677534.1603402615 7190936.369458415, 677829.0928911936 7191278.9382870635, 677841.529097657 7191293.82508839, 677862.1989081319 7191317.303090258, 677869.7287120385 7191326.281691052, 677919.6701379551 7191385.833296321, 677930.8277434723 7191397.850897153, 677998.0713782904 7191477.617704139, 678076.0712184678 7191569.074311959, 678155.4674592989 7191661.782519819, 678232.7248991161 7191752.309327553, 678310.3943393023 7191843.984935511, 678388.3969796504 7191935.922543471, 678463.6694183785 7192023.590350873, 678540.2866580822 7192114.078158747, 678578.3586779488 7192159.655362825))
AV. PARANÁ;SETORIAL 2;LEI Nº 15511 / 2019;LINESTRING (678578.3586779488 7192159.655362825, 678614.3686961858 7192200.147765981, 678693.9771369951 7192291.945773572, 678740.8379609454 7192345.599377939, 678746.4675641609 7192353.617378885, 678751.9265682439 7192365.900181013, 678756.7031726578 7192380.571383931, 678765.2841823853 7192415.325791426)
AV. PERO VAZ DE CAMINHA;COLETORA 2;LEI Nº 15511 / 2019;LINESTRING (666617.6223747876 7171512.408759016, 666668.1521869077 7171512.185548854, 666825.1838245667 7171511.462517241, 666924.9168484599 7171510.882697122, 667021.1706718641 7171512.042278109, 667179.0893100486 7171512.867646631, 667324.8381451202 7171512.7842173455, 667335.0373467405 7171508.627614286, 667442.3083722154 7171506.887992306, 667465.266774821 7171492.353984157, 667500.7023795489 7171473.452172436, 667548.1379863834 7171450.663357357, 667593.4283923069 7171425.930342233, 667652.2072002797 7171395.25872295, 667696.1082063532 7171372.966508694, 667738.882612344 7171351.605894891, 667791.233419659 7171325.408477981, 667815.0614225494 7171311.3052697545, 667836.3678252953 7171299.499262594, 667928.534637165 7171248.427431612, 667932.9292382118 7171248.376630714, 668006.0462556197 7171247.530015764, 668058.4790681044 7171246.922805039, 668110.3882804638 7171246.32179442, 668175.284495885 7171245.4195811, 668232.4949032213 7171213.636161828)
AV. PREF. ERASTO GAERTNER;SETORIAL 1;LEI Nº 15511 / 2019;LINESTRING (676432.595448612 7189042.050588929, 676451.5476542336 7189045.165785744, 676462.4336576689 7189047.927784169, 676475.4316620533 7189052.558382645, 676488.1862665605 7189058.08258141, 676501.7292716218 7189065.232980435, 676514.5812767411 7189073.514979905, 676683.4389461845 7189192.569575656, 676813.4243998353 7189284.981572577, 676937.038450188 7189369.58176877, 677047.7886957882 7189447.5737659335, 677144.7075356569 7189515.571963378, 677240.9125752825 7189583.237760881, 677396.5568395075 7189693.090956928, 677506.1370848601 7189770.956554279, 677671.1119530546 7189887.610550122, 677684.3537585295 7189896.971949787, 677707.5637680362 7189912.955149088, 677792.4142028353 7189971.550946569, 677857.6756297452 7190017.261744799, 677872.2838357869 7190027.573944425, 677952.8280690315 7190084.086342264, 678050.5437093275 7190152.411739574, 678162.5057554371 7190230.320336385, 678182.4249635848 7190243.910935745, 678272.5096008625 7190307.343533372, 678295.3684102986 7190323.321932737, 678393.6780509346 7190392.236730058, 678490.9438909958 7190459.683927205, 678585.8157302235 7190526.108124588, 678620.8351446419 7190550.323123537, 678683.8193706699 7190594.299321763)
AV. PREF. OMAR SABBAG;PRIORITÁRIA;LEI Nº 15511 / 2019;LINESTRING (675786.203728037 7185477.726190388, 675798.3805285749 7185465.399584614, 675843.5845278485 7185406.746959825, 675898.1817277648 7185339.702330876, 675948.6497275459 7185277.101903953, 676001.4033268124 7185209.311075202)
AV. PRES. AFFONSO CAMARGO;CENTRAL;LEI Nº 15511 / 2019;LINESTRING (674807.5085155811 7185666.781645335, 674848.6567263567 7185667.5846369155, 674951.3875524079 7185665.522014833, 674959.4251545513 7185665.855813233, 675063.3601811499 7185664.933591181, 675186.4024126988 7185664.110765126, 675285.1358381282 7185663.994944347, 675408.5388697223 7185662.953918129, 675559.3907085684 7185662.742086329, 675621.1989249405 7185664.822673855, 675632.9987280042 7185664.925871396, 675691.5305432494 7185665.659659259, 675870.5829890654 7185664.02922109, 675963.3878127676 7185662.973001236, 675983.1652176093 7185661.752596744, 676001.5702218338 7185659.291992219, 676085.3144409105 7185647.3851714395, 676104.5878450646 7185643.530366366, 676120.2080482915 7185639.749962083, 676139.9808521903 7185634.068956427, 676431.2719054843 7185531.073068038, 676459.539510888 7185522.1956597455, 676486.6391164854 7185515.6542523075, 676586.5491378374 7185494.931225764, 676769.5491770415 7185457.483577247, 676794.3125825784 7185453.512170963, 676817.2071878306 7185450.475165321, 676840.8023935605 7185448.839759892, 676937.1056171986 7185443.346338033, 676965.5538241551 7185441.59753154, 676983.0752281228 7185439.027727154, 677000.8300319007 7185435.2899224125, 677017.9790352157 7185430.099317421, 677034.5366381684 7185423.9231123, 677046.5544400263 7185418.090908232, 677052.4082409294 7185415.249906251, 677068.8344431218 7185405.657100268, 677084.1664447994 7185394.965094229, 677097.6132459849 7185384.237288585, 677111.0168467835 7185371.753482491, 677121.004047038 7185360.846477533, 677129.1514469864 7185350.727873171, 677136.6418467374 7185340.477868915, 677180.1422453782 7185281.386044309, 677219.5396430779 7185222.855620723, 677318.2440363448 7185071.768360487, 677352.167834134 7185020.366939925, 677361.275633803 7185007.804334725, 677368.4990338553 7184999.324730988, 677376.5076341766 7184991.159127165, 677384.5162347651 7184984.249723667, 677393.152835648 7184977.968520198, 677404.6162370568 7184970.745115884, 677417.3356390222 7184964.620911589, 677431.625441592 7184959.438707203, 677446.5434445891 7184955.513103009, 677458.9488474104 7184953.785699921, 677470.2550500485 7184952.529497189, 677506.8926591331 7184950.974488987)
AV. PRES. ARTHUR DA SILVA BERNARDES;OUTRAS VIAS;LEI Nº 15511 / 2019;LINESTRING (671366.4216497977 7181878.080981919, 671381.7216513904 7181866.980975935, 671404.6402540009 7181851.459767254, 671465.7806622041 7181816.077945633)
AV. PRES. ARTHUR DA SILVA BERNARDES;SETORIAL 1;LEI Nº 15511 / 2019;LINESTRING (670470.9536368551 7183901.796885548, 670474.9158260721 7183844.106269846, 670476.9198222138 7183822.730663918, 670480.5938184399 7183799.685057219, 670516.0338042857 7183686.197620692, 670547.4753906425 7183580.252186942, 670583.1227750769 7183459.699348578, 670611.3033638997 7183369.9487196915, 670627.9559566804 7183313.924301856, 670642.673350386 7183264.845286207, 670673.8855369746 7183160.469452957, 670714.845120994 7183031.46741139, 670743.2185082239 7182933.843180481, 670746.8915034456 7182905.945972558, 670748.834498726 7182880.49076562, 670756.2374925053 7182840.923153937, 670763.7694888075 7182813.521745354, 670777.5280845 7182775.407932745, 670811.4728781825 7182702.445907055, 670828.0716726597 7182654.90129145, 670830.9880677967 7182627.551083831, 670830.7168578601 7182579.39567153, 670830.8046383411 7182484.036447047, 670833.2644330536 7182455.182439143, 670837.3322305754 7182438.053833917, 670867.9990191113 7182344.130803553, 670894.144214661 7182290.055984334, 670911.7790157598 7182273.592376502, 670976.5374246498 7182236.828553801, 671029.3096293107 7182194.306732086, 671064.7572340826 7182173.751719547, 671095.6992383145 7182156.144308688, 671162.0948471534 7182117.200485087, 671202.6960522761 7182092.025870305, 671213.6114532943 7182083.509265882, 671239.5986551838 7182060.642654691, 671249.5338556282 7182050.5496500665, 671261.0462558569 7182037.460244352, 671270.3656556763 7182025.0832392685, 671307.3614541757 7181972.160418125, 671324.6172515418 7181938.080805859, 671345.6444494354 7181901.914192285, 671366.4216497977 7181878.080981919)
AV. PRES. GETÚLIO VARGAS;COLETORA 1;LEI Nº 15511 / 2019;LINESTRING (671933.9224126487 7183910.464387388, 671834.322178691 7183869.25459728, 671744.2319481062 7183832.564206371, 671601.3754996781 7183774.664020842, 671452.1968490765 7183713.9456358645, 671423.2456393127 7183702.424238846, 671293.2075953501 7183650.105052076, 671273.7647885834 7183641.324253807, 671188.1025595458 7183606.434062403, 671149.0879463733 7183590.786466377, 671123.9733378787 7183580.633868916, 671032.4123068566 7183543.343678089, 670983.6306904085 7183523.84848307, 670942.8218765864 7183507.229087153, 670928.6072716439 7183500.810688414, 670865.5170500986 7183474.234094497, 670719.6732009223 7183415.796109318, 670611.3033638997 7183369.9487196915)
AV. PRES. GETÚLIO VARGAS;OUTRAS VIAS;LEI Nº 15511 / 2019;LINESTRING (672405.653173069 7184102.996739717, 672220.4143101762 7184028.006358622, 672133.7472808834 7183993.514167609, 672122.1304768636 7183988.431168692, 671933.9224126487 7183910.464387388)
AV. PRES. GETÚLIO VARGAS;SETORIAL 2;LEI Nº 15511 / 2019;LINESTRING (674947.3470402249 7185135.791477913, 674831.4130005136 7185088.591289971, 674709.3129587062 7185038.881102654, 674588.2231172787 7184989.6811152445, 674460.5230736474 7184938.00312856, 674345.5536344082 7184891.602140566, 674171.5653748687 7184820.521958488, 673969.3399058388 7184738.547379448, 673878.1584746485 7184701.2149887895, 673764.0052353533 7184653.228200149, 673656.8465990042 7184610.710611457, 673512.8109498924 7184552.264226301, 673393.6313093056 7184504.067638611, 673328.5978872159 7184478.0152453855, 673168.7318328108 7184413.385861872, 673057.0271947688 7184368.033673324, 672984.8363700074 7184337.838080491, 672919.7271479041 7184311.69048723, 672812.7611115593 7184268.538098243, 672701.7180737703 7184223.385909573, 672599.8002392402 7184182.6427201405, 672498.274804588 7184140.785930329, 672405.653173069 7184102.996739717)
AV. PRES. KENNEDY;OUTRAS VIAS;LEI Nº 15511 / 2019;LINESTRING (671950.888682266 7181317.991918502, 671831.4840284402 7181203.160313839, 671773.5178004106 7181138.148709213, 671685.3901605322 7181052.493705541)
AV. PRES. KENNEDY;SETORIAL 1;LEI Nº 15511 / 2019;LINESTRING (674723.5317446736 7184000.077230621, 674706.8077350935 7183974.777627589, 674680.0645227485 7183948.499426404, 674665.4321182913 7183945.087628588, 674640.3881068235 7183920.911027589, 674564.8204723434 7183848.515824719, 674485.388035987 7183771.818221547, 674404.8251992239 7183694.480818446, 674337.5553683724 7183629.120415653, 674233.0251207544 7183528.983211683, 674151.1528830169 7183448.353208005, 674119.0180684689 7183417.953006884, 674038.0228314796 7183339.736603644, 674011.7228194542 7183314.253002571, 673963.5899976235 7183268.446000819, 673874.6621570071 7183182.385597215, 673841.1877414427 7183148.655395515, 673762.6249053099 7183071.322791997, 673744.9200975132 7183055.550591629, 673649.8574538887 7182962.329987461, 673555.1828109131 7182871.655383866, 673536.9446025096 7182853.578183018, 673486.1047794593 7182804.9657811085, 673425.904752079 7182746.955578731, 673311.8047000959 7182636.468174089, 673199.10204856 7182526.275769229, 673086.6273974659 7182417.793564762, 672972.87394572 7182307.587760117, 672860.4772946711 7182198.950155593, 672746.8220431041 7182089.197151043, 672634.3443918872 7181979.558346278, 672520.5363403689 7181869.950141797, 672409.0848897565 7181761.688537171, 672295.2220382921 7181652.119932709, 672181.8781868092 7181541.680727918, 672068.2217353524 7181431.606323282, 671970.2440909318 7181336.291519179, 671950.888682266 7181317.991918502)
AV. PRES. WENCESLAU BRAZ;OUTRAS VIAS;LEI Nº 15511 / 2019;LINESTRING (671818.341336459 7180773.016206991, 671803.4031338022 7180778.379611436, 671747.4859217249 7180788.128825438, 671726.4135184747 7180798.115632322, 671664.3675061725 7180814.285449216)
AV. REPÚBLICA ARGENTINA;CENTRAL;LEI Nº 15511 / 2019;LINESTRING (672195.0802064643 7184525.612492571, 672187.6713946243 7184477.480881637, 672177.9331789576 7184413.704267137, 672143.3459273856 7184206.849420764, 672133.7472808834 7183993.514167609, 672137.13427168 7183944.73995431, 672152.3054498779 7183820.355919063, 672156.3860450978 7183792.155110942, 672156.3860416672 7183775.539906653, 672140.4958208883 7183694.568089042, 672108.517778823 7183530.3636533, 672103.9265724281 7183505.054847726, 672083.9265464764 7183404.050425827, 672073.5353332206 7183352.668014735, 672057.0177114664 7183267.663596256, 672044.3184943838 7183200.572581606, 672034.4220809897 7183147.881170088, 672021.4858651713 7183087.194557146, 672013.5738563812 7183054.359550333, 672003.5264492303 7183032.094346678, 671995.8264439022 7183015.7723440705, 671968.3426227614 7182947.20173211, 671952.6664108498 7182908.801725473, 671941.1252019698 7182879.981120447, 671912.1201806809 7182812.533709099, 671902.1479730818 7182787.979104847, 671866.0535462778 7182702.484490331, 671856.413938521 7182676.749085711, 671804.3238964026 7182536.617260482, 671782.1898784505 7182476.785049695, 671747.6874500997 7182381.69923242, 671740.5306450624 7182366.063829886, 671732.6008404606 7182353.495828299, 671705.4362259853 7182316.690224458, 671676.7432108345 7182278.468420573, 671649.8869967435 7182243.128417049, 671589.2239646196 7182161.819408707, 671550.4409440518 7182109.658603333, 671532.8879333886 7182079.467399215, 671525.5239268036 7182056.5299948575, 671519.0855207092 7182034.842790632, 671473.8792823977 7181904.283166524, 671470.2448766129 7181880.634961223, 671466.9332702929 7181853.982955088, 671465.7806622041 7181816.077945633, 671465.3704516748 7181765.391332758, 671461.121616144 7181597.880890828, 671461.516012765 7181580.960686425, 671466.8306083297 7181552.868878158, 671477.5506063595 7181530.112470141, 671491.3598062351 7181512.539262814, 671536.4078029185 7181441.080235303, 671548.341800563 7181414.982026187, 671558.2361984854 7181392.746618477, 671598.6713904459 7181304.062187527, 671614.2691864687 7181265.609974509, 671603.8931819032 7181256.157374236, 671599.327178746 7181246.4243726935, 671597.524776239 7181236.450970519, 671598.1255743367 7181226.477567854, 671612.4245688684 7181182.378353667, 671620.9561685717 7181170.482348879, 671629.2471694513 7181164.59454567, 671636.4569704791 7181160.749343205, 671649.2029735604 7181160.0907404125, 671685.3901605322 7181052.493705541, 671688.5601549492 7181021.511496995, 671679.0301310339 7180917.063072357, 671679.4099283922 7180903.771068895, 671672.0907136819 7180841.300254501, 671664.3675061725 7180814.285449216, 671645.8158899371 7180758.140638752, 671640.7636805491 7180718.733229767, 671634.5392690368 7180670.433018764, 671630.1688601834 7180632.777010086, 671604.2634387569 7180560.385597017, 671568.9984105555 7180466.480580414, 671541.1931880038 7180390.884966932, 671512.5979647358 7180312.7467529755, 671495.6403493221 7180258.548942708, 671470.3701207408 7180150.485720486, 671458.2265067184 7180097.143109454, 671448.7572958214 7180055.722500897, 671448.0064841928 7180000.105486952, 671459.2238669724 7179902.71305996, 671467.1188523328 7179821.917837869, 671468.593849292 7179805.345433369, 671477.8588317628 7179708.84540703, 671483.2238229909 7179659.677993478, 671488.2562148775 7179614.112980913, 671494.6426035549 7179551.316163711, 671498.4925990198 7179524.584756158, 671499.9633974356 7179515.092953454, 671495.5707942648 7179505.028951813, 671505.3943782644 7179415.320327109, 671505.8547749799 7179398.799922839, 671490.2097487241 7179290.218898619, 671480.2073330588 7179226.236284515, 671478.7467303966 7179215.080281996, 671476.8411275771 7179203.683679511, 671469.9911205545 7179177.880274404, 671444.5427039093 7179127.886467017, 671438.3808980774 7179107.022063017, 671400.5496718396 7179025.406850202, 671385.7210621457 7178996.280245902)
AV. SANTA BERNADETHE;SETORIAL 1;LEI Nº 15511 / 2019;LINESTRING (671992.8090514949 7181117.5366587415, 672178.3858812838 7181035.065599418, 672243.3234942681 7181018.644581821, 672297.8309054351 7181006.158767376, 672360.9215175454 7180987.780549649, 672564.1871586819 7180938.893695147, 672566.3215591133 7180938.3802945735, 672717.1385895035 7180901.547053959, 672758.4217978643 7180891.680442894, 672800.7794063229 7180880.980431389, 672824.3862110302 7180874.988424969, 672884.5338230735 7180859.966408672, 672969.1028399408 7180838.544585677, 673052.7086569692 7180819.08316337, 673104.0132674661 7180807.388349742, 673218.3046903892 7180779.114718804, 673344.167115912 7180749.382885075, 673379.9199228928 7180739.649675164, 673397.921924938 7180727.680268373, 673476.3021317667 7180665.639636284, 673548.5563384974 7180610.589607244, 673613.8031446765 7180561.398981151, 673720.8219551331 7180482.346738763, 673828.3845651868 7180400.79889562, 673935.0931751525 7180319.96085283, 674041.7701850727 7180239.044010019, 674132.8845936301 7180170.417373574)
AV. SANTA RITA DE CASSIA DOS IMPOSSÍVEIS;COLETORA 2;LEI Nº 15511 / 2019;LINESTRING (666617.622322212 7171249.573095142, 666727.9191374868 7171193.403059432, 666765.5189425063 7171173.333047032, 666775.5583444432 7171170.952244445, 666827.2503552916 7171163.092032185, 666877.9555660349 7171155.893820281, 666925.1723761028 7171149.503009269, 666973.4463859219 7171140.617397437, 667021.7803944326 7171125.135583987, 667074.0508036658 7171108.563369484, 667126.0488128247 7171091.945355019, 667180.2058224643 7171075.146740074, 667233.9818314859 7171055.7443245705, 667285.7958406522 7171039.411110206, 667338.3298499308 7171022.79309562, 667409.9152622557 7170998.57407536, 667462.6086712254 7170980.255660325, 667510.1054796905 7170965.63784723, 667524.785083411 7170966.614844514, 667544.7512887833 7170969.4872411955, 667593.5123028138 7170981.035834187, 667604.4193069818 7170988.73503386, 667654.7405373768 7171079.711045804, 667730.01598347 7171218.8094644165, 667791.233419659 7171325.408477981, 667872.4884691953 7171474.225697782, 667878.3142727335 7171484.826099185, 667897.1896839654 7171518.003903449)
AV. SEN. SALGADO FILHO;SETORIAL 2;LEI Nº 15511 / 2019;MULTILINESTRING ((676050.7680648154 7182961.200883642, 676052.1230626847 7182949.480280343, 676059.0226588583 7182923.0458720885, 676064.981257139 7182907.723666891, 676071.1392562932 7182896.294262652, 676081.3556564389 7182884.675457509, 676170.8900605952 7182796.52901594, 676237.407463076 7182728.223584333, 676296.5026641662 7182662.317154912, 676357.2384643394 7182590.151923539, 676399.03746456 7182540.994702078, 676471.1712645103 7182454.185464539, 676489.4134648166 7182433.748455434, 676498.0872652829 7182425.548051494, 676515.8560664831 7182409.910043721, 676640.2694788382 7182319.132594092, 676730.7378869939 7182249.290757014, 676765.0910890892 7182218.067541731, 676792.1920897791 7182188.900528509, 676799.070289987 7182181.654525194, 676857.9960909805 7182115.893495848, 676899.9190922822 7182071.934675695, 676918.2230919023 7182048.279865755, 676930.8230902358 7182025.379857216, 676941.0014878477 7182001.969449063, 676943.5338872523 7181996.145047035, 676945.8230861247 7181988.097444488, 676950.8230801704 7181954.07983472, 676949.8050663191 7181890.0426185485, 676949.9736635534 7181876.807615127, 676952.5922599538 7181856.731209434, 676959.9966567593 7181832.842601751, 676973.3516558164 7181812.480193708, 676994.4776562137 7181789.153183257, 677085.489259481 7181696.076740131, 677168.3510619466 7181609.010100272, 677193.4024636041 7181586.994689322, 677218.0230665114 7181571.379680098, 677250.3146726793 7181561.981070831, 677283.175879675 7181555.796062265, 677289.7568816963 7181557.477261295, 677340.2312927311 7181549.343648481, 677392.8051049202 7181544.147035967, 677412.1801086451 7181538.6306304345, 677431.4689116642 7181529.896024099, 677464.951515442 7181507.8776113475, 677494.2231177132 7181483.779598961, 677569.6497236134 7181421.959567112, 677596.6231261718 7181401.979556266, 677623.9231303874 7181389.379547231, 677652.8231363045 7181382.879539413, 677703.5231474318 7181374.979526592, 677720.6867505861 7181369.434921516, 677727.4979520997 7181368.462119817, 677732.2231531489 7181367.779518636, 677744.5573558725 7181365.946515538, 677871.3527834158 7181344.879483115, 677897.1101876117 7181334.050074856, 677904.6577886423 7181329.946272198, 677979.1773969659 7181280.759843739, 678026.154202297 7181250.161425902, 678040.9988054308 7181247.289221999, 678092.6334105482 7181210.20960151, 678121.7486126119 7181185.461388977, 678141.247813311 7181165.697379771, 678149.4082142664 7181160.53137671, 678241.1570112214 7181037.981125854, 678280.0926105836 7180989.069505064, 678315.78080648 7180927.810681824, 678372.3917977713 7180820.408042362, 678385.8975960506 7180796.467833377, 678395.5851963698 7180786.550228778, 678404.4417956658 7180772.836823393, 678462.3455863532 7180661.194782588, 678456.5163827862 7180651.389381342, 678463.470181182 7180635.721975867, 678480.5433754161 7180588.713160254, 678505.7321637224 7180504.499933448, 678532.0301521522 7180419.586106233, 678560.1735392377 7180326.259676496, 678565.2871384247 7180316.46107291, 678574.5537337938 7180283.96506267, 678583.252721701 7180217.324643888, 678584.1403133671 7180177.382433558, 678584.6149039915 7180133.069222208, 678586.7227029031 7180125.516419842, 678585.280472355 7179984.635784412, 678585.1804621832 7179937.279372426, 678587.6398581059 7179915.367166344, 678590.5326212202 7179739.8361212425, 678591.9170197806 7179731.494118834, 678595.1540183407 7179720.980715478, 678635.2676114389 7179641.862686846, 678650.9804100661 7179617.092077208, 678657.3580089725 7179604.52707266, 678678.3390045185 7179559.2322566975, 678694.60619829 7179511.169841047, 678693.7867956978 7179500.040238408, 678724.1829944791 7179458.855821472, 678726.3473925916 7179447.524218142, 678750.6289935941 7179423.857606949, 678761.4835936476 7179411.439401479, 678845.0927934186 7179312.82735861, 678879.5321930062 7179270.7575405855, 678893.9925927704 7179252.805932945, 678924.3969925427 7179216.316517198, 679111.5835902486 7178987.805819286, 679153.4229915398 7178945.178599538, 679173.0949919089 7178924.049189976, 679185.8623914557 7178907.102982956, 679228.0835916854 7178859.14796178, 679259.6229952428 7178839.072549934, 679327.722000868 7178786.20132195, 679388.5074067006 7178742.816497929, 679442.0784121709 7178706.134677152, 679543.6170212473 7178630.675236268, 679561.2874229872 7178618.292629339, 679565.679022266 7178609.862626271, 679599.6924253295 7178584.722212607, 679628.7146273865 7178560.6910002995, 679641.2950278954 7178548.4971945165, 679676.4998279357 7178507.976376722, 679685.6404288838 7178501.808373198, 679703.1602289694 7178481.95176442, 679758.2230282186 7178414.845935652, 679836.4612260032 7178314.247693457, 679931.6502248225 7178198.98424392), (675680.9351333915 7183733.417160582, 675872.7879017366 7183350.99222153, 675927.0420924833 7183241.570981903, 675960.3334873721 7183177.146558292))
AV. SEN. SOUZA NAVES;COLETORA 1;LEI Nº 15511 / 2019;LINESTRING (675225.3187430496 7186236.687106241, 675325.7005667988 7186226.2288824115, 675428.9233911333 7186215.081057795, 675575.3234256465 7186199.28102286, 675631.223438998 7186194.081009731, 675684.7234514751 7186187.680996792, 675922.8235077977 7186162.980940148, 675937.0235110242 7186160.880936605, 675999.9347259301 7186154.479321659, 676054.223538691 7186148.480908634, 676180.7501686192 7186135.389878496, 676308.1689986712 7186121.820648026, 676348.940208295 7186117.518038281, 676475.050838119 7186104.493408204, 676590.2034652375 7186092.068180585, 676709.283293343 7186079.538952094, 676827.5171212227 7186066.984923754, 676945.4915489948 7186054.256295409, 677083.3783815673 7186039.937062404)
AV. SETE DE SETEMBRO;CENTRAL;LEI Nº 15511 / 2019;LINESTRING (674936.7559597753 7185718.616431729, 674846.8589290858 7185682.807441259, 674807.5085155811 7185666.781645335, 674738.1494916772 7185638.039452389, 674612.4022485134 7185586.701865364, 674495.5704085033 7185539.381077504, 674398.9183753636 7185499.988887474, 674381.1751692804 7185492.7572893035, 674240.2471206128 7185433.577703369, 674129.1426827351 7185389.201115035, 673967.0912272616 7185323.297331724, 673761.2631568209 7185239.481352856, 673663.2435232811 7185199.521562893, 673555.2426863327 7185155.480573937, 673445.6228487813 7185110.48138506, 673311.3650027943 7185055.313398649, 673187.2745604595 7185005.065411388, 673086.3615260884 7184964.420221792, 672970.8518866382 7184917.320233539, 672853.3356465861 7184869.736245564, 672708.0291970815 7184810.897660414, 672672.7065850091 7184796.397663968, 672505.3057279388 7184728.281480958, 672395.9690908705 7184684.7180922795, 672288.6250542424 7184640.760903074, 672279.7150511914 7184637.058503957)
AV. SETE DE SETEMBRO;COLETORA 1;LEI Nº 15511 / 2019;LINESTRING (671724.4538620189 7184410.181559745, 671687.9786496812 7184395.662763499, 671549.651202889 7184340.510577699, 671532.1047969239 7184333.364179459, 671453.512170166 7184301.146787289, 671389.0907482314 7184274.712993695, 671246.3060997395 7184216.6520080175, 671099.0924496979 7184156.465622678, 670974.8924075769 7184106.079035133, 670833.4923595886 7184048.465649229, 670737.1439269152 7184009.279258841, 670689.8059108369 7183989.881663522, 670470.9536368551 7183901.796885548)
AV. SETE DE SETEMBRO;OUTRAS VIAS;LEI Nº 15511 / 2019;MULTILINESTRING ((672279.7150511914 7184637.058503957, 672267.5532485665 7184639.446107089, 672197.7400246911 7184610.566314026, 672142.9726061658 7184588.888119718, 672126.555198885 7184574.014319256, 672016.7223615809 7184529.72473045, 671900.622322222 7184483.219742351, 671805.2884895658 7184443.340151677, 671724.4538620189 7184410.181559745), (675414.2469240203 7185914.074182355, 675316.3338904872 7185874.780592704, 675209.1148534359 7185830.119203597, 675125.3558247915 7185796.623612464, 675025.9023905274 7185755.60942266, 674936.7559597753 7185718.616431729))
AV. SILVA JARDIM;COLETORA 1;LEI Nº 15511 / 2019;LINESTRING (671787.4878469151 7184258.47710751, 671762.8376385446 7184248.481910002, 671708.7396195012 7184223.286114629, 671595.4671812368 7184178.271526309, 671518.1323550778 7184147.346734227, 671453.3221330566 7184120.927140728, 671308.3492841264 7184063.351755646, 671161.0306343572 7184004.5143707, 671091.6882109173 7183976.71537775, 671039.2219932027 7183955.773183107, 670894.8697442955 7183897.255397594, 670750.5668958068 7183840.613412537, 670718.4030850132 7183828.04981588)
AV. SILVA JARDIM;EXTERNA;LEI Nº 15511 / 2019;LINESTRING (674942.1827194102 7185519.547378767, 674913.9843098938 7185508.806581888, 674860.0726914036 7185486.866987487, 674686.5552321719 7185417.481005805, 674453.5739525773 7185323.784830216, 674198.4726660368 7185223.834257569, 674035.1548101099 7185157.181274354, 673829.6023398507 7185073.7400955595, 673734.0277072809 7185035.344905509, 673623.562269755 7184991.481317131, 673513.3098322559 7184947.442128652, 673375.9447855158 7184892.381342938, 673253.4485439898 7184843.955555838, 673163.7743133357 7184807.236164942, 673034.4968696416 7184756.632978659, 672917.8452299933 7184709.836390726, 672846.8968058296 7184681.107197991, 672775.0775815415 7184652.829805546, 672705.6419580567 7184625.452412838, 672567.0483110067 7184569.907427143, 672460.3258748307 7184527.333038196, 672356.8450397288 7184485.884848861, 672264.11480827 7184448.688858394)
AV. SILVA JARDIM;OUTRAS VIAS;LEI Nº 15511 / 2019;LINESTRING (672264.11480827 7184448.688858394, 672177.9331789576 7184413.704267137, 672079.402145638 7184374.602877358, 671968.6241081998 7184330.706088854, 671787.4878469151 7184258.47710751)
AV. SÃO JOSÉ;COLETORA 1;LEI Nº 15511 / 2019;LINESTRING (676120.2080482915 7185639.749962083, 676149.0236599308 7185659.680961186, 676421.7213351835 7185683.070709629, 676441.266140415 7185683.982905731, 676548.1533688699 7185688.21508421, 676562.7647727139 7185688.57328121, 676606.13298401 7185689.112672168, 676660.7445978485 7185687.969060302, 676741.2116181968 7185686.084642759, 676767.142824934 7185686.321237325, 676772.9440264779 7185686.551036155, 676782.6806293116 7185688.080434488, 676786.9956306503 7185689.142433852, 676792.6382325856 7185691.399633242, 676804.9692369897 7185697.182832134, 677038.2055201888 7185805.789810945, 677146.3163588031 7185856.26120114, 677232.7825897989 7185897.111393416)
AV. TRÊS MARIAS;COLETORA 2;DECRETO EST Nº 5063 / 2001 - LEI Nº 15511 / 2019;LINESTRING (665684.9104269554 7186989.472853096, 665685.0058292948 7187001.120056127, 665678.6500365005 7187045.686269062, 665677.3492408877 7187069.471275549, 665669.5034497163 7187124.155891433, 665662.0324501224 7187135.960096011, 665654.2628497705 7187144.327499747, 665646.0448490314 7187151.350103219, 665636.3326477277 7187157.476306753, 665626.3214456652 7187160.165909445, 665616.4406431877 7187160.604111523, 665523.538818246 7187156.411728868, 665423.7383914075 7187151.67554743, 665379.8101796281 7187149.760355641, 665185.1365270424 7187139.314191486, 665151.5499179651 7187137.483597659, 665096.955303459 7187135.768208018, 665070.9210963862 7187134.155612748, 664989.3066742077 7187129.096827574, 664913.7942526732 7187119.277839936, 664881.4986435749 7187115.638445369, 664818.095225066 7187105.225455174, 664750.469204981 7187092.364265167, 664733.901600048 7187089.151467599, 664632.9885701155 7187070.1368825445, 664620.628766001 7187065.529083779, 664555.1477464612 7187052.586693311, 664489.2585266385 7187038.729702681)
AV. VER. TOALDO TÚLIO;COLETORA 2;LEI Nº 15511 / 2019;LINESTRING (667890.6220884987 7189421.483452421, 667880.0418835003 7189410.430851623, 667860.265676545 7189401.641453276, 667839.8434703837 7189397.634456325, 667823.6864658864 7189396.3418592345, 667779.92205446 7189396.583468101, 667693.9220320911 7189397.4834856335, 667595.9220065954 7189398.483505595, 667519.921986366 7189396.983520465, 667505.624182096 7189394.3883226495)
AV. VICENTE MACHADO;COLETORA 1;LEI Nº 15511 / 2019;LINESTRING (672687.0417778186 7185709.619498307, 672512.2227176961 7185636.881715551, 672394.3834770604 7185587.238127001, 672213.8366150584 7185512.291344805, 672038.758555003 7185439.799562088, 672019.5225483757 7185431.681763946, 672009.8975451028 7185427.831764929, 671830.2170830877 7185351.403182103, 671687.2596340684 7185292.034996117, 671557.1075893631 7185237.532808743, 671433.2841468848 7185185.8584207855, 671314.6067061047 7185135.935232209, 671194.901665115 7185086.202643881, 671149.0222493506 7185066.862248279, 670994.495592209 7184981.90905793, 670980.1727870477 7184974.681858992, 670949.7547761113 7184959.464061279, 670868.3955455652 7184912.401665745, 670816.1645260511 7184882.635268725, 670771.5105101666 7184861.070672279, 670732.0220965267 7184843.981875934, 670621.7476600052 7184803.89168811, 670596.8964511475 7184791.773490053, 670588.1266475624 7184785.255890158, 670574.5656418346 7184774.270890083, 670474.7133931869 7184661.695881328)
AV. VICTOR FERREIRA DO AMARAL;SETORIAL 1;LEI Nº 15511 / 2019;LINESTRING (677013.1806745362 7186563.307614006, 677026.0938781516 7186564.587811602, 677039.6480816854 7186564.706608755, 677051.5530845146 7186563.514005916, 677210.8597212931 7186542.502166584, 677347.1831527518 7186524.488932895, 677369.9193580245 7186521.604527304, 677529.9757950022 7186500.688887779, 677665.0714261368 7186482.708054308, 677695.8854333301 7186479.035046784, 677918.4866846246 7186449.441391585, 678014.1943067637 7186437.135367945, 678148.8089376872 7186418.837734416, 678273.4865664279 7186402.383703474, 678320.0651772942 7186396.845892066, 678466.143010886 7186377.224055691, 678657.1908551576 7186353.184608503, 678878.6817058793 7186322.55495302, 678928.828917429 7186315.948740537, 678956.8031238079 7186311.95513349, 679087.6347542414 7186296.115901267, 679331.8346105728 7186264.42044051, 679480.4250447525 7186244.718203396, 679662.4354866089 7186220.584757903, 679821.8435232588 7186199.448118025, 679870.1907343738 7186193.037505925, 679961.2307553015 7186180.966083132, 680060.5107781187 7186167.802258264, 680253.5782224841 7186142.2026098715, 680436.1660644294 7186117.992564065, 680645.558711767 7186086.741310576, 680705.8509253168 7186077.387895072)
AV. VISC. DE GUARAPUAVA;EXTERNA;LEI Nº 15511 / 2019;LINESTRING (675323.2233330931 7186068.966441892, 675245.9233060903 7186035.4810494045, 675140.4000691865 7185989.520859587, 675054.5028395682 7185954.0778683815, 674960.162807019 7185915.0186779965, 674873.9461771091 7185878.506286563, 674785.5229466369 7185841.981295582, 674674.5923082375 7185795.302706663, 674545.5372635362 7185740.788119484, 674432.9422247089 7185693.983330853, 674319.1467855533 7185647.032542424, 674319.0229855112 7185646.981142437, 674293.2847766681 7185636.414345067, 674174.3671354181 7185585.681556707, 674061.6440964038 7185537.930567818, 673973.3718661194 7185501.783376833, 673905.8320428137 7185473.45118355, 673796.4320052497 7185428.420794645, 673699.322971722 7185387.51180424, 673600.1623374053 7185345.302813915, 673494.4533010432 7185301.311824479, 673382.1140624359 7185254.681435727, 673249.8838169689 7185199.598448899, 673128.5669751283 7185148.376460789, 673018.6707374004 7185102.750471749, 672915.0087018094 7185059.650482062, 672796.2776610375 7185010.181493834, 672649.991610778 7184949.012508259, 672451.6845426124 7184865.774527701, 672340.9263047231 7184820.075538749, 672233.070467571 7184774.28154916, 672136.3254344298 7184734.043558706, 671963.4261752133 7184662.092775734, 671842.722333797 7184611.391587482, 671670.6786747489 7184538.938004153)
AV. WINSTON CHURCHILL;CENTRAL;LEI Nº 15511 / 2019;LINESTRING (671385.7210621457 7178996.280245902, 671317.3434208038 7178878.239430189, 671307.2520137063 7178855.968026646, 671296.4698033712 7178818.775019487, 671280.3175866551 7178757.053607251, 671266.4583674347 7178680.344990771, 671263.6583626235 7178660.329786305, 671259.6475578693 7178642.06398253, 671257.6879347563 7178531.968755212, 671257.9871176125 7178448.16873406, 671259.0765126536 7178422.724727434, 671259.531692703 7178325.080102779, 671259.7316856929 7178290.7238941, 671260.22007255 7178226.180077774, 671260.4734675406 7178201.4922715165, 671260.7892493327 7178112.503849091, 671262.4208317084 7178024.76982672, 671262.4208316907 7178024.680026698, 671262.4208316489 7178024.480026647, 671263.1158135484 7177935.563804181, 671264.124393979 7177839.120379771, 671265.4841745488 7177742.9281553645, 671266.3243550485 7177647.028131149, 671268.0165357781 7177551.220106793, 671269.3647164183 7177455.398682514, 671269.9904970849 7177360.566858642, 671271.5944840725 7177295.318641983, 671268.2532799849 7177279.4610387, 671265.3394768083 7177267.518636312, 671265.7756597897 7177184.184815377, 671268.6406588951 7177176.379212835, 671268.4122432327 7177100.447393896, 671273.4240419541 7177088.191189801, 671274.5418250532 7177004.610968683, 671276.3682068533 7176913.868545638, 671278.620605384 7176904.007542713, 671279.2205881374 7176819.379721457, 671279.2197880953 7176819.179521408, 671278.907368215 7176722.8362974245, 671279.7239486884 7176626.845273308, 671280.0119288634 7176530.053849114, 671281.9321275537 7176521.375446554, 671282.9205101002 7176435.279624892, 671282.7774904306 7176339.762401125, 671283.2780712002 7176245.609177576, 671286.1062492733 7176135.554749602)
AV. ÁGUA VERDE;COLETORA 1;LEI Nº 15511 / 2019;LINESTRING (673829.4470672247 7183766.274157129, 673716.3858284866 7183719.004368495, 673584.808993956 7183714.584394759, 673467.2909632466 7183711.267418361, 673453.0225594972 7183710.7638212, 673423.5249517292 7183709.650227048, 673326.7557263799 7183706.614246387, 673311.326922521 7183707.011849698, 673301.8183203354 7183708.179651975, 673290.6671181067 7183711.161055061, 673268.1217139325 7183718.782061714, 673216.9117049372 7183738.458677432, 673147.9224929882 7183765.781098813, 673132.5260902729 7183771.653703526, 673109.1716852301 7183776.102309522, 673092.9348814965 7183778.104113409, 673077.8100778626 7183779.216116836, 673061.5730737139 7183779.216120206, 673012.667260831 7183777.348529875, 672917.8018358484 7183773.765948629, 672875.3522240364 7183769.113556232, 672775.1617951192 7183753.101372868, 672764.8563917006 7183749.313774026, 672763.5223912068 7183748.57117411, 672740.5415846573 7183745.296778027, 672664.1027628924 7183734.495791074, 672627.9783524659 7183728.708597061, 672562.9223337091 7183718.381207862, 672464.8859055205 7183703.173824225)
AV. ÁGUA VERDE;OUTRAS VIAS;LEI Nº 15511 / 2019;LINESTRING (672464.8859055205 7183703.173824225, 672353.0926741525 7183689.563643831, 672329.5638677087 7183687.4620481515, 672293.6594581013 7183685.342855025, 672248.2656471811 7183688.603665246, 672140.4958208883 7183694.568089042, 671986.1131828049 7183701.103322586)
ESTR. DA MINA DO OURO;COLETORA 2;LEI Nº 15511 / 2019;LINESTRING (667237.0571055333 7186371.584581709, 667237.1005112001 7186399.787789065, 667234.9407137444 7186415.260393539, 667229.787714183 7186424.093796881, 667219.1141137104 7186435.503602, 667198.8707125328 7186455.747011347, 667181.5719112684 7186471.757618999, 667178.0753115439 7186477.646421238, 667177.3393133841 7186487.768224029, 667177.3393162604 7186502.12242778, 667183.3067202978 7186514.557229832, 667176.3101208864 7186526.530234364, 667162.6919237091 7186558.183445365, 667155.4025239492 7186568.7950496, 667146.5325238119 7186579.565654192, 667137.1437241783 7186593.51905972, 667125.6233285074 7186630.000071567, 667124.2793385878 7186682.033685442, 667124.471345525 7186716.402894391, 667125.431349198 7186733.491298667, 667125.6395531769 7186753.073703748, 667124.1855545375 7186761.743106307, 667119.0951557913 7186774.580710685, 667097.0465555056 7186801.653522185, 667086.0381560375 7186818.549928813, 667082.7099568689 7186826.99833169, 667079.5583583454 7186838.450935319, 667075.904763159 7186867.198943574, 667075.9977651074 7186876.80774607, 667068.9353682124 7186901.439953933, 667063.2215711668 7186923.5831608735, 667054.9817736762 7186946.775168596, 667044.6937763011 7186973.195177574, 667030.2265754482 7186987.666984261, 667015.4421730764 7186994.963189133, 666999.6977711079 7187005.523595052, 666987.9853701083 7187015.700000062, 666975.6969704198 7187033.172407099, 666968.8017726268 7187053.131213706, 666967.2487738028 7187061.013416082, 666966.864576433 7187074.645819729, 666971.7213800974 7187086.659221904, 666998.5243930705 7187116.716424413, 667019.4950034133 7187141.197226629, 667025.5432059572 7187146.057226691, 667032.4554084211 7187149.405426183, 667038.465010313 7187151.060225413, 667038.5216103318 7187151.083225409, 667047.6138127461 7187151.35802366, 667056.8942149847 7187150.509421579, 667092.991224735 7187152.42941485, 667122.5602329869 7187155.309609679, 667148.865040545 7187158.957605364, 667172.121647307 7187162.583201652, 667192.83425415 7187169.90199942, 667220.2912638568 7187182.766397284, 667245.841874815 7187204.347197819, 667268.1006857387 7187229.9998000795, 667288.0692950444 7187250.544401459, 667298.4376997012 7187260.336801947, 667303.237702256 7187266.8650026955, 667306.3047043771 7187273.4722038135, 667307.4619060495 7187280.305405373, 667307.3201113925 7187307.128412435, 667309.0489170963 7187333.314618956)
ESTR. DAS OLARIAS;COLETORA 2;LEI Nº 15511 / 2019;LINESTRING (679970.7535383764 7192579.4903763775, 679986.0259436903 7192585.28177464, 680023.4703569376 7192600.495570652, 680033.1333604006 7192604.621369676, 680039.4307628503 7192608.2043692805, 680045.4021653539 7192612.43876913, 680052.0673686936 7192619.694969643, 680094.8855927123 7192678.161576124, 680113.7650036851 7192705.699779456, 680128.9272113104 7192722.318980651, 680135.7326144299 7192728.3763808105, 680146.7954190589 7192736.166980518, 680157.2632234037 7192743.377180198, 680171.7258286601 7192749.878778823, 680185.1258331708 7192754.241577104, 680196.188636554 7192756.267175259, 680208.0304397098 7192756.267172702, 680221.742242722 7192753.306568943, 680235.6096452366 7192747.853164481, 680283.7562528416 7192723.701947582, 680343.2380624295 7192694.7771269465, 680366.0274661536 7192683.934119104)
ESTR. DE SANTA CÂNDIDA;COLETORA 1;LEI Nº 15511 / 2019;LINESTRING (679138.1430492697 7192265.034671098, 679145.0256578082 7192296.281878008, 679151.790068272 7192336.63708739, 679157.090473734 7192355.506691318, 679220.2715233692 7192508.370718811, 679251.2259474578 7192582.152531991, 679259.9185532329 7192598.265734455, 679271.579559754 7192614.167136223, 679343.7603985139 7192705.106545164, 679365.8514106817 7192734.339748278, 679387.0008228447 7192764.713751903, 679417.3748404675 7192809.037357295, 679441.4490554944 7192849.086162897, 679449.99886145 7192866.18556566, 679454.0486659174 7192881.935169028, 679458.0986708682 7192899.934573002, 679459.8984752202 7192917.9339774605, 679461.8638823488 7192948.639185304, 679463.3767027234 7193041.490409984, 679462.2301041405 7193049.493012386, 679464.1175090006 7193069.746817436, 679467.9115117844 7193077.984418838, 679475.0653303604 7193155.473238179, 679478.6103361004 7193177.752243421, 679489.703547836 7193218.53985203, 679502.0021605367 7193262.325261188, 679509.8607672044 7193283.558465223, 679515.4831714265 7193296.208867425, 679520.9777748461 7193305.281268689, 679525.0667770101 7193310.2648691535, 679529.6259791346 7193314.48206931, 679617.357819042 7193391.0406710785, 679685.3618520156 7193459.8040749915, 679717.4214670698 7193489.925076215, 679756.5702847377 7193523.374876811, 679776.8604929101 7193536.130475884, 679806.9165041819 7193551.158473465, 679831.1407125911 7193560.1302706655, 679847.2901178255 7193564.392068336, 679857.3835207646 7193565.513466464, 679865.0097227081 7193565.064864697, 679871.7385242645 7193563.943462945, 679915.7009337427 7193553.40145062, 679940.3737394678 7193549.36404421, 679970.8783466058 7193544.653836358, 679987.924951066 7193544.205232561, 679998.0183540046 7193545.326630686, 680010.7051579694 7193547.983028667)
ESTR. DEL. BRUNO DE ALMEIDA;SETORIAL 2;LEI Nº 15511 / 2019;LINESTRING (669370.5711381326 7172007.018124256, 669331.211921501 7171971.929123703, 669283.095101161 7171928.981323013, 669271.402294751 7171911.316921084, 669259.9596859314 7171881.496916144, 669255.7988808411 7171861.385712089, 669242.9784609603 7171778.752294565, 669240.2078456958 7171706.907277633, 669222.8296261118 7171631.1302627195, 669213.7360131247 7171577.975051633, 669212.7162088791 7171558.28584705, 669214.4234039793 7171532.140840342, 669217.7950015367 7171516.125635764, 669228.441999312 7171492.558227869, 669234.6087977195 7171477.411222932, 669240.974795901 7171460.915617627, 669242.6605933945 7171446.586413801, 669243.9247851361 7171404.441203297, 669247.3817832398 7171391.014999332, 669254.8825810925 7171371.568193082, 669292.6835780102 7171311.648970839, 669298.2919770617 7171300.342966951, 669299.5563715403 7171271.684359733, 669295.3417643601 7171241.339953218, 669275.3963402543 7171146.321734197, 669275.1121342288 7171117.012127141, 669293.6559287487 7171068.123711506, 669303.3491276503 7171051.265705446, 669307.9851248247 7171031.879099798, 669308.8281210003 7171012.070894821, 669307.9851172843 7170994.791490801, 669303.9787130754 7170978.813287739, 669290.7057060264 7170959.811085828, 669259.9398926446 7170930.309684925, 669249.7618877788 7170918.390084103, 669201.0980646118 7170861.84988028, 669168.8604503274 7170829.612279013, 669150.1040409467 7170805.580676997, 669120.2108256829 7170765.723273409, 669101.4544155905 7170738.174670542, 669095.9044121439 7170727.752269143, 669093.9262092594 7170715.883066669, 669104.59959653 7170640.575846262, 669105.7953951037 7170632.138443977, 669117.0053840681 7170564.549225336, 669119.551378775 7170535.480417783, 669116.0345717445 7170505.001211122, 669076.7631248571 7170320.367374433, 669077.2575093083 7170243.1869556755, 669079.4454794722 7170093.637519103, 669076.8320700944 7170050.51810922, 669070.7344605911 7170010.88310089, 669040.6814270667 7169881.089075667, 668987.1087814859 7169719.500047572, 668982.7531763826 7169699.464643627, 668983.1023745155 7169689.852041239, 668980.1399588804 7169616.27462411, 668964.9581364153 7169523.383404816, 668960.9755264778 7169479.076194955, 668959.2335089201 7169394.579574969, 668907.4030657444 7169242.572548917, 668909.1304647208 7169235.498546865, 668931.6430530644 7169151.618922133, 668938.0952470902 7169114.586111923, 668940.069041978 7169087.081104913, 668925.2604131899 7168962.513877995, 668918.7270066016 7168937.687473359, 668825.1665423911 7168730.630042642, 668800.6931269033 7168682.8906361535, 668753.6538991467 7168601.007626056, 668718.9810823365 7168558.639822926, 668670.0282606042 7168508.67122087, 668649.1736485111 7168473.379816638, 668627.3444354759 7168434.565611763, 668598.1626094364 7168340.113195056, 668572.900585376 7168250.825378802, 668554.6075716114 7168204.221571355, 668498.4215443839 7168135.404566266, 668469.2397316617 7168106.658365296, 668437.4445153265 7168063.103361316, 668419.5869042301 7168029.130356806, 668402.4646953493 7168005.23935456, 668387.3558855088 7167974.25075021, 668375.4314759972 7167941.157744715, 668367.7802690372 7167915.685340177, 668370.683866671 7167900.586335983, 668328.2902398624 7167817.541324724, 668316.67562491 7167757.145112654, 668308.5452185303 7167735.07710903, 668301.5764107796 7167704.879103234, 668285.3159859315 7167600.927681724, 668272.5397725899 7167549.82307212, 668262.6673581738 7167490.007659856, 668255.4675504044 7167459.966854151, 668241.2649415523 7167432.729850531, 668201.9605151796 7167348.062438302, 668187.9273077057 7167327.436836223, 668146.0834850586 7167264.128429599, 668136.6756797362 7167248.750227838, 668105.557257465 7167174.753816509, 668100.4916540447 7167163.717814906, 668093.6166477867 7167140.740810825, 668088.5508434894 7167125.362608191, 668076.9718371109 7167107.270606223, 668064.4884318344 7167095.691805989, 668027.7616186239 7167073.076808022, 668008.40321268 7167066.201810293, 667949.9659962582 7167052.994618941, 667917.0383866482 7167043.767623387, 667887.7293777061 7167033.636226886, 667854.4399673536 7167021.152630629, 667787.137745207 7166989.853436751, 667765.0653376065 7166977.91283836, 667745.1641300818 7166963.801039016, 667697.0395109246 7166924.9032394625, 667672.4343002917 7166900.8408387, 667667.0066965374 7166888.5382368695, 667661.2172921887 7166873.702834511, 667652.3520869713 7166858.143632598, 667642.4014821912 7166846.022031722, 667614.53967014 7166818.703030841, 667595.5430625054 7166802.963030927, 667555.0170471538 7166774.015632208, 667529.8690385851 7166760.808634133, 667491.3330261789 7166744.163837933, 667473.4220196778 7166732.765838828, 667460.3958141067 7166720.282438485, 667442.303605525 7166698.7528370125, 667412.4517943279 7166677.947038076, 667362.1559773114 7166652.075442046, 667350.5771728094 7166643.210442271, 667321.4489625503 7166626.203844089, 667270.2485454001 7166600.694248322, 667221.5809300838 7166581.335653504, 667193.9001212213 7166569.575856274, 667170.0187140875 7166561.977259266, 667153.1931085396 7166554.016860755, 667143.7853050225 7166547.503661098, 667128.9498980182 7166529.954459915, 667118.4564916329 7166510.415057387, 667109.4104856618 7166491.237454654, 667105.6110816471 7166475.678451727, 667096.2032739562 7166448.359447139, 667086.7954672833 7166426.106243752, 667078.2920622742 7166411.0898418985, 667062.913854819 7166391.912240439, 667037.4042440439 7166368.030839897, 666991.6314256869 7166330.037640076, 666951.2192125027 7166311.547243799, 666915.7420019101 7166300.207648226, 666854.9165833979 7166279.001655393, 666821.6363722627 7166262.367458122, 666791.9073612753 7166242.305059326, 666772.3921535213 7166226.437459478, 666748.3171433855 7166204.004058987, 666734.8205376659 7166191.236858668, 666733.0409369639 7166189.8124586865, 666655.300306291 7166127.584259518, 666578.5158781575 7166076.881062887, 666530.5484592635 7166038.58006342, 666516.1942532879 7166025.5072631985, 666441.3618211697 7165952.494060893, 666411.0858096373 7165930.243061682, 666250.4037460672 7165800.201863046, 666218.3039326607 7165770.655462475, 666188.2103214735 7165749.863463569, 666137.5069012111 7165707.732263736, 666117.44449201 7165685.1164624, 666101.7592839048 7165662.865460275, 666089.9042770218 7165642.255857774, 666083.1558718075 7165624.017254815, 666071.1184607736 7165582.798047487, 666062.5462541868 7165559.817443775, 666051.7856474181 7165538.478240884, 666038.9296414279 7165523.492239913, 665995.4462251526 7165492.79804134, 665970.4362154037 7165473.1878417, 665941.0300009256 7165434.9980385555)
ESTR. DO GANCHINHO - LD;COLETORA 2;LEI Nº 15511 / 2019;LINESTRING (673328.8283891677 7172466.519222245, 673376.2201915515 7172422.8782017175, 673418.9477946197 7172387.971784294, 673452.4321970228 7172360.616770638, 673534.763403196 7172294.678737386, 673545.6446038871 7172285.368732845, 673551.2646041844 7172280.280130431, 673623.3156083848 7172216.870099935, 673649.410409499 7172191.965688416, 673784.8782148269 7172060.60462811, 673802.9214150042 7172040.5748194605, 673861.3880116662 7171956.955786867, 673879.25360937 7171925.29977542, 673903.7460053365 7171877.664158694, 673909.4478042633 7171865.934554646, 673955.3585963894 7171775.200722951, 673966.1595946109 7171754.219115585, 673988.4095928313 7171720.010502606, 673989.6243918416 7171713.8697008565, 674021.7231894417 7171665.353682337, 674029.7961893165 7171655.440878238, 674052.9359880866 7171622.867865474, 674089.6791882585 7171581.324847684, 674095.9685885271 7171575.366644919, 674238.8037965188 7171449.082384331, 674346.0542026239 7171354.907138989, 674360.288002551 7171338.190531947, 674371.2118019216 7171322.632725878, 674382.4663998827 7171299.957718011, 674390.0797942638 7171264.373107769, 674394.8795899773 7171238.388100451, 674401.0035868767 7171216.540693861, 674407.2929841959 7171196.514087679, 674412.0927826805 7171183.769683577, 674422.6853801671 7171159.60527549, 674441.553378083 7171127.992863862, 674453.1391772283 7171110.614257216, 674472.007373789 7171072.547044021, 674478.131172243 7171058.147639244, 674485.2481702433 7171040.438033454, 674490.8753684394 7171025.376628619, 674495.5097667109 7171011.804824355, 674523.2149546512 7170922.4871968785, 674555.4243372941 7170802.7655610945, 674561.3827348746 7170784.393955391, 674569.4927322068 7170762.381148357, 674576.2785302601 7170745.333742801, 674595.5201261458 7170703.677528674, 674603.4221237274 7170683.1019220315, 674608.883920909 7170663.406116117, 674613.187317048 7170640.069309559, 674618.1826937472 7170523.212680213)
ESTR. DO GANCHINHO - LE;COLETORA 2;LEI Nº 15511 / 2019;LINESTRING (672449.1535143119 7173133.030167987, 672531.9743282822 7173103.418943578, 672578.9169366385 7173088.749330258, 672614.5431433726 7173079.528520617, 672649.6021503382 7173072.083311526, 672688.0201583547 7173065.778502017, 672712.1695630883 7173060.353495683, 672719.389564364 7173058.0498936195, 672741.0085677227 7173048.947286907, 672758.5145699242 7173039.082280858, 672774.9541714358 7173027.138674521, 672797.9127732234 7173008.904865291, 672858.3201773735 7172958.278440353, 672879.8247788941 7172940.473231528, 672921.9247831984 7172912.027215822, 672939.3717848699 7172899.700809181, 672956.5537859073 7172884.632601922, 672996.6311860267 7172838.418382282, 673011.4731859998 7172820.962374927, 673060.4983864238 7172765.808951241)
ESTR. GUILHERME WEIGERT;COLETORA 2;LEI Nº 15511 / 2019;LINESTRING (678250.0550990826 7192666.710769217, 678255.526904947 7192687.3423735965, 678287.9557373503 7192798.569796585, 678318.0255666086 7192897.982216912, 678349.0255962262 7192997.882237182, 678360.446806621 7193032.263844, 678383.5710266676 7193097.185656544, 678391.8022339267 7193120.869261166, 678394.6058368908 7193131.230663358, 678396.4344401683 7193144.274066484, 678396.6782418749 7193151.953668499, 678396.9220446507 7193164.631271863, 678395.4592505676 7193194.131080126, 678394.3620535592 7193209.490284501, 678392.7774563164 7193224.362088849, 678390.4612581999 7193236.064492498, 678377.7934650749 7193284.034108139, 678372.9702670948 7193299.502913341, 678346.5588782107 7193384.49594191, 678341.2850821665 7193409.587749807, 678336.6940867371 7193436.714158107, 678333.7258893023 7193452.42516298, 678329.7776919687 7193469.8331685215, 678323.8554949118 7193491.009775502, 678319.0098971841 7193507.699781043, 678311.8614996697 7193528.26638812, 678280.8265073223 7193602.8984149005, 678259.8751129906 7193655.650433624, 678250.6685158345 7193680.483642297, 678225.6595220651 7193740.959063976, 678192.369331919 7193828.795094823, 678186.2733339303 7193845.859300738, 678182.4799348429 7193854.881503986, 678179.6093353437 7193860.827906206, 678175.5083355377 7193866.876708718, 678169.664535068 7193872.002911352, 678162.385134083 7193876.513914126, 678151.107531984 7193880.820117697, 678141.470329952 7193883.383120447, 678133.7933282105 7193884.850722482, 678125.681726316 7193886.151324566, 678104.237121184 7193889.004929915, 678092.2075184706 7193891.374333124, 678084.2727170757 7193894.790535741, 678065.6635164529 7193915.214945235, 678052.4441162716 7193930.94435231, 678045.4789159091 7193937.993355701, 678039.329315172 7193942.260358168, 678032.6779139014 7193944.644760231, 678023.0143117153 7193946.527362803, 678013.9783093752 7193946.903764833, 678004.0271065232 7193946.019966716, 677982.3312978195 7193932.450367674, 677929.0918762682 7193898.234769776, 677932.7548801096 7193911.650372623, 677941.4440914362 7193953.854582183, 677951.1261044076 7194002.513593279, 677951.8747057989 7194008.099994631, 677952.3185072908 7194014.535196275, 677951.9383080611 7194018.624997463, 677945.5761095893 7194033.78200292, 677936.7813102261 7194047.816208594, 677910.5945112722 7194085.625424407, 677890.9673111921 7194109.9098351635, 677872.6707107573 7194130.867644736, 677845.1607099858 7194161.83405898, 677815.5775089137 7194194.011273996, 677794.9867084713 7194217.840884836, 677787.1737083052 7194226.882688947, 677760.0809074987 7194257.198102928, 677727.7453064104 7194292.786519455, 677713.5645059568 7194308.515726736, 677701.0825049388 7194319.455132356, 677685.4725029594 7194329.8171384875, 677665.2868997229 7194340.0445455555, 677650.716497245 7194346.759550476, 677634.0440944083 7194354.443556108, 677619.8692920187 7194361.082360923, 677600.8500886746 7194369.335967207, 677586.675285979 7194374.539371636, 677578.6036843241 7194376.937374003, 677508.1226681813 7194389.928392518, 677411.9624463945 7194408.805218083, 677394.6404420316 7194410.137622127, 677228.9693979572 7194411.914257811, 677196.6941892542 7194411.709264612)
ESTR. NOVA DE COLOMBO;SETORIAL 2;LEI Nº 15511 / 2019;LINESTRING (678765.2841823853 7192415.325791426, 678771.8121903125 7192444.222197788, 678776.6689949099 7192459.641600888, 678782.5867997328 7192474.806003695, 678789.799204148 7192486.45660528, 678800.1552094787 7192498.477206292, 678809.2168135545 7192506.244206436, 678817.9086171361 7192512.162006162, 678828.6346210997 7192517.340005256, 678838.9906246477 7192521.03860403, 678853.4152290403 7192523.627601634, 678880.2302370076 7192527.51119693, 678923.8738499288 7192533.613989211, 678951.2436580034 7192537.312584335, 678982.8668674896 7192542.305578893, 679005.6132748106 7192548.2233756045, 679019.668079583 7192553.03157388, 679033.5378847816 7192560.058972793, 679045.7432897354 7192568.01097231, 679058.1336952973 7192578.552172484, 679068.6747007204 7192590.757573503, 679075.517104368 7192599.264374321, 679086.6129116879 7192619.606777409, 679091.4211158667 7192633.106580006, 679094.7499192932 7192644.942182474, 679096.9691227826 7192658.442185627, 679097.607528281 7192683.270392166, 679097.3851323269 7192702.392797357, 679096.7181359685 7192720.181202285, 679094.716941401 7192747.97541019, 679092.5077477852 7192780.450419402, 679085.4735689529 7192887.798849799, 679081.365980137 7192945.0020660795, 679077.3967915981 7193003.322082636, 679063.7400268551 7193184.570934398, 679060.5888359024 7193230.6443474945, 679055.4074472417 7193289.924364588, 679054.5884531846 7193318.625972504, 679053.54325828 7193343.678579485, 679053.0472632888 7193367.632386052, 679052.8778695383 7193396.960994001, 679053.3862742567 7193418.321599654, 679055.5902806307 7193445.276606454, 679058.4722863495 7193468.332612058, 679067.796299319 7193517.157023234, 679077.7985110887 7193559.539232529, 679084.4101183868 7193585.307638068)
ESTR. VELHA DO BARIGUI;COLETORA 2;LEI Nº 15511 / 2019;MULTILINESTRING ((666283.9225366737 7179741.440067649, 666265.765525948 7179710.483063437, 666261.9041225596 7179698.345461136, 666260.2021171548 7179673.388855159, 666242.7522941458 7179579.947835003, 666240.3864907909 7179566.095431972, 666240.2280887307 7179555.96322944, 666241.6528873189 7179547.097626915, 666249.2520843246 7179522.558819195, 666254.9490846263 7179516.91101663, 666301.0208868625 7179470.3149956595, 666347.0904896739 7179426.620175421, 666352.6314893533 7179418.071172155, 666355.0062881152 7179408.88876936, 666353.4370816015 7179378.223361924, 666349.7818740428 7179344.929754242, 666350.4150689549 7179318.649347477, 666349.3068647911 7179299.176742781, 666344.3990592675 7179277.645938322, 666340.438456411 7179268.295536753, 666331.8208433171 7179213.48552463, 666331.2062333005 7179164.063912278, 666330.5730283073 7179139.841706291, 666328.7422261765 7179131.451704538, 666312.3666112878 7179077.3424941525, 666308.1674084725 7179068.4980927585, 666304.8568065601 7179063.053892046, 666298.8408013608 7179044.531088574, 666296.3077987394 7179034.557286562, 666292.1779932189 7179012.056681711, 666292.508187966 7178985.321474903, 666295.4943873686 7178978.588872609, 666302.7859856082 7178960.64626663, 666306.2119844281 7178950.440063372, 666313.2173808445 7178923.724255239, 666312.5035782321 7178911.5222523045, 666298.9691733085 7178903.776853053, 666288.1641688104 7178894.7528529335, 666271.5411614398 7178878.604852179, 666265.3449567871 7178863.031449489, 666240.7435450586 7178835.011247335, 666226.2011394133 7178824.901247689, 666198.3323278797 7178801.933647459, 666192.6725253828 7178796.492447215, 666184.9045208404 7178783.429845475, 666182.0197184753 7178775.18104397, 666161.1607065272 7178741.345839606, 666152.1195022446 7178731.181038848, 666138.7194970093 7178721.681039127, 666117.9194897291 7178711.181040628, 666088.8194794633 7178696.081042625), (666894.820349057 7181036.381674334, 666898.575546347 7181018.11666893, 666906.0957340357 7180947.1648493605, 666906.27933116 7180932.572245609, 666904.8239248525 7180902.8968383465, 666902.8263210326 7180886.33323453, 666900.513717698 7180872.595431497, 666878.7020935075 7180779.210012104, 666872.302083736 7180738.459803022, 666866.5130714338 7180684.287590405, 666869.2980705345 7180676.289787814, 666864.2664569786 7180614.900373217, 666862.2364546576 7180605.857971323, 666859.0220474957 7180574.120563901, 666856.1202414732 7180547.681557765, 666853.6258372215 7180529.575353663, 666849.2994310665 7180504.269148099, 666840.74242372 7180478.321743222, 666835.2462191021 7180462.150740214, 666833.565417688 7180457.204939295, 666822.4050079549 7180422.588932738, 666819.6280055463 7180414.039531123, 666814.3706001372 7180393.62112699, 666802.2707810273 7180313.329309029, 666799.0655754228 7180289.346103583, 666785.2447645334 7180252.279696944, 666733.1919311687 7180150.86088163, 666723.0577242002 7180128.743878049, 666700.4169146033 7180109.183677617, 666687.9499098479 7180101.049678048, 666651.2450960552 7180078.161479585, 666622.3378871084 7180069.701683218, 666595.8208791175 7180063.021086827, 666567.7032712485 7180058.965691417, 666501.1942534214 7180053.288103268, 666461.8776419773 7180045.39910912, 666445.7700354065 7180032.740709126, 666427.3854259886 7180008.678306699, 666408.4600155724 7179980.290303284, 666386.313402524 7179942.765898198, 666343.875175872 7179862.562286353))
LG. BITTENCOURT;COLETORA 1;LEI Nº 15511 / 2019;LINESTRING (674555.6436637947 7186685.011963853, 674470.4964343326 7186649.606172409, 674421.6188183777 7186633.847578512)
LG. DA GALÍCIA;OUTRAS VIAS;LEI Nº 15511 / 2019;LINESTRING (672185.7226028424 7186456.78179687, 672120.8225802926 7186428.881802978)
LG. PE. ALBINO VICO;OUTRAS VIAS;LEI Nº 15511 / 2019;LINESTRING (671400.5496718396 7179025.406850202, 671357.8948664905 7179051.217265485)
PÇ. ALFREDO ANDERSEN;PRIORITÁRIA;LEI Nº 15511 / 2019;LINESTRING (671862.5219818084 7185790.036489589, 671899.6766064323 7185862.998900941, 671823.2503916192 7185886.808122897)
PÇ. DO JAPÃO;OUTRAS VIAS;LEI Nº 15511 / 2019;LINESTRING (672279.7150511914 7184637.058503957, 672274.6126382601 7184580.804890437, 672271.351035102 7184569.5700882, 672267.5456325901 7184562.140687062, 672262.1094297754 7184555.254886401, 672254.4988262875 7184547.82528605, 672240.7272205106 7184536.953086079, 672226.7742155476 7184530.248287225, 672214.8520117394 7184526.6060887445, 672195.0802064643 7184525.612492571)
PÇ. EUFRÁSIO CORREIA;OUTRAS VIAS;LEI Nº 15511 / 2019;LINESTRING (674345.275578744 7185582.2529200995, 674201.9689294794 7185523.202734683)
PÇ. SÃO PAULO DA CRUZ;CENTRAL;LEI Nº 15511 / 2019;LINESTRING (675419.3800504486 7188410.430035829, 675476.6568687866 7188426.511828021)
PÇ. VENETO;SETORIAL 2;LEI Nº 15511 / 2019;LINESTRING (666894.8707195211 7189882.000574321, 666859.5207100662 7189881.173781174, 666830.0719015093 7189877.083785979, 666796.2042921559 7189874.814392149, 666771.5966865737 7189879.238398245, 666754.7306839098 7189888.086003963, 666726.7408804889 7189907.765814781, 666700.0978783362 7189932.034026546, 666697.2482781608 7189934.897627875, 666674.9426770519 7189958.6954386495)
R. 1º DE MAIO;COLETORA 1;LEI Nº 15511 / 2019;LINESTRING (672295.2295968373 7177581.5715026595, 672348.7308018599 7177541.6806816, 672406.761607167 7177497.760858595, 672464.3022125151 7177454.653035892, 672522.1022178568 7177411.242013056, 672579.0102229591 7177367.763790388, 672636.9616285168 7177325.263767747, 672693.8804335422 7177281.463744992, 672751.5804390549 7177239.104322435, 672808.8992441203 7177195.074699536, 672867.9070496063 7177151.0824762955, 673019.8724634512 7177036.5768161295, 673171.483477154 7176922.001156009, 673297.853888455 7176826.068505777, 673334.8210918244 7176798.338691167, 673470.839904277 7176696.679237489, 673604.9509162069 7176594.9197841715, 673677.2993226533 7176540.145555437, 673703.3151250868 7176521.013945244, 673733.9919279559 7176498.454733223, 673764.2809302274 7176473.50592069, 673792.118735689 7176466.756113201, 673805.8161393064 7176467.897510629, 673837.919148955 7176476.172905996)
R. 24 DE MAIO;OUTRAS VIAS;LEI Nº 15511 / 2019;LINESTRING (673600.1623374053 7185345.302813915, 673663.2435232811 7185199.521562893, 673694.5019161026 7185126.457937403, 673734.0277072809 7185035.344905509)
R. 24 DE MAIO;SETORIAL 2;LEI Nº 15511 / 2019;LINESTRING (673734.0277072809 7185035.344905509, 673805.7346908057 7184867.887047109, 673878.1584746485 7184701.2149887895, 673943.6356591857 7184546.545735056, 674006.8992448612 7184400.166883953, 674071.1640297777 7184249.040031433, 674126.6610172184 7184120.850186698, 674208.6557981578 7183929.182120043, 674262.7741857949 7183803.831076368, 674337.5553683724 7183629.120415653, 674384.4499573153 7183519.003577452, 674430.2455471806 7183414.69894099, 674458.8273400802 7183345.921517292, 674508.1015287777 7183231.892477616, 674510.8453274259 7183222.094274519, 674583.1227106691 7183054.107816158, 674629.0273000029 7182947.380579097, 674675.2000890682 7182839.09414159, 674721.9272783434 7182731.19870408, 674766.3014678105 7182627.136268057, 674776.3096691025 7182621.166864427, 674785.2118702633 7182615.90806121, 674828.4172609578 7182519.180427326, 674872.9434511075 7182418.3065921115)
R. 29 DE JUNHO;OUTRAS VIAS;LEI Nº 15511 / 2019;LINESTRING (677970.9917379671 7191322.215468368, 677919.7415379563 7191385.7534962855, 677919.6701379551 7191385.833296321)
R. 5 DE MAIO - DIA DO EXPEDICIONÁRIO;COLETORA 2;LEI Nº 15511 / 2019;LINESTRING (676663.4381438126 7174106.628324366, 676590.7047321851 7174135.477946896, 676543.8879248564 7174154.79476158, 676481.6877151016 7174180.39478107, 676419.0543052455 7174206.028200654, 676355.3212951195 7174231.678020473, 676292.6542853548 7174257.81104018)
R. ABÍLIO GERONASSO;OUTRAS VIAS;LEI Nº 15511 / 2019;LINESTRING (676525.0124620673 7189936.293806374, 676606.9744687784 7189866.208970416)
R. ACELINO GRANDE;COLETORA 2;LEI Nº 15511 / 2019;LINESTRING (666702.7216373101 7188722.613505915, 666672.1894408037 7188780.033527174, 666666.6036430958 7188798.812133248, 666664.1734458469 7188815.766338211, 666666.1906634343 7188901.1359603545, 666667.4544748054 7188956.385174699, 666666.3960757442 7188962.470576519, 666664.8086764395 7188968.026978305, 666659.6492775464 7188980.329982584, 666652.719478543 7188994.393587687, 666638.6148801832 7189021.0759975575, 666616.7866813936 7189055.736411078, 666599.3636815179 7189079.196420761, 666536.5786816373 7189162.117255226, 666484.5600835864 7189240.144886251, 666482.7374836544 7189242.879087338, 666476.6226851459 7189258.376692658, 666469.1916910441 7189297.683704543, 666463.4916929579 7189314.763710201, 666452.8116947056 7189337.543718362, 666432.8816962987 7189371.713731384, 666406.5516982006 7189415.843748321, 666336.0817033551 7189534.3537937645, 666296.8293083211 7189610.915021876, 666281.9729102477 7189640.138432583, 666249.895111222 7189687.275851473)
R. ACYR GUIMARÃES;OUTRAS VIAS;LEI Nº 15511 / 2019;LINESTRING (672147.1451984271 7184546.218507804, 672055.1603516582 7184433.881497704, 671968.6241081998 7184330.706088854, 671949.6660983099 7184306.304886453, 671828.4982373349 7184161.02947386)
R. ADALBERTO SCHERER;COLETORA 2;LEI Nº 15511 / 2019;LINESTRING (673055.9065115756 7179151.665540006, 672947.6191008748 7179230.541582403, 672841.2396911124 7179311.739024984, 672735.4546811763 7179391.480067068)
R. ADINAR DOS SANTOS RIBEIRO;COLETORA 1;LEI Nº 15511 / 2019;LINESTRING (668391.2083006292 7180908.730140891, 668327.1490720641 7180847.2223381745, 668274.2908481639 7180794.80333551)
R. ADOLPHO BERTOLDI;COLETORA 1;LEI Nº 15511 / 2019;LINESTRING (666772.1112120228 7169514.890644753, 666758.2781976517 7169459.58643421, 666708.5895462723 7169262.050596635, 666693.8861310076 7169203.266785444, 666656.1850916799 7169051.5753565375, 666640.7404755817 7168989.476144714, 666600.7628341934 7168830.085514454, 666588.0824209503 7168778.927904716, 666575.9200077893 7168727.575294834, 666563.7573948114 7168677.123685168, 666550.6941814416 7168625.77127547, 666527.2701570571 7168531.624857594, 666514.2067438713 7168481.1732481215, 666499.0937281179 7168420.299236566, 666453.1306807172 7168237.656002041, 666436.1968631702 7168169.920789223, 666422.2112484527 7168112.844778373, 666407.696633779 7168056.600367829, 666395.9034209287 7168006.252558154, 666382.1658065828 7167950.724147634)
R. ADÃO SOBOCINSKI;OUTRAS VIAS;LEI Nº 15511 / 2019;LINESTRING (677284.6307209327 7185510.26108163, 677266.1963257026 7185555.039297205, 677210.0139413232 7185696.668146023)
R. ALAGOAS;COLETORA 2;LEI Nº 15511 / 2019;LINESTRING (674331.5510636716 7182179.3148442395, 674306.8680515037 7182151.063642165, 674238.1964282282 7182123.016849335, 674205.9456173023 7182109.859452705, 674172.0418058408 7182096.141856277, 674038.2139604676 7182041.31767019, 673892.4595111491 7181981.975085415, 673821.2206870662 7181953.0402928665, 673755.664464845 7181926.106099641, 673617.6900180393 7181869.180513825, 673486.9577739574 7181816.444927555, 673351.9581283227 7181761.344541549, 673215.7660825229 7181706.816555921, 673080.3370366864 7181651.099169811, 672946.2289914303 7181596.48058369, 672811.2157459236 7181541.680597693, 672676.2079004721 7181487.042611716, 672541.8302551472 7181432.167425532, 672406.547209516 7181376.8302394, 672271.570963907 7181321.131453094, 672133.3151180762 7181268.284068174, 671993.3440711991 7181212.381282809)
R. ALAGOAS;OUTRAS VIAS;LEI Nº 15511 / 2019;LINESTRING (671993.3440711991 7181212.381282809, 671980.0934664654 7181205.646883827, 671849.7792229633 7181154.195897586)
R. ALBERICO FLORES BUENO;SETORIAL 1;LEI Nº 15511 / 2019;LINESTRING (680083.4490589083 7190219.491521023, 680127.3326472308 7190111.90088294, 680156.878639488 7190040.050857464, 680188.631831526 7189964.5202305345, 680248.4890153061 7189816.6101783225, 680309.518399254 7189668.151325731, 680310.6211989372 7189665.35012475, 680370.6629832959 7189520.091073245, 680430.7557672411 7189372.960621254, 680491.3219512849 7189225.806569174, 680552.6725353968 7189078.130116807, 680613.5851191329 7188929.337064264, 680675.2647034208 7188782.274412032, 680735.9992871276 7188633.768959646, 680796.732270952 7188485.908907453, 680853.1868561121 7188349.464459218, 680916.6292396919 7188197.412605374, 680980.3802226767 7188042.352950692, 681040.209606323 7187895.162498958, 681102.3971903659 7187747.076246496, 681166.4251743428 7187596.580193024)
R. ALBERTO BOLLIGER;COLETORA 2;LEI Nº 15511 / 2019;LINESTRING (675353.4236064511 7187331.862365972, 675340.3508085175 7187357.84737554, 675323.5344110248 7187390.558787662, 675291.7168160758 7187453.9252109835, 675231.1236257113 7187574.745455448, 675200.3198304754 7187635.559677897, 675173.0784346625 7187689.235097725, 675169.5724350832 7187695.58150013, 675139.6644370295 7187741.91671859, 675093.5790403248 7187814.743747416, 675037.0758441729 7187903.181582538)
R. ALBERTO BREOWICZ;SETORIAL 1;LEI Nº 15511 / 2019;LINESTRING (679332.692508897 7188580.772848555, 679362.6803008297 7188506.817422586, 679391.1148925107 7188433.604997155)
R. ALBERTO FERREIRA;COLETORA 2;LEI Nº 15511 / 2019;LINESTRING (666226.2011394133 7178824.901247689, 666247.8019203044 7178702.081212437, 666257.5931121883 7178649.160397159, 666271.3676999743 7178570.723174665)
R. ALBERTO FOLLONI;COLETORA 1;LEI Nº 15511 / 2019;LINESTRING (674635.5463407333 7187908.683268159, 674638.746579178 7188088.295714762, 674641.0886032617 7188200.394543797, 674636.4538188186 7188280.461765863, 674629.9018353235 7188367.453590166, 674628.4464364432 7188374.607392356, 674626.4964371583 7188380.457594307, 674608.0318415106 7188424.270609725, 674589.7350456411 7188466.826624779, 674584.4194469908 7188479.9110293435, 674580.9438481871 7188489.956032721, 674577.5638497698 7188501.732036535, 674574.0746521219 7188517.324441378, 674572.0662546346 7188531.84584563, 674571.481856859 7188543.199048748, 674571.9828595414 7188555.387051858, 674572.6506622146 7188567.324454868, 674573.390065358 7188581.422058434, 674582.9544929313 7188701.206688052, 674589.0251097716 7188774.076906026, 674597.5753355547 7188886.555533954, 674602.6217492078 7188945.47274847, 674604.490755 7188970.807354776, 674606.0503586025 7188986.056958482, 674607.4367621941 7189001.479962269, 674608.6497643612 7189010.317764351, 674611.9043695928 7189031.237369202, 674616.5831753272 7189052.779573919, 674621.1645800571 7189069.64297742, 674626.2333849164 7189086.506380819, 674630.4455890028 7189100.755783707, 674676.9462327205 7189251.348413819, 674700.5132549814 7189328.1404292155, 674725.5450783003 7189408.132645158, 674736.2706878097 7189440.09305138, 674745.7984959187 7189466.870656477, 674763.688117353 7189546.772673906, 674772.7105281195 7189586.847482638, 674785.480142624 7189640.071894075, 674790.5659488563 7189663.438699206, 674793.9957510803 7189669.756900164, 674799.2307533633 7189674.089300215, 674806.812356225 7189678.241099727, 674810.6265574626 7189679.367299227, 674818.0911596419 7189680.413897941)
R. ALBERTO FRANCISCO TOSSIN;OUTRAS VIAS;LEI Nº 15511 / 2019;LINESTRING (667765.8966894563 7185611.975677479, 667744.3838848801 7185616.782683056, 667671.0032687717 7185630.702101438)
R. ALBERTO HAMMERSCHMIDT;OUTRAS VIAS;LEI Nº 15511 / 2019;LINESTRING (671552.223363037 7181227.876777657, 671539.058560681 7181232.5809815675, 671434.5585254093 7181189.356392045)
R. ALBERTO KLEMTZ;COLETORA 1;LEI Nº 15511 / 2019;LINESTRING (669136.6873003267 7181952.635656357, 669059.76848859 7181990.835881732)
R. ALBERTO KLEMTZ;COLETORA 2;LEI Nº 15511 / 2019;LINESTRING (670518.3847152377 7181292.320406211, 670447.06970609 7181335.650631847, 670370.8544960626 7181380.77525894, 670341.1716922505 7181398.81546961, 670175.012667489 7181483.14672507, 670068.2098514915 7181537.039960623, 669998.1652410382 7181572.615183994, 669950.7300333778 7181593.871799095, 669929.8772293415 7181599.937204894, 669874.4874185205 7181615.571220177, 669831.9670101622 7181627.327031843, 669731.3465903929 7181655.215259462, 669720.0669881296 7181658.113462498, 669641.6331728722 7181680.625484214, 669631.5211706513 7181682.281286694, 669604.4109659474 7181692.869494917, 669559.0889579209 7181709.781308457, 669523.5093520149 7181725.003319583, 669444.7651385141 7181756.603343668, 669408.2755325517 7181772.703355201, 669389.4221288059 7181777.754360322, 669358.5067235348 7181790.313769814, 669331.7777192548 7181802.550978372, 669282.5063119502 7181827.991794882, 669273.1671111549 7181835.720798755, 669250.9467110875 7181863.093810266, 669241.0125108827 7181874.473415192, 669213.5907103894 7181906.246628884, 669186.5643065518 7181921.06143816, 669147.8953012008 7181942.958451608, 669136.6873003267 7181952.635656357)
R. ALBERTO KOSOP;OUTRAS VIAS;LEI Nº 15511 / 2019;LINESTRING (671384.9203354273 7176436.079404121, 671383.8231351541 7176436.070804343, 671282.9203100998 7176435.279624892, 671121.7404699686 7176433.475657558)
R. ALBERTO POTIER;OUTRAS VIAS;LEI Nº 15511 / 2019;LINESTRING (677419.6906819685 7190804.454647585, 677338.2248757761 7190876.490484117)
R. ALBERTO STENZOWSKI;OUTRAS VIAS;LEI Nº 15511 / 2019;LINESTRING (671442.1386307285 7180719.697870886, 671445.9213992886 7180562.210630063, 671444.7389939784 7180537.841024114, 671445.8127825519 7180480.976409442, 671447.5829813469 7180472.956607041, 671447.9861651645 7180393.784986846)
R. ALBERTO TWARDOWSKI;COLETORA 1;LEI Nº 15511 / 2019;LINESTRING (676608.639982239 7184733.442023287, 676486.3745268185 7184619.886019738, 676408.3264909255 7184544.87941682, 676335.3624575044 7184475.33461424, 676314.9662485321 7184457.6318139685, 676279.7726352267 7184437.379016166, 676237.9388209947 7184420.778220711, 676195.2198082319 7184412.197427517)
R. ALBINO KAMINSKI;COLETORA 2;LEI Nº 15511 / 2019;LINESTRING (680352.6771151959 7188302.077155101, 680463.9975542433 7188348.250543197, 680574.5915930982 7188394.35493142, 680685.3240319556 7188440.247719546, 680796.732270952 7188485.908907453, 680907.4637098822 7188532.028295614, 681018.8875487599 7188577.010283314, 681129.4085878052 7188623.792071671, 681239.550226412 7188668.963659676, 681307.1474501432 7188696.8254523445, 681348.9166652327 7188715.990448326)
R. ALBINO SILVA;SETORIAL 2;LEI Nº 15511 / 2019;LINESTRING (673294.7735331848 7187628.091674055, 673293.4349346994 7187637.051076688, 673293.4349365007 7187645.722678965, 673295.4997394981 7187657.559881645, 673298.8031428163 7187669.397084071, 673303.3683474462 7187685.962487474)
R. ALCIDES THERÉZIO DE CARVALHO;COLETORA 2;LEI Nº 15511 / 2019;LINESTRING (676399.0372645599 7182540.994702078, 676480.8347018046 7182618.762904731, 676489.9323062792 7182628.977705426, 676496.1443099966 7182639.076306704, 676501.9023147296 7182654.514509449, 676511.8423290544 7182710.238321656)
R. ALCINO GUANABARA;SETORIAL 1;LEI Nº 15511 / 2019;LINESTRING (676144.2285939195 7180620.069265196, 676052.5113624963 7180580.613674538, 675942.899924966 7180533.524885709, 675824.58268435 7180482.12629761, 675704.7058434184 7180431.026309902, 675584.7758021296 7180378.22652176, 675465.7437611469 7180325.729733492, 675345.7347203563 7180275.242745925, 675226.2222795816 7180224.167358091, 675107.4754388826 7180172.467969924, 674988.080997965 7180120.438781798, 674869.0633572558 7180068.867993692, 674749.7823165793 7180017.699405732, 674631.2424759527 7179965.819817422, 674511.496435118 7179914.318829447, 674394.3963951494 7179863.709241129)
R. ALCÍDIO CUBAS;OUTRAS VIAS;LEI Nº 15511 / 2019;LINESTRING (671664.0190192902 7180392.839942144, 671722.5684350908 7180398.078131414)
R. ALDA BASSETTI  BERTHOLDI;COLETORA 2;LEI Nº 15511 / 2019;LINESTRING (667000.5054657882 7169511.552598184, 667028.7936710832 7169504.3299907725, 667055.8780707776 7169470.624977227, 667097.4076708934 7169421.872957162, 667138.937071002 7169373.120937097, 667179.8646709637 7169324.368917154, 667221.3940711853 7169276.2188972365, 667265.9150714406 7169224.720075913, 667345.9452664068 7169104.874431033, 667386.3306652275 7169051.219610024, 667426.1930631747 7168993.851388233, 667465.6888614764 7168938.713767053, 667576.1410555698 7168778.907706484, 667586.154853029 7168754.464698606, 667586.6888507266 7168742.3934956025, 667574.4200375497 7168691.381085838, 667561.828424427 7168641.014276296, 667528.2505898307 7168508.6400513295, 667531.8019796959 7168454.076037545, 667534.6139741876 7168423.3852296285, 667535.729968975 7168396.156022885, 667537.705359508 7168346.772210665, 667538.2609578382 7168337.821408411, 667549.2781209744 7168141.613559254, 667556.6926950114 7168003.855724832, 667562.1562949677 7167997.221522148, 667718.174307459 7167876.014861789, 667715.8326944098 7167813.965447444, 667712.2418783843 7167738.604230179)
R. ALEXANDRA SARNACKA;OUTRAS VIAS;LEI Nº 15511 / 2019;LINESTRING (665937.8209447603 7185241.782947026, 665961.3033417901 7185196.514930597, 665964.0719409824 7185188.881128063, 666001.5183368841 7185119.925102705)
R. ALF. POLI;OUTRAS VIAS;LEI Nº 15511 / 2019;LINESTRING (673699.322971722 7185387.51180424, 673761.2631568209 7185239.481352856, 673829.6023398507 7185073.7400955595)
R. ALF. POLI;SETORIAL 2;LEI Nº 15511 / 2019;LINESTRING (673829.6023398507 7185073.7400955595, 673899.9467230875 7184906.657637525, 673969.3399058388 7184738.547379448, 674033.9710900236 7184583.303925728, 674095.8134751873 7184436.276274741, 674158.9818599084 7184285.622222559, 674212.5230466409 7184156.488577977, 674292.8878270754 7183964.480911557, 674344.8234141142 7183838.980868289, 674404.8251992239 7183694.480818446, 674450.8227876711 7183583.1215801, 674494.2409766022 7183477.271743725, 674535.4137665752 7183379.189909833, 674586.6183536467 7183255.089867149, 674657.7047364258 7183086.389808841, 674702.6047252279 7182978.380571653, 674748.2001141568 7182870.185134282, 674793.6227029862 7182761.789496908, 674837.5112921664 7182656.979260789, 674852.3094952909 7182653.935056904, 674867.6496986516 7182651.365253027, 674907.5290884154 7182554.2638197355, 674950.5954777892 7182451.489384329)
R. ALF. ÂNGELO SAMPAIO;PRIORITÁRIA;LEI Nº 15511 / 2019;LINESTRING (673147.9224929882 7183765.781098813, 673144.6760952313 7183780.578503305, 673113.0479027557 7183855.740929275, 673047.8875185051 7184011.867983123, 672985.2611329306 7184158.612034045, 672919.7271479041 7184311.69048723, 672847.231364775 7184482.650946511, 672775.0775815415 7184652.829805546, 672708.0291970815 7184810.897660414, 672649.991610778 7184949.012508259, 672642.8376124349 7184965.895114122, 672580.1440268765 7185113.492165416, 672573.9918286364 7185129.637770883, 672420.6784229617 7185292.844844999, 672302.7700185739 7185418.442302024, 672213.8366150584 7185512.291344805, 672206.5590148411 7185520.318548396, 672152.1200260198 7185642.385191404, 672149.3106274132 7185652.647394656, 672100.8952396776 7185772.531235868, 672043.066255079 7185919.471086087, 671993.4958682784 7186045.489329169, 671959.1326774479 7186132.982959079, 671950.4552795684 7186154.136366388, 671909.7336906134 7186258.749602087, 671867.09910178 7186366.400438985, 671806.6227158032 7186510.382089064)
R. ALFREDO GULIN;CENTRAL;LEI Nº 15511 / 2019;LINESTRING (675726.4418096652 7188785.583270209, 675832.8164634694 7188908.835080359)
R. ALFREDO JOSÉ PINTO;COLETORA 1;LEI Nº 15511 / 2019;LINESTRING (669050.1973551305 7181344.683118599, 668984.6107469262 7181385.927142419, 668961.3209420675 7181390.98134843, 668828.9723157028 7181425.881384148, 668749.1591000552 7181448.200606004, 668670.3428842935 7181468.730027195, 668626.2734756365 7181480.98783924, 668593.7424686216 7181486.953447342, 668579.7076649433 7181486.300850013, 668517.2032471886 7181476.612660178, 668434.4380250844 7181470.736275405, 668406.5702177773 7181469.4246807005, 668388.1312118548 7181463.174282831, 668382.3930099629 7181460.9896834325, 668335.1635943968 7181443.008088382, 668319.3763894329 7181438.172490336, 668307.8129862585 7181436.922492352, 668302.9475851574 7181437.559493497, 668281.5611803196 7181440.360098528, 668247.496169884 7181431.297103092, 668239.9955667265 7181425.046503011, 668230.9907615209 7181410.5229011215, 668221.4383548544 7181389.451097673, 668215.0109489238 7181368.107893527)
R. ALM. GONÇALVES;COLETORA 1;LEI Nº 15511 / 2019;LINESTRING (675025.5229571547 7184644.280733984, 674895.6229125408 7184590.480747298, 674772.4054702845 7184539.680959975, 674648.2996278509 7184489.034172861, 674537.9917898285 7184442.499783909, 674355.7583271367 7184366.086802256, 674158.9818599084 7184285.622222559, 674071.1640297777 7184249.040031433, 673952.9461894134 7184200.681043599, 673849.1227539914 7184158.281054289, 673696.3143018285 7184095.6522699455, 673580.3366622238 7184047.981081778, 673356.5627858166 7183955.850504532, 673244.291947471 7183909.481115891, 673113.0479027557 7183855.740929275)
R. ALM. TAMANDARÉ;PRIORITÁRIA;LEI Nº 15511 / 2019;MULTILINESTRING ((675396.5877255066 7185942.809193561, 675400.7233340145 7185978.181001915, 675411.0443537846 7186059.496220952), (675417.0883654142 7186107.360232171, 675428.9233911333 7186215.081057795, 675444.2252218943 7186342.489087848, 675461.9592582396 7186493.428323557, 675475.5792834454 7186596.464947631, 675482.4035001132 7186667.271164715, 675497.2569301204 7186791.5811941195, 675519.8279744273 7186974.295837216, 675539.0774134663 7187136.041475554, 675559.4330556284 7187311.231117218, 675576.2848896615 7187452.082550641, 675594.2937258584 7187601.766586164, 675610.5011592861 7187740.49221921, 675626.5135915162 7187873.749650883, 675643.9770233373 7188003.246881282, 675649.4546353112 7188053.3292933125, 675651.449440721 7188076.540099002))
R. ALUIZIO FINZETTO;SETORIAL 1;LEI Nº 15511 / 2019;LINESTRING (675470.3401859971 7183288.733890291, 675436.9931517539 7183166.406865817, 675428.3793428554 7183134.553059429, 675422.4817358329 7183108.315453919, 675415.4651233132 7183057.309642272, 675413.2819153231 7183021.981833644, 675413.0361132106 7183012.24103119, 675417.0840993082 7182941.264812086, 675431.2610935885 7182896.935997708, 675516.2752651471 7182659.080318706, 675547.2638544681 7182570.959089559, 675563.381649189 7182526.454474743, 675570.3586450082 7182498.179066019, 675573.6636392747 7182466.966057314, 675572.9292331326 7182438.690650217, 675570.3586284575 7182419.59564586, 675564.850422497 7182397.930041463, 675554.201412834 7182364.881035231, 675537.3096016641 7182332.199230407, 675534.9674004663 7182329.333630166, 675489.5913772639 7182273.819225489)
R. ALÍPIA MARQUES VERCHAI;OUTRAS VIAS;LEI Nº 15511 / 2019;LINESTRING (671815.5606418393 7181287.667538671, 671776.8956241762 7181249.334336863)
R. AMADEU DO AMARAL;COLETORA 1;LEI Nº 15511 / 2019;LINESTRING (670015.6447763047 7182214.181344518, 669895.6783382653 7182176.824159407, 669813.0985122361 7182151.8355698325, 669664.5156654138 7182106.874788573, 669502.2224145785 7182059.180409378, 669338.1889632469 7182011.1286304165, 669136.6873003267 7181952.635656357)
R. AMADEU PIOTTO;COLETORA 2;LEI Nº 15511 / 2019;LINESTRING (665745.4210541383 7186041.029993271, 665680.0004292876 7186000.962595826, 665662.5210212447 7185983.183194665, 665643.0656111636 7185957.718391893, 665634.909207666 7185950.699991684, 665618.2168016244 7185941.974392727, 665599.1209961628 7185939.283195818, 665542.7797819389 7185940.873007419, 665504.1209719864 7185940.983215122, 665424.1123477672 7185922.972626302, 665404.5145414002 7185916.370428471, 665230.9186987719 7185927.279065727, 665099.2080661143 7185933.983293561, 665064.1002569909 7185933.651500426, 664967.1618289397 7185918.301315609, 664911.5798133304 7185911.88332493, 664891.520807917 7185910.683328586, 664874.1208036055 7185911.583332259, 664860.1208003489 7185913.383335496)
R. AMADOR BUENO;COLETORA 2;LEI Nº 15511 / 2019;LINESTRING (679656.6825596556 7181925.6744487155, 679780.4629977074 7181956.702029974, 679793.323801328 7181958.379227629, 679870.6244251665 7181978.079615999, 679967.223854828 7182002.079201296, 680064.0926847163 7182026.786786704, 680162.4559150062 7182051.5679717995, 680258.3247445894 7182075.98175733, 680359.8053759127 7182101.834142002, 680456.7202057996 7182126.371927317, 680559.8238375372 7182152.178911604, 680619.448655915 7182167.203702539, 680678.892074236 7182182.164293494, 680737.2238922662 7182197.078884671, 680796.8947106434 7182212.006875558, 680856.223128742 7182226.050666289, 680916.1239473106 7182241.578857273)
R. AMADOR BUENO;SETORIAL 1;LEI Nº 15511 / 2019;LINESTRING (680916.1241473088 7182241.579057274, 680950.0799579098 7182250.7164522465)
R. AMAURY LANGE SILVÉRIO;COLETORA 1;LEI Nº 15511 / 2019;LINESTRING (672253.0547649176 7190062.269532925, 672266.0953691286 7190066.053531238, 672284.86497534 7190072.218729, 672323.2259883734 7190086.467124861, 672340.6253939989 7190091.536322613, 672360.4474002381 7190096.492319835, 672378.1244056986 7190100.405317221, 672398.4380119316 7190104.710114167, 672409.7384154331 7190107.266312512, 672422.115019496 7190111.167510989, 672428.9760220788 7190114.934310572, 672436.2404249078 7190119.37371025, 672443.1014278819 7190125.023910334, 672448.2134305055 7190131.21211092, 672452.8576335551 7190140.04971231, 672458.3980372717 7190150.9721140675, 672468.3252438456 7190170.135517107, 672481.7182525638 7190195.247321012, 672489.3708573943 7190208.868723052, 672493.4986598816 7190215.648723999, 672498.9880629469 7190223.478724947, 672509.2218684078 7190236.861326388, 672553.735491865 7190293.602132268, 672578.8475048229 7190324.274535232, 672590.3271107783 7190338.444736625, 672599.2917151893 7190348.350537404, 672610.7235205038 7190359.482738001, 672622.5443260154 7190371.065338636, 672634.5065313631 7190381.683538986, 672653.3139394551 7190396.839139124, 672667.9007457688 7190408.774339281, 672687.3547541639 7190424.569339458, 672697.0247586013 7190433.692539884, 672705.3339626639 7190442.743740572, 672711.1207656018 7190449.5691411905, 672719.8293707091 7190463.150543001, 672723.2373736694 7190473.109744947, 672725.8161766814 7190484.375147411, 672726.8815787015 7190492.7729494255, 672727.7151820271 7190507.774153246, 672727.7151851617 7190522.914357277, 672726.7451892846 7190544.061363108, 672720.545195394 7190581.455974347, 672708.02760588 7190648.043794674, 672706.0592068563 7190655.267797004, 672702.3812084524 7190667.661601068, 672699.976809026 7190673.500603122, 672693.7596094875 7190683.649807112, 672683.8716088787 7190693.313011734, 672674.8902083597 7190702.248015973, 672660.9500084099 7190720.258623657, 672654.151008847 7190731.037627935, 672649.3420097742 7190741.650631759, 672646.3570108413 7190750.605434764, 672643.2236131756 7190765.882839483, 672642.3770155217 7190778.298842968, 672642.7088172906 7190786.424445065, 672644.8444204486 7190798.955647964, 672650.2860244225 7190811.219850106, 672657.1172282388 7190820.946451285, 672672.8108359332 7190838.108252611, 672685.1496424142 7190853.678854208, 672694.0236470565 7190864.782855333, 672701.7472513573 7190875.708456647, 672707.3300547992 7190885.214258025, 672712.309458832 7190898.341460494, 672716.9236630815 7190912.982863444, 672722.2140684181 7190932.006867423, 672743.930494836 7191031.883889569, 672748.4900986657 7191044.5634920085, 672764.9709130233 7191092.865701487, 672771.6025191544 7191114.004105756, 672781.5651281577 7191144.758511902, 672796.4349440427 7191202.46872423, 672801.1557509752 7191229.907330578, 672803.9605539393 7191240.637532865)
R. AMILCARE BIENTINEZI;SETORIAL 1;LEI Nº 15511 / 2019;LINESTRING (669854.2203256809 7177259.580123136, 669854.3663211002 7177236.93071744, 669854.8089071974 7177168.187100157, 669855.2042886453 7177076.684077201, 669856.312870726 7176987.42345467, 669856.2130525522 7176898.390232451, 669856.9202332587 7176802.87620846, 669857.4134138208 7176706.918584413, 669856.9250089258 7176683.497178668, 669840.3723988559 7176654.14797472, 669801.4487798259 7176607.9279711265)
R. AMINTAS DE BARROS;COLETORA 1;LEI Nº 15511 / 2019;LINESTRING (674731.0881061929 7186670.478923311, 674826.3109397844 7186713.068914496, 675038.7298142212 7186805.537094139, 675221.2092780409 7186884.195076412, 675293.6467034419 7186915.688869437, 675318.1525120053 7186926.194867037, 675321.4945132325 7186927.907666784, 675325.045514627 7186930.163466629, 675387.3797391434 7186969.878463925, 675402.1041449072 7186979.122063249, 675407.257546794 7186981.73966285, 675411.9203483651 7186983.45746232, 675415.652349526 7186984.3696617745)
R. AMOROSO COSTA;COLETORA 2;LEI Nº 15511 / 2019;LINESTRING (677603.9307937073 7183587.868515622, 677571.5249701058 7183515.902703967, 677517.1405290366 7183388.218082635, 677495.4667127938 7183337.897074284, 677490.1981076284 7183319.945070781, 677476.6234974471 7183288.38006554)
R. AMÂNCIO MORO;PRIORITÁRIA;LEI Nº 15511 / 2019;LINESTRING (674858.3720650204 7187270.739853878, 674904.2720863739 7187315.7074560495, 674960.2463124285 7187370.591458712, 674995.1857286511 7187404.632260315, 675004.6777330549 7187413.865060747)
R. AMÉRICO VESPÚCIO;COLETORA 2;LEI Nº 15511 / 2019;LINESTRING (673347.7640843525 7180593.267444622, 673271.6782612391 7180574.202855594, 673124.3712164316 7180536.966276735, 673050.5569938471 7180517.652087154, 672977.65717173 7180499.466297664, 672903.6641492608 7180480.880308291, 672829.3981266574 7180461.970518889, 672698.504286868 7180428.843337603, 672645.8560708817 7180415.5865451405, 672638.4416685713 7180413.430346129, 672576.0916430022 7180365.665346907, 672512.5110171225 7180317.8651479315)
R. ANA MARIA FOGGIATTO RODA;COLETORA 2;LEI Nº 15511 / 2019;LINESTRING (675282.1036291696 7172311.585575687, 675246.5834125069 7172273.206373787, 675236.7722092456 7172268.969374815, 675188.1509941726 7172253.186981187, 675074.2325596906 7172220.127397064, 674919.9909120565 7172170.795017421, 674901.8815065005 7172165.175019853, 674848.178089987 7172148.31462701, 674820.9434819617 7172141.423231045)
R. ANA SOFIA RIBEIRO;COLETORA 2;LEI Nº 15511 / 2019;LINESTRING (675317.902212653 7172191.979738946, 675305.4402180207 7172231.799751291, 675282.1036291696 7172311.585575687, 675258.2890383198 7172382.44099801, 675242.7068449416 7172431.833813359, 675235.650648676 7172457.706421167, 675228.0064517745 7172481.226828525, 675208.8630604304 7172544.403848, 675201.8400634995 7172567.076455023, 675179.7896730613 7172637.931676991, 675161.2672802594 7172693.498894483)
R. ANDRÉ FERREIRA BARBOSA;EXTERNA;LEI Nº 15511 / 2019;LINESTRING (671413.3819265668 7177331.152621797, 671412.216117201 7177287.027610995, 671417.1674768585 7177084.940559436, 671417.7020745871 7177073.254956404, 671420.0476705028 7177050.580550253, 671424.2176668157 7177027.645543663, 671460.2636525328 7176914.8843080755, 671468.1678485849 7176886.195699285, 671471.4994455635 7176867.508293931, 671471.731040663 7176843.4150878675, 671467.7206349319 7176820.379682941, 671467.6994348849 7176820.179482896, 671448.068210262 7176724.086462951, 671429.340585843 7176627.874642799, 671409.7595612138 7176531.64702283, 671387.2091375806 7176443.804805575, 671384.9205354272 7176436.07960412, 671354.3033079575 7176339.227986287, 671331.7496879168 7176268.804973386, 671306.3614661882 7176193.554959873, 671286.1062492733 7176135.554749602)
R. ANDRÉ FERREIRA BARBOSA;OUTRAS VIAS;LEI Nº 15511 / 2019;LINESTRING (671262.4208316489 7178024.480026647, 671283.8244235115 7177958.995805807, 671289.5936201358 7177935.598198747, 671304.5432108508 7177872.358779805, 671313.0420058339 7177837.682769358, 671336.7799922882 7177743.116340757, 671345.506987757 7177710.545330795, 671356.4389773619 7177646.789112564, 671372.9691619412 7177551.858685376, 671390.1581463432 7177455.283457651, 671405.5571310543 7177362.396631228)
R. ANDRÉ FERREIRA CAMARGO;COLETORA 1;LEI Nº 15511 / 2019;LINESTRING (674791.045205047 7179436.479649903, 674728.1167837492 7179410.020656408)
R. ANDRÉ JOÃO GASPARIN;OUTRAS VIAS;LEI Nº 15511 / 2019;LINESTRING (671498.4925990198 7179524.584756158, 671570.405617343 7179526.119541746, 671734.622458556 7179526.5721080415)
R. ANDRÉ ZANETTI;COLETORA 1;LEI Nº 15511 / 2019;LINESTRING (672022.4980966279 7188085.771057808, 672005.267893671 7188093.2112633195, 671992.5234917081 7188099.803067684, 671982.8552906071 7188106.688071491, 671969.6714893762 7188117.381677026, 671957.8058887888 7188129.540082673, 671949.1198886577 7188139.889287189, 671847.5762926176 7188287.597147025, 671839.6386932712 7188300.826352146, 671824.0138949674 7188328.851762751, 671788.9245091125 7188441.980399802)
R. ANNA CIUPKA;OUTRAS VIAS;LEI Nº 15511 / 2019;LINESTRING (669391.2218835852 7185490.482317289, 669391.9880764087 7185454.185107695, 669400.8218608666 7185366.482283099, 669408.5272434372 7185270.925256698)
R. ANNA GBUR BARCIK;COLETORA 2;LEI Nº 15511 / 2019;LINESTRING (668381.7219837086 7187273.882987486, 668381.7501836817 7187273.713587435, 668392.5489730157 7187207.005167766, 668398.6011698139 7187183.37856035, 668412.6841646341 7187139.616546036, 668430.9219590201 7187088.382928927, 668440.2681549368 7187056.1663186, 668450.1305492008 7187015.099505851, 668454.4673466772 7186997.041300246, 668457.9591436323 7186977.488094419, 668422.8206778546 7186696.91102809, 668414.0758636545 7186637.811014401)
R. ANNE FRANK;SETORIAL 1;LEI Nº 15511 / 2019;LINESTRING (675747.6945676954 7181917.794079941, 675751.0913652354 7181902.043875195, 675813.8227493281 7181751.280023407, 675882.9585322331 7181587.315766916, 675946.6225169832 7181438.779915547, 676001.0227038332 7181311.379671546, 676055.5784909015 7181184.909227767, 676109.7358778043 7181058.207784027, 676163.7878645108 7180930.779740142, 676217.8514517071 7180805.740496876, 676217.9226516918 7180805.579696821, 676273.3750383873 7180676.596252274, 676359.2916169277 7180472.90958231, 676447.6677958148 7180268.141511591, 676534.2225741383 7180063.079441224, 676622.6079530807 7179858.984170757, 676709.7943315282 7179654.164700398, 676797.6495098956 7179448.3960297, 676885.5224885084 7179243.965159377, 676970.4944671276 7179043.176290629, 677060.5956453825 7178834.852218932, 677147.6352234205 7178629.304548626, 677222.2478048952 7178454.685688788, 677234.7934017947 7178425.408078753, 677247.3073985493 7178395.495868564, 677322.956380234 7178220.8448085375, 677411.0985585699 7178016.031338306, 677498.2861366711 7177811.429868371, 677585.8355148446 7177606.952398431, 677673.2910928575 7177402.036928441, 677760.4276706758 7177196.776658475, 677848.8114490613 7176992.94058864, 677936.4302269786 7176787.999318732, 678022.6566046485 7176583.709849324, 678110.8407827402 7176379.34117952, 678197.7485604519 7176174.868910005)
R. ANTENOR KAISER;OUTRAS VIAS;LEI Nº 15511 / 2019;LINESTRING (666455.1210460949 7185082.882802663, 666453.435645473 7185081.936202755, 666443.8426419328 7185076.548203271, 666370.2608138219 7185030.444805989, 666332.5783999778 7185009.583008096, 666298.8209887714 7184996.882811532)
R. ANTÔNIO AUGUSTO DE BRITO;COLETORA 2;LEI Nº 15511 / 2019;LINESTRING (672385.6406933834 7172139.90573819, 672474.197518446 7172157.641124187, 672523.5921322687 7172166.765716186, 672575.1625465088 7172175.372507606, 672582.2073486024 7172177.256706605, 672730.2568020977 7172262.752496792, 672864.1606501103 7172338.1710874345, 672877.9654549898 7172345.593686383, 672887.1188588841 7172353.691086462, 672895.392263697 7172367.245288057, 672899.0684677952 7172382.706891071, 672994.3208914228 7172385.55227199, 673015.5408962516 7172384.093467228, 673073.3579096586 7172381.327654542, 673081.2793119773 7172383.26405337, 673088.4965143083 7172386.080452557, 673093.1685162714 7172390.092052566, 673097.6499185333 7172395.762053021, 673118.4453318547 7172435.66325845, 673144.4811483843 7172484.8876650715, 673168.8191700951 7172561.000078621)
R. ANTÔNIO BARIQUELO;SETORIAL 1;LEI Nº 15511 / 2019;LINESTRING (675065.4014879764 7181408.820493426, 674973.022478985 7181477.198730278, 674866.3224684871 7181555.72437272, 674761.226058045 7181632.68021442, 674730.0802550176 7181655.8276268635)
R. ANTÔNIO BUSO;COLETORA 1;LEI Nº 15511 / 2019;LINESTRING (679706.7676115783 7182107.672084523, 679752.6748097208 7182045.071258593, 679760.536409901 7182036.663854744, 679780.4629977074 7181956.702029974)
R. ANTÔNIO CÂNDIDO CAVALIM;COLETORA 1;LEI Nº 15511 / 2019;LINESTRING (680177.9288249093 7188095.286538372, 680184.6514267353 7188095.623737009, 680193.8726289114 7188094.559734736, 680205.5764313102 7188091.545131414, 680215.5070333248 7188088.885128567, 680220.8420345632 7188088.169927226, 680227.2724361703 7188087.848525753, 680234.3460381536 7188088.491524392, 680243.509641046 7188090.822523026, 680252.5690441013 7188094.027721913, 680300.8668611492 7188114.629716901, 680364.2096833951 7188141.1111101825, 680410.3362997964 7188161.314705528)
R. ANTÔNIO DALMARCO;COLETORA 1;LEI Nº 15511 / 2019;LINESTRING (668829.819626297 7180983.392671181, 668813.8938237434 7180990.610476244, 668806.0042219058 7180991.354478031, 668797.3242195651 7180990.610479599, 668783.8292155402 7180987.535681549, 668728.8247957595 7180958.325285246, 668631.9689621498 7180912.886693278, 668557.3201366343 7180879.747499941, 668538.6201304791 7180872.615101907, 668500.7781185183 7180860.615506504, 668479.6149120654 7180855.075509371)
R. ANTÔNIO ESCORSIN;COLETORA 1;LEI Nº 15511 / 2019;LINESTRING (667924.1210317799 7188102.753697513, 667908.195027523 7188102.239900583, 667878.912019546 7188100.527506027, 667815.0370016209 7188094.191517215, 667789.3501945471 7188092.307721887, 667766.0605882701 7188091.280326301, 667747.2009834257 7188091.634730188, 667684.3761678749 7188095.7327439, 667665.5389632061 7188096.9313480025, 667647.72935908 7188099.500152258, 667628.2073548867 7188103.952557354, 667609.791551153 7188109.259562453, 667569.3213430955 7188121.66397385, 667418.8965132908 7188168.530016397, 667359.6931016656 7188187.520833278, 667338.8010974205 7188193.514439049, 667317.7378928212 7188197.966844447, 667297.7020881465 7188200.706649189, 667272.0150818953 7188202.932854925, 667245.4840751775 7188203.9382605115, 667234.7616724623 7188204.344462768, 667208.6538651997 7188202.076667407, 667188.618059014 7188197.28187016, 667172.6922537634 7188191.80187191, 667157.4216484659 7188185.243273243, 667152.1420464264 7188181.939473432, 667111.1970306174 7188156.316474889, 667076.1712178122 7188137.98147708, 667066.1942142083 7188132.9750777595, 667040.6166055851 7188123.209880314, 667012.7481963839 7188113.54248335, 666946.1861743669 7188090.225090538, 666912.321563229 7188078.677094277, 666870.8215494336 7188063.783298664, 666836.5215372947 7188047.783301314, 666820.9215315687 7188039.48330225, 666806.1215260718 7188031.283303054, 666792.7215210807 7188023.78330376, 666748.9649044017 7187997.386505564, 666724.4214948482 7187981.583306314, 666686.6214794053 7187953.583306504, 666652.8672654222 7187927.601306415, 666644.2870617777 7187920.546506275, 666631.9214557075 7187906.283304995, 666624.6480517116 7187895.75950368, 666599.6214360697 7187850.0832966715, 666591.471631075 7187835.698494517, 666581.3660264635 7187825.783693928, 666567.4472214305 7187818.728894854, 666550.8588166551 7187816.440697567, 666536.558613048 7187817.012700573, 666518.9148089557 7187819.515704753, 666473.9351987492 7187827.043115711, 666457.0017948165 7187829.424519717, 666441.5235908399 7187829.688922876, 666423.5317856809 7187827.30772584, 666409.7735812294 7187822.942127438, 666394.2953757215 7187815.533728578, 666380.6691703002 7187806.141128828, 666357.3829605271 7187787.529128581, 666261.9213204012 7187710.883327479, 666234.421308961 7187689.383327311, 666216.2303016594 7187676.494927551, 666188.5212910626 7187659.483328603, 666159.2698805858 7187645.091330653, 666112.919064957 7187627.151935175)
R. ANTÔNIO ESCORSIN;COLETORA 2;DECRETO EST Nº 5063 / 2001 - LEI Nº 15511 / 2019;LINESTRING (666112.919064957 7187627.151935175, 666103.7822618958 7187623.710536091, 666092.799458473 7187620.86653753, 666079.9484548368 7187619.389339702, 666011.4304375501 7187622.067354048, 665821.1083904002 7187633.861795008, 665706.5123616157 7187638.98881913, 665648.7213471988 7187642.083631422, 665558.5213249095 7187647.983650884, 665483.021306225 7187652.783667129, 665343.2354711359 7187659.183496534, 665343.2210711333 7187659.183496537, 665242.5210460101 7187664.583517913, 665219.4120404344 7187666.78152307, 665130.456418178 7187671.235741856, 665040.133195698 7187676.369361084, 664964.5231767669 7187680.083577018, 664933.320969302 7187683.383584057, 664911.720964276 7187686.383589116, 664886.5209585911 7187690.783595255, 664797.8097414215 7187720.681820642, 664681.5209188876 7187759.783653886, 664588.5265013161 7187793.3686810685)
R. ANTÔNIO GASPARIN;EXTERNA;LEI Nº 15511 / 2019;LINESTRING (671332.8597815015 7179641.121419705, 671333.189976573 7179616.740613466, 671333.459776119 7179614.203412769, 671332.1477553477 7179514.762387883, 671331.118734667 7179415.404762972, 671329.8597137043 7179314.960537847, 671329.0978929291 7179214.826712709, 671328.5028847208 7179175.62290293, 671325.6570805577 7179158.832299276, 671319.1114751784 7179140.618696023, 671257.0114313475 7179002.846274015, 671246.4600242389 7178981.07447069, 671234.4934167279 7178959.063267596, 671195.5419902502 7178877.513255033, 671173.2407751505 7178831.098447911, 671115.5715365851 7178713.365030084, 671111.1209246893 7178660.831217764)
R. ANTÔNIO GASPARIN;OUTRAS VIAS;LEI Nº 15511 / 2019;LINESTRING (671336.1912761317 7180097.408134615, 671335.2168560023 7180000.672910288, 671334.4528359082 7179903.851685906, 671333.3800155948 7179806.345061426, 671333.1921956374 7179709.483036939, 671332.8597815015 7179641.121419705)
R. ANTÔNIO GRADE;COLETORA 1;LEI Nº 15511 / 2019;LINESTRING (671852.8523707726 7188660.22584421, 671839.9229692182 7188669.082449213, 671818.6229675249 7188687.882458563, 671804.9229668688 7188702.082465134, 671791.5229667854 7188718.682472277, 671780.1229671 7188734.68247885, 671772.2391687337 7188752.625485212, 671755.305770708 7188783.7140969075, 671743.6271721728 7188805.655905109)
R. ANTÔNIO JOÃO ZILIOTTO;OUTRAS VIAS;LEI Nº 15511 / 2019;LINESTRING (669230.063812419 7185344.326912011, 669233.8756036127 7185296.105698706, 669237.821994495 7185246.182284934)
R. ANTÔNIO LAGO;OUTRAS VIAS;LEI Nº 15511 / 2019;LINESTRING (677327.0822348646 7190697.876438865, 677243.4236280296 7190769.597675763)
R. ANTÔNIO LAU;OUTRAS VIAS;LEI Nº 15511 / 2019;LINESTRING (669456.012699639 7185487.370303317, 669391.2218835852 7185490.482317289)
R. ANTÔNIO MEIRELLES SOBRINHO;COLETORA 1;LEI Nº 15511 / 2019;LINESTRING (678217.1580359632 7184924.378730581, 678264.4072373842 7184874.234307468, 678272.6224383484 7184868.877904322, 678403.3562580873 7184804.173459573, 678545.825679176 7184731.807410311, 678688.4225002393 7184659.276760959, 678753.9563102172 7184627.371738642, 678831.2241215067 7184587.570111757, 678973.1113423931 7184515.295462588, 678994.6937451321 7184502.271654582, 679113.2841633676 7184445.594814435, 679142.0759676123 7184430.997604469, 679227.0829800392 7184387.424174918, 679300.317789897 7184345.9825484445)
R. ANTÔNIO MELILLO;SETORIAL 1;LEI Nº 15511 / 2019;LINESTRING (674669.2224782099 7181839.980286699, 674718.4018514394 7181652.843628549)
R. ANTÔNIO MENDES DE SIQUEIRA;COLETORA 2;LEI Nº 15511 / 2019;LINESTRING (672257.052661767 7176006.47311734, 672299.7548578685 7175936.773691183)
R. ANTÔNIO PASTRE;COLETORA 2;LEI Nº 15511 / 2019;LINESTRING (666568.2964016462 7178709.197350239, 666509.919587086 7178709.180961899, 666458.1195741885 7178709.280972273, 666404.5195606633 7178708.480982773, 666352.1195472556 7178706.780992808, 666299.7195337088 7178704.381002659, 666247.8019203044 7178702.081212437, 666194.4195067337 7178700.781222758, 666143.1194935417 7178698.781032482, 666088.8194794633 7178696.081042625)
R. ANTÔNIO PIETRUZA;OUTRAS VIAS;LEI Nº 15511 / 2019;LINESTRING (671706.6962045064 7182210.85399708, 671668.2755773232 7182126.171183305, 671610.8097358133 7181995.3007616345)
R. ANTÔNIO REBELATTO;COLETORA 1;LEI Nº 15511 / 2019;LINESTRING (673826.5768607396 7178943.185127016, 673858.0646759983 7178978.638729395, 673871.2192813642 7178988.613329167, 673882.5738855845 7178995.248928472, 673894.2232895108 7179000.11512727, 673948.6363059335 7179013.681519337, 673958.7151087096 7179014.915717546, 674053.770137739 7179040.220704087, 674106.1887539073 7179054.920696849, 674233.5311936918 7179093.032679858, 674295.6578129145 7179110.709071331, 674323.6122215426 7179118.553267466, 674401.4046454387 7179139.836456566)
R. ANTÔNIO REBELATTO;COLETORA 2;LEI Nº 15511 / 2019;LINESTRING (674401.4046454387 7179139.836456566, 674451.177459676 7179148.413048315, 674509.3934751295 7179152.715837215, 674546.9774853315 7179156.568230316, 674557.750888451 7179158.607228575, 674587.813497509 7179165.97022414, 674619.4829073828 7179175.305619862, 674635.3963119785 7179178.2510172725, 674646.3671148738 7179178.971615154, 674756.5493434826 7179184.042793341, 674768.5693466647 7179184.887191033, 674834.275765364 7179195.712379987, 674854.4413714616 7179200.741777028, 674887.6667813838 7179208.438372001, 674950.5840006273 7179225.166963024, 674982.3884100938 7179232.375358168, 675079.5656386054 7179252.407742821, 675193.422068652 7179259.879520784, 675211.7054727346 7179257.546916353, 675218.9164742505 7179256.182314491)
R. ANTÔNIO RODOLFO TURRA;OUTRAS VIAS;LEI Nº 15511 / 2019;LINESTRING (677841.529097657 7191293.82508839, 677770.9510971159 7191378.9125261735)
R. ANTÔNIO SAROTE;COLETORA 2;LEI Nº 15511 / 2019;LINESTRING (669283.0953011604 7171928.981523013, 669421.0955013464 7171766.191855298, 669480.9705023397 7171700.130427035, 669489.680700935 7171682.907821068)
R. ANTÔNIO SKREPEC;COLETORA 2;LEI Nº 15511 / 2019;LINESTRING (672383.186526214 7176167.890931417, 672386.0207205799 7176137.279323212, 672418.2829173898 7176083.454903144, 672454.3591142481 7176025.342881223, 672464.1871142806 7176013.812276322, 672486.2599137088 7175984.797264539, 672523.2851160783 7175952.222248772, 672529.6985166452 7175947.340046231, 672641.7283238994 7175849.271198651, 672682.2187265205 7175813.854581459, 672728.192129347 7175772.940961767, 672764.485331835 7175741.898946532, 672774.3753331612 7175736.564943157, 672785.2653355848 7175735.342540595, 672803.8811403828 7175736.413137, 672813.0167424851 7175735.714534933, 672821.5843440099 7175732.909932459, 672833.931346015 7175727.934328663, 672841.8555469679 7175723.142925829, 672849.0427473969 7175716.692922736, 672858.9941467457 7175701.765716965, 672884.1843435878 7175656.700500548, 672894.7187418626 7175635.903693199, 672917.1127445253 7175622.218485156)
R. ANTÔNIO ZAK;COLETORA 2;LEI Nº 15511 / 2019;LINESTRING (676573.8214324655 7174628.078072047, 676489.5730067762 7174604.071683966, 676399.1763792305 7174578.37809676, 676306.2611512631 7174553.578110301, 676213.7853232615 7174528.078123568, 676121.2730952753 7174502.6661368515, 676028.6454671714 7174476.80235004, 675935.7694393005 7174452.297363607, 675880.921822998 7174438.561971797)
R. ANTÔNIO ZANON;COLETORA 1;LEI Nº 15511 / 2019;LINESTRING (669275.3963402543 7171146.321734197, 669243.4613328993 7171147.898541069, 669227.9495296018 7171150.017544736, 669217.765327615 7171152.280747354, 669204.4691260282 7171160.201951978, 669188.6269247486 7171172.649358219, 669165.5357226194 7171189.490366998, 669155.0467215092 7171196.435770813, 669134.9191188863 7171207.349977553, 669112.3863150391 7171215.083984004, 669088.143910059 7171219.25658994, 669063.1969045509 7171221.666195589, 669039.3840988828 7171221.94960049, 669025.2096953597 7171221.38260323, 669003.9482893284 7171216.847006442, 668982.395081436 7171203.485207569, 668969.079275971 7171192.325207561, 668950.085667439 7171172.764606664, 668919.3272513066 7171129.6746024415, 668910.3974463441 7171115.78380088, 668902.4598417346 7171102.459999254, 668883.7496286466 7171060.078592764, 668874.5850225023 7171040.630189902, 668869.479219775 7171033.226789142, 668859.7780163583 7171027.865589807, 668846.7580125578 7171024.546791641, 668827.0522072127 7171021.524394902, 668816.5632045207 7171020.673996823, 668795.7269995457 7171020.815801078, 668732.879985108 7171024.0578146, 668715.8873813121 7171025.460818382, 668707.627380252 7171030.023021161, 668662.0333739098 7171052.777035916, 668630.5663696219 7171068.935846208, 668582.4059625719 7171091.272661378, 668561.3601596229 7171101.678468162, 668502.04055365 7171142.607090099, 668484.606152599 7171158.127897395, 668453.0327504935 7171185.236310361, 668407.0015477907 7171226.58992971, 668343.2169436701 7171282.082556083, 668330.2475416263 7171287.397959994, 668315.2581389666 7171292.075564161, 668272.6287315714 7171306.214376207, 668239.487925259 7171314.428984899, 668175.4731124268 7171327.128400911, 668131.1141052247 7171344.303814039, 668111.4619024398 7171353.9294203445, 668100.5405008112 7171358.879023751, 668092.9136998735 7171363.327826371, 668059.7016966179 7171386.785238774, 668020.7362926243 7171413.46825312, 668008.2684915694 7171423.11225798, 667935.0116843705 7171474.85288533)
R. ARACY DE CARVALHO GUIMARÃES ROSA;COLETORA 2;LEI Nº 15511 / 2019;LINESTRING (667558.8623464478 7177206.00917442, 667531.5649349105 7177182.2479739655, 667453.1679020487 7177115.288372983, 667410.0102851954 7177084.559173974, 667344.0990575997 7177028.353573167, 667328.8532511595 7177015.066172909, 667283.6730320796 7176975.689372145, 667198.7461975453 7176908.250372345)
R. ARARY SOUTO;OUTRAS VIAS;LEI Nº 15511 / 2019;LINESTRING (677917.7953134816 7191273.415666675, 677854.592097485 7191276.805881058, 677829.0928911936 7191278.9382870635)
R. ARAÇARI;COLETORA 2;LEI Nº 15511 / 2019;LINESTRING (672257.052661767 7176006.47311734, 672321.6132859804 7176046.692913996, 672341.8472934854 7176058.891912846, 672352.3688973885 7176065.235512248, 672366.2663019759 7176070.869110774, 672384.6405075223 7176075.810508204, 672418.2829173898 7176083.454903144, 672641.220783261 7176136.379270153, 672659.764388677 7176140.471667331, 672670.8003919001 7176142.90726565)
R. ARCHÂNGELO SMANIOTTO;COLETORA 2;LEI Nº 15511 / 2019;LINESTRING (678629.5418596403 7182673.375261138, 678704.6792839076 7182697.4574512215, 678715.5212869941 7182698.998249293, 678762.3855021029 7182713.887643071, 678809.7189174107 7182729.134636836, 678819.74032004 7182729.513234785, 678932.2949561964 7182764.609019654, 678979.9715717526 7182780.583013523)
R. ARCÉSIO DE BARROS LIMA;COLETORA 2;LEI Nº 15511 / 2019;MULTILINESTRING ((667173.8780021936 7170981.72151868, 667169.4647957609 7170954.954113072, 667144.3877599864 7170806.673282159, 667126.9445344673 7170700.351859901, 667106.064904744 7170577.148634259), (667375.6228647337 7172047.229537288, 667329.173434441 7171952.242923464, 667282.2746040652 7171857.328909755, 667269.619395931 7171832.018506132, 667229.3379701943 7171752.199894782, 667220.4047652006 7171738.055693131, 667206.6329567272 7171712.373089643, 667180.577940885 7171664.730083277, 667178.7171387938 7171656.541481657, 667179.4615312045 7171617.831472088, 667179.8335215831 7171569.4436602425, 667179.0893100486 7171512.867646631, 667179.8334977528 7171450.708231367, 667179.8336874428 7171399.343018882, 667180.2058581746 7171253.063983265, 667180.2058224643 7171075.146740074))
R. AREF KUDRI;OUTRAS VIAS;LEI Nº 15511 / 2019;LINESTRING (671354.3033079575 7176339.227986287, 671282.7774904306 7176339.762401125, 671123.6204506606 7176337.204633187)
R. ARI JOSÉ VALLE;COLETORA 1;LEI Nº 15511 / 2019;LINESTRING (669255.5825515916 7189939.613313945, 669240.295354874 7189975.5949265985, 669221.5285589012 7190019.766142135, 669204.912562465 7190058.874955893, 669148.8579744764 7190190.809602312, 669114.2429818839 7190272.282830986, 669088.2025874519 7190333.573452564, 669081.7607884125 7190346.676657353, 669077.3121890745 7190355.725460661, 669074.4125895044 7190361.623462817)
R. ARI JOSÉ VALLE;COLETORA 2;LEI Nº 15511 / 2019;LINESTRING (669074.4125895044 7190361.623462817, 669092.1952147421 7190463.017886187, 669101.8900285038 7190518.296898931, 669102.1996289429 7190520.061699338, 669103.8974313529 7190529.742501572, 669106.7964354679 7190546.271305382, 669111.9826428316 7190575.843512204, 669115.7826497119 7190604.843519155, 669116.2526536437 7190623.633524063, 669112.4076576697 7190648.482131459, 669095.3326630681 7190697.333547931, 669085.387664947 7190719.548355865, 669055.6336705687 7190786.014579603, 669055.5882705695 7190786.080779631, 669044.2236709299 7190802.65458635, 669033.283670645 7190815.494591988, 669011.3098688856 7190835.443001757, 668966.2336652775 7190876.364621798, 668952.1336648394 7190892.577428974, 668947.2136646855 7190898.23463148, 668935.333665304 7190916.774638828, 668926.0462677416 7190940.918447146, 668923.4436684223 7190947.684649479, 668907.2736707486 7190980.254661439, 668900.0576705777 7190988.825065184, 668900.0340705775 7190988.853065196, 668899.4244705625 7190989.576865514, 668869.2336698464 7191025.434681191, 668856.3932726156 7191055.864691908, 668844.0336838337 7191127.424713505, 668839.3652905948 7191166.930324994, 668834.181298103 7191210.794537752, 668828.9839157094 7191304.583563849)
R. ARION NIEPCE DA SILVA;COLETORA 1;LEI Nº 15511 / 2019;LINESTRING (671841.1217729921 7181892.580887912, 671894.0039816713 7181869.724871162)
R. ARION NIEPCE DA SILVA;OUTRAS VIAS;LEI Nº 15511 / 2019;LINESTRING (671519.0855207092 7182034.842790632, 671610.8097358133 7181995.3007616345, 671725.8437543416 7181943.758924758, 671841.1217729921 7181892.580887912)
R. ARISTIDES BORSATO;COLETORA 1;LEI Nº 15511 / 2019;LINESTRING (669368.8117199226 7180775.362908892, 669312.963312601 7180808.564528687, 669298.1027106504 7180817.399133952, 669239.5803028971 7180851.823754596, 669231.8923022761 7180858.31335781, 669158.3746927968 7180902.882984076, 669129.8322903746 7180926.398795853, 669110.4726909394 7180953.234206612, 669090.3320927626 7180987.255419361, 669082.9816925789 7180995.487422949, 669052.208088519 7181013.726833834, 669041.0224871329 7181020.801837906, 669007.0012817713 7181036.668848846, 668964.8416744412 7181052.958661541)
R. ARISTIDES TEIXEIRA;PRIORITÁRIA;LEI Nº 15511 / 2019;LINESTRING (674115.1581296478 7187546.893081858, 674090.1251244268 7187553.062488703, 674018.7597095378 7187570.650908217, 673953.5108959716 7187586.967126114, 673943.7082939204 7187589.3535287855, 673936.1782925061 7187591.965331042, 673929.053491429 7187595.683333505, 673921.6408904541 7187600.257536252, 673915.7440899467 7187605.179338776, 673909.567089477 7187610.635941498, 673905.0648889695 7187613.815543271, 673898.9358880626 7187617.112145415, 673895.0356873772 7187618.690946643, 673890.2996865031 7187620.408748083, 673878.9296841675 7187623.389151236, 673868.0240819308 7187626.268554267)
R. ARLINDO NATAL;COLETORA 2;LEI Nº 15511 / 2019;LINESTRING (679676.4998279357 7178507.976376722, 679566.902980234 7178413.368376521, 679385.2649037376 7178268.220379114, 679241.7914435829 7178154.609981416, 679113.87439041 7178055.303583957, 679111.1797879606 7178047.027182457, 679099.1623817624 7178032.093581287)
R. ARNALDO THÁ;COLETORA 2;LEI Nº 15511 / 2019;LINESTRING (668164.1368404577 7180894.142583018, 668158.0718364301 7180881.763381091, 668126.2142220641 7180850.334579518, 667993.5969664004 7180739.94057817, 667934.6849416126 7180690.54077748, 667872.062715417 7180638.752576926, 667809.5746894128 7180587.711776535, 667690.220439517 7180488.981375467, 667617.1794089626 7180428.404774772, 667589.6957974349 7180405.4425744675, 667556.7443835726 7180377.693574047, 667524.2085698869 7180350.294573629, 667459.5505422933 7180293.843372294, 667354.1404957259 7180193.841968089, 667257.2100528739 7180101.609964155, 667247.8094500973 7180099.540365517)
R. ARNAUD FERREIRA VELLOSO;COLETORA 2;LEI Nº 15511 / 2019;LINESTRING (665887.2244508605 7180814.726619041, 665809.6200144151 7180729.781812876, 665766.5527937643 7180680.469608905, 665720.9709718795 7180628.110404657, 665584.5369069609 7180474.162592658, 665565.3352978276 7180452.495990969, 665556.6634934591 7180441.477389894, 665539.7104863519 7180427.150989622, 665522.7574800497 7180416.883590382, 665503.4198736398 7180409.081792241, 665434.6767512249 7180383.227799322)
R. ARTHUR LEINIG;COLETORA 1;LEI Nº 15511 / 2019;LINESTRING (671788.9245091125 7188441.980399802, 671787.0817109711 7188453.343603179, 671787.2367127831 7188461.937405412, 671792.8541190072 7188485.036610346, 671801.6163290482 7188522.674018469, 671808.522938888 7188561.682427337, 671813.122943963 7188580.48243135, 671820.3229502314 7188601.782435489, 671827.0229561034 7188621.782439386, 671835.6229616257 7188637.68244181, 671852.8523707726 7188660.22584421)
R. ARTHUR TAMBOSI;COLETORA 1;LEI Nº 15511 / 2019;LINESTRING (667133.5872106801 7174062.809279797, 667072.2328043792 7174105.980902735, 667025.0451996167 7174139.623320483, 666974.8327946953 7174176.173539554, 666919.4275827662 7174184.091552607, 666869.0671719647 7174191.4981645215, 666817.772560834 7174198.400776492, 666765.9917497484 7174206.139588766, 666714.4789386855 7174213.658000928, 666663.0327276551 7174221.2680130955, 666596.7779134266 7174230.956428735)
R. ASSIS FIGUEIREDO;COLETORA 2;LEI Nº 15511 / 2019;LINESTRING (673761.6236279063 7182701.17329707, 673765.4734265339 7182689.89109337, 673782.2498229397 7182652.193280196, 673790.2152204678 7182630.621272996)
R. ATÍLIO BÓRIO;OUTRAS VIAS;LEI Nº 15511 / 2019;LINESTRING (675621.1989249405 7185664.822673855, 675648.8255791924 7185888.566126328)
R. AUGUSTO DE MARI;OUTRAS VIAS;LEI Nº 15511 / 2019;LINESTRING (671906.7992945088 7181431.34755652, 671777.5660511169 7181379.247769865, 671665.8082133147 7181332.78078103, 671598.6713904459 7181304.062187527)
R. AUGUSTO SEVERO;PRIORITÁRIA;LEI Nº 15511 / 2019;LINESTRING (675062.7755770641 7187551.588484718, 674929.5001655158 7187661.772741633, 674870.72356073 7187711.881567128, 674799.7343548642 7187772.042397825, 674728.9203485659 7187829.971227897)
R. AUGUSTO STRESSER;SETORIAL 1;LEI Nº 15511 / 2019;LINESTRING (675169.5724350832 7187695.58150013, 675310.1796757494 7187714.969475681, 675498.899330629 7187742.354243191, 675610.5011592861 7187740.49221921, 675622.6647622914 7187739.729816448, 675633.7367650032 7187738.923613906, 675759.5259948759 7187725.301583824, 675869.5166211008 7187713.908357643, 675976.0244464199 7187702.528332186, 676086.9642727562 7187690.519705614, 676214.6441031 7187676.8720750585, 676282.3469192612 7187669.975458939, 676342.125733521 7187663.853044693, 676468.1983634834 7187650.417214496, 676630.8962021868 7187633.281175552, 676673.480612323 7187628.830965362, 676747.9936299864 7187620.695947437, 676865.42405801 7187608.781119412, 676892.1206642374 7187605.399312861, 676900.8348663386 7187604.621310808, 676911.1782691381 7187605.126508748)
R. AUGUSTO ZIBARTH;COLETORA 1;LEI Nº 15511 / 2019;LINESTRING (679259.6229952428 7178839.072549934, 679344.7314831819 7179148.99100985, 679400.2431394 7179345.692847613, 679419.4363590269 7179414.549660893, 679442.3803831543 7179499.9388775565, 679447.6855883512 7179517.90468096, 679467.2022083304 7179587.989294495, 679479.8364210115 7179632.178702962, 679496.7680378959 7179690.876114179, 679506.1680475669 7179724.834120755, 679527.8574683184 7179795.934134096, 679557.5466967247 7179893.22755236, 679562.335898734 7179896.978952277, 679643.5501745403 7180154.144800011)
R. AVIADOR ARMIN BUHRER;COLETORA 2;LEI Nº 15511 / 2019;LINESTRING (680141.8695056203 7179256.019264987, 680187.0531184309 7179262.992856983, 680277.3055423872 7179269.3634390775, 680297.576147887 7179271.344435194, 680332.4403577877 7179276.791229028, 680390.7755745063 7179286.605818885, 680415.2233825886 7179295.678415887, 680442.7819923667 7179309.00061329)
R. AVIADOR VICENTE WOLSKI;OUTRAS VIAS;LEI Nº 15511 / 2019;LINESTRING (677408.8852414216 7190627.215602645, 677327.0822348646 7190697.876438865)
R. AYRTON GREIFFO;COLETORA 1;LEI Nº 15511 / 2019;LINESTRING (667248.8813937071 7182807.639256375, 667174.8385769346 7182817.89507386, 667130.9995664993 7182821.460683566, 667035.7581449716 7182834.905106107, 666993.7337360363 7182843.660116773)
R. AYRTON PIZZATTO GUSI;COLETORA 1;LEI Nº 15511 / 2019;LINESTRING (675401.8928019287 7175844.499621024, 675302.545772231 7175819.515235722, 675225.9911493387 7175800.200247023, 675122.3235183017 7175773.850262271, 675033.5910920021 7175752.53847562, 674943.5710650665 7175729.678488844, 674854.221038354 7175707.078501986, 674763.6172112236 7175683.922715243, 674663.3211812612 7175658.602329984, 674429.6035117904 7175601.158764681)
R. BELÉM;EXTERNA;LEI Nº 15511 / 2019;LINESTRING (675821.2665052268 7189121.259938968, 675917.93715361 7189230.597547522, 676043.9696174677 7189376.649559604, 676102.5506471726 7189444.572765233, 676159.3446759332 7189510.208370635, 676195.1146942277 7189552.373574257)
R. BELÉM;OUTRAS VIAS;LEI Nº 15511 / 2019;LINESTRING (675443.1959141046 7188683.480902869, 675528.8661573549 7188782.567711014, 675614.3608004338 7188880.966919017, 675737.4812632846 7189026.365331525)
R. BENJAMIN LINS;SETORIAL 2;LEI Nº 15511 / 2019;LINESTRING (673051.0693939186 7185334.9407253545, 673001.4949765103 7185312.536929818, 672962.3087625834 7185294.014133132, 672932.6171518648 7185279.175535434, 672845.7867209173 7185237.670942651, 672727.2080786471 7185180.870952466, 672580.1440268765 7185113.492165416)
R. BENTO VIANA;PRIORITÁRIA;LEI Nº 15511 / 2019;LINESTRING (672875.3522240364 7183769.113556232, 672870.9470257075 7183782.6035606265, 672853.7360309208 7183828.953776159, 672850.1368330345 7183843.590380684, 672820.0460410379 7183919.303406471, 672762.2840570561 7184067.889056827, 672701.7180737703 7184223.385909573, 672632.8832924194 7184398.585769155, 672567.0483110067 7184569.907427143, 672518.1521241766 7184694.164669457, 672505.3057279388 7184728.281480958, 672451.6845426124 7184865.774527701, 672384.5045612105 7185039.1745865885)
R. BERNARDINO MONTEIRO;COLETORA 2;LEI Nº 15511 / 2019;LINESTRING (678902.3856975597 7190917.161760991, 678901.576900016 7190929.609764486, 678901.340901523 7190936.92656649, 678902.389905479 7190954.078170842, 678904.4879084616 7190965.407573414, 678907.425111488 7190975.897775583, 678912.9253158321 7190989.381578002, 678926.3253247791 7191014.581581855, 678938.7253333754 7191039.381585814)
R. BERNARDO JACINTHO DA VEIGA;OUTRAS VIAS;LEI Nº 15511 / 2019;LINESTRING (671459.2238669724 7179902.71305996, 671334.4528359082 7179903.851685906, 671216.1802064017 7179904.645110412)
R. BISPO D. JOSÉ;SETORIAL 2;LEI Nº 15511 / 2019;LINESTRING (671772.4477454892 7184755.646439346, 671567.1974805695 7184696.175666189, 671521.8586661888 7184682.830272058, 671497.6292581139 7184673.795674698, 671475.0424496164 7184660.654275941, 671390.1902146572 7184596.492276762, 671323.377187289 7184546.701877596, 671298.5605771462 7184528.305877931, 671241.1009533148 7184484.003078262, 671218.785142633 7184459.837476589, 671201.1263331305 7184435.607873943, 671185.5209241568 7184411.378470875, 671169.9155138356 7184380.5782661075, 671138.6614917915 7184312.200654831, 671113.5176799304 7184285.791253161, 671089.9746694609 7184264.151252395, 671060.1468587272 7184249.061454611)
R. BOA ESPERANCA;COLETORA 1;LEI Nº 15511 / 2019;LINESTRING (675505.3563845744 7175641.259748749, 675419.2527523063 7175588.512953785, 675328.519518345 7175533.057959119, 675261.5590935748 7175493.497563389, 675196.4590693428 7175454.2975673545, 675126.2210429084 7175410.578371274, 675105.9210354445 7175398.778372614, 675069.6890107249 7175323.459961552, 675061.7610058252 7175309.406159733)
R. BOCAIÚVA;COLETORA 1;LEI Nº 15511 / 2019;LINESTRING (670763.7694888075 7182813.521745354, 670635.4030481229 7182774.25096155, 670515.5814099439 7182736.563176387, 670394.709771433 7182698.4999913275, 670274.5725331982 7182660.818606198, 670154.2798950339 7182623.626021213, 670124.2220854233 7182613.954424866, 670034.5252568824 7182585.764435931, 669914.6028187997 7182548.407050796, 669794.3129803278 7182509.531865332)
R. BOM JESUS;CENTRAL;LEI Nº 15511 / 2019;LINESTRING (675412.548063666 7188481.756056078, 675476.6568687866 7188426.511828021)
R. BOM JESUS;OUTRAS VIAS;LEI Nº 15511 / 2019;MULTILINESTRING ((675476.6568687866 7188426.511828021, 675523.3214727497 7188387.4418079, 675548.3572750895 7188367.503797373), (675327.616457058 7188555.843893482, 675412.548063666 7188481.756056078))
R. BOM JESUS;PRIORITÁRIA;LEI Nº 15511 / 2019;LINESTRING (675548.3572750895 7188367.503797373, 675635.1238800454 7188283.481556956, 675681.72688082 7188229.428132897, 675701.9712804152 7188202.435321521, 675720.7494800373 7188177.39891097, 675722.9238799484 7188174.28150969, 675729.381479564 7188164.462305743, 675756.9238776645 7188121.361488586, 675783.7074755832 7188078.356071617, 675800.3064747559 7188053.90046168)
R. BORTOLO PELANDA;COLETORA 2;LEI Nº 15511 / 2019;LINESTRING (672408.0078552061 7171929.3462822065, 672401.3452529514 7171926.2204828225, 672276.5198259266 7171941.178312294, 672267.3320238127 7171941.676714316, 672252.2042202654 7171942.1739175655, 672198.5784088683 7171949.637930471, 672169.9198024995 7171952.278337039, 672159.8954002892 7171953.294939358, 672132.5163943175 7171956.365145764, 672123.585992383 7171957.434947872, 672102.6489874083 7171957.81275229, 672091.4095846813 7171957.744554594, 672064.0287776585 7171955.733559759, 672044.5821719682 7171950.898762599, 671948.46554294 7171922.641375555, 671918.7641335607 7171911.915779071, 671756.6444808372 7171845.912996428, 671738.4938748433 7171838.075198261, 671716.6556684264 7171832.498201405, 671688.1526609502 7171829.574806567, 671667.1282558898 7171829.618610911, 671647.5336510782 7171829.206014849, 671634.2466483333 7171831.43841813, 671613.5008441887 7171835.600023419, 671576.9380361671 7171839.469031893, 671453.0342102377 7171858.672062084, 671424.1164038427 7171861.4976687245, 671417.7256026454 7171863.165070444, 671414.8214020999 7171863.922671227, 671376.8871976859 7171886.940484641, 671297.011190515 7171945.770515408, 671197.3755817468 7172020.08635401, 671112.9557749301 7172086.105387459, 671077.8077711611 7172109.080200282, 671058.3821706471 7172129.423209235, 671050.5773700022 7172135.463212311, 671026.6503692612 7172159.99602321, 671015.7469681199 7172167.265027223, 671004.5405655666 7172168.022229707, 670999.8999640597 7172166.1340302)
R. BR. DE GUARAÚNA;OUTRAS VIAS;LEI Nº 15511 / 2019;LINESTRING (675287.1485514439 7188103.63178278, 675294.9237574536 7188122.581586137, 675342.747594109 7188237.616606388)
R. BR. DE GUARAÚNA;PRIORITÁRIA;LEI Nº 15511 / 2019;LINESTRING (675004.6777330549 7187413.865060747, 675009.9829364816 7187423.622262196, 675012.898538553 7187429.882463228, 675062.7755770641 7187551.588484718, 675116.3252197002 7187688.315909402, 675139.6644370295 7187741.91671859)
R. BR. DE SANTO ÂNGELO;COLETORA 2;LEI Nº 15511 / 2019;LINESTRING (673632.8475688531 7176814.526633165, 673638.617169174 7176809.219030636, 673708.5105754579 7176756.489802906, 673736.5737778686 7176734.800191643)
R. BR. DO RIO BRANCO;OUTRAS VIAS;LEI Nº 15511 / 2019;LINESTRING (674319.0229855112 7185646.981142437, 674320.8649850382 7185642.447940873, 674345.275578744 7185582.2529200995, 674381.1751692804 7185492.7572893035)
R. BR. DOS CAMPOS GERAIS;EXTERNA;LEI Nº 15511 / 2019;LINESTRING (675477.3360059077 7188126.811148893, 675495.0328189284 7188166.760555691, 675524.9274424011 7188241.245969025)
R. BRASÍLIO BACELLAR FILHO;COLETORA 2;LEI Nº 15511 / 2019;LINESTRING (678938.7253333754 7191039.381585814, 678917.6253333546 7191065.281597255, 678862.4381348568 7191140.312629122, 678841.2789353351 7191168.645841226, 678774.2047355435 7191252.381677971, 678690.2599359632 7191358.016324187, 678603.914936368 7191466.642171722, 678519.1465371819 7191575.327818939, 678435.2795382887 7191684.381866068)
R. BRASÍLIO BACELLAR FILHO;OUTRAS VIAS;LEI Nº 15511 / 2019;LINESTRING (678435.2795382887 7191684.381866068, 678393.5549390902 7191739.839289838, 678353.1949396833 7191792.665312616, 678310.3943393023 7191843.984935511)
R. BRASÍLIO CUMAN;COLETORA 2;DECRETO EST Nº 5063 / 2001 - LEI Nº 15511 / 2019;LINESTRING (665509.7422227471 7188708.8296398595, 665494.2413194488 7188712.632943939, 665437.1783070415 7188725.270758595, 665299.0740760237 7188750.908192743, 665155.4086437589 7188777.627428256, 664915.0811897645 7188822.32388761, 664664.073331919 7188861.792547624, 664588.2409145276 7188874.171365861, 664537.8649028124 7188881.570377754)
R. BRASÍLIO DE LARA;COLETORA 1;LEI Nº 15511 / 2019;LINESTRING (680579.0459825764 7186493.089631133, 680580.2853774154 7186467.774424246, 680580.2853642185 7186406.829408314, 680577.8147546635 7186365.650198087, 680577.3783506668 7186347.723993497, 680577.6703472317 7186331.512389197, 680578.4755447768 7186319.213585809, 680581.5757408729 7186297.484379462, 680587.0749341974 7186260.0899685025, 680590.1911311911 7186242.492363231, 680595.1403286201 7186224.711757516, 680645.558711767 7186086.741310576)
R. BRASÍLIO ITIBERÊ;OUTRAS VIAS;LEI Nº 15511 / 2019;LINESTRING (672491.0173293529 7183786.098240216, 672339.26627801 7183725.30765591, 672248.2656471811 7183688.603665246)
R. BRASÍLIO ITIBERÊ;PRIORITÁRIA;LEI Nº 15511 / 2019;LINESTRING (676001.4033268124 7185209.311075202, 675879.2196844651 7185157.568287538, 675768.4708463125 7185111.700098976, 675749.6730405979 7185107.518501852, 675593.0321867162 7185042.926718079, 675530.9439656395 7185018.62072484, 675467.7223440018 7184993.020731499, 675352.8233046966 7184946.534743605, 675277.1194788862 7184916.280951671, 675135.147230342 7184858.80896659, 675054.3280026693 7184825.866775015, 675017.0747898342 7184810.294978797, 674963.1185713644 7184788.299984418, 674835.6663277601 7184736.409597695, 674712.6756858751 7184687.185810713, 674587.1756430317 7184636.376423832, 674474.731404475 7184589.985035347, 674365.203967056 7184545.390646705, 674294.694542937 7184516.514253968, 674095.8134751873 7184436.276274741, 674006.8992448612 7184400.166883953, 673889.6182049019 7184352.681096131, 673784.7227691468 7184310.081106978, 673635.2685181517 7184249.052322324, 673518.206278295 7184201.581134417, 673470.5794621479 7184182.581139413, 673294.0794022421 7184111.746157803, 673180.3093635121 7184065.467769479, 673047.8875185051 7184011.867983123, 672928.817478038 7183963.607995361, 672820.0460410379 7183919.303406471, 672722.6442080209 7183880.146216543, 672621.7007737434 7183839.224626882, 672529.0661422976 7183801.673836363, 672491.0173293529 7183786.098240216)
R. BRASÍLIO PERY MOREIRA;COLETORA 2;LEI Nº 15511 / 2019;LINESTRING (671223.8349541684 7174774.137224758, 671104.2507182506 7174741.720841311, 671009.034089922 7174717.207054801, 670914.120061713 7174692.879268266, 670818.6478332161 7174667.779281644, 670725.3944052699 7174642.693494559)
R. BRASÍLIO RIBAS;COLETORA 2;LEI Nº 15511 / 2019;LINESTRING (672526.0653482398 7179968.609456524, 672614.2579565959 7179902.098421408, 672721.7171666945 7179820.743778538, 672828.6807768494 7179740.361936008, 672936.0807869857 7179659.45729325, 673042.8989970968 7179579.2390507795, 673150.3580073947 7179499.2390082255, 673257.3762173526 7179418.238965505, 673312.6730228427 7179378.090343857)
R. BRAZÍLIO DE ARAÚJO;COLETORA 1;LEI Nº 15511 / 2019;LINESTRING (669491.90785997 7178361.062273184, 669588.1426458197 7178173.775606526, 669712.4008272161 7177930.633520174, 669781.1972166519 7177794.878272102, 669851.4478065143 7177659.544623854, 669920.0295958789 7177523.91897589, 669981.76378649 7177402.839132981, 670013.4629820487 7177342.557311426, 669976.8131563755 7177261.213698549)
R. BRIG. ARTHUR CARLOS PERALTA;OUTRAS VIAS;LEI Nº 15511 / 2019;LINESTRING (677052.4788952358 7190381.398412913, 676970.1138882593 7190450.809648866)
R. BRIG. FRANCO;PRIORITÁRIA;LEI Nº 15511 / 2019;LINESTRING (672217.0255638364 7187197.1479841955, 672262.30195277 7187086.673145886, 672327.1971371515 7186929.593891328, 672397.9715201254 7186758.470031906, 672455.7109061554 7186618.581983374, 672502.2138951316 7186507.081944607, 672553.5894819077 7186378.9245004915, 672591.1208733916 7186290.875869731, 672622.2188657824 7186215.279843558, 672645.8248600217 7186157.985823719, 672700.3248465587 7186024.98997774, 672754.0208335926 7185895.479732853, 672805.5654210224 7185770.6338896435, 672812.1490210162 7185762.413886138, 672972.8258279547 7185596.101209521, 672977.7228274208 7185587.443006252, 673047.8716300859 7185513.186972374, 673114.7922327097 7185442.789740172, 673170.5228348067 7185383.781513255, 673171.5404348491 7185382.720912768, 673180.0228351965 7185373.881508708, 673249.8838169689 7185199.598448899, 673257.9592165154 7185187.414844055, 673311.3650027943 7185055.313398649, 673375.9447855158 7184892.381342938)
R. BRIG. FRANCO;SETORIAL 1;LEI Nº 15511 / 2019;LINESTRING (673635.2685181517 7184249.052322324, 673696.3143018285 7184095.6522699455, 673747.993888282 7183967.189625982, 673829.4470672247 7183766.274157129, 673879.4294537663 7183640.505314257, 673935.9536387672 7183499.42546609, 673968.8334303913 7183419.070038521, 674001.0854218958 7183338.953011152, 674011.7228194542 7183314.253002571, 674072.5520171007 7183228.697967844, 674076.9698164747 7183220.306764761, 674115.1542086386 7183136.190935138, 674146.7436019842 7183065.806710431, 674184.4707940659 7182981.923880976, 674222.1075860364 7182897.6544514485, 674269.9141762897 7182792.828214519, 674319.2451662369 7182684.7415764425, 674361.6661567439 7182587.793742683, 674367.3767563821 7182579.127539265, 674418.630546012 7182467.313099852, 674420.4337450932 7182460.733097788, 674462.165535887 7182366.103064787, 674494.5317294 7182295.860640006, 674505.8763246099 7182259.224828242)
R. BRUNO FILGUEIRA;OUTRAS VIAS;LEI Nº 15511 / 2019;MULTILINESTRING ((672143.3459273856 7184206.849420764, 672139.2237296635 7184222.996425791, 672113.3563365738 7184288.552648086), (672101.3495397802 7184318.982058437, 672079.4023456376 7184374.602877359, 672055.1603516582 7184433.881497704, 672016.7223615809 7184529.72473045, 671963.4261752133 7184662.092775734), (671353.8054990052 7186025.589655671, 671308.5603090123 7186131.168892505, 671247.8537223007 7186272.23794179))
R. BUENOS AIRES;OUTRAS VIAS;LEI Nº 15511 / 2019;LINESTRING (673018.6707374004 7185102.750471749, 673086.3615260884 7184964.420221792, 673163.7743133357 7184807.236164942)
R. BÁRBARA CVINTAL;OUTRAS VIAS;LEI Nº 15511 / 2019;LINESTRING (669114.6229604813 7185234.733306956, 669109.5473609195 7185243.328910219, 669096.3803592151 7185251.625915043, 669083.9349585017 7185263.890920753, 669056.2151537294 7185275.532129398, 668943.4561335254 7185318.995563546, 668839.1243141484 7185355.896594266, 668783.7033026404 7185369.507009024)
R. BÔRTOLO GUSSO;COLETORA 1;LEI Nº 15511 / 2019;LINESTRING (672173.0528868322 7179131.99071788, 672167.0794811288 7179111.614513971, 672185.3210649802 7179011.379884905, 672196.2210561945 7178955.679868601, 672196.5280559491 7178954.1214681445, 672201.8508517459 7178927.342660289, 672211.5212429087 7178872.885044559, 672221.2262338799 7178817.475028584, 672229.8126261333 7178769.620014748, 672235.1584202499 7178734.694404842, 672238.3212184118 7178721.980000984, 672270.8668194935 7178687.940185681, 672287.3432202842 7178671.891178233, 672331.6946219519 7178626.46235762, 672393.1112245512 7178564.997929441, 672403.7942250357 7178554.474924583, 672453.4028270746 7178504.566301754, 672513.6912297043 7178444.699874211, 672574.423831944 7178382.454845976, 672633.0394341287 7178322.528618764, 672702.6222374683 7178255.042187379)
R. CAETANO MARCHESINI;OUTRAS VIAS;LEI Nº 15511 / 2019;LINESTRING (671562.9821587537 7181193.869566774, 671449.2963230447 7181159.76578147, 671433.299518809 7181158.7995845135, 671321.9046904362 7181157.533607092)
R. CALIXTO DE JESUS;COLETORA 2;LEI Nº 15511 / 2019;LINESTRING (678879.6778552117 7191680.338369818, 678931.7312553441 7191616.635541605)
R. CALIXTO DE JESUS;OUTRAS VIAS;LEI Nº 15511 / 2019;LINESTRING (678709.4780568093 7191898.385064697, 678667.5482571098 7191951.733487973, 678625.1460575188 7192006.187911652, 678581.4656573853 7192059.731335359)
R. CALIXTO RAZOLINI;OUTRAS VIAS;LEI Nº 15511 / 2019;LINESTRING (671386.6123484462 7181360.251445487, 671410.1239444038 7181311.71142827, 671418.921342218 7181290.280620996, 671420.8213404776 7181279.480617849, 671428.5713322344 7181229.885203607, 671434.5585254093 7181189.356392045, 671431.3601227826 7181180.501390444, 671433.299518809 7181158.7995845135, 671436.1635114643 7181119.573573926, 671438.7035106153 7181112.328371558, 671441.6212954636 7181035.080551275)
R. CAMPINAS;OUTRAS VIAS;LEI Nº 15511 / 2019;LINESTRING (676180.8904522929 7189371.515529336, 676102.5506471726 7189444.572765233)
R. CAMPOS SALES;EXTERNA;LEI Nº 15511 / 2019;LINESTRING (674506.0998522611 7187647.00542645, 674526.471256818 7187643.454221252, 674535.4294589144 7187642.334419085, 674544.8080612695 7187641.9296170175, 674552.1598634192 7187643.063615776, 674557.7354652452 7187644.852015077, 674563.3110672007 7187647.271614546, 674569.4126695151 7187650.743214183, 674576.4550725066 7187656.277814163, 674640.1171037891 7187726.566019308, 674728.9203485659 7187829.971227897, 674821.7235951308 7187936.833436562, 674935.0328522313 7188068.321447412, 675008.2746892828 7188153.908054585, 675100.4877354098 7188259.068662936, 675190.3803803484 7188361.347871018, 675270.4888174897 7188438.576874552, 675282.3548231948 7188450.9822753295, 675294.580429335 7188465.005876461, 675304.4440350247 7188479.819078295)
R. CAMÕES;COLETORA 1;LEI Nº 15511 / 2019;LINESTRING (676393.7392518654 7188159.890764297, 676391.7610482125 7188145.054960808, 676389.2874454181 7188134.894958654, 676387.4320437756 7188129.417557605, 676384.6050418245 7188123.6749566905, 676386.2296345733 7188087.38594679)
R. CANADÁ;EXTERNA;LEI Nº 15511 / 2019;LINESTRING (676340.0790968968 7189385.018899274, 676353.9243037326 7189400.181700364, 676426.4145401743 7189482.5779068675, 676531.7387942928 7189607.703317754, 676629.648044697 7189724.338527963, 676634.3514472338 7189730.484128598, 676659.6092609479 7189763.908932118, 676674.6596691136 7189783.794934207, 676693.9138791065 7189807.084336311, 676750.595707793 7189872.167341579, 676829.1619476454 7189962.740148978, 676907.9245877312 7190054.081756545, 677038.4998534265 7190201.759968096, 677132.5883013534 7190310.813377127, 677224.425548143 7190417.184785926, 677270.1413712783 7190469.365390102, 677316.0737944933 7190521.618194252, 677408.8852414216 7190627.215602645, 677499.8146877186 7190732.075611245, 677589.7715336888 7190836.501019941, 677593.5423360132 7190842.741420802, 677599.1087394269 7190851.87042205, 677612.9143489848 7190879.640026518, 677622.3129561617 7190901.684830397, 677630.5519617412 7190917.668632907, 677638.1319667953 7190932.004635117, 677651.0155745686 7190952.53123785, 677669.9345853386 7190979.62644105, 677681.3045916772 7190995.280642806, 677699.5954012418 7191017.49524484, 677727.0314155411 7191050.585447826, 677761.048433024 7191090.441851219, 677815.0220610998 7191155.2232570145, 677917.7953134816 7191273.415666675, 677923.4437164003 7191280.091467254, 677926.9601181648 7191283.998667548, 677934.6183219249 7191292.125668087, 677942.0421253381 7191298.92426832, 677970.9917379671 7191322.215468368)
R. CAP. AMIN MOSSE;COLETORA 2;LEI Nº 15511 / 2019;LINESTRING (676207.9214563989 7175164.378282197, 676002.9861918736 7175096.807708774, 675950.8625753479 7175079.0547153875, 675898.7155590359 7175062.3313222565, 675849.2919434609 7175045.925528625, 675799.6391278945 7175029.825535119, 675747.1213113993 7175012.63134194, 675700.5688968557 7174997.758148076, 675648.6744804592 7174980.292954696)
R. CAP. ARGEMIRO MONTEIRO WANDERLEY;OUTRAS VIAS;LEI Nº 15511 / 2019;LINESTRING (671390.1581463432 7177455.283457651, 671269.3647164183 7177455.398682514, 671110.8266771114 7177455.379915075)
R. CAP. LEÔNIDAS MARQUES;COLETORA 1;LEI Nº 15511 / 2019;LINESTRING (678767.6083806712 7182141.421895089, 678810.7419749888 7182063.934265989, 678865.4441724846 7181987.626634715, 678888.085572256 7181959.826622739, 678921.7955730017 7181923.498206207, 678949.5235745102 7181897.803593679, 678966.1747756312 7181883.377986414, 679018.8605805011 7181843.911765002, 679040.1343825085 7181828.169156407, 679136.4753893092 7181746.2881147675, 679160.4845916749 7181729.017105192, 679171.4291943044 7181728.359102671, 679184.0915950369 7181716.856697008, 679209.9981945286 7181683.990083035, 679215.2597939726 7181675.214679662, 679268.87358087 7181551.20323644, 679274.9935755997 7181519.500827026, 679268.7493684341 7181493.51502173, 679248.2023454442 7181410.765605014, 679242.1789408248 7181396.3614026345, 679230.1317348508 7181382.743001748, 679145.2784988882 7181315.1746027395, 679135.0878937364 7181303.185201869, 679130.2956911474 7181296.76220126, 679123.8440866695 7181283.509999266, 679099.9708696054 7181232.154591292, 679095.5902658254 7181219.708389059, 679094.7064628722 7181207.002586007, 679098.3540597376 7181188.130180409, 679101.1146589579 7181181.259178064, 679107.4122565126 7181162.47657192, 679117.5594537219 7181137.563363387, 679125.5378523055 7181121.606757604, 679131.1132521146 7181114.168754511, 679170.8302569048 7181089.816139765, 679189.1462573011 7181070.163530819, 679195.8972567358 7181059.607526677, 679214.0048515126 7181014.064511177, 679221.427848003 7180989.0299031995, 679224.486647289 7180982.126300784, 679272.9800407308 7180894.7628681, 679286.604640576 7180878.0698609175, 679304.7706437036 7180871.318855291, 679336.6840499789 7180863.095046332, 679359.8130538047 7180853.781038985, 679429.3728422322 7180718.565989591, 679464.5460337129 7180637.84176148, 679472.8542321675 7180620.9499553945, 679536.3208165781 7180474.383904456, 679541.2926142887 7180457.946499209, 679559.1284027993 7180383.780276518, 679561.0115995759 7180366.622071752, 679566.3023958856 7180343.3098646905, 679572.2849925243 7180320.728057665, 679585.4223852588 7180271.667042374, 679593.1709831861 7180253.014435967, 679605.3071801049 7180224.556826128, 679622.4653781042 7180195.262414992, 679635.0201761621 7180171.617806286, 679643.5501745403 7180154.144800011, 679647.9337733433 7180143.4807963595, 679674.2565658719 7180078.151574109, 679682.5741641391 7180060.417967816, 679690.4207631997 7180046.9215627005, 679703.0171624108 7180028.589155334, 679709.4177623736 7180020.9695520215, 679741.8583637609 7179989.630137078, 679757.7481648821 7179976.329930278, 679769.515366284 7179969.140725917, 679775.4031669018 7179965.148323635, 679801.0619655222 7179928.896308908, 679811.7727654168 7179915.949303316, 679826.3677658034 7179900.7658963185, 679842.6103669327 7179887.112489352, 679862.8549697521 7179876.637082329, 679894.516574648 7179862.513071915, 679899.7855746797 7179856.540869265, 680053.3339520482 7179573.454964408, 680088.1131450575 7179500.771738499, 680098.5537466238 7179495.924935017, 680109.9855387169 7179446.081319935, 680115.062737879 7179436.319516368, 680118.1137357552 7179422.9617123315, 680135.0629219987 7179339.680287607, 680135.1077197613 7179329.273284966, 680142.7759118904 7179283.98227186, 680141.8695056203 7179256.019264987)
R. CAP. SOUZA FRANCO;PRIORITÁRIA;LEI Nº 15511 / 2019;MULTILINESTRING ((672019.5225483757 7185431.681763946, 671962.9697610575 7185563.785209974, 671907.3585730614 7185691.509454688, 671905.0077744459 7185701.169257688, 671871.4743818658 7185779.1134848995, 671862.5219818084 7185790.036489589), (671823.2503916192 7185886.808122897, 671792.3825988607 7185960.617948495, 671755.3494071396 7186047.222578705, 671728.6296130345 7186109.349200413, 671701.8248187754 7186170.85602198, 671696.2676193763 7186180.747425705, 671656.9864292741 7186278.138659213, 671648.0396297699 7186291.784064617, 671634.3564330661 7186324.982876103, 671628.6226333729 7186333.682079554, 671544.7994255214 7186400.86951435))
R. CAP. VIRGÍNIO D'OLIVEIRA MELLO;COLETORA 1;LEI Nº 15511 / 2019;LINESTRING (672734.8985408254 7187402.538730973, 672789.260764122 7187446.802131331, 672800.5287687089 7187454.805531098, 672812.7929730754 7187460.495530049, 672822.7483763614 7187463.861728869, 672861.4547880064 7187471.502122854)
R. CARLOS AUGUSTO CORNELSEN;COLETORA 1;LEI Nº 15511 / 2019;LINESTRING (673877.1170239297 7189255.377181999, 673870.1960209917 7189249.978382014, 673860.8676174816 7189244.875782607, 673851.6986143818 7189241.526983634, 673839.1810105366 7189238.816185524, 673800.7705993082 7189233.241992053, 673780.9525938174 7189231.818595804, 673766.9113900469 7189231.3835986145, 673744.223784344 7189232.54940365, 673706.6321752352 7189236.116612424, 673536.5093339917 7189252.168452082, 673517.7135294079 7189253.814856429, 673506.5559268297 7189255.479059191, 673493.7417241774 7189258.874062754, 673482.009721772 7189262.093666048)
R. CARLOS CHAGAS;COLETORA 2;LEI Nº 15511 / 2019;LINESTRING (666518.9148089557 7187819.515704753, 666551.0213969377 7187717.483271528, 666595.3213828931 7187589.48322906, 666606.4213803668 7187562.383219726, 666613.0213779472 7187541.683212974, 666622.9213679322 7187478.68319446, 666624.721567003 7187471.683392264, 666634.9215634598 7187440.68338209, 666676.161961773 7187378.623157566, 666691.9215614819 7187356.683348662, 666711.9215608189 7187327.383336978, 666734.9215601549 7187294.183323676, 666747.1553604105 7187279.573517397, 666751.7663609975 7187276.525115676, 666761.3215621312 7187269.7833119985, 666780.4853660862 7187264.674706827, 666801.3635704834 7187259.557901309)
R. CARLOS DIETZSCH;COLETORA 1;LEI Nº 15511 / 2019;LINESTRING (671357.6185888848 7181592.601510762, 671195.659761023 7181656.363360327, 670954.7571193993 7181750.5340338275, 670929.921515807 7181763.664842276, 670814.1430984074 7181821.757680859, 670790.0742938187 7181829.098687669, 670775.4804924569 7181840.48289357, 670639.9192720682 7181908.540738734, 670484.0238481895 7181984.83859015, 670326.338223963 7182061.781242073, 670170.8788000991 7182137.881293304, 670015.6447763047 7182214.181344518)
R. CARLOS DIETZSCH;OUTRAS VIAS;LEI Nº 15511 / 2019;LINESTRING (671466.8306083297 7181552.868878158, 671357.6185888848 7181592.601510762)
R. CARLOS PIOLI;PRIORITÁRIA;LEI Nº 15511 / 2019;LINESTRING (673821.7994215398 7188353.810555373, 673816.2968201331 7188353.956156558, 673810.8210190684 7188355.70835816, 673805.5644183811 7188358.993760122, 673801.0742180996 7188363.264962183, 673786.8372177611 7188379.473169424, 673774.7906175593 7188393.600775659, 673768.7672172419 7188399.623978501, 673764.7150169372 7188403.237980299, 673757.9252161689 7188408.056782983, 673751.354215092 7188411.1231851615, 673744.0166137008 7188413.641987354, 673721.1462089125 7188419.318593614, 673675.3185991731 7188430.006005976, 673564.7495759518 7188457.150436152, 673465.3007547234 7188479.943462851, 673452.933752856 7188486.496067153, 673443.0069512682 7188491.329070492, 673433.8637494226 7188493.941273082, 673422.108346543 7188494.855675768, 673406.8261423626 7188493.9412787035, 673384.9129360369 7188491.045882495, 673351.442526045 7188485.030487865, 673332.7575200752 7188479.781890364, 673319.9509157708 7188475.163091809, 673261.3274951403 7188449.5550972335, 673237.8238869096 7188439.473499458, 673216.9466791006 7188428.127300802, 673195.1242703486 7188413.415101454, 673176.7810623479 7188397.946301185, 673159.6212546949 7188382.665500719, 673144.5578472938 7188365.949899439, 673126.339638022 7188344.198497486, 673102.7454263465 7188317.610895375, 673076.987813358 7188287.412092762, 673065.737207504 7188273.349091392, 673055.9670018728 7188258.496489506)
R. CARLOS PISANI;COLETORA 2;LEI Nº 15511 / 2019;LINESTRING (673480.4306551014 7177409.783213749, 673372.9155987694 7177267.120800413)
R. CARMELINA CAVASSIN;COLETORA 1;LEI Nº 15511 / 2019;LINESTRING (674924.3267958383 7193535.252907058, 674873.6645747719 7193499.339707987, 674776.8221343274 7193429.78310951, 674680.3506941085 7193360.7663111, 674581.6912535641 7193292.901913449, 674483.8986126408 7193222.040714806, 674387.1055725948 7193154.027316716, 674288.0245316355 7193084.483118685, 674282.3013292757 7193080.497918807, 674190.6164915322 7193016.83112081, 674091.9256507915 7192947.683122793, 674018.2008207922 7192898.054324817, 674008.510016411 7192889.434324518, 673999.9284121807 7192880.112923799, 673996.0814097372 7192873.306922771, 673992.2346067361 7192863.837521025, 673977.7445934989 7192818.870311949, 673956.8311736169 7192750.232097848, 673936.4893551492 7192687.6286852565, 673920.661141928 7192644.421676941, 673907.632731196 7192609.57247029, 673903.4963276281 7192597.730667971, 673897.3487232802 7192584.719665755, 673894.4197215352 7192580.088865121, 673880.7053129526 7192556.415661618, 673864.800302729 7192527.670057211, 673853.8702958515 7192508.613054369, 673844.6562897238 7192490.969251549, 673827.533276771 7192450.65824429, 673820.2552712508 7192433.455641187, 673815.0724675519 7192422.318039276, 673808.1252634074 7192411.290837763, 673803.3834609296 7192405.44623718, 673796.7304578999 7192399.39363694, 673789.2318548954 7192394.5414372, 673781.5126521531 7192391.23343792, 673773.5730497676 7192389.910039218, 673764.1998472986 7192390.020241201, 673742.6074419359 7192391.833446184, 673730.3642387907 7192392.360648875, 673648.4008171305 7192392.983866107)
R. CARMEN MAITO STINGLIN;OUTRAS VIAS;LEI Nº 15511 / 2019;LINESTRING (671649.8869967435 7182243.128417049, 671542.1487884169 7182335.475862889)
R. CARNEIRO LOBO;OUTRAS VIAS;LEI Nº 15511 / 2019;LINESTRING (672122.1304768636 7183988.431168692, 672042.912493505 7184167.266231258, 671968.6241081998 7184330.706088854, 671900.622322222 7184483.219742351, 671842.722333797 7184611.391587482)
R. CASTRO;COLETORA 1;LEI Nº 15511 / 2019;LINESTRING (673268.1217139325 7183718.782061714, 673247.6884987105 7183670.6492535435, 673200.152463241 7183558.351234458, 673152.2400274747 7183445.0284152, 673103.8575917518 7183332.428396241, 673055.3069557833 7183218.780977057, 672996.3115122376 7183081.380953945, 672945.6020748396 7182963.359934114, 672902.9138443884 7182868.923318695, 672889.6722359989 7182844.710915218, 672882.3574321262 7182835.016114244, 672859.3262206181 7182807.762512017, 672795.5645915421 7182745.734709304)
R. CASTRO ALVES;EXTERNA;LEI Nº 15511 / 2019;LINESTRING (671670.6786747489 7184538.938004153, 671724.4538620189 7184410.181559745, 671787.4878469151 7184258.47710751, 671828.4982373349 7184161.02947386, 671856.7944308554 7184094.457450821, 671933.9224126487 7183910.464387388, 671982.7044013307 7183795.131747553, 671988.128798701 7183775.667541411, 671991.5931951627 7183754.224135164)
R. CATARINA SCOTTI;COLETORA 2;LEI Nº 15511 / 2019;LINESTRING (671748.6470383941 7179411.687276103, 671759.0442406797 7179410.15167357, 671795.8896516757 7179418.755068151, 671834.6054635245 7179429.228862818, 671895.7566825522 7179447.280254773)
R. CATARINA SCOTTI;OUTRAS VIAS;LEI Nº 15511 / 2019;LINESTRING (671505.8547749799 7179398.799922839, 671583.2543957279 7179405.496108601, 671641.7056114409 7179410.764497897, 671737.5356358759 7179412.957078711, 671748.6470383941 7179411.687276103)
R. CATULO DA PAIXÃO CEARENSE;COLETORA 2;LEI Nº 15511 / 2019;LINESTRING (679604.2305628376 7182002.130079591, 679706.7676115783 7182107.672084523, 679811.0954611693 7182214.9318895135, 679817.7300643228 7182221.750489829, 679907.0936918592 7182244.283876326, 680003.3239214905 7182268.430061743, 680100.5239513533 7182292.479046917, 680198.7207816435 7182317.313632067, 680299.2734126523 7182342.680416832, 680443.5198570535 7182378.630794842, 680499.9510744457 7182392.779786257, 680558.5332925312 7182407.598177373, 680618.6063110677 7182422.743568245, 680677.9549291683 7182436.7159589715, 680737.5271476224 7182452.049549992, 680796.0125657796 7182467.271741218, 680856.0507842498 7182482.117332006, 680890.2291947347 7182490.422526722)
R. CECÍLIO TONIOLO;OUTRAS VIAS;LEI Nº 15511 / 2019;LINESTRING (671705.4362259853 7182316.690224458, 671690.5326236864 7182323.886429373, 671657.0426187273 7182341.077440676, 671644.1754166933 7182347.062244859, 671628.5218138781 7182352.681049524, 671580.5218039394 7182363.581062198)
R. CEL. AMAZONAS MARCONDES;COLETORA 1;LEI Nº 15511 / 2019;MULTILINESTRING ((676274.0241879544 7188951.516398516, 676279.5101958883 7188982.258805484, 676298.2102239629 7189091.922030535, 676302.6288307973 7189118.782836709), (675271.4934626976 7189604.201182583, 675217.5914467217 7189595.5107916035))
R. CEL. AMAZONAS MARCONDES;OUTRAS VIAS;LEI Nº 15511 / 2019;LINESTRING (676287.3412709319 7189327.62189522, 676228.1346762431 7189426.23033385, 676202.3332778114 7189465.697149759, 676193.0986780124 7189478.115955, 676185.3242776971 7189486.281758808, 676159.3446759332 7189510.208370635)
R. CEL. BRASILINO MOURA;COLETORA 1;LEI Nº 15511 / 2019;LINESTRING (673877.1170239297 7189255.377181999, 674013.3060830901 7189367.850583379, 674019.2506856619 7189372.703383425, 674029.4024897458 7189379.524783112, 674044.6260957171 7189389.009382449, 674063.5593029337 7189399.792581355, 674080.6385091286 7189408.014179968, 674154.9557342315 7189434.886971574, 674250.7233662431 7189467.872360311, 674285.9191780086 7189479.986356169, 674383.2064106688 7189514.11754488, 674396.2488147726 7189517.378143018, 674406.1540177641 7189519.251941443, 674415.6860203594 7189519.705739569, 674435.0744248718 7189516.946734784, 674563.7432532822 7189491.3615010865, 674622.8878661839 7189478.862485396, 674636.2324689876 7189475.533081719, 674648.0510711835 7189471.213678101, 674684.2606780481 7189458.625067182, 674736.2706878097 7189440.09305138)
R. CEL. DOMINGOS SOARES;COLETORA 2;LEI Nº 15511 / 2019;LINESTRING (679957.002947699 7188004.448962148, 679989.4765392705 7187926.166134533, 680021.5989305442 7187846.968906758, 680053.5251220801 7187769.246079421, 680084.1849140911 7187695.282053353, 680156.1770969314 7187529.101394128, 680215.9554804733 7187380.993142314, 680276.421864171 7187232.880290374, 680337.1648480099 7187085.188038506, 680397.5190317278 7186937.501986742, 680458.0628154395 7186789.665334923, 680518.1253987191 7186640.503482881, 680579.0459825764 7186493.089631133)
R. CEL. DULCÍDIO;OUTRAS VIAS;LEI Nº 15511 / 2019;LINESTRING (672796.2776610375 7185010.181493834, 672853.3356465861 7184869.736245564, 672917.8452299933 7184709.836390726)
R. CEL. HERCULANO DE ARAÚJO;OUTRAS VIAS;LEI Nº 15511 / 2019;LINESTRING (671448.0064841928 7180000.105486952, 671335.2168560023 7180000.672910288, 671195.4190211046 7180001.579339242)
R. CEL. JOAQUIM ANTÔNIO DE AZEVEDO;COLETORA 2;LEI Nº 15511 / 2019;LINESTRING (675414.0451948942 7174846.889771117, 675451.9277954911 7174805.6847529495, 675487.9761957524 7174765.029935306, 675524.4029963005 7174725.319317816, 675567.3745972893 7174680.114897588, 675630.8899988055 7174613.602267767, 675671.9351989728 7174566.79364755, 675715.4933994496 7174518.558826454, 675734.625399818 7174498.130017374, 675754.0490005482 7174479.086608573, 675759.3702011831 7174475.932406672, 675794.130602739 7174443.05239122, 675834.1550051344 7174408.06557414, 675877.657407498 7174368.911955295, 675883.7836073155 7174360.961552041, 675895.5276068354 7174345.096945646, 675901.9146060892 7174334.177341605, 675911.230004327 7174315.054134918, 675930.1481981496 7174263.923518311, 675947.532591488 7174212.281701905, 675982.9457779838 7174107.439868581, 675987.0787771445 7174098.693865552, 676007.5719726325 7174053.668850128, 676031.0381686114 7174007.554033808, 676053.7211643102 7173961.029217556, 676077.2915600119 7173913.504800873, 676082.9281586221 7173900.432596464, 676086.5417571274 7173889.190192932, 676088.556554708 7173875.423389116, 676087.3063505716 7173857.295784919, 676083.731143713 7173828.962778699, 676077.6455326604 7173783.682968842, 676067.5127143948 7173708.932752594, 676057.6790970215 7173638.05353724)
R. CEL. JOAQUIM IGNÁCIO TABORDA RIBAS;OUTRAS VIAS;LEI Nº 15511 / 2019;LINESTRING (670896.0391418287 7185835.3703000285, 670852.4477515399 7185937.651335614, 670792.4223645306 7186076.713184169)
R. CEL. JOSÉ CARVALHO DE OLIVEIRA;COLETORA 2;LEI Nº 15511 / 2019;LINESTRING (677392.8051049202 7181544.147035967, 677431.2149034254 7181491.489414343, 677514.2631013349 7181383.079568982, 677598.6214994905 7181274.372923273, 677682.1446976324 7181166.696878009, 677769.2382952704 7181052.531630335, 677851.4642928897 7180944.142385179, 678000.7992892753 7180750.876704093, 678062.2460873724 7180669.5012702625, 678103.0998861988 7180615.86004789, 678187.2168834453 7180503.912001446, 678285.1228805684 7180375.2791478215, 678316.4228798195 7180334.978930888, 678355.4322790825 7180285.701910027, 678529.2230737363 7180056.779014718, 678585.280472355 7179984.635784412)
R. CEL. JOÃO ALENCAR GUIMARÃES FILHO;EXTERNA;LEI Nº 15511 / 2019;LINESTRING (675610.2012321678 7189036.864161108, 675618.0888352685 7189041.777760746, 675630.5024398258 7189047.984559774, 675644.0796446077 7189053.803358454, 675660.1138497582 7189058.329156276, 675675.6308544482 7189061.303153792, 675710.6828647807 7189066.774347857, 675711.3076649507 7189066.807947733, 675730.2276702225 7189068.309944146, 675745.0896747129 7189071.147341765, 675757.7900789226 7189075.335740197, 675767.382882259 7189079.253939212, 675776.5704856614 7189083.982738527, 675789.1356906322 7189091.954137988, 675799.4038950023 7189099.925737931, 675821.2665052268 7189121.259938968)
R. CEL. JOÃO RODRIGUES DA SILVA LAPA;COLETORA 2;LEI Nº 15511 / 2019;LINESTRING (667960.7310358265 7172195.290855635, 667981.4900310866 7172146.914239645, 668001.9882264379 7172099.315223901, 668023.8634215976 7172049.13420725, 668056.9148140319 7171972.089181799, 668070.4304106339 7171939.074771026)
R. CEL. LUIZ JOSÉ DOS SANTOS;COLETORA 1;LEI Nº 15511 / 2019;LINESTRING (677961.6560041099 7179461.460385287, 677801.3087494201 7179393.294202268, 677682.3221085852 7179341.451814534, 677562.1782677572 7179290.925027367, 677442.42322678 7179239.179039793, 677322.3365858035 7179187.750452357, 677202.7939451043 7179136.922464944, 677083.9225045436 7179085.879077318, 677072.0105017683 7179086.837680091, 676970.4944671276 7179043.176290629, 676964.2344630751 7179031.456089, 676884.3800357041 7178996.5044971295, 676860.2662295621 7178995.948102105, 676750.0127921446 7178949.389513746, 676639.8901546608 7178902.2995252125, 676580.2857343015 7178876.453131322, 676520.1161137086 7178850.154537436, 676460.5160934285 7178824.635743621, 676401.4222732602 7178799.035749675, 676280.4908324322 7178748.698162571, 676273.1618287764 7178740.065161946, 676163.1409914151 7178693.179173391, 676043.4971507485 7178641.948185763, 675923.4785100005 7178590.697998196, 675804.0534693971 7178539.366810469, 675684.4036288384 7178488.441822877, 675596.7783991713 7178451.266631985, 675565.1659885409 7178438.1980353575, 675488.2549623583 7178404.851843162, 675444.6345476271 7178386.491647726, 675389.3811288872 7178362.837453404, 675353.706316834 7178347.777257122, 675285.1628934843 7178317.915264029, 675261.6040854818 7178307.75846643, 675196.8010634449 7178279.677872992, 675146.9800465252 7178258.180878058, 675084.4218253823 7178231.658484533, 675004.8645984076 7178197.500692656, 674985.5035917887 7178188.918294564, 674940.8059766478 7178169.773099136, 674803.9217301955 7178110.679313007, 674793.888926816 7178106.464714052, 674727.5551043934 7178078.2127208635, 674649.1550778381 7178044.534928836, 674569.1772507564 7178010.190536967, 674499.4216271427 7177980.233944053, 674427.6296027596 7177949.002551239)
R. CEL. OTTONI MACIEL;OUTRAS VIAS;LEI Nº 15511 / 2019;LINESTRING (672083.9265464764 7183404.050425827, 671931.8329139124 7183434.259264988)
R. CEL. PEDRO SCHERER SOBRINHO;OUTRAS VIAS;LEI Nº 15511 / 2019;LINESTRING (676764.5035929176 7185538.510599401, 676866.6264228605 7185555.612782199, 676876.9404261485 7185558.586580785, 677099.6109030901 7185650.686757501, 677210.0139413232 7185696.668146023)
R. CEL. PRETEXTATO PENNA FORTE TABORDA RIBAS;COLETORA 2;LEI Nº 15511 / 2019;LINESTRING (669914.6028187997 7182548.407050796, 669923.7158155912 7182521.299441984, 669925.758014305 7182512.450039297, 669949.0796043084 7182434.360414517, 669959.2625987291 7182394.310202172, 669979.567590367 7182328.027581044, 670015.6447763047 7182214.181344518, 670051.3987620213 7182099.713107913, 670087.1733478645 7181985.88347148, 670106.2839401023 7181924.111051777, 670123.9355328204 7181866.529233446, 670124.9449305756 7181854.272830108, 670123.9355290242 7181847.928428691, 670120.4749258535 7181836.681626521, 670061.0840847779 7181709.042206013, 669998.1652410382 7181572.615183994)
R. CEL. RIVADÁVIA PEREIRA DE MORAES;COLETORA 2;LEI Nº 15511 / 2019;LINESTRING (673488.9901267831 7177743.915895702, 673566.3413410757 7177720.319673678, 673640.6613547206 7177697.259652414, 673713.5419681198 7177674.758831585, 673785.5143815668 7177653.576011268, 673857.2833945712 7177630.531190521, 673914.0834051607 7177613.738574461, 673946.9176128851 7177611.7151671015)
R. CEL. ROMÃO RODRIGUES DE OLIVEIRA BRANCO;COLETORA 2;LEI Nº 15511 / 2019;LINESTRING (676902.3927564926 7188027.725021761, 676910.634959569 7188032.101621164, 676919.4537629115 7188037.02422059, 676934.7459696294 7188049.901820738, 676954.7241784406 7188066.881220968, 677015.1766059523 7188122.252222723, 677144.7206647914 7188240.2242263, 677156.0472710156 7188255.619627952, 677165.2562753744 7188264.828628423, 677186.6478847275 7188282.5750285555, 677208.2580932806 7188296.297627581, 677252.5917133542 7188336.302828707, 677259.6795167279 7188343.475629092, 677271.8757220428 7188353.494429141, 677295.5257298067 7188360.979826089, 677332.4275417259 7188371.7260210775)
R. CEL. TEMÍSTOCLES DE SOUZA BRASIL;COLETORA 2;LEI Nº 15511 / 2019;LINESTRING (677332.4275417259 7188371.7260210775, 677359.5133504 7188379.266017307, 677371.3339540877 7188382.094215538, 677391.3027601341 7188386.012212325, 677417.843767843 7188389.677407646, 677441.0467745991 7188392.957603574, 677529.3130003995 7188405.898788204, 677610.4440241922 7188418.148374163, 677684.843446455 7188431.4557618275, 677693.6548487551 7188431.45575995, 677699.957450056 7188429.833558179)
R. CEL. WALLACE SCOTT MURRAY;OUTRAS VIAS;LEI Nº 15511 / 2019;LINESTRING (678155.4674592989 7191661.782519819, 678102.4848591499 7191726.85394855, 678085.9242592752 7191748.009357751)
R. CELESTE TORTATO GABARDO;COLETORA 2;LEI Nº 15511 / 2019;LINESTRING (671612.5146132647 7173628.347062355, 671632.3938172646 7173624.28245726, 671641.7602187577 7173620.466454392, 671650.6062198735 7173615.436451333, 671656.8430204425 7173610.833248917, 671670.3794200022 7173592.714441674, 671683.041420295 7173579.18543574, 671695.8766214509 7173569.645630751, 671706.5040228732 7173564.001627173, 671715.772824062 7173558.830623992, 671731.5918264925 7173551.954219043, 671846.0556566137 7173563.005598156, 671941.9966833778 7173579.612782443, 672037.6009095612 7173593.778766188, 672132.2413353799 7173607.299949963, 672227.4315614117 7173621.190133704, 672321.9905872683 7173634.962117536, 672415.6446128297 7173648.350901452, 672512.222039216 7173662.277684881, 672607.0414651552 7173676.1002686415, 672702.0106911099 7173689.798852328, 672796.9893170439 7173703.374835975, 672854.3869327761 7173711.852026152, 672891.4079429575 7173717.483619856, 672963.7203627387 7173727.978607427, 673001.1203757073 7173746.578604236, 673043.2099906371 7173769.11900104, 673062.6769964732 7173774.392398294, 673125.2070150245 7173790.392189238, 673202.5426384053 7173812.267978547, 673209.4772409349 7173816.311378101, 673288.1152684032 7173856.283971585, 673324.6502804472 7173871.391767702, 673348.7330882574 7173880.7297649905, 673417.2231104714 7173907.286557276, 673498.5307370526 7173939.783548348, 673595.0567688738 7173979.601738045, 673606.0507724639 7173983.972936831)
R. CHANC. OSWALDO ARANHA;COLETORA 1;LEI Nº 15511 / 2019;LINESTRING (674341.1262741112 7180305.099164231, 674402.7246608931 7180167.924916525, 674456.9420484023 7180043.179873537, 674511.496435118 7179914.318829447, 674597.9692145486 7179712.550160225, 674587.7372078422 7179692.783957365, 674610.1814002481 7179629.686136691, 674624.1559977175 7179600.889926474, 674669.969794228 7179529.472298805, 674685.1515938966 7179509.750290634, 674728.1167837492 7179410.020656408)
R. CHICHORRO JÚNIOR;OUTRAS VIAS;LEI Nº 15511 / 2019;LINESTRING (675531.7291941481 7188953.836155671, 675614.3608004338 7188880.966919017, 675661.3640042816 7188840.842498516, 675696.538607237 7188811.190083274, 675721.3720092282 7188789.811072393, 675726.4418096652 7188785.583270209, 675780.32421376 7188738.146246325)
R. CHILE;COLETORA 1;LEI Nº 15511 / 2019;LINESTRING (676012.9852216288 7184696.915739766, 675921.9297892898 7184654.408147963, 675890.6235781539 7184639.694950756, 675839.9217618809 7184624.214557437, 675817.9213550239 7184618.468160586, 675801.2655493845 7184611.98756242, 675750.2333317667 7184590.516167615, 675650.2212972336 7184548.379977772, 675550.7252628736 7184506.377787845, 675464.1584332003 7184470.843596864, 675454.8202296259 7184465.2361973785, 675445.8004261695 7184459.798997867, 675331.0579867901 7184412.419609735, 675238.3539547507 7184373.019419024, 675155.6505259994 7184337.044427091, 675121.7231136818 7184319.780829752, 675025.7190805009 7184278.884839327, 674900.0152369762 7184224.884851735, 674779.315195169 7184172.888863599, 674672.4035580708 7184126.457873997, 674484.6218933702 7184046.945892762, 674389.6546604536 7184005.747901985, 674292.8878270754 7183964.480911557, 674208.6557981578 7183929.182120043, 674088.4239564923 7183876.882131649, 673986.9897215522 7183833.714941677, 673829.4470672247 7183766.274157129)
R. CID MARCONDES DE ALBUQUERQUE;COLETORA 1;LEI Nº 15511 / 2019;LINESTRING (672085.7918911356 7177321.300480753, 672376.2767176758 7177101.670165777, 672666.3807440151 7176882.264250892, 672728.7989497248 7176835.356626244, 672790.4117553371 7176788.977401892, 672850.1217608036 7176744.19417833, 672910.2723661899 7176698.527154453, 672972.0307719244 7176652.659930192, 673053.2587793744 7176591.936098181, 673132.0333864945 7176532.598867021, 673193.9015920283 7176485.755642485, 673269.0209989257 7176429.779212916, 673405.2208110299 7176326.478958848, 673464.9340163826 7176281.462135209, 673539.8512230534 7176224.808905502, 673668.7210346332 7176127.979054552, 673676.9604352651 7176121.275251166, 673726.4532396088 7176083.633031482, 673786.4184447841 7176037.630407535, 673807.1658455111 7176016.628597982, 673832.9750445744 7175981.674183905, 673873.5432423153 7175922.99336085, 673893.002641392 7175895.619149983, 673911.9612407282 7175870.085739681, 673915.8178397397 7175860.802536569, 673958.4402374651 7175799.675912481, 673999.4862352337 7175740.6536892485, 674006.0246356176 7175734.787286425, 674042.7228336884 7175682.35666574, 674078.5536320776 7175632.495645875, 674088.0730304844 7175613.665439211)
R. CIDADE DE TIMBÓ;COLETORA 1;LEI Nº 15511 / 2019;LINESTRING (666866.5130714338 7180684.287590405, 666794.886255319 7180693.863407176, 666743.1972440872 7180702.770819781, 666727.0218399276 7180702.333622906, 666709.972035022 7180699.273425538, 666678.4954248251 7180687.906828943, 666620.3510067785 7180670.857036231, 666463.4199593898 7180631.381457551, 666333.4471205005 7180600.418475626)
R. CLARA POLSIN;COLETORA 2;LEI Nº 15511 / 2019;LINESTRING (671908.5916805482 7179421.989445733, 671996.315117277 7179493.575845735, 672065.6775463541 7179550.302445766, 672147.112180731 7179618.00224608, 672228.1560151582 7179686.358446638, 672294.7904432322 7179741.380246796, 672359.7340711483 7179797.658447621, 672409.7214935949 7179845.580249421, 672473.5507237541 7179913.967853543, 672526.0653482398 7179968.609456524)
R. CLETO DA SILVA;COLETORA 1;LEI Nº 15511 / 2019;LINESTRING (677377.2650112265 7180182.449492539, 677353.0794031946 7180173.266295355, 677328.898794816 7180162.434897751, 677210.8227541761 7180110.804509759, 677091.1977131304 7180059.029522048, 676973.3476728604 7180008.729334321, 676852.8976316524 7179957.029346776, 676733.3225908619 7179906.17935925, 676622.6079530807 7179858.984170757, 676511.6651152966 7179811.979382347, 676402.1822777597 7179764.353793459, 676291.169639894 7179716.926604934, 676171.790999186 7179665.911017258, 676051.6909582103 7179614.411029598, 675932.3539176212 7179563.773841981, 675812.5852767362 7179512.173854196, 675693.406636133 7179461.142466418, 675573.6121950098 7179408.300878299)
R. CLETO DA SILVA;COLETORA 2;LEI Nº 15511 / 2019;LINESTRING (675415.3105408531 7179339.243094172, 675335.7909138901 7179305.652302414, 675218.9164742505 7179256.182314491)
R. CLOTÁRIO DE MACEDO PORTUGAL FILHO;COLETORA 2;LEI Nº 15511 / 2019;LINESTRING (673015.4732584243 7192439.076409975, 673015.5258584588 7192439.178209992, 673026.7104659311 7192460.862013495, 673037.4434732413 7192482.347817039, 673050.266281594 7192506.183220782, 673056.1496853821 7192516.89402244, 673061.7314904027 7192533.940825861, 673064.7484946166 7192550.384229653, 673066.4080976549 7192562.905232672, 673068.670901574 7192578.8962365, 673071.6879045059 7192589.15443863, 673075.6103073009 7192597.602440086, 673082.584710823 7192605.629040797)
R. CLÁUDIO MANOEL DA COSTA;COLETORA 1;LEI Nº 15511 / 2019;LINESTRING (673484.6827475016 7189382.430497354, 673463.0865421238 7189383.804102208, 673433.7941347761 7189385.409308725, 673398.616525995 7189387.5493166065, 673356.2159154608 7189390.358126163, 673338.3005112204 7189392.56213047, 673320.3465069981 7189394.909534823, 673292.0933004577 7189399.089741799, 673268.208694957 7189402.767547736, 673198.8962789066 7189413.007764842, 673178.5826740875 7189415.458569709, 673161.7898700667 7189417.311373686, 673142.4930653011 7189418.73197807, 673132.2104626603 7189419.002580276, 673122.4690600205 7189418.596782189, 673107.9076559976 7189417.615784952, 673058.4088418656 7189412.068793753, 673048.8596392911 7189411.736795645, 673036.1882360628 7189412.1933983965, 673024.7724334113 7189413.848601203, 672944.1428154649 7189429.282422013, 672895.1806044311 7189438.010834475, 672871.3523990173 7189442.04104048, 672858.5497961651 7189444.486243783, 672846.3409938462 7189448.748047441, 672781.7863829618 7189477.951268552, 672757.9837789768 7189488.864676375, 672747.9921771715 7189492.800279487, 672735.6031746992 7189496.558883049, 672720.986771527 7189499.760486923, 672698.9925668216 7189504.911092842, 672678.8081626792 7189510.479298497, 672658.2061587707 7189517.717704678, 672631.4789538041 7189527.601312829, 672619.6467515354 7189531.638116349, 672606.9791489012 7189534.979119854, 672591.2805452347 7189537.164923683, 672576.5807415271 7189537.8907269165, 672558.4147368242 7189538.203930758, 672542.601332747 7189538.554934122)
R. CLÓVIS BEVILAQUA SOBRINHO;COLETORA 1;LEI Nº 15511 / 2019;LINESTRING (677924.1228352931 7180588.479079147, 677978.4626341809 7180519.206049932)
R. COM. ARAÚJO;SETORIAL 2;LEI Nº 15511 / 2019;LINESTRING (672889.0185865448 7185500.543602036, 672844.7203664408 7185458.6040003095, 672774.2721339425 7185389.321396891, 672763.1523284835 7185376.791395937, 672748.7973207874 7185357.477793889, 672690.1218872566 7185268.505382916, 672614.6480447014 7185156.741769506, 672580.1440268765 7185113.492165416)
R. COM. FONTANA;PRIORITÁRIA;LEI Nº 15511 / 2019;LINESTRING (674115.1581296478 7187546.893081858, 674138.08112979 7187519.022669752, 674151.0831344323 7187525.061468623, 674166.9497394821 7187529.485866472, 674179.612543189 7187531.469064347, 674200.2085485437 7187531.469060047, 674284.8965691641 7187524.767240593, 674445.1346078278 7187510.410003321, 674562.8534360224 7187498.87737566, 674588.2066421326 7187496.583169753, 674613.4022483513 7187494.99436406, 674633.1500534378 7187494.767359866, 674646.2018569738 7187495.448357312, 674657.8916603937 7187497.264155341, 674667.6520635014 7187499.987954011, 674676.0506664934 7187503.847753265)
R. COM. MACEDO;COLETORA 1;LEI Nº 15511 / 2019;LINESTRING (674904.4874700989 7186284.267786018, 674996.7031018285 7186321.857776488, 675103.1233384635 7186365.2677654885, 675144.0943527708 7186382.932161499, 675171.9785624186 7186394.523958672)
R. COM. ZAKE SABBAG;COLETORA 2;LEI Nº 15511 / 2019;LINESTRING (679153.9249359852 7191717.985921051, 679160.4801402248 7191729.633322762, 679162.4717429332 7191739.790725054, 679163.0693448456 7191747.956327112, 679163.4675489719 7191766.677932041, 679164.0943510954 7191775.786134345, 679165.6449535275 7191785.200136535, 679168.3029559213 7191793.0637380695, 679172.5977590871 7191802.502339675, 679182.0487650613 7191818.647741971, 679190.5153703522 7191832.824143948)
R. CONS. ARAÚJO;COLETORA 1;LEI Nº 15511 / 2019;LINESTRING (674555.6436637947 7186685.011963853, 674610.8994832493 7186709.566958711, 674695.7563127046 7186745.241350274, 674794.4807468262 7186786.001540253, 674900.0385835903 7186830.870329868, 675012.7224226852 7186877.982518565)
R. CONS. DANTAS;COLETORA 1;LEI Nº 15511 / 2019;LINESTRING (675154.3230938066 7184185.423188147, 675078.0040674978 7184153.180795837, 674952.3230239901 7184099.161808252, 674831.1497820346 7184046.96822018, 674723.5315446742 7184000.0770306215, 674647.1227184468 7183968.18063839, 674535.5730797539 7183919.6310492065, 674441.2716472936 7183879.7316586375, 674344.8234141142 7183838.980868289, 674262.7741857949 7183803.831076368, 674140.2735436487 7183751.932288567, 674040.1233092101 7183709.531698536, 673879.4294537663 7183640.505314257)
R. CONS. LAURINDO;OUTRAS VIAS;LEI Nº 15511 / 2019;LINESTRING (674674.5923082372 7185795.302906662, 674728.8996925378 7185653.525658359, 674732.6312919031 7185645.906455592, 674738.1494916772 7185638.039452389, 674748.711091763 7185625.4594469, 674838.9524946876 7185528.476602741, 674845.2064945506 7185520.137799259, 674850.6266937181 7185509.5059953565, 674853.5452925448 7185500.333192359, 674860.0726914036 7185486.866987487)
R. CONS. LAURINDO;SETORIAL 1;LEI Nº 15511 / 2019;LINESTRING (675153.9402126224 7183799.438888498, 675134.3000049227 7183786.680289332, 675122.5245989215 7183772.4358881265, 675100.8729837767 7183726.663680862, 675079.9811671524 7183672.91447138, 675069.4401616371 7183659.474870127)
R. CONSTANTINO MAROCHI;OUTRAS VIAS;LEI Nº 15511 / 2019;LINESTRING (674962.6460066431 7187816.70097541, 674891.4594010621 7187878.478006588, 674821.7235951308 7187936.833436562)
R. CONSTANTINO NOWAZESKI;COLETORA 1;LEI Nº 15511 / 2019;LINESTRING (677649.620656465 7184766.310610677, 677713.7948709922 7184757.16759463, 677764.4238810242 7184743.247380231)
R. CRISTIANO STROBEL;COLETORA 1;LEI Nº 15511 / 2019;LINESTRING (675196.8010634449 7178279.677872992, 675187.3112580442 7178265.218871351, 675269.3626368947 7178067.540804413, 675303.3632283579 7177986.761176973, 675340.1480194035 7177900.741147637, 675376.5038104453 7177815.24951853, 675400.0162049751 7177761.5081001, 675416.9392007757 7177721.590686524, 675443.1101942611 7177659.7852655165, 675474.2709870939 7177589.019441215, 675531.3733727986 7177453.882195329, 675579.8067601947 7177337.068755874, 675604.3395541324 7177279.445536281, 675729.3891231723 7176985.72463646, 675779.3595118441 7176873.415797859, 675792.9909082807 7176840.546186775, 675875.6456880207 7176647.741321202, 675882.8050875808 7176637.2763170805, 675887.8776870831 7176628.98551394, 675914.1214802631 7176565.978492683, 675929.121476534 7176530.778680738, 675942.769472544 7176495.921869163, 675957.7602684199 7176458.869656761, 675971.6126647085 7176425.112645421, 675997.1602585006 7176365.8786252625, 676026.1558511425 7176297.187802025, 676055.5204439857 7176229.047378851, 676055.7314439296 7176228.5343786795, 676056.0094439378 7176228.247178549, 676059.2288435989 7176222.887176534, 676064.694043239 7176214.810373368, 676234.4704001928 7175813.438037632)
R. CRUZEIRO DO SUL;COLETORA 2;LEI Nº 15511 / 2019;LINESTRING (672545.8782284008 7174536.199693239, 672575.3566253666 7174486.775874933, 672691.3472116616 7174283.903600844, 672706.3926102743 7174259.489591705, 672770.7026025142 7174146.378750486, 672807.9437978716 7174080.190726453, 672898.6151874964 7173923.648869088, 673001.1203757073 7173746.578604236)
R. CURUPAITIS;COLETORA 2;LEI Nº 15511 / 2019;LINESTRING (670225.780039873 7183243.998566065, 670256.5914272525 7183143.746733975, 670288.6704145656 7183041.630301158, 670324.7874002703 7182926.647264221, 670359.0847857298 7182812.781427955, 670394.709771433 7182698.4999913275, 670430.3613570433 7182583.781354595, 670455.755746658 7182501.436728276, 670497.4725297616 7182367.015685278, 670515.506722871 7182310.955067223, 670533.926315597 7182252.549448488, 670569.3171014192 7182139.376812261, 670604.145686407 7182022.87797531, 670639.9192720682 7181908.540738734)
R. CYRO CORREIA PEREIRA;COLETORA 2;LEI Nº 15511 / 2019;LINESTRING (667063.8001358297 7173774.382622814, 666923.7069016465 7173774.005450802, 666735.1928554194 7173772.353288145, 666660.4840393935 7173783.158705751, 666598.2888260586 7173792.196520412, 666533.9034124517 7173802.541735829, 666444.3117931939 7173815.349356884, 666382.3981800143 7173824.841171585, 666351.5745734102 7173829.35497885)
R. CYRO VELLOZO;SETORIAL 1;LEI Nº 15511 / 2019;LINESTRING (675181.302418465 7183793.964681337, 675194.8429781675 7183585.726224763, 675295.9901936529 7183536.556990825, 675342.890206235 7183539.463181712)
R. CÔN. JANUÁRIO DA CUNHA BARBOSA;COLETORA 2;LEI Nº 15511 / 2019;LINESTRING (677776.757497833 7181993.453069078, 677868.9239336269 7182051.740064343, 677967.7231723005 7182115.579459608, 678078.6082158709 7182187.917454461, 678084.2014201415 7182201.2666566875, 678084.4138203391 7182201.941456815)
R. D. JOÃO VI;COLETORA 1;LEI Nº 15511 / 2019;LINESTRING (677948.0255135641 7184674.877923341, 678106.1243855618 7184821.976127733, 678217.1580359632 7184924.378730581, 678327.6270863558 7185027.277333676, 678335.656890305 7185036.092734249, 678403.3141211066 7185098.760336052, 678423.3629293771 7185113.316935545, 678442.2835356336 7185119.8177331835, 678469.5741433139 7185122.909328146, 678484.028346736 7185121.525724694, 678548.426356414 7185089.380302556)
R. D. PEDRO I;COLETORA 1;LEI Nº 15511 / 2019;LINESTRING (672271.5223655725 7183264.908151252, 672378.222182876 7183217.054316878, 672492.7778014992 7183165.966280038, 672607.3124201058 7183114.891043192, 672721.3030385602 7183063.820606446, 672837.6416574726 7183012.139769046, 672945.6020748396 7182963.359934114, 673078.6020964207 7182904.240691316, 673156.7053092232 7182870.193466349, 673181.6865142754 7182863.916859547, 673217.4977218118 7182856.337650158, 673217.7221218571 7182856.280850098, 673218.7157220746 7182856.105249846, 673256.2251302412 7182849.48284035, 673355.9221519425 7182831.880615103)
R. D. PEDRO I;OUTRAS VIAS;LEI Nº 15511 / 2019;LINESTRING (672073.5353332206 7183352.668014735, 672158.9029471508 7183314.708187336, 672271.5223655725 7183264.908151252)
R. DA PAZ;OUTRAS VIAS;LEI Nº 15511 / 2019;LINESTRING (675245.9235060919 7186035.481249405, 675247.126505814 7186032.680448422, 675316.3338904872 7185874.780592704, 675408.5388697223 7185662.953918129)
R. DA TRINDADE;SETORIAL 1;LEI Nº 15511 / 2019;LINESTRING (680316.2617296391 7184713.092224481, 680363.3245104591 7184568.579776838, 680419.6058877453 7184396.886920184, 680476.129865132 7184225.482263586, 680481.279664531 7184216.6184601765, 680534.0742431007 7184055.196806999, 680535.2826412438 7184045.190404149, 680555.6144323583 7183980.135982931, 680586.5852194666 7183884.034351394, 680604.6372119507 7183828.027533015, 680614.2878082694 7183799.652723598, 680623.6280043971 7183770.755514112, 680641.7159967625 7183714.18569559, 680646.8159963062 7183706.058892388, 680663.2689900075 7183657.593076313, 680672.7135861331 7183628.579466781, 680679.1511835518 7183609.085260356, 680686.7105806369 7183586.723252948, 680695.3579773488 7183561.367244534, 680704.0683737342 7183534.432235698, 680731.0297630038 7183453.171408901, 680759.6427512473 7183365.273580041, 680771.994745381 7183323.688166646, 680785.0749391674 7183279.650352465, 680797.9789330375 7183236.206738478, 680813.3965257097 7183184.299921766, 680861.6709053521 7183033.744272542, 680869.5587033506 7183015.258066073, 680901.7674894736 7182913.497632911, 680923.0534794652 7182842.414210014, 680977.4914560885 7182670.922954131)
R. DA. ALICE TIBIRIÇÁ;OUTRAS VIAS;LEI Nº 15511 / 2019;LINESTRING (670786.9105045495 7185790.805910776, 670743.4343139481 7185891.470345907, 670687.2407280961 7186031.425793894)
R. DA. SAZA LATTES;COLETORA 2;LEI Nº 15511 / 2019;LINESTRING (678162.5534668807 7181391.175832748, 678268.3805020731 7181430.6892202115, 678275.5541049507 7181435.661019947, 678381.5899395903 7181472.293806617, 678541.926992011 7181527.793386469, 678551.0609945892 7181529.047184832, 678596.0412080674 7181538.868177706, 678625.5040172869 7181547.117773502, 678632.0224195084 7181549.792772787, 678694.0056444542 7181593.039970554, 678755.516268742 7181633.74716777, 678851.3921071606 7181699.75436408, 678923.1685354385 7181746.871360725, 679040.1343825085 7181828.169156407)
R. DANILO PEDRO SCHREINER;SETORIAL 1;LEI Nº 15511 / 2019;LINESTRING (676501.3926484628 7174787.210326728, 676351.9926033261 7174746.723348353, 676260.1795755385 7174721.574961563, 676167.2407471401 7174694.816974605, 676075.1923191044 7174668.713787611, 675983.1438912735 7174643.549200838, 675891.6922639008 7174619.839814292, 675796.8658357312 7174596.246428477)
R. DANTE ANGELOTE;COLETORA 1;LEI Nº 15511 / 2019;LINESTRING (678598.2612669973 7187413.49709884, 678611.478471605 7187418.966097446, 678677.541094829 7187447.223090715, 678823.9669460999 7187508.796275504, 678972.332598436 7187572.892260517, 679118.6174492196 7187632.164244689, 679155.2256614568 7187644.787440145, 679188.168273107 7187659.110036831, 679209.7076819254 7187674.068636136, 679242.079695822 7187699.529835874, 679260.0683029623 7187710.964835014)
R. DAS CARMELITAS;COLETORA 1;LEI Nº 15511 / 2019;LINESTRING (676687.4350125737 7181006.426648585, 676741.9963991502 7180878.216404362, 676829.9823777967 7180673.009333471, 676917.6989565475 7180468.833462942, 677006.188334297 7180259.213990908, 677033.3409274038 7180194.632168747, 677061.5727204505 7180128.504345968, 677091.1977131304 7180059.029522048, 677179.4598919585 7179855.179251609, 677266.6406704001 7179650.983781351, 677354.2800485742 7179445.207710637, 677442.42322678 7179239.179039793, 677529.5372049697 7179034.4961695485, 677616.9609833189 7178830.402299429, 677704.2973614912 7178625.787429236, 677791.5375395613 7178421.012759065, 677879.1463178075 7178216.831289006, 677967.6224961542 7178012.315018717, 678054.1658740342 7177808.06934895, 678142.462052143 7177603.057478657, 678229.4278299911 7177398.5784088215, 678316.8604077698 7177193.437938763, 678404.4827857887 7176989.394068979, 678491.5623633765 7176784.177799058)
R. DAS PERDIZES;COLETORA 2;LEI Nº 15511 / 2019;LINESTRING (672735.4546811763 7179391.480067068, 672726.0510806141 7179400.117071199, 672684.0732767123 7179431.994887957, 672642.8992729804 7179463.731904512, 672628.6992716881 7179474.654110214, 672601.3916691176 7179495.25412108, 672520.9546615685 7179556.0765531175, 672484.7836581231 7179583.205767466)
R. DAVID BODZIAK;COLETORA 2;LEI Nº 15511 / 2019;LINESTRING (674777.5850087903 7194739.092463573, 674795.8764142389 7194741.635660432, 674807.1328174324 7194742.446058294, 674814.4260193774 7194742.381256748, 674822.3514212565 7194741.1854547635, 674842.2528252073 7194734.521648786, 674858.193428227 7194728.493443811, 674901.4250369892 7194714.883431058, 674954.4502477797 7194698.4082154725, 674961.022649248 7194696.989213709, 674968.3416510898 7194696.3918120125, 674976.5786533828 7194696.78001039, 674988.3972570683 7194699.216008574, 674999.1518603754 7194701.207606859, 675006.3216625531 7194702.402405679, 675118.4956956898 7194716.712786028, 675131.4290998192 7194719.83238416, 675140.8427027022 7194721.524782645, 675151.5253057512 7194722.370980631, 675166.5445096745 7194721.841977335, 675178.8153128296 7194721.163974578, 675186.9831149344 7194720.743772746, 675205.4831196233 7194719.400968499, 675205.7251196839 7194719.383368443, 675228.4867255685 7194718.283363366, 675239.5871286056 7194718.545361104, 675251.4607321665 7194720.310359091, 675265.2251364463 7194723.083356952, 675270.5229382647 7194724.959756347, 675275.2747399143 7194726.7359558325, 675281.694142493 7194730.802155588, 675290.2329459907 7194736.529355347, 675296.8459488103 7194741.4957553055, 675307.2853530424 7194748.288154955, 675323.2327591847 7194757.128554003, 675332.41996271 7194762.155553437, 675339.7923654126 7194765.589952822, 675348.5423683322 7194768.292951715, 675361.8881725221 7194771.169349693, 675374.7251763107 7194772.783347432, 675393.5251817423 7194774.583343968, 675408.4251861859 7194776.683341406, 675423.646790672 7194778.557938715, 675434.0797939054 7194780.605537079, 675445.1953976926 7194784.408335773, 675461.0024033249 7194790.995134237, 675479.7458103629 7194800.504132878, 675538.2252322591 7194829.883328551, 675573.9458457083 7194848.166926, 675601.2478557553 7194861.029523748, 675614.7584605552 7194866.584922413, 675629.5110656625 7194872.00532078, 675683.0830824481 7194883.324512577, 675719.2296941648 7194892.80750754, 675731.4322982726 7194896.741306039, 675736.9199003387 7194899.546705644, 675743.3431028641 7194903.337505321, 675750.5445056669 7194907.444104919, 675756.2253076646 7194909.68330433, 675767.1253110386 7194911.783302607, 675777.4649140926 7194913.082100781, 675806.764322721 7194916.643895575, 675819.4207263141 7194917.540093152, 675846.1691339355 7194919.579288069)
R. DAVID TOWS;COLETORA 1;LEI Nº 15511 / 2019;LINESTRING (674834.0959396759 7177166.784270042, 674834.7049344837 7177141.320863545, 674822.178922333 7177098.183055385, 674803.1691044086 7177035.168843619, 674781.0916812671 7176950.879627183, 674775.9132755082 7176929.526022934, 674764.0464604998 7176871.959411043, 674761.3542565726 7176856.4052077215, 674750.3196407666 7176794.046594463, 674743.0898265336 7176734.691181163, 674732.3734056209 7176647.591161674, 674722.7213856558 7176563.739142779, 674703.4939385961 7176361.920896502, 674706.0341352944 7176343.190291302, 674723.1377183013 7176242.031062521, 674727.4373100662 7176197.698650582, 674730.3377021801 7176156.687039765, 674733.2896870542 7176081.082820329, 674736.5294726423 7176008.558601608, 674736.9188716421 7176003.328400224, 674741.101660891 7175947.149985377, 674751.3760316 7175795.43114551, 674759.4724159221 7175711.185722884, 674763.6172112236 7175683.922715243, 674764.753009689 7175675.2781128585, 674780.4212002428 7175611.87869383, 674791.7221933692 7175565.875280039, 674820.0225762259 7175451.031445608, 674824.1593740832 7175435.978441005, 674830.3407720462 7175419.035635507, 674843.8113676053 7175382.114223522, 674861.8467611943 7175330.468606934, 674880.5575549188 7175278.699990174, 674958.695328527 7175061.727520022, 674978.3725212349 7175004.034501607, 674983.5263189984 7174987.374696402, 674999.1383139931 7174945.333482718, 675014.2089088092 7174903.0872690985, 675029.6907029788 7174857.280854515, 675047.7294972156 7174808.825238742, 675065.4488911582 7174759.360622789, 675082.7620850779 7174710.259607013, 675095.0162808372 7174675.820195926, 675109.5656758025 7174634.929782765, 675128.4098692867 7174582.004365729, 675131.0022683906 7174574.723563385, 675145.3498637758 7174536.085750826, 675158.3970604276 7174504.989740406, 675180.794858175 7174468.240126623, 675206.8892587441 7174440.623314319, 675219.0226593738 7174429.521309026, 675319.1680687307 7174357.716870239, 675404.220876505 7174295.978037104, 675495.628084688 7174228.873601306, 675510.1210859308 7174217.978195568, 675521.7210869293 7174209.27819098, 675530.2210875499 7174202.378187486, 675546.1210880801 7174186.478180217, 675556.1210876111 7174172.678174708, 675561.7210869358 7174162.978171134, 675569.1946855879 7174147.929965852, 675573.0858846253 7174138.858162796, 675592.9030785263 7174086.978145832, 675632.0210671755 7173987.878113173, 675672.4272550469 7173883.641878987, 675710.6624426055 7173780.4780455325, 675750.1792313786 7173681.6362128835, 675790.1390193468 7173578.518979099, 675809.4800125065 7173523.80936157, 675828.2542068318 7173475.281545684, 675885.3763893764 7173326.8058971595, 675902.2099837079 7173280.58568226)
R. DEL. LEOPOLDO BELCZAK;COLETORA 1;LEI Nº 15511 / 2019;LINESTRING (677660.4301674053 7185273.961540189, 677743.2409910883 7185285.087325433, 677864.2238255955 7185300.880303742, 677984.3238599864 7185317.180282354, 678018.4238700022 7185322.980276583, 678096.6239015586 7185376.480273798, 678109.2627074651 7185388.895274329, 678207.9239475931 7185457.780471168, 678360.1144000115 7185519.575054712, 678373.8190044139 7185523.644052839, 678403.4694144645 7185534.91604943, 678423.3180206289 7185539.81704646, 678439.2460251005 7185541.532243499, 678457.8694300046 7185542.022439639, 678482.6188358032 7185539.326833642, 678495.7698387189 7185537.115030251, 678634.4890636409 7185486.592187397, 678694.4262741723 7185463.683968593, 678777.7310889942 7185432.726142682, 678862.3247037567 7185399.979316024, 679024.0179279842 7185318.882860232, 679184.2601517338 7185237.445404641, 679263.7253634037 7185196.61177695, 679344.0723754882 7185156.690149298, 679424.4219873899 7185115.947921427, 679504.6243991748 7185074.880093496, 679504.9461992226 7185074.714493385, 679664.4400226456 7184993.087837837, 679824.7162464528 7184912.4521823535, 679905.354458339 7184871.513554335, 679986.0576703197 7184830.972126399, 680144.3802935806 7184750.421671314, 680172.9118976403 7184735.301861227, 680180.7722986521 7184730.647858321)
R. DEP. ACYR JOSÉ;COLETORA 2;LEI Nº 15511 / 2019;LINESTRING (680668.3546008625 7180933.171776626, 680679.7182086341 7180955.804779929, 680708.0992276177 7181010.353187678, 680736.8420470553 7181066.557195773, 680765.3578661216 7181121.297203548, 680792.9606850292 7181176.349611603, 680822.1797046644 7181232.860819682, 680849.620923381 7181287.184827589, 680877.4179421153 7181341.167035336, 680905.957161536 7181397.422043505, 680919.9017710823 7181425.175247567, 680925.1131755603 7181439.731050153, 680928.2259795527 7181454.50065325, 680930.6839840669 7181472.4366572965, 680931.0065867633 7181484.482260305, 680932.8885918574 7181505.762665331, 680940.2280036414 7181551.498875423, 680949.0048192927 7181613.372689332, 680957.2238347655 7181675.0787033215, 680966.3238502254 7181735.678716842, 680975.4844659923 7181797.620530697, 680984.7240816796 7181859.101744422, 680993.8448970604 7181919.30175785, 680996.2047013624 7181936.357361702, 680994.0167058121 7181959.41416808, 680979.374707546 7181984.490777679)
R. DEP. ATÍLIO DE ALMEIDA BARBOSA;OUTRAS VIAS;LEI Nº 15511 / 2019;LINESTRING (677316.0737944933 7190521.618194252, 677235.6019882434 7190592.059030114, 677152.7065815382 7190663.419866731)
R. DEP. CUNHA BUENO;COLETORA 2;LEI Nº 15511 / 2019;LINESTRING (666454.1794846095 7179267.082513737, 666389.2286682699 7179266.590326582, 666350.098458543 7179266.880534466, 666340.438456411 7179268.295536753, 666280.3156413138 7179267.983548669, 666228.385428194 7179267.302958855, 666116.0647998825 7179266.169380964, 666024.0927764641 7179264.049598755, 665967.1899623359 7179264.555610214, 665925.8481525941 7179267.5420192, 665919.284350722 7179266.385220214, 665904.3139474769 7179268.880423824, 665856.4081379466 7179281.189236468, 665846.0911363937 7179286.353839824, 665783.9085246855 7179305.663857073, 665734.3803154279 7179321.396470897, 665684.3879060253 7179336.995884776, 665584.0170870762 7179367.985112552, 665583.2164869237 7179368.227512771)
R. DEP. ESTEFANO MIKILITA;OUTRAS VIAS;LEI Nº 15511 / 2019;LINESTRING (671578.8621529392 7181146.147551341, 671438.7035106155 7181112.328571558)
R. DEP. HEITOR ALENCAR FURTADO;CENTRAL;LEI Nº 15511 / 2019;LINESTRING (670110.806700046 7185643.108210516, 670015.8038670867 7185601.545219075, 669929.1530362822 7185559.951425914, 669876.3608173649 7185533.85542988, 669795.1277894406 7185499.478437483, 669772.7539826969 7185494.665040785, 669744.3747745629 7185490.61084551, 669722.527168477 7185488.3584493715, 669703.8329634806 7185487.457652942, 669620.4131418115 7185486.55246968, 669568.9191286428 7185487.00728027, 669518.1059161301 7185489.826091335, 669502.1283121767 7185490.614094788, 669487.6009083993 7185490.445097697, 669472.0599042249 7185489.600500636, 669456.012699639 7185487.370303317, 669440.1332945966 7185482.674705322, 669423.5786888929 7185475.579906841, 669408.7134832094 7185466.457907488, 669391.9880764087 7185454.185107695, 669304.9286386854 7185378.795905774, 669289.7342325218 7185367.709105976, 669274.1632266805 7185358.67290679, 669259.2134215207 7185352.211508144, 669245.0238169179 7185347.523909807, 669230.063812419 7185344.326912011, 669215.6370084403 7185343.019914599, 669182.8226002157 7185344.102721538, 669165.9697960946 7185345.170725236, 669106.1545813123 7185348.187138153, 669040.8269652543 7185351.910952367, 669027.1215620446 7185353.482355554, 669014.5881593914 7185356.303958827, 668993.3979558602 7185365.790765587, 668974.8067535273 7185377.889772501, 668959.4615522685 7185391.169179061, 668944.3217518177 7185408.182386553, 668933.788154089 7185432.778195081, 668911.0655610311 7185495.929416107, 668902.1169627528 7185515.80702309, 668890.7037630796 7185531.931429597, 668868.5713616213 7185552.883439529, 668848.7997589174 7185564.687446605, 668828.4379557635 7185575.015853414, 668798.6329489212 7185579.1472605225, 668764.4015394456 7185575.9012666065, 668669.8659099449 7185550.469879118, 668634.2994989149 7185541.231883907, 668603.7676897666 7185534.887488431, 668566.296879635 7185532.508495387, 668537.9458726123 7185533.89630148, 668509.5950662312 7185538.456308395, 668456.7596559379 7185554.876723342, 668278.7386211813 7185609.893973602, 668213.8186076987 7185625.984590886, 668134.4899914755 7185646.903612329, 668084.3305815466 7185661.773026312, 668057.7639760168 7185668.31563337, 668032.386970315 7185672.479039567, 668011.1671649728 7185673.105444007, 667994.0961602764 7185671.633847062, 667976.1237551228 7185669.04865001, 667949.0641465947 7185661.3322534505, 667929.0943399791 7185654.041055575, 667909.664932697 7185642.740256547, 667894.0025261045 7185630.051856399, 667827.7922970935 7185570.677854277, 667775.6092743473 7185524.443052752, 667752.0496644778 7185505.545652578, 667726.8708545626 7185488.495453207, 667683.0556379769 7185462.127055162, 667654.6494279106 7185448.440857315, 667597.2502086594 7185426.186463067, 667536.8195884216 7185402.8930691555, 667488.8651723987 7185384.578474026, 667346.9213253679 7185332.282688935, 667286.0469049612 7185308.645895008, 667236.9558886557 7185290.326500094, 667191.7530739513 7185274.994505176, 667133.722256321 7185261.518513309, 666913.6417919906 7185222.974147379, 666589.721097834 7185168.682798058, 666410.9002457696 7185138.197625849, 666313.7204175086 7185121.770440973, 666067.0869535276 7185118.862689374, 666001.5183368841 7185119.925102705, 665945.2241208344 7185111.989711851, 665915.1209120197 7185106.582916437, 665884.650902773 7185099.472920655, 665845.0308901641 7185087.282925372, 665821.6608824399 7185078.642927777, 665780.6642683044 7185060.547331232, 665759.489260675 7185049.542132586, 665729.0208493357 7185031.88293406, 665672.4356265499 7184990.378134536, 665634.6160104185 7184958.084133672, 665602.9207958421 7184925.682931564, 665573.9929805683 7184886.182327064, 665540.5091624537 7184838.247921284, 665517.5993479658 7184794.895314595, 665506.2109402482 7184770.740310594, 665498.3107335118 7184747.012906013, 665485.6329224447 7184707.644898329, 665465.807100676 7184623.583280487, 665461.5776924054 7184587.368071949, 665461.8418865453 7184557.497064162, 665464.6306838559 7184540.342859168, 665471.3582814313 7184519.431452421, 665482.9894801104 7184497.755244501, 665515.2394784582 7184447.794025169, 665527.9280775109 7184426.646617179, 665534.8010752824 7184406.556410615, 665536.6514729238 7184392.281806555, 665513.3890572039 7184343.113598454, 665479.3996317083 7184258.515583324, 665469.3806227576 7184226.335376993, 665467.5496197334 7184213.459974028, 665467.0014170059 7184200.429570769, 665468.5876144208 7184185.36196656, 665477.0624117757 7184161.097958606)
R. DEP. JOAQUIM JOSÉ PEDROSA;EXTERNA;LEI Nº 15511 / 2019;LINESTRING (675565.9068866684 7188400.745202443, 675569.488889263 7188408.629203769, 675572.5660918275 7188416.995205327, 675575.0662946256 7188427.18820749, 675578.4318993718 7188445.5550116245, 675585.1471085805 7188480.968819553, 675587.4817117341 7188493.0476222485, 675591.4241154767 7188505.933024817, 675595.1745183173 7188514.779826362, 675601.0403220768 7188525.357627917, 675606.329125098 7188533.1466288585, 675610.9223276272 7188539.457629557, 675623.1339340941 7188555.017031092, 675695.5529707607 7188639.258238075, 675780.3240137594 7188738.146246325, 675877.7176630419 7188851.08445563, 675965.3449073118 7188952.244063886, 676077.8301642659 7189082.565074611, 676189.8330210894 7189212.692085393, 676287.3412709319 7189327.62189522, 676320.0686870515 7189363.273897745, 676340.0790968968 7189385.018899274)
R. DEP. JOÃO FERREIRA NEVES;COLETORA 1;LEI Nº 15511 / 2019;LINESTRING (671334.6227911322 7188445.082494068, 671334.6259911521 7188445.17249409, 671335.5227965652 7188470.382500554, 671330.7018166038 7188574.0613288935, 671327.9228203812 7188595.982535248, 671299.961634288 7188699.26496825, 671272.1074436385 7188780.254195355, 671266.0830437005 7188788.231398699, 671259.1428430176 7188793.748001581, 671244.3260402852 7188799.30420609, 671227.7974366668 7188802.739410391, 671140.7280173586 7188819.611032717)
R. DEP. MÁRIO DE BARROS;PRIORITÁRIA;LEI Nº 15511 / 2019;LINESTRING (675004.4712579346 7188009.232417289, 674935.0328522313 7188068.321447412, 674865.233646038 7188125.561877121, 674856.7422449884 7188131.112880364, 674848.9078438934 7188135.642083198, 674839.3596423531 7188140.171286393, 674827.240840117 7188144.578290094, 674775.8394301258 7188160.857305153, 674641.0886032617 7188200.394543797, 674626.9896000706 7188202.713147359, 674561.8541850368 7188212.054763455, 674433.8667552003 7188229.025594703, 674387.8167444082 7188234.870005872, 674216.8085081361 7188274.789852129, 674013.2476647558 7188321.437506918, 673979.8376576486 7188329.167315926, 673910.777642792 7188344.353334332, 673894.4128391503 7188347.372138539, 673879.4780356829 7188349.437542196, 673857.711230498 7188351.820747362, 673821.7994215398 7188353.810555373)
R. DEP. PINHEIRO JÚNIOR;COLETORA 2;LEI Nº 15511 / 2019;LINESTRING (672340.240967856 7172552.879048459, 672338.4787643541 7172538.016245192, 672340.6233608237 7172518.441839963, 672344.4609537116 7172479.578429667, 672351.540343506 7172421.970814124, 672353.8637397557 7172401.1272085495, 672356.576336188 7172380.714403002, 672360.6365308296 7172350.072794676, 672363.0199272281 7172329.87838925, 672366.5815216586 7172298.809580926, 672368.7199178677 7172277.978375396, 672372.2717122263 7172246.570766991, 672375.8713077309 7172220.642559916, 672379.4167031932 7172194.572352819, 672385.0234943858 7172145.469539674, 672385.6406933834 7172139.90573819, 672391.9116826644 7172080.786522468, 672392.9274807789 7172070.496919747, 672397.146273921 7172032.43470959, 672401.3196679631 7171998.778300518, 672403.0646653669 7171984.198496601, 672409.8622579684 7171940.53628455, 672408.0078552061 7171929.3462822065, 672404.7882520576 7171917.884680078, 672419.6578388519 7171836.751457227, 672429.6252354007 7171808.470448274, 672433.5884327426 7171791.0120431995, 672438.0370302682 7171773.8796381075, 672480.6817976312 7171566.603978815, 672484.3025948704 7171549.055973796, 672490.1271904275 7171520.82556572, 672495.2423879949 7171503.133960358, 672498.5897852834 7171486.141355531, 672509.6081786752 7171441.431542376, 672533.4911659105 7171352.049515698, 672551.4197576563 7171291.378097239, 672565.9777491741 7171233.53608017, 672589.0083375329 7171150.627255261, 672609.516127189 7171076.922433117)
R. DEP. VIDAL VANHONI;COLETORA 2;LEI Nº 15511 / 2019;LINESTRING (666617.1038451748 7171864.930044919, 666668.6596577713 7171865.747234805, 666826.5860958062 7171865.490203129, 667021.3525427778 7171865.4901641, 667031.5143447185 7171862.949761444, 667188.5975660306 7171780.385709822, 667207.879166839 7171761.251101294, 667229.3379701943 7171752.199894782, 667385.8603912658 7171669.3170431685, 667462.985002052 7171630.538418229, 667510.7204084834 7171605.342802501, 667556.6642147253 7171581.354987424, 667603.2360207542 7171555.575571783, 667649.1748270642 7171531.968156798, 667707.1804350468 7171502.249737894, 667752.2180410816 7171478.37292302, 667794.3286467834 7171456.360509184, 667802.9420489846 7171456.998507606, 667872.4884691953 7171474.225697782)
R. DEP. WALDEMIRO PEDROSO;COLETORA 2;LEI Nº 15511 / 2019;LINESTRING (671331.118734667 7179415.404762972, 671191.3596997687 7179415.788191786, 671050.9268647657 7179416.486220795, 670912.2210302753 7179417.574649524, 670771.2763951087 7179418.097078545, 670631.1599601288 7179418.519307349, 670493.2659257484 7179419.152935727, 670396.5581016511 7179419.663555633, 670305.0694788066 7179419.914974395, 670212.7552558823 7179420.797793476, 670121.1208330042 7179421.063412251, 670028.6208099774 7179421.663431277, 669936.9237871685 7179422.346450151, 669845.2037642587 7179422.563468901, 669753.6065413998 7179422.880687641, 669659.2175177918 7179422.953506879, 669546.8762902472 7179425.750530445)
R. DEP. WALDEMIRO PEDROSO;OUTRAS VIAS;LEI Nº 15511 / 2019;LINESTRING (671505.3943782644 7179415.320327109, 671331.118734667 7179415.404762972)
R. DES. ANTÔNIO DE PAULA;COLETORA 1;LEI Nº 15511 / 2019;LINESTRING (679099.1621817634 7178032.093581287, 679085.3883740201 7178011.9969791975, 679080.1797711574 7178004.708978485, 679004.2783454151 7177972.722986758, 678876.5005018716 7177917.856200414, 678767.222664527 7177870.378411941, 678647.7706240872 7177820.194424959, 678500.5735740117 7177757.125840672, 678380.9753332506 7177705.452053317, 678261.5908926956 7177654.431266065, 678142.462052143 7177603.057478657, 678022.2698114333 7177552.110291569, 677902.8961708582 7177500.770704195, 677783.4775302464 7177449.249716769, 677673.2910928575 7177402.036928441, 677561.3828549174 7177354.178540308, 677452.7490180325 7177307.405351736, 677342.746580755 7177260.329763369, 677222.746540243 7177209.616376204, 677103.1976995636 7177157.529788588, 676984.3598593972 7177106.954201186, 676864.5332189752 7177056.26521395, 676744.9487785402 7177005.156626543, 676625.2707379546 7176953.381038977, 676505.9744975946 7176902.156251454, 676495.8386938646 7176896.3768521575, 676397.049660783 7176855.506462864, 676295.6664266586 7176812.689673625, 676184.6891894195 7176766.306485515, 676090.8143578714 7176726.795695493, 676019.1275338947 7176697.141703235, 676010.5309312798 7176694.820504472, 675890.052290489 7176642.576716873, 675882.8050875808 7176637.2763170805, 675875.6456848087 7176632.519317404, 675778.4798521565 7176591.4891276695, 675769.5898495353 7176589.474129042, 675689.9458222822 7176553.479536859, 675672.9766174763 7176550.558539708, 675572.339195306 7176563.254564086, 675561.919393293 7176565.905166942, 675292.9225345063 7176602.152632611)
R. DES. AURÉLIO FEIJÓ;OUTRAS VIAS;LEI Nº 15511 / 2019;LINESTRING (676634.3514472338 7189730.484128598, 676551.1340404899 7189801.9045651695, 676469.5890339683 7189872.360401126)
R. DES. BENVINDO VALENTE;SETORIAL 2;LEI Nº 15511 / 2019;LINESTRING (673527.5515166721 7187257.7075284235, 673359.2989288173 7187526.329433915, 673305.8303320635 7187608.853066702, 673298.2565326453 7187621.136071503, 673294.7735331848 7187628.091674055)
R. DES. CARLOS PINHEIRO GUIMÃRAES;COLETORA 2;LEI Nº 15511 / 2019;LINESTRING (674741.1204295787 7172937.077842364, 674779.820449749 7172988.477846841, 674809.7500655288 7173029.078050515, 674840.171681224 7173068.691853843, 674871.7206971489 7173108.078056878, 674918.3099216786 7173171.051862542, 674957.3847425282 7173225.14926761, 674963.710544906 7173229.157667264, 675037.5193874064 7173346.117480469, 675065.81120343 7173389.649285213, 675103.0944239812 7173444.308490803, 675119.3018330396 7173468.659893379, 675135.587641561 7173490.352495285, 675141.1602441985 7173496.455695612, 675172.5184583075 7173527.283296594, 675180.1942614322 7173533.26629645, 675201.459470164 7173550.187696138, 675224.8518793128 7173566.629695259, 675270.7106973045 7173599.123093599, 675318.982316376 7173633.934492003, 675328.5845197126 7173638.68449115, 675328.7209197673 7173638.778091144, 675385.0907423301 7173680.796289612, 675423.4547573706 7173707.878088196, 675430.8727602531 7173712.984287889, 675448.6305671785 7173725.342887189, 675466.2473740513 7173737.603486495, 675520.6187953255 7173775.751684429, 675572.6716161328 7173814.327482954, 675616.7222333397 7173845.053881232, 675672.4272550469 7173883.641878987, 675726.4330763482 7173922.2418770995, 675761.4010903471 7173948.203276118, 675769.5210935236 7173953.878075802, 675773.5882951481 7173956.875875682, 675813.6091109309 7173985.441874273, 675900.1223451158 7174047.455071289, 675982.9457779838 7174107.439868581)
R. DES. CID CAMPELO;COLETORA 1;LEI Nº 15511 / 2019;LINESTRING (668228.719016895 7176733.457321424, 668163.4690121373 7176789.752548642, 668131.6196100856 7176818.580162264, 668118.9378092912 7176830.184167718, 668096.5284078906 7176850.6891773585, 668096.3196078765 7176850.8801774485, 668074.2260066025 7176871.631587086, 668056.8196055972 7176887.980194678, 668016.3606028417 7176923.921211812, 667976.4718001771 7176959.632428771, 667936.035397612 7176996.529846138, 667828.4029905177 7177093.478692046, 667771.787986886 7177145.026516331, 667721.282583718 7177191.398738093, 667709.9055828839 7177201.243342843, 667606.2849757464 7177293.3091867175, 667563.1889728884 7177332.179405109, 667528.0995706083 7177364.079420147, 667492.8799689123 7177399.064235982, 667468.3031655774 7177412.7746443525, 667443.6297639027 7177434.868854843, 667296.2389549479 7177572.236318843, 667292.6169554553 7177579.244721326, 667237.6867524955 7177632.386345666, 667199.1141496935 7177666.114361857, 667162.6373471397 7177698.507777294, 667149.4607462162 7177710.20918287, 667133.007345155 7177725.276189947, 667113.0619446188 7177747.287599465, 667100.7833448593 7177763.686206037, 667091.7201452911 7177777.06501121, 667078.9169465541 7177799.219019332, 667061.6539497954 7177836.76583221, 667056.762951868 7177853.1654373035, 667052.7349544435 7177871.003842586, 667049.7847547082 7177875.978044425, 667045.8297605994 7177910.277053824, 667044.3207636538 7177927.3836584175, 667043.8157703074 7177961.202467007, 667043.8881740439 7177979.748871646, 667044.0883843863 7178031.105884498, 667044.2895947793 7178082.706097413, 667044.488205037 7178133.632910164, 667044.6866152791 7178184.484922899, 667044.8488236566 7178226.078533318, 667044.9136264953 7178240.164736845, 667045.0774336599 7178275.702545743, 667045.1468367017 7178290.791749522, 667044.5386434718 7178325.327358326, 667044.6070464686 7178340.1951620495, 667046.1414539632 7178375.679970665, 667046.0996600948 7178406.317378378, 667046.0742638123 7178424.898383056, 667046.0190718975 7178465.308193234, 667045.9496820965 7178516.276606071, 667046.5324924847 7178567.378018815, 667047.1005026053 7178617.168831235, 667047.2289126716 7178667.230643814, 667047.3563226616 7178716.910656301, 667047.4459296837 7178751.83306508, 667047.4847327285 7178766.975668887, 667047.6125427559 7178816.845881427, 667047.7409528098 7178866.846894003, 667047.6519583154 7178894.430500974, 667048.7239611136 7178907.055903943)
R. DES. ERNANI ALMEIDA DE ABREU;COLETORA 2;LEI Nº 15511 / 2019;LINESTRING (667885.7916861719 7171542.569311719, 667825.2310779266 7171574.023331575, 667760.9716692481 7171607.762952728, 667611.9050491402 7171686.274401842, 667564.694042686 7171710.742017297, 667516.9578364259 7171736.812833244, 667422.6622232995 7171784.580263833, 667376.8274169002 7171807.72507868, 667330.29001071 7171832.762894128, 667282.2746040652 7171857.328909755, 667235.5837975601 7171881.020524902, 667189.4799913103 7171905.270940065, 667131.042783084 7171934.533158923, 667061.5545735655 7171970.6559816655, 667050.0003719848 7171976.678585451, 666949.9313582036 7172028.39981812, 666906.9965526316 7172052.310032554, 666778.6289343276 7172115.655873713)
R. DES. ERNANI GUARITA CARTAXO;OUTRAS VIAS;LEI Nº 15511 / 2019;LINESTRING (671313.0420058339 7177837.682769358, 671279.7933975067 7177837.346576106, 671264.124393979 7177839.120379771, 671110.9407559242 7177839.080011226)
R. DES. JAMES PORTUGAL;OUTRAS VIAS;LEI Nº 15511 / 2019;LINESTRING (678076.0712184678 7191569.074311959, 678007.7140191023 7191656.911150053)
R. DES. JOSÉ CARLOS RIBEIRO RIBAS;COLETORA 1;LEI Nº 15511 / 2019;LINESTRING (672803.9605539393 7191240.637532865, 672809.5179599413 7191262.517737558, 672814.2957664367 7191287.772543315, 672820.3155741314 7191317.225949936, 672822.6965766635 7191326.409751897, 672825.2475788186 7191333.552753277, 672829.4993820927 7191343.926955168, 672859.4884013399 7191398.519563544, 672864.930805646 7191412.351966113, 672867.1984084548 7191423.009568492, 672870.14621229 7191437.748971821, 672873.0940172067 7191457.703976544, 672876.7222257784 7191494.439185614, 672879.4434327494 7191524.598193115, 672882.1646383562 7191548.181398858, 672885.0556418602 7191561.390201792, 672889.307445453 7191573.295004096, 672894.5796490342 7191583.8394058235, 672901.8926532624 7191594.894007266, 672911.5866583692 7191607.139008531, 672921.7908630124 7191616.492808919, 672940.6238710037 7191630.983008891, 672959.0362790124 7191646.085209116, 672976.023886542 7191660.6830095, 672988.1238931064 7191676.883011325, 672994.464297564 7191690.272613594, 672999.8847019592 7191704.543816291, 673008.5509103364 7191733.861622341, 673022.9477236544 7191779.676231619, 673029.3869289287 7191796.873034888, 673032.3247309255 7191802.748635851, 673036.6771335013 7191809.6036367845, 673051.6013409887 7191826.621238247, 673057.2161436111 7191832.087038545, 673097.874361204 7191864.912838901, 673114.8701685403 7191878.544239026, 673125.6611738093 7191890.143639894, 673131.4263771455 7191898.84684103, 673136.7765805179 7191908.263242441, 673141.6987843993 7191920.675644745, 673153.5239948656 7191955.983051752, 673161.8868026198 7191982.654657162, 673164.775804831 7191989.609858427, 673171.9452094652 7192002.771460466, 673188.423819059 7192027.9172637835, 673211.4296317186 7192059.483467469, 673224.9736393645 7192078.989669887, 673250.8988537306 7192115.027074166, 673264.0034617274 7192136.777877277, 673275.6074685745 7192154.9090797305, 673285.200473841 7192168.000881249, 673297.6142795073 7192179.4066817295, 673312.0546855907 7192190.236881634, 673330.1440929098 7192202.3330811225, 673346.9191001464 7192215.713281225, 673370.7163103597 7192234.439881304, 673390.1031188112 7192250.321681537, 673400.3097237918 7192261.243082346, 673404.8675261404 7192266.711682865, 673410.4285289664 7192273.203683453, 673420.4671344898 7192286.939485052, 673429.5241397121 7192300.483086802, 673440.2265455405 7192314.842888432, 673447.2361487765 7192321.446288748, 673456.9889528046 7192328.354288574, 673462.2715548017 7192331.1988882385, 673472.0243582801 7192335.465687358, 673479.3387607306 7192337.90388649, 673490.4077643731 7192341.268285093, 673518.8973734841 7192348.672081154, 673548.529983071 7192356.894677198, 673571.1809904495 7192363.410674235, 673580.644793577 7192366.358473057, 673594.2241981279 7192370.883071449, 673603.7410020888 7192377.758671313, 673612.1538061558 7192386.553871924, 673623.2434124453 7192402.614673927, 673642.7538240777 7192433.579078182)
R. DES. MOTTA;PRIORITÁRIA;LEI Nº 15511 / 2019;LINESTRING (673253.4485439898 7184843.955555838, 673187.2745604595 7185005.065411388, 673128.5669751283 7185148.376460789, 673051.0693939186 7185334.9407253545, 673042.3823932533 7185342.509329123, 673026.5437923598 7185357.856136402, 672961.6045895275 7185424.785567278, 672889.0185865448 7185500.543602036, 672766.4911812744 7185627.435460452, 672687.0417778186 7185709.619498307, 672678.1713771634 7185717.498302194, 672612.0155821312 7185823.903743608, 672607.9605830844 7185833.565546965, 672555.2253963812 7185963.565591762, 672500.306610612 7186100.884638933, 672500.280012802 7186111.505641712, 672450.7092250341 7186232.57928356, 672414.4904337694 7186320.095513897, 672376.193043431 7186414.738946537, 672362.6300469373 7186448.6745582055, 672317.0180582132 7186560.35339682, 672307.6870573392 7186567.811600698, 672255.4878708587 7186698.676845704, 672185.7552881704 7186869.99570494, 672187.0358905745 7186880.029907301, 672126.2917056407 7187029.317358939, 672084.5987159171 7187131.535794331, 672070.4821197401 7187167.8112067515)
R. DES. OTÁVIO DO AMARAL;OUTRAS VIAS;LEI Nº 15511 / 2019;LINESTRING (671583.3979780113 7186121.448033464, 671536.8171878243 7186227.65007076, 671473.82260083 7186370.074320903)
R. DES. WESTPHALEN;OUTRAS VIAS;LEI Nº 15511 / 2019;LINESTRING (673905.8320428137 7185473.45118355, 673967.0912272616 7185323.297331724, 674035.1548101099 7185157.181274354)
R. DES. WESTPHALEN;SETORIAL 1;LEI Nº 15511 / 2019;LINESTRING (674035.1548101099 7185157.181274354, 674103.1817926265 7184989.657616654, 674171.5653748687 7184820.521958488, 674234.5293585681 7184665.139305049, 674294.694542937 7184516.514253968, 674355.7583271367 7184366.086802256, 674376.4355213367 7184313.0119841965, 674408.7305136037 7184236.495757647, 674484.6218933702 7184046.945892762, 674535.5730797539 7183919.6310492065, 674564.8204723434 7183848.515824719, 674609.613260645 7183737.990586811, 674654.8658493664 7183628.963349203, 674678.1516432868 7183571.564729523, 674723.2356313892 7183459.876491284, 674774.4566181909 7183334.572248263, 674846.3440017472 7183168.759390498, 674894.2439911296 7183059.967952457, 674941.4491804545 7182951.802714735, 674989.2355701969 7182844.980477248, 675037.8355592489 7182733.955038521, 675042.3939588803 7182726.674835695, 675084.5101494663 7182630.859202247, 675089.853949479 7182624.45319948, 675121.493942374 7182552.350574328, 675129.3313391646 7182527.584766325, 675171.652927937 7182422.994330602, 675215.4269172313 7182319.1760947835, 675219.4563172589 7182314.441892722, 675269.2397040067 7182191.3172507025)
R. DIÓGENES DO BRASIL LOBATO;OUTRAS VIAS;LEI Nº 15511 / 2019;LINESTRING (678249.3178579941 7191539.271066988, 678155.4674592989 7191661.782519819)
R. DOMINGOS ANTÔNIO MORO;COLETORA 1;LEI Nº 15511 / 2019;LINESTRING (672609.8996973151 7191215.012966197, 672600.5834982805 7191231.580772549, 672581.566500482 7191266.531185818, 672567.0429022356 7191293.579196047, 672556.6237033479 7191312.2830032, 672549.6953042247 7191325.382608132, 672539.9731050777 7191341.946414569, 672534.5719051659 7191349.283217646, 672527.010104925 7191357.790021484, 672516.7479039603 7191366.252025868, 672505.5853023089 7191372.553429859, 672495.1429004392 7191376.874433173, 672484.1236981659 7191379.9830362825, 672469.915695093 7191383.303840108, 672469.403694982 7191383.423440244, 672469.1446949331 7191383.521440323, 672460.9914933032 7191386.06964269, 672453.2734918925 7191389.129045105, 672445.5936906917 7191393.151047766, 672434.8458896619 7191401.931852334, 672420.5210887034 7191415.633858958, 672411.4280884075 7191425.848063568, 672398.4884882167 7191441.497670424, 672392.9926882127 7191448.518473437, 672385.8924883405 7191458.234477501, 672381.2368884829 7191464.8872802425, 672374.8736882424 7191471.8742834255, 672366.7636878233 7191480.233887335, 672355.7838868395 7191489.549892094, 672355.6596868277 7191489.640892144, 672344.5192855308 7191497.643096586, 672337.7816846119 7191501.831299098, 672312.6158808611 7191515.929708065, 672301.5632790664 7191521.412111815, 672289.9754770839 7191526.668515613, 672272.6536741249 7191534.552921299, 672262.7384725343 7191539.570324689, 672257.1236715904 7191542.19852655, 672253.2516707908 7191543.293127643, 672250.0184700346 7191543.77692844)
R. DOMINGOS GABARDO;OUTRAS VIAS;LEI Nº 15511 / 2019;LINESTRING (671257.6879347563 7178531.968755212, 671110.3208979229 7178531.431185344)
R. DOMINGOS STRAPASSON;SETORIAL 1;LEI Nº 15511 / 2019;LINESTRING (667536.1098375231 7189630.5397790875, 667518.5220022077 7189477.683542117, 667513.3441895995 7189421.676128326, 667510.3713857062 7189406.165324815, 667505.624182096 7189394.3883226495)
R. DOS CONTABILISTAS;COLETORA 2;LEI Nº 15511 / 2019;LINESTRING (679131.1132521146 7181114.168754511, 679128.6064468022 7181092.393749497, 679116.6616285287 7181021.376133962)
R. DOS FERROVIÁRIOS;COLETORA 2;LEI Nº 15511 / 2019;LINESTRING (679506.5357082328 7183721.227142579, 679536.5907180485 7183731.149538668, 679581.7935326877 7183745.492932636, 679621.4073455574 7183758.2409273945, 679734.2463821947 7183794.418712418, 679848.417819614 7183832.60769766, 679848.9240197807 7183832.779697595, 679905.9900382439 7183850.733289921, 679926.0332447698 7183857.2328872755, 679962.0410564541 7183868.7068824675, 680019.3242751132 7183887.288074901, 680076.934693916 7183906.142267332, 680133.9889125149 7183924.688059798, 680191.0685311344 7183943.288052271, 680248.0643497141 7183961.797044735, 680304.9381683222 7183980.57123729, 680361.1159866683 7183998.940829887, 680418.1178052125 7184017.242222285, 680478.5964248807 7184036.614214204, 680534.0742431007 7184055.196806999, 680590.138261403 7184073.450199576, 680643.1236788161 7184091.2297926955, 680702.4660980727 7184109.996584691, 680761.7499175525 7184129.846976974, 680812.3809342276 7184146.967570424, 680830.8263402451 7184152.937367966)
R. DOS FUNCIONÁRIOS;COLETORA 1;LEI Nº 15511 / 2019;MULTILINESTRING ((676353.1696552557 7188225.966190285, 676380.5516549065 7188190.529975157, 676385.9698545125 7188181.9861717615, 676390.1376535726 7188172.400368355, 676393.6350518398 7188159.890764319), (675877.7176630419 7188851.08445563, 675980.6194612917 7188715.187798026, 675980.6240612903 7188715.181598023, 675982.2710612677 7188713.031197108, 676062.1544600342 7188608.246752584, 676148.5106590132 7188496.552104875, 676353.2738552836 7188225.966190263), (675271.4934626976 7189604.201182583, 675309.114054725 7189519.281952167, 675319.8510531632 7189498.450144388, 675327.2970526199 7189486.565339673, 675339.8978525545 7189470.527932774, 675347.6300528384 7189462.222928949, 675357.9398534957 7189452.485924201, 675379.8480551182 7189432.868914397, 675401.0750569114 7189414.915105177, 675460.0282626228 7189368.556880498, 675471.7450637571 7189359.343075594, 675493.3856656441 7189341.339866273, 675505.0146664288 7189330.579460977, 675522.9290674016 7189312.884852521, 675535.5308677619 7189298.896446167, 675559.3240678723 7189269.781833449, 675608.7414669115 7189203.693405552, 675617.9240667041 7189191.281800335, 675674.8840664588 7189119.25316928, 675705.1980653605 7189076.345751544, 675710.6828647807 7189066.774347857))
R. DOS FUNCIONÁRIOS;OUTRAS VIAS;LEI Nº 15511 / 2019;LINESTRING (675710.6828647807 7189066.774347857, 675717.8746641347 7189054.768743167, 675728.9446635447 7189038.207536454, 675737.4812632846 7189026.365331525, 675778.6630636994 7188977.166109838, 675808.2240638733 7188941.281894119, 675832.8164634694 7188908.835080359, 675877.717663043 7188851.0846556295)
R. DOS PIONEIROS;SETORIAL 1;LEI Nº 15511 / 2019;MULTILINESTRING ((673090.7853613914 7174535.249779981, 673156.5969808734 7174551.595370343), (673314.9644277686 7174590.928947131, 673477.3204758659 7174631.27872331, 673606.726514166 7174663.217504246, 673676.444734869 7174680.730294044, 673741.4369541764 7174697.078884535, 673802.5607723363 7174712.454675587, 673865.4043910097 7174728.262866382, 673928.4138097351 7174744.112657148, 674020.7514371027 7174766.973643521, 674183.1374852085 7174806.998619486, 674346.7927337294 7174847.448395259, 674402.0153501154 7174861.140587088, 674688.6396351889 7174932.2065446265, 674978.3725212349 7175004.034501607, 675185.050382692 7175055.495270917, 675329.4590258955 7175092.623449735, 675388.4816434983 7175107.519841003, 675438.7510583177 7175119.376233356, 675489.3936733117 7175131.614625724, 675539.8298882719 7175143.935818152, 675592.5723039473 7175156.957210263, 675644.9705195202 7175169.885002421, 675695.8155346443 7175182.47259482, 675746.7271498446 7175195.354787275, 675797.021364843 7175207.978179794, 675846.9211796549 7175220.178172287, 675901.5155958113 7175233.27836401, 675954.6098115729 7175246.241156013, 676065.3728449154 7175275.446139852))
R. DR. ALCIDES VIEIRA ARCO-VERDE;COLETORA 2;LEI Nº 15511 / 2019;LINESTRING (676511.8423290544 7182710.238321656, 676524.566532454 7182711.015119161, 676649.153381004 7182790.645313229, 676796.1232382337 7182884.223706126, 676902.922079963 7182952.792701102, 676927.610689641 7182968.778899973, 677065.113344193 7183060.813094456, 677159.1797809834 7183121.201890012, 677208.0088001388 7183152.791087764, 677256.4798192028 7183184.36928559, 677359.0088592814 7183249.937080666, 677409.7374791226 7183282.408678237, 677459.5380987445 7183314.938276019)
R. DR. ALEXANDRE GUTIERREZ;OUTRAS VIAS;LEI Nº 15511 / 2019;LINESTRING (672356.8450397288 7184485.884848861, 672326.4870473053 7184560.19947438, 672321.0216465872 7184563.504876366, 672314.0562455368 7184567.063278727, 672307.0798466194 7184580.96288377, 672289.7938483378 7184610.735495054, 672279.7150511914 7184637.058503957)
R. DR. BARRETO COUTINHO;OUTRAS VIAS;LEI Nº 15511 / 2019;LINESTRING (678388.3969796504 7191935.922543471, 678308.1575732329 7192005.509179277)
R. DR. BENEDICTO SIQUEIRA BRANCO;COLETORA 2;LEI Nº 15511 / 2019;LINESTRING (677143.9215894168 7174710.477971399, 677143.0613891978 7174710.43097157, 676986.4043488869 7174701.119402561, 676971.1077448418 7174699.691805458, 676863.3213173859 7174694.577827079, 676718.8212805907 7174687.778056059, 676610.7120530938 7174682.826677758, 676547.2602365644 7174678.075090031)
R. DR. BRASÍLIO VICENTE DE CASTRO;OUTRAS VIAS;LEI Nº 15511 / 2019;LINESTRING (667401.5211811156 7185539.982531976, 667401.0887807901 7185538.916931786, 667382.5939657685 7185487.82192221, 667351.2297408727 7185404.012906713, 667346.3451361588 7185386.7885032175, 667346.9211253675 7185332.282688935, 667349.3210835588 7185120.891033547)
R. DR. CARLOS BRUNO BREITHAUPT;COLETORA 1;LEI Nº 15511 / 2019;LINESTRING (679305.4803552817 7182319.022825098, 679214.8439260107 7182289.880437114, 679101.284289005 7182251.780451752, 679043.6832703727 7182233.08045933, 678985.7640516184 7182214.179466924, 678872.6862148258 7182176.399681511, 678767.6083806712 7182141.421895089)
R. DR. FAIVRE;OUTRAS VIAS;LEI Nº 15511 / 2019;LINESTRING (675054.5030395695 7185954.077868381, 675125.3558247915 7185796.623612464, 675186.4024126988 7185664.110765126)
R. DR. GABRIEL FERREIRA FILHO;COLETORA 1;LEI Nº 15511 / 2019;LINESTRING (680008.9803169827 7181314.719816566, 680003.9397082572 7181280.211008848, 679971.0154494361 7181046.289156298, 679970.6064487431 7181043.562355691, 679969.4752468306 7181036.020954012, 679968.1162441316 7181025.109351525, 679966.2158285078 7180954.962334059, 679965.451026207 7180945.201131737, 679965.3680259526 7180944.120531482, 679962.8570232044 7180934.324529527, 679949.066004832 7180865.3303149305)
R. DR. GABRIEL FERREIRA FILHO;COLETORA 2;LEI Nº 15511 / 2019;LINESTRING (679949.066004832 7180865.3303149305, 679935.8067904278 7180814.0843047425, 679929.7189864194 7180802.624903139, 679906.1823755108 7180779.563902348, 679844.2447415005 7180694.275694005, 679764.3324977362 7180584.672283359)
R. DR. HUGO DE BARROS;COLETORA 2;LEI Nº 15511 / 2019;LINESTRING (677666.0474880986 7183017.871955568, 677763.0405036963 7182975.186923912, 677854.3165181584 7182934.048893867, 677945.6821326694 7182893.0746638365, 677959.4713345307 7182885.348058905, 678045.1425482251 7182847.387030857, 678132.7369622149 7182808.546002163)
R. DR. JOAQUIM IGNÁCIO SILVEIRA DA MOTTA;COLETORA 2;LEI Nº 15511 / 2019;LINESTRING (676927.610689641 7182968.778899973, 676978.9850855037 7182887.68666822, 677028.2184811828 7182808.325037368, 677072.9216778758 7182739.216810119, 677109.1282751976 7182683.27658806, 677152.8606718255 7182615.079961255, 677195.447668655 7182549.236135302, 677240.4010650804 7182478.7021076465, 677275.9732621822 7182422.579885685, 677305.3482599129 7182376.842467708, 677336.5514578075 7182329.705448983, 677374.9232549673 7182270.579825663)
R. DR. JOÃO TOBIAS PINTO REBELO;EXTERNA;LEI Nº 15511 / 2019;LINESTRING (671319.152138868 7181396.565868621, 671321.1159152115 7181279.044838235, 671321.9046904362 7181157.533607092, 671323.1800655592 7181034.928175587, 671324.6686333909 7180876.58633496, 671324.6330121992 7180773.519708738)
R. DR. JÚLIO CÉSAR RIBEIRO DE SOUZA;COLETORA 2;LEI Nº 15511 / 2019;LINESTRING (676107.6376137256 7180757.41670787, 675997.6001758106 7180709.136118824, 675888.2661382408 7180661.591129806, 675769.1524973768 7180610.0431418205, 675649.4990565057 7180559.026354072, 675530.7826157244 7180507.249765916)
R. DR. JÚLIO CÉSAR RIBEIRO DE SOUZA;SETORIAL 1;LEI Nº 15511 / 2019;LINESTRING (676773.7902426026 7181045.317640187, 676755.5210359797 7181035.823041641, 676687.4350125737 7181006.426648585, 676568.0697715346 7180954.82066073, 676558.331567962 7180949.542461447, 676458.130333642 7180906.779871773, 676448.163730547 7180904.026673181, 676329.1818895484 7180852.014685115, 676228.5458549438 7180808.305095269, 676217.9226516918 7180805.579696821, 676107.6376137256 7180757.41670787)
R. DR. LAURO GENTIO PORTUGAL TAVARES;COLETORA 2;LEI Nº 15511 / 2019;MULTILINESTRING ((673246.385987946 7173518.265697143, 673287.9556069279 7173560.914698977, 673328.0234250095 7173600.98350049, 673373.0204447806 7173643.378501549, 673377.7204467984 7173647.578501604, 673391.9202522932 7173657.378301058, 673405.2202568417 7173663.678299839, 673438.9202682085 7173678.878296562, 673445.033670282 7173681.690495979, 673498.920288561 7173706.478290857, 673555.8071086361 7173736.371886359, 673581.4205178326 7173750.578484518, 673603.4205251902 7173760.178482296, 673617.8203299462 7173766.178280771, 673625.2909323389 7173768.934679893, 673671.0203458827 7173780.478273201, 673725.4203613397 7173791.078264467, 673756.2203706767 7173799.87826021, 673775.0205771744 7173809.078458552, 673798.220586497 7173826.678458044, 673806.8395906618 7173836.576858682, 673817.9019967363 7173852.780260361, 673882.0526306704 7173940.491868567, 673896.3872386395 7173961.932270855, 673909.2710463798 7173983.969273593, 673912.1982488148 7173992.218275012, 673916.2066530938 7174008.02927807, 673920.2152583934 7174028.739682334, 673921.3568605876 7174037.916084358, 673922.6624623879 7174045.010285832, 673929.2124678975 7174063.7508890815, 673942.4470757388 7174085.852091763, 673999.1527025485 7174148.000295239, 674006.6243058217 7174154.94149539, 674032.9877145527 7174165.945292594, 674051.3273203672 7174172.364290345, 674080.9037295528 7174181.78328649, 674143.383348641 7174200.170277966, 674162.4785551912 7174209.211676203, 674173.3511595732 7174217.474875968, 674186.7975660602 7174232.810276939, 674216.8303822915 7174275.375481155, 674247.689999008 7174319.285085533, 674334.9804453974 7174439.1186968405, 674381.0598698233 7174502.03410273, 674386.6736724891 7174508.210903082, 674399.7208773608 7174516.256702337, 674414.5076816585 7174519.518500047, 674476.4820975349 7174522.997687931, 674490.2013008313 7174522.730084991, 674544.1249145231 7174525.1684743, 674544.6817146644 7174525.193674188, 674622.4247343861 7174528.626858745, 674690.2625514101 7174530.735845046, 674756.6267681508 7174533.20703174, 674773.0339728794 7174536.629229143, 674848.1139948401 7174553.821617637, 674930.0294195027 7174575.911005897, 675006.882642827 7174597.489795089, 675017.0518461175 7174601.3217939, 675099.4668723018 7174630.025783675, 675109.5658758031 7174634.929782765, 675118.9290790099 7174639.291781874, 675166.9686972604 7174670.213979417, 675173.292699392 7174672.997178776, 675255.0243316356 7174731.238175984, 675342.8861665751 7174795.11157329, 675414.0451948942 7174846.889771117), (675464.1988147458 7174882.849969452, 675509.4390327272 7174915.623168033, 675547.6066476614 7174942.141766553, 675560.085452446 7174950.338765951, 675576.2464580929 7174958.35176453, 675648.6744804592 7174980.292954696))
R. DR. LEVY BUQUÉRA;COLETORA 2;LEI Nº 15511 / 2019;LINESTRING (673921.0545688908 7175515.207049654, 673982.0231491141 7175348.775595646, 674000.8205428513 7175296.698978811, 674019.5445366313 7175244.9267620705, 674037.0531307805 7175196.348346379, 674054.9605249879 7175147.598730561, 674070.892919943 7175104.757916624, 674071.5013180671 7175095.062514095, 674071.4109160509 7175085.516911751, 674110.8443052893 7174987.771279314, 674116.5209037147 7174973.578674615, 674183.1374852085 7174806.998619486)
R. DR. LEÃO MOCELLIN;COLETORA 2;LEI Nº 15511 / 2019;LINESTRING (669255.5825515916 7189939.613313945, 669240.5741463947 7189933.44071535, 669188.5785300671 7189920.330922418, 669140.5329147631 7189907.132328659, 669066.6512911923 7189886.6477382, 668982.0224641981 7189863.183349121, 668954.5224552302 7189854.583352411, 668924.0262447204 7189842.263755318, 668914.1224410888 7189837.183355976, 668897.122434234 7189825.383356286, 668881.7224277575 7189813.383356221, 668867.8470214298 7189800.134555515, 668854.1810162351 7189792.20555618, 668839.7224115815 7189787.983357985, 668821.2224062963 7189785.883361174, 668792.6223987438 7189785.683366908, 668771.1411932624 7189786.478771465, 668629.7223569024 7189790.383401101)
R. DR. LUIZ LOSSO FILHO;COLETORA 1;LEI Nº 15511 / 2019;LINESTRING (669756.9031475452 7180430.999542411, 669756.8075394692 7180391.459732389, 669756.5411267414 7180329.294116659, 669756.3471184552 7180288.853906432, 669755.3850990351 7180194.680882731, 669755.5208793748 7180097.980858175, 669755.1244597228 7180001.9772339165, 669754.7320400468 7179905.847009635, 669754.3200201401 7179808.605985088, 669754.574000478 7179711.760560516, 669754.9207830739 7179625.880738711, 669753.5241809117 7179616.984136747, 669753.4207613134 7179520.880112456, 669753.6065413998 7179422.880687641, 669752.6591214073 7179325.8838633215, 669752.3803112888 7179276.548250915, 669752.3207108942 7179274.680650456)
R. DR. MANOEL LINHARES DE LACERDA;OUTRAS VIAS;LEI Nº 15511 / 2019;LINESTRING (671259.6475578693 7178642.06398253, 671387.8193926292 7178655.688359614)
R. DR. MANOEL MAGALHÃES ABREU;COLETORA 1;LEI Nº 15511 / 2019;LINESTRING (677924.1228352931 7180588.479079147, 677762.722768452 7180465.579082337, 677636.1227159076 7180368.479084652, 677514.6542656146 7180275.747886978, 677408.834421705 7180194.42288886, 677399.2498186491 7180191.377290127, 677377.2650112265 7180182.449492539)
R. DR. MANOEL PEDRO;OUTRAS VIAS;LEI Nº 15511 / 2019;LINESTRING (675446.5805507896 7188853.6691471115, 675486.1449538851 7188819.186129676, 675528.8661573549 7188782.567711014, 675611.4603641053 7188712.034274999, 675695.5529707607 7188639.258238075)
R. DR. MARINS ALVES DE CAMARGO;OUTRAS VIAS;LEI Nº 15511 / 2019;LINESTRING (678528.4129785404 7191757.120065618, 678487.5013794261 7191811.957889061, 678444.8125796651 7191866.003912671, 678397.5585800373 7191926.362738949, 678388.3969796504 7191935.922543471)
R. DR. PEDRO ZAVASKI;COLETORA 2;LEI Nº 15511 / 2019;LINESTRING (673968.2052660242 7175924.968541583, 673981.0776654327 7175906.963934419)
R. DR. PLÍNIO GONÇALVES MARQUES;COLETORA 2;LEI Nº 15511 / 2019;LINESTRING (670803.9005689879 7174372.073811665, 670819.3049696549 7174356.976804782, 670855.1055753585 7174342.162193788, 670895.549783215 7174332.320583064, 670908.3925861509 7174331.343380189, 670943.8179957066 7174335.758374011, 670972.0596034436 7174339.860369229, 671057.3198268528 7174352.47895484, 671142.1198499636 7174364.178940313, 671228.0198734899 7174376.578925722, 671323.6198993252 7174388.678909055, 671433.919929289 7174403.378889993, 671528.7199553044 7174417.278873913, 671622.7199811917 7174431.478858058, 671719.5202076011 7174444.87884142, 671814.7202337491 7174458.894225253, 671867.5214481865 7174466.348416204, 671892.0008556789 7174473.669412959)
R. DR. SÁTILAS DO AMARAL CAMARGO;OUTRAS VIAS;LEI Nº 15511 / 2019;LINESTRING (678617.6138170848 7191826.679465158, 678576.0078172957 7191879.21848814, 678533.083617585 7191933.774911947, 678490.1158181158 7191989.54893609, 678474.0778183228 7192010.413545115, 678463.6692183787 7192023.590350874)
R. DR. WALDEMIRO PEREIRA;OUTRAS VIAS;LEI Nº 15511 / 2019;LINESTRING (671274.5418250532 7177004.610968683, 671114.5243852717 7177003.653401317)
R. DR. ÁLVARO TEIXEIRA PINTO;COLETORA 2;LEI Nº 15511 / 2019;LINESTRING (676989.9979297384 7192506.955194532, 677039.5343553938 7192565.75379982, 677147.7876104228 7192689.253410043, 677225.3252503817 7192780.182418032, 677304.445290545 7192870.002425389, 677378.833128609 7192955.812232675, 677439.4471598117 7193026.553638835)
R. DURVAL LEOPOLDO LANDAL;COLETORA 2;LEI Nº 15511 / 2019;LINESTRING (665565.3352978276 7180452.495990969, 665572.4222985604 7180447.207788219, 665612.5363013882 7180410.675570972, 665619.9381013048 7180400.885767017, 665627.119900248 7180386.481761932, 665643.6592960388 7180344.381747959, 665679.9196852561 7180244.28171535, 665698.9196801878 7180194.781699017, 665717.6086752416 7180146.287683003, 665755.2036647021 7180045.826050058, 665806.8610512957 7179913.259206193, 665846.278641081 7179812.235572767, 665855.0876383312 7179787.313764704, 665886.3002313166 7179712.762339623, 665896.0514288581 7179688.131131449, 665902.5670264554 7179667.8603250235, 665910.530622399 7179637.453915745, 665913.426420349 7179623.517711644, 665915.9602169489 7179603.246906012, 665917.0110141804 7179588.01430195, 665915.2362036528 7179537.366689495, 665909.3199937001 7179494.805079911, 665901.1195857045 7179464.950473997, 665898.2553837663 7179458.815673016, 665846.0911363937 7179286.353839824)
R. EDILTON TREVISAN;OUTRAS VIAS;LEI Nº 15511 / 2019;LINESTRING (676655.828311121 7190005.498597063, 676666.8929339367 7190099.488819694)
R. EDMUNDO ALBERTO MERCER;COLETORA 2;LEI Nº 15511 / 2019;LINESTRING (678234.5675764069 7191175.6957729515, 678328.3390168916 7191249.079772516, 678418.218855882 7191320.215772307, 678513.5592971328 7191395.090371925, 678603.914936368 7191466.642171722, 678697.0951765615 7191539.091971146, 678789.4224162095 7191609.973970332, 678879.6778552117 7191680.338369818)
R. EDSON CAMPOS MATESICH;COLETORA 2;LEI Nº 15511 / 2019;LINESTRING (668433.0868138946 7191318.9550477145, 668414.244822683 7191387.171069743, 668399.6226300402 7191442.783887555, 668386.622636146 7191490.083902823, 668385.7480365344 7191493.153503819, 668366.0624454492 7191563.149326505, 668342.8808556562 7191644.147952847, 668334.4442592165 7191672.865162231, 668310.8160708165 7191761.393790687, 668306.1584730297 7191778.487796202, 668279.4068854088 7191875.009027439, 668276.9226865605 7191883.984030344, 668251.4294984852 7191976.6294603, 668248.322699849 7191987.484063834, 668223.6227118474 7192079.484093468, 668220.3683132987 7192090.9620972, 668195.02272478 7192181.284126526)
R. EDUARDO CARLOS PEREIRA;EXTERNA;LEI Nº 15511 / 2019;LINESTRING (671841.1217729921 7181892.580887912, 671830.5217650103 7181866.880883523, 671813.4217526222 7181827.780877048, 671805.6171444329 7181797.632470947, 671801.0641375011 7181769.591064718, 671801.7527310434 7181737.413256349, 671807.2273238678 7181695.871644605, 671813.9217184728 7181661.4808344375, 671861.6773055953 7181540.425193671, 671906.7992945088 7181431.34755652, 671908.8050931431 7181422.26755379, 671950.888682266 7181317.991918502, 671993.3440711991 7181212.381282809, 671997.4794705063 7181203.964879811, 672003.7206665706 7181177.254271712, 672002.2700602056 7181148.180664602, 671992.8090514949 7181117.5366587415, 671985.1298455154 7181097.949655335, 671952.9582232661 7181029.443044517, 671935.2652122875 7180997.848240119, 671921.9640043844 7180975.787637243, 671854.809167051 7180876.839825897, 671839.2371579095 7180851.535022666, 671826.5847488365 7180822.986218009, 671818.4493403707 7180791.862611765, 671818.341336459 7180773.016206991, 671817.099728785 7180737.302598162, 671816.2831092911 7180643.727774531, 671815.0299040365 7180619.766368696, 671808.4934959762 7180588.64076213, 671799.8214869584 7180555.480555489, 671767.7738653286 7180489.650945364, 671762.3918623901 7180481.956944518, 671722.5684350908 7180398.078131414, 671700.9454201965 7180352.16932421, 671678.4746063941 7180312.580518786)
R. EDUARDO PINTO DA ROCHA;SETORIAL 2;LEI Nº 15511 / 2019;MULTILINESTRING ((675751.1856154497 7172656.958761295, 675612.0779503061 7172507.760954136, 675523.5587085953 7172411.476949256, 675510.805702647 7172397.879348619, 675434.1660668984 7172316.163744796, 675388.5002450466 7172264.81194187, 675349.5856266882 7172222.285539676, 675317.902212653 7172191.979738946, 675293.4316020366 7172169.63073864, 675287.6324000666 7172166.927739201, 675233.4707771396 7172120.143739177, 675230.112575017 7172113.908738362, 675213.9493680991 7172099.578538265, 675202.7853635806 7172090.913938498, 675192.121159882 7172085.58173944, 675179.9647559194 7172080.695140804, 675113.3485377876 7172070.970752438, 675070.488526088 7172064.549159879, 674940.8120910211 7172046.679982763, 674914.3738833962 7172040.7651868705, 674884.9552753274 7172036.169191929, 674772.6228448808 7172020.319611635, 674755.5814400683 7172016.9956144, 674723.0394309824 7172011.127019795, 674674.9064170143 7171999.93342716, 674656.9964112241 7171992.937229209, 674643.8438067005 7171986.500830397, 674444.3155343342 7171870.925644027, 674394.5133160854 7171841.147047197, 674344.2784979539 7171812.40925071, 674284.7316757056 7171774.709853984, 674245.2300616117 7171752.862456927, 674223.1620542596 7171743.152659178, 674160.709433989 7171718.215866163, 674141.5104281621 7171712.47806878, 674021.7231894417 7171665.353682337, 674011.1671854893 7171658.612882902, 673852.9293344999 7171597.006700945, 673655.3298708318 7171519.942123409, 673556.897239006 7171480.961134441, 673383.1625830436 7171413.060354108, 673382.0977827028 7171412.65055423, 673237.4289363036 7171356.971170792, 673128.953501338 7171314.321782978, 673016.6680651818 7171270.296595611, 673011.5320635306 7171268.291596191, 672947.1638428333 7171243.163403451, 672880.3684214177 7171217.373611052, 672835.3054068842 7171199.546416074, 672833.4312062771 7171198.805016283, 672804.0307965357 7171185.91021925, 672770.1117848839 7171169.043422189, 672756.8355803229 7171162.441623339, 672737.6621736635 7171152.555224915, 672723.8247688576 7171145.420426052, 672688.2349560254 7171124.788628422, 672664.2955468203 7171108.132229339, 672619.0609306515 7171082.564832509, 672609.516127189 7171076.922433117, 672600.6967241593 7171072.5276338775, 672504.9914940111 7171037.98584532, 672475.364084823 7171027.989249029, 672384.6860566565 7170997.133660313), (676422.9490918797 7175082.927216522, 676431.1314819956 7175026.778200885, 676440.7402703892 7174960.855582533, 676443.4478688915 7174950.642779432, 676458.2780608904 7174895.7151627, 676470.0532588316 7174872.378154431, 676478.6344567878 7174852.810347775, 676501.3926484628 7174787.210326728, 676517.3166429773 7174742.923512405, 676535.079639422 7174705.629699422, 676547.2602365644 7174678.075090031, 676573.8212324651 7174628.077872047, 676590.4212292973 7174593.977860103, 676599.5884270666 7174572.876252947, 676606.3212254273 7174557.377847692, 676615.3404212596 7174527.314038355, 676617.4212202975 7174520.3778362, 676626.7146144508 7174482.081224774, 676631.5970098724 7174454.853017015, 676638.0874099538 7174447.76141389, 676641.8550042411 7174416.478005369, 676645.6549961704 7174374.028194085, 676651.7055836909 7174308.200976558, 676654.1209826898 7174300.694974195, 676658.4375742369 7174255.861162221, 676660.1045685094 7174226.928354732, 676658.7211666587 7174219.7963532675, 676661.9213532513 7174152.877936088, 676663.4381438126 7174106.628324366, 676664.9717382425 7174078.594717132, 676664.2213253124 7174018.4779024795, 676659.7711212095 7174004.2448999155, 676657.0217190374 7173997.1656987555, 676649.8199047856 7173938.230885766, 676651.4705036286 7173930.877883606, 676642.4044899485 7173876.777872208, 676632.4214763881 7173824.2946614055, 676623.0778638762 7173776.013851503, 676618.7212583139 7173754.7778472025, 676623.5212543514 7173730.577840231, 676646.0820469672 7173669.841420509, 676666.7072447167 7173635.5518077025, 676675.672843333 7173618.747801669, 676681.4800422827 7173607.119797579, 676686.9618402113 7173591.060392467, 676687.5934377185 7173578.5881892685, 676692.621234698 7173558.578183282, 676697.0658314843 7173538.329777364, 676701.9212305127 7173528.177773839, 676701.4934303232 7173527.77477383, 676700.9508300829 7173527.26337382, 676672.5212174862 7173500.477773267, 676656.4212110688 7173488.677773782, 676629.0212004046 7173469.811374953, 676570.4491786326 7173434.289378643, 676530.8223653843 7173417.238782853, 676492.774153157 7173403.187787464, 676478.121147793 7173394.677788476, 676457.1981389266 7173376.826388525, 676400.8903161782 7173334.038189941, 676384.7211098234 7173322.577790551, 676365.521102469 7173309.877791498, 676342.318292721 7173290.464391643, 676293.4210697138 7173237.877789086, 676261.7156548853 7173204.191187529, 676233.6308418927 7173175.016786311, 676193.199023208 7173133.090984578, 676157.7638064618 7173094.579982626, 676143.6463997874 7173079.219181845, 676123.1011902377 7173057.636980897, 676089.109774147 7173020.538178986, 676054.4331577985 7172982.991577113, 676019.7211415723 7172946.053975396, 675992.6245288308 7172916.853573964, 675992.6225288305 7172916.851373965, 675986.0405257278 7172909.7153736055, 675986.038525726 7172909.713173605, 675952.535309738 7172872.486971563, 675923.0540956387 7172839.564369725, 675918.1880938521 7172836.690770049, 675918.185693852 7172836.689370049, 675913.1930919765 7172833.543770332, 675884.4484780099 7172800.392568282, 675850.8530623686 7172764.869566676, 675850.8510623681 7172764.867366677, 675816.9820464778 7172728.474764916, 675751.1880154511 7172656.961361297))
R. EDUARDO SPRADA;SETORIAL 2;LEI Nº 15511 / 2019;LINESTRING (669427.4216061091 7184079.0517440345, 669405.6969982311 7184067.637545501, 669388.8001928137 7184062.246147541, 669372.4185880596 7184059.473950153, 669331.7679775353 7184058.862558251, 669313.1237730149 7184060.085162353, 669297.5359699269 7184064.516966663, 669281.3367670854 7184070.935571611, 669268.0413655457 7184080.104976678, 669250.6195645318 7184097.068184599, 669240.227765937 7184117.0877918815, 669233.0215700998 7184146.682000994, 669229.9215750094 7184174.782008885, 669227.6963773717 7184189.21961307, 669224.4871791846 7184202.20941708, 669220.6665798515 7184210.309019948, 669214.0951799055 7184218.867023496, 669204.4215786518 7184224.882027013, 669192.7001762589 7184227.883430168, 669174.0559713918 7184227.425033833, 669118.8873563062 7184222.6876438, 669095.6215491729 7184216.882047016, 669081.2933438923 7184208.933647867, 669065.246936593 7184193.193047052, 669048.3743282745 7184173.470845374, 668971.6214925401 7184094.082040415, 668934.5278758946 7184058.761038805, 668917.4214694145 7184048.38203959, 668905.797265788 7184045.159841113, 668893.4188627466 7184045.7710437775, 668863.3286578906 7184059.808653498, 668828.3214520484 7184075.182064559, 668814.2570486531 7184076.182667667, 668799.5862444357 7184073.890270044, 668787.9718402582 7184067.930270854, 668779.2610365156 7184060.442070684, 668770.2444319488 7184049.286069628, 668727.7600034222 7183962.024855686, 668718.5907973365 7183943.533452768, 668708.8101921144 7183930.085051275, 668697.6541867568 7183917.706450336, 668680.8437793057 7183902.118649711, 668653.6685683045 7183882.074450035, 668630.5653594681 7183867.581050967, 668612.9123534794 7183860.278852652, 668598.4551493903 7183858.331255074, 668584.7475462155 7183859.953058263, 668569.230343818 7183867.711663404, 668562.686543107 7183872.470665955, 668553.4743421071 7183879.170469547, 668533.9109409549 7183898.204678415, 668520.5667408891 7183914.755685385, 668501.1775413962 7183941.790096285, 668482.8601425539 7183970.692707449, 668456.5525424082 7184003.273121179, 668377.0795383105 7184083.62455799, 668370.9183381606 7184090.691961059, 668359.5019383517 7184106.094967345, 668346.4545402821 7184132.189776724, 668345.5485489774 7184176.4055883335, 668340.2213506786 7184191.582193332, 668324.221351852 7184217.6822033115, 668311.4805508301 7184228.776208751, 668294.9901478147 7184234.756213626, 668278.641743944 7184236.315417329, 668266.9021401488 7184232.400418686, 668254.7609357232 7184225.876819449, 668210.2213173816 7184191.482219543, 668200.937114127 7184187.131420292, 668189.1129106891 7184185.09262215, 668175.6579076776 7184187.233225418, 668164.954905801 7184191.514428683, 668148.4419034859 7184200.994034464, 668127.9534999268 7184209.352640756, 668108.4844955399 7184212.308645446, 668096.0486923354 7184212.206647927, 668049.4656778007 7184199.261253971, 667995.033861033 7184185.1946613025, 667967.9212531449 7184180.482265548, 667951.4068500514 7184186.1120703295, 667941.4176488286 7184192.737674054, 667930.5108478433 7184201.7076785695, 667892.1278453937 7184238.335495769, 667881.5212440772 7184245.282299701, 667869.3212418592 7184249.78230332, 667857.1394389323 7184250.731506019, 667841.1236346404 7184249.782508997, 667805.8212252998 7184248.282315714, 667776.9212172563 7184245.082320703, 667757.6212109257 7184238.182322803, 667725.3211984355 7184217.201523878, 667711.7641936336 7184210.57592489, 667703.7115912021 7184208.741126036, 667693.2211888272 7184210.282328544, 667683.4271875469 7184216.385932092, 667675.3743871466 7184224.642535845, 667668.7487878073 7184236.364740208, 667658.5555900155 7184260.318748452, 667651.7261932059 7184284.884356178, 667651.8281970851 7184304.047761112, 667653.2552012012 7184322.701365651, 667650.6050026752 7184333.404168952, 667645.1006033559 7184343.801372749, 667639.800203433 7184350.9365756605, 667629.4030024493 7184359.294979913, 667615.1326000235 7184365.410984363, 667600.9639968041 7184367.44958774, 667584.8585925337 7184366.7359907925, 667574.1557891367 7184363.4741921, 667567.5301865994 7184359.29499235, 667558.9677830343 7184352.465592302, 667551.4211791351 7184342.68239129, 667545.2069749613 7184329.836589215, 667534.0963682851 7184310.775186518, 667528.0823653524 7184303.843785934, 667519.7211620539 7184298.082386123, 667506.0005572534 7184291.682187224, 667494.5255534293 7184287.269188388, 667478.6557491231 7184286.065391265, 667461.6211454875 7184289.682395622, 667451.7211440775 7184295.282399058, 667451.6823440796 7184295.345399082, 667447.1721442075 7184301.733201641, 667444.0681451948 7184310.601804558, 667441.5419465264 7184320.459007613, 667438.687948886 7184335.850612169, 667438.6095506896 7184344.930214534, 667438.2211621276 7184402.382429474, 667436.2415645133 7184416.784833599, 667431.450766581 7184433.196038807, 667428.3347670609 7184439.561241081, 667422.5051676064 7184449.722244881, 667350.0201711926 7184560.141288016, 667336.2479702326 7184572.946894096, 667323.4421684036 7184580.195498544, 667289.6157628795 7184595.900709398, 667245.6415551901 7184613.780322852, 667221.7213519131 7184628.03573134, 667208.9157512464 7184641.083137289, 667183.7875514377 7184674.184550902, 667167.8407497671 7184686.2655572295, 667151.8941474212 7184694.963762678, 667132.9963437803 7184700.982568027, 667077.4759298288 7184702.453779534, 667037.8507202431 7184705.353188226, 667012.9641147768 7184709.9437943995, 667002.7211134383 7184716.382598121, 666998.2255141409 7184725.649001421, 666992.7373152468 7184738.209805776, 666983.7285198565 7184772.764416535, 666978.1211241283 7184801.282625051, 666970.1979241727 7184811.664629329, 666959.8211227744 7184817.982633045, 666945.9211200081 7184821.982636864, 666831.2680930052 7184834.135062963, 666763.6152765555 7184838.7258776855, 666621.7210426556 7184851.382709334, 666601.2486371879 7184850.32371315, 666578.7782309839 7184848.149117075, 666557.7460245572 7184843.007719944, 666528.5626142647 7184828.991522139, 666494.5876020034 7184811.265924327, 666426.2209766235 7184772.033127808, 666376.8123582492 7184743.499530273, 666291.251526653 7184695.160334816, 666259.5661151322 7184678.1579367295, 666200.0416931617 7184644.537339887, 666199.3498929059 7184644.146539925, 666126.8208664596 7184604.782744182, 666099.6208557384 7184585.982744732, 666099.3640556285 7184585.759944726, 666068.0208421788 7184558.5827439325, 666012.3660188994 7184513.3331433, 665964.4323987346 7184473.752542598, 665957.0013956111 7184467.6289424915, 665939.6369882786 7184453.1505422015, 665711.9774924988 7184264.77693875, 665662.1634720227 7184225.915138602, 665645.5564661227 7184217.611739757, 665582.4194454273 7184194.784946397, 665477.0624117757 7184161.097958606, 665431.4811974238 7184147.550764152, 665352.0787716496 7184120.045172796, 665322.8963625238 7184111.6783764195, 665253.8963406779 7184090.529584634, 665136.8933036687 7184054.794398584, 665095.0296908371 7184044.069004105, 665067.2106838174 7184044.555409738, 665043.1216779972 7184046.2730149515, 665025.503473886 7184048.271218954, 664910.3410466465 7184059.472244633, 664880.514639372 7184061.274250997, 664847.1418305722 7184059.933657249, 664711.6517936618 7184048.5206810795, 664699.8981907974 7184049.238083586)
R. EDUARDO THÁ;OUTRAS VIAS;LEI Nº 15511 / 2019;LINESTRING (668462.9008277046 7185407.29288372, 668456.7596559379 7185554.876723342)
R. EDVINO ANTÔNIO DEBONI;COLETORA 1;LEI Nº 15511 / 2019;LINESTRING (668964.8416744412 7181052.958661541, 668926.967444347 7180951.597243403)
R. ELVIRA HARKOT RAMINA;OUTRAS VIAS;LEI Nº 15511 / 2019;LINESTRING (668697.8629097202 7185513.711863891, 668743.1541220858 7185517.17645563, 668785.3535330156 7185517.471647166, 668815.45354047 7185515.9962406885, 668902.1169627528 7185515.80702309)
R. EMANOEL ERNESTO BERTOLDI;COLETORA 1;LEI Nº 15511 / 2019;LINESTRING (667750.0432836849 7168713.468455778, 667732.5154804345 7168717.986860391, 667683.9278713127 7168729.97007305, 667586.154853029 7168754.464698606, 667428.2218234694 7168793.948539843, 667378.4612141305 7168806.284952805, 667327.2624045212 7168818.977966139, 667277.1459951133 7168831.4025791865, 667226.7599856535 7168843.8941923035, 667173.0643755717 7168857.206006279, 667120.7027657374 7168870.187419903, 667070.1175562385 7168882.742433066, 667019.3363467024 7168895.349646276, 666969.1911372835 7168907.79905932, 666918.4877277581 7168920.387072505, 666856.874916182 7168935.683488524, 666794.8493045275 7168951.091104647, 666743.6306949097 7168963.848517966, 666694.1802856203 7168976.165530823, 666640.7404755817 7168989.476144714, 666587.6388656052 7169002.702758514, 666537.0260560946 7169015.309371663, 666486.3468465682 7169027.932384828, 666347.826220512 7169062.3680207785)
R. EMANOEL VOLUZ;COLETORA 1;LEI Nº 15511 / 2019;LINESTRING (671346.8784532223 7176081.952123772, 671348.5976531622 7176079.595922831, 671370.1836533813 7176054.82111223, 671390.4464541819 7176034.454302997, 671415.5792555194 7176010.871891962, 671494.4636620663 7175948.329260182, 671526.1908643781 7175921.626247013, 671541.4786642881 7175902.913039213, 671576.3186602171 7175841.512216782, 671607.9848548083 7175777.429794339, 671612.7798529342 7175762.604189669, 671645.4588545653 7175731.512375217, 671659.6708529458 7175706.698366126, 671677.4532506453 7175674.315554421, 671685.2204489408 7175656.779348468, 671696.1506478228 7175638.317941632, 671701.6204472629 7175629.0793382125, 671745.5622511704 7175595.650120858, 671834.6720587076 7175526.037085214, 671923.9142664649 7175457.40844978, 672009.1202717733 7175381.779213441, 672092.2202768009 7175307.378977841, 672174.8202814452 7175231.778942041)
R. EMILIANO PERNETA;SETORIAL 2;LEI Nº 15511 / 2019;LINESTRING (673026.5437923598 7185357.856136402, 672962.3087625834 7185294.014133132)
R. EMÍLIO ROMANI;COLETORA 2;LEI Nº 15511 / 2019;LINESTRING (667611.3766594924 7174720.5489460565, 667556.6616559023 7174769.249769095, 667517.5420533037 7174803.92078553, 667444.0814485389 7174869.6684165485, 667425.5756458761 7174878.9548225645)
R. ENETTE DUBARD;COLETORA 1;LEI Nº 15511 / 2019;MULTILINESTRING ((666842.4383447623 7171092.302811962, 666867.850139701 7171036.564193347, 666898.6645339902 7170971.130971302, 666907.0339317305 7170949.8269644575, 666911.9795294879 7170932.707959316, 666914.642527154 7170917.871155185, 666916.5447228088 7170893.904348992, 666915.0229175641 7170869.557143396, 666909.6969053092 7170814.7757311845, 666905.4432934579 7170760.730518941, 666900.6408818645 7170708.616707279, 666893.812465379 7170634.515090702, 666887.2198494644 7170562.970474704, 666882.7780387418 7170514.76866393, 666877.7118274628 7170464.53045279, 666862.0507916317 7170304.399217203, 666854.68397866 7170248.446605158), (666906.9965526316 7172052.310032554, 666892.9665439947 7172026.102228975, 666881.2023368735 7172004.737026123, 666839.6069112909 7171927.125815539, 666829.6443058071 7171911.745613785, 666826.5860958062 7171865.490203129, 666826.9254845614 7171808.933789286, 666826.2146749367 7171761.732577935, 666826.7944653219 7171713.025965961, 666826.2146555432 7171664.898954364, 666826.7944461609 7171617.351742677, 666825.1838245667 7171511.462517241, 666826.4790023472 7171398.965089633, 666825.1551915669 7171346.730677205, 666826.5685796558 7171285.557462061, 666827.2503552916 7171163.092032185))
R. ENG. ADEMAR MUNHOZ;COLETORA 2;LEI Nº 15511 / 2019;LINESTRING (678385.8975960506 7180796.467833377, 678500.7794325472 7180831.715817757, 678520.8796393326 7180839.739215495, 678679.8868896514 7180887.520393597, 678790.5851246393 7180920.53117827, 679116.6616285287 7181021.376133962)
R. ENG. ARTHUR BETTES;OUTRAS VIAS;LEI Nº 15511 / 2019;LINESTRING (671837.2306348087 7182197.245766699, 671784.1997961821 7182075.069146342, 671725.8437543416 7181943.758924758, 671646.4656969043 7181762.458894741)
R. ENG. BENEDITO MÁRIO DA SILVA;COLETORA 1;LEI Nº 15511 / 2019;LINESTRING (679812.35655073 7181701.450557793, 679819.0127528472 7181703.452956868, 679889.5311745617 7181721.371546235, 679931.7781874363 7181731.475739703, 679953.7411942643 7181737.358936467, 680017.3832139208 7181753.779126925, 680081.922433756 7181769.958917125, 680127.9626479568 7181781.739910191, 680146.4692536343 7181786.331507367, 680211.7238735412 7181801.979097266, 680225.1258776216 7181805.160295182, 680275.7176931791 7181817.864887493, 680340.0427130371 7181834.3582778005, 680352.2473170112 7181838.4408762045, 680404.0243328759 7181851.158468256, 680420.3183379548 7181855.557865854, 680468.5237526379 7181866.978858343, 680533.6237726787 7181883.3788484465, 680597.1237921659 7181899.07883871, 680622.4237997881 7181904.678834662, 680663.0238123705 7181915.278828578, 680681.0238179939 7181920.178825931, 680728.4238324753 7181931.578818575, 680740.440836153 7181934.499816718, 680799.396454271 7181949.163207687, 680859.2226724895 7181963.260198319, 680918.6804908635 7181978.499389319, 680940.4732975038 7181983.646985907, 680979.374707546 7181984.490777679)
R. ENG. EDUARDO AFONSO NADOLNY;COLETORA 1;LEI Nº 15511 / 2019;LINESTRING (666609.8179343438 7174319.647047989, 666596.7779134266 7174230.956428735, 666584.7624939653 7174148.2854107665, 666574.7380775015 7174078.1669955, 666566.93866523 7174026.300584288, 666559.4592531408 7173974.94857314, 666551.76724103 7173923.747162077, 666544.3422289968 7173872.5963509735, 666533.9034124517 7173802.541735829, 666531.2940079394 7173783.153531582, 666593.1783961316 7173648.75488617, 666685.6455791623 7173451.49281922, 666784.345960739 7173239.631547477, 666873.9363440985 7173047.959282547, 666945.6625304095 7172892.827430179, 666983.7765234027 7172811.780602699)
R. ENG. ERNESTO GUAITA;OUTRAS VIAS;LEI Nº 15511 / 2019;LINESTRING (678798.7818954692 7191968.214064276, 678756.963495886 7192021.9580876455, 678728.569096284 7192058.999903662, 678725.326296119 7192062.242905226, 678721.6674957174 7192064.903706723, 678717.5930950275 7192066.733108088, 678714.0420943102 7192067.790709131)
R. ENG. JOÃO BLEY FILHO;COLETORA 2;LEI Nº 15511 / 2019;LINESTRING (671449.4129141085 7176255.142745784, 671629.6961447272 7176188.059691971, 671726.17756101 7176151.7226630505, 671749.3451659544 7176148.018057354, 671765.3631701722 7176149.330854379, 671786.5199759525 7176152.090450704, 671821.9667861133 7176159.01724512, 671898.0486079121 7176173.826633113, 671950.9204233025 7176185.279425056, 672004.2530387312 7176196.360816807, 672031.1898465997 7176202.321212731, 672046.1608504592 7176203.152209846, 672073.6812568255 7176201.139203662, 672312.2497120154 7176183.742150035, 672351.8813210647 7176180.285140978, 672383.186526214 7176167.890931417, 672403.4207297709 7176160.979325511, 672458.8617457915 7176172.396116879, 672558.8505755306 7176197.034502312, 672576.2305801843 7176198.826299159, 672592.7145839859 7176197.572095433, 672609.0193868524 7176192.0176906735, 672629.52638878 7176176.928082669, 672670.6379918894 7176143.045465717, 672670.8003918998 7176142.90706565, 672756.4026003247 7176081.8270327095, 672781.8028026453 7176062.8530227225)
R. ENG. JOÃO KLOSS;COLETORA 2;LEI Nº 15511 / 2019;MULTILINESTRING ((667535.5850752327 7170913.061029355, 667550.1108725638 7170882.463819015, 667556.9102705277 7170864.229013227, 667559.6918670917 7170843.831007723, 667558.4400627508 7170823.745003107, 667540.275036605 7170715.428180516, 667522.6710111762 7170609.983958523, 667502.107781892 7170488.867533345, 667490.9269650528 7170418.450118557, 667482.1049533911 7170370.958508847, 667474.427942272 7170324.7994992295, 667458.4809191782 7170228.91427926, 667447.5845034004 7170163.396865621), (667549.2169354465 7171196.136495299, 667541.5851281254 7171168.865490213, 667539.8465242811 7171151.828486426, 667537.618913227 7171099.53047418, 667528.6311095296 7171091.888474133, 667525.8768949246 7171022.556257864, 667524.7848834114 7170966.614844514))
R. ENG. NIÉPCE DA SILVA;OUTRAS VIAS;LEI Nº 15511 / 2019;LINESTRING (671465.3704516748 7181765.391332758, 671646.4656969043 7181762.458894741, 671780.4217307504 7181762.180867078, 671801.0641375011 7181769.591064718)
R. ENG. OSTOJA ROGUSKI;SETORIAL 1;LEI Nº 15511 / 2019;LINESTRING (676672.3747933949 7184708.873803416, 676702.7320134363 7184766.678811972, 676734.3922384693 7184846.431025948, 676738.4900412012 7184854.352027133, 676742.6710436682 7184860.922227953, 676750.5210476369 7184870.13742868, 676796.7238690255 7184915.035630535, 676864.4387001712 7184979.8542329995, 676936.2581327417 7185046.366235032, 677001.3109624545 7185107.550637115, 677062.8705905254 7185165.19423902, 677108.1854114413 7185208.792440727, 677109.4738120318 7185210.01084077, 677111.598413005 7185212.02004084, 677160.7802355397 7185258.53024248)
R. ENGS. REBOUÇAS;PRIORITÁRIA;LEI Nº 15511 / 2019;LINESTRING (675898.1817277648 7185339.702330876, 675717.4058660129 7185267.49795022, 675562.909412777 7185203.472766122, 675494.0209889922 7185174.6635731375, 675355.7169418716 7185119.759787971, 675325.0943313895 7185107.360991191, 675291.4249199312 7185094.04199481, 675276.2229147952 7185088.201196488, 675217.8624948489 7185064.680602646, 675071.4942447259 7185005.174817938, 675009.9574235613 7184979.687424242, 674978.8600129695 7184967.301427553, 674910.3043895505 7184939.639034757, 674898.9295858077 7184935.73303613, 674772.7941424738 7184883.597649049, 674651.5295009109 7184833.868461557, 674525.3648579554 7184783.439274896, 674412.0248191699 7184737.128686602, 674234.5293585681 7184665.139305049, 674033.9710900236 7184583.303925728, 673943.6356591857 7184546.545735056, 673828.5646199791 7184500.033147007, 673722.6189837322 7184456.4393577995, 673575.0939337584 7184398.043973405, 673565.0927307501 7184395.895774931, 673456.905893865 7184351.8641860485, 673400.5684746559 7184328.906591825)
R. EPONINO MACUCO;OUTRAS VIAS;LEI Nº 15511 / 2019;LINESTRING (671259.7316856929 7178290.7238941, 671394.920925834 7178322.2800742425)
R. ERNESTO BISCARDI;COLETORA 2;LEI Nº 15511 / 2019;LINESTRING (670936.7907723974 7178130.274720073, 670755.4455272477 7178130.050157191, 670664.6755045544 7178129.480175641, 670574.4754821489 7178129.619994143, 670480.0114586393 7178129.552813455, 670393.0906370436 7178129.659831257, 670280.8604090656 7178129.3448541155, 670211.2303917189 7178129.205068305, 670120.3273692467 7178129.875687034)
R. ERNESTO GERMANO FRANCISCO HANNEMANN;COLETORA 1;LEI Nº 15511 / 2019;LINESTRING (667661.7407378029 7172067.117284598, 667553.5163022274 7172020.14289492, 667507.7616871358 7172000.010699213, 667497.1466840581 7171997.448500724, 667486.1654811879 7171996.350302663, 667477.3806791413 7171996.71650452, 667470.060077742 7171998.546706438, 667423.5734713797 7172022.705121672, 667375.6228647337 7172047.229537288, 667328.038258174 7172071.753952827, 667301.3176544425 7172085.297161495, 667290.3366561288 7172106.893368969, 667261.0536619197 7172170.949590475, 667240.5556657866 7172214.873805309, 667221.155869991 7172259.164220013, 667197.7296743221 7172308.945036868)
R. ERNESTO GERMANO FRANCISCO HANNEMANN;COLETORA 2;LEI Nº 15511 / 2019;LINESTRING (668010.0732519166 7172215.96825073, 667960.7310358265 7172195.290855635, 667913.2074202767 7172175.097860288, 667865.2568045638 7172154.59986495, 667818.40418934 7172135.200069658, 667769.7213733804 7172114.335874375, 667722.5027578513 7172093.837878883, 667661.7407378029 7172067.117284598)
R. ERNESTO PIAZZETTA;OUTRAS VIAS;LEI Nº 15511 / 2019;LINESTRING (677132.5883013534 7190310.813377127, 677052.4788952358 7190381.398412913)
R. ESTADOS UNIDOS;COLETORA 1;LEI Nº 15511 / 2019;MULTILINESTRING ((677271.8757220428 7188353.494429141, 677199.2789248389 7188455.854071563, 677124.687527996 7188562.451915534, 677051.1677313234 7188668.62115917, 676977.1243344719 7188774.681402896, 676901.8891374161 7188881.333047037, 676827.1063403243 7188987.358690923, 676753.1993434611 7189093.45653465, 676683.4389461845 7189192.569575656, 676612.524348029 7189289.0454162145, 676536.4093469882 7189378.404255994, 676482.1243442348 7189432.68168186, 676426.4145401743 7189482.5779068675), (676261.5819279122 7189629.214580587, 676176.5557210592 7189702.46621798, 676096.4771146526 7189771.7550532725, 675964.6419037515 7189884.267910957, 675889.1518976743 7189949.552744214, 675806.2480906355 7190019.581980293, 675714.8978831025 7190097.882820344, 675623.8930757566 7190176.726060465, 675532.5388680792 7190254.510500375, 675448.3574611061 7190326.739537296, 675391.3950564277 7190375.840762338, 675375.139255048 7190389.658569432, 675302.2546494447 7190454.365801973, 675234.0936436772 7190512.419231747))
R. ESTADOS UNIDOS;OUTRAS VIAS;LEI Nº 15511 / 2019;LINESTRING (676426.4145401743 7189482.5779068675, 676340.6197334992 7189557.481744862, 676261.5819279122 7189629.214580587)
R. ESTEVÃO BAYÃO;OUTRAS VIAS;LEI Nº 15511 / 2019;LINESTRING (671670.6786747489 7184538.938004153, 671688.5796760763 7184523.092796364, 671805.2884895658 7184443.340151677, 671944.1111058535 7184349.779498845, 671968.6241081998 7184330.706088854)
R. EUCLIDES DA CUNHA;OUTRAS VIAS;LEI Nº 15511 / 2019;LINESTRING (671116.26201724 7185926.02007849, 671070.7118270133 7186030.960715195, 671010.0224399455 7186170.431764023)
R. EUGÊNIO FLOR;COLETORA 2;LEI Nº 15511 / 2019;LINESTRING (673072.8870283759 7191256.612881385, 673076.1542304233 7191262.316082228, 673077.4344316144 7191266.417883059, 673078.2504330005 7191272.065884398, 673077.7930339405 7191277.176885859, 673055.1438538105 7191401.846323868, 673050.6236577285 7191426.491331393, 673043.9844628153 7191459.491141592, 673040.2744671792 7191485.266349253, 673037.5408709524 7191506.940755617, 673036.36927364 7191521.390359722, 673036.9550778845 7191541.112364877, 673041.0554825756 7191558.490968674, 673047.4992871177 7191572.159570994, 673054.919491797 7191585.242372954, 673062.3394961925 7191596.958174549, 673070.3455009867 7191609.845776334, 673078.2239063183 7191625.482978885, 673083.8405104046 7191638.00738107, 673086.9647130552 7191646.794382773, 673088.9173158013 7191657.533985242, 673088.9173182725 7191669.445188429, 673087.8391218577 7191688.096993644, 673078.6789267105 7191723.193004938, 673070.7455306654 7191752.389814399, 673054.903338411 7191809.970033103, 673051.6013409887 7191826.621238247, 673050.524342308 7191834.3596405415, 673042.6963477487 7191870.59605187, 673027.2133588562 7191943.951874733, 673020.5823640106 7191977.283485038, 673018.4943662784 7191990.887489118, 673017.8435683724 7192001.818892183, 673018.2339705273 7192011.709294753, 673018.6677734486 7192025.24349829, 673020.2715796761 7192053.219105456, 673024.231795918 7192126.458524272, 673025.2668002169 7192145.86672926, 673034.7828206873 7192232.375350492, 673037.4240254557 7192251.983155204, 673046.8940383315 7192301.9283666415, 673050.5274430303 7192319.922170717, 673052.2576463968 7192333.93657412, 673052.0846488622 7192346.047777406, 673049.4892503256 7192356.428780731, 673031.3224526738 7192391.032193789, 673021.2874557122 7192418.542003255, 673015.4732584243 7192439.076409975)
R. EUNICE BETTINI BARTOSZECK;COLETORA 2;LEI Nº 15511 / 2019;LINESTRING (680442.7819923667 7179309.00061329, 680441.5233956842 7179325.778417803, 680417.704413187 7179434.168250372, 680412.3436174686 7179460.150058105, 680407.5394213063 7179483.435665036, 680408.9628233063 7179491.034066651, 680410.4884307889 7179523.8338746205, 680423.4234426273 7179563.555281874, 680441.2234577094 7179612.620490441, 680458.0770723281 7179660.629698948, 680474.8764868126 7179708.075507328, 680491.3049014783 7179756.7833161075, 680513.7049205997 7179819.139127058, 680530.8857352403 7179866.828335423, 680547.8537500745 7179915.662344128, 680564.2537645716 7179963.584152726, 680580.353778801 7180010.606761165, 680596.1665925044 7180055.527969135, 680613.6094075375 7180104.693177831, 680631.831223343 7180156.500987032, 680649.2010383706 7180205.700995758, 680667.1920541053 7180257.436004995, 680683.0046677439 7180302.021812893, 680719.1782990413 7180404.425631069, 680754.704729993 7180505.942449171, 680790.7223608947 7180606.620466963, 680808.2909761159 7180656.398875818, 680840.9812045413 7180749.473292412)
R. EURIDES CUNHA;OUTRAS VIAS;LEI Nº 15511 / 2019;LINESTRING (672108.517778823 7183530.3636533, 671957.8113470165 7183562.6270927135)
R. EURIDES FERNANDES DO NASCIMENTO;COLETORA 2;LEI Nº 15511 / 2019;LINESTRING (676121.7477713646 7174862.065025578, 676167.2407471401 7174694.816974605, 676213.7853232615 7174528.078123568, 676258.9646992803 7174362.507273136, 676282.5968875024 7174279.568247673, 676289.0154855856 7174263.105242256, 676292.6542853548 7174257.81104018)
R. EURÍPEDES GARCEZ DO NASCIMENTO;COLETORA 2;LEI Nº 15511 / 2019;LINESTRING (674374.4976305272 7188663.391921675, 674395.0062548129 7188753.898341285, 674409.6886719718 7188817.59375504, 674446.9859159641 7188981.2779904995, 674464.5373365908 7189057.9346071, 674482.390557452 7189135.300223829, 674517.6539986708 7189288.152056905, 674536.1446199736 7189366.793873861, 674563.7432532822 7189491.3615010865)
R. EVARISTO DA VEIGA;COLETORA 2;LEI Nº 15511 / 2019;LINESTRING (675369.2185753867 7179558.17955924, 675250.903335196 7179507.975971422, 675129.8258939321 7179455.887183698, 675019.622856132 7179407.26539455, 675010.025853586 7179406.581596392, 674998.9206503652 7179404.478598192, 674925.0220252582 7179372.979605742, 674835.4387949744 7179335.483815059, 674715.0345541592 7179284.48802742, 674580.2183083475 7179226.779641089, 674401.4046454387 7179139.836456566)
R. EVELÁZIO AUGUSTO BLEY;COLETORA 2;LEI Nº 15511 / 2019;MULTILINESTRING ((667935.0116843705 7171474.85288533, 667976.5801077752 7171541.287493106, 667988.8927152543 7171563.6750960685, 668060.4133532376 7171666.573706679, 668138.1903943301 7171777.311317945), (668461.1047691477 7172256.8229696145, 668476.9187776187 7172279.811772027, 668520.7880011224 7172343.584578725, 668556.6890203079 7172395.510384144))
R. EÇA DE QUEIROZ;COLETORA 1;LEI Nº 15511 / 2019;LINESTRING (674736.2706878097 7189440.09305138, 674759.9110922653 7189431.760444218, 674786.0560971878 7189422.525636295, 674808.0037013872 7189415.089829724, 674816.6439032445 7189413.142827399, 674950.9235335032 7189389.483392978, 674971.9619381356 7189385.264987447, 675045.5949539093 7189368.410167534, 675142.7831745107 7189345.145940972, 675146.7687751814 7189343.356539661, 675151.730575969 7189340.916337973, 675157.0927768142 7189338.251136141, 675157.1077768183 7189338.243736135, 675163.041177968 7189336.314334379, 675170.3735796519 7189335.176732537, 675188.8305844115 7189334.797328562, 675228.7153948678 7189334.783320179, 675245.065599366 7189335.794717012, 675256.6960028044 7189337.64891506, 675269.5708069094 7189341.118113274, 675279.788410384 7189344.896712126, 675290.0290143115 7189350.80851154)
R. FAGUNDES VARELA;SETORIAL 1;LEI Nº 15511 / 2019;LINESTRING (676911.1782691381 7187605.126508748, 676920.4420719352 7187606.955507262, 676934.6028767418 7187612.246305649, 677054.9979185837 7187661.799893122, 677183.9269634702 7187715.1662797695, 677244.6565848263 7187741.27907373, 677334.5494166049 7187780.679064982, 677424.3818482937 7187819.695456138, 677583.1447044086 7187889.070840599, 677649.4279278105 7187917.873034063, 677663.5815328175 7187924.069632678, 677747.9809626887 7187961.048824427, 677778.9707736976 7187974.815021446, 677849.5667987345 7188005.949614592, 677927.5850263758 7188040.201406969, 678054.9196715188 7188096.176194535, 678127.3148971135 7188127.633387363, 678200.5245232253 7188160.480980377, 678274.1523491656 7188192.000572947, 678346.9873752841 7188225.288366146, 678493.0522269941 7188288.840351653, 678563.058452031 7188320.447745001, 678640.1650792706 7188353.661137247, 678714.2543057002 7188386.739730097, 678786.167131042 7188417.363522763, 678945.8409877714 7188487.430307006, 678988.4188032058 7188507.520503173)
R. FELISBINO PASSOS;COLETORA 2;LEI Nº 15511 / 2019;LINESTRING (679437.1254543185 7190989.281465389, 679438.104657267 7191001.7960685175, 679437.261658678 7191009.383270724, 679424.4556646694 7191052.974685116, 679417.394068704 7191080.408093959, 679401.9358769056 7191137.540912539, 679396.5320787381 7191152.706317751, 679388.5134802543 7191169.614923991, 679378.5776808118 7191184.431930086, 679360.3906805292 7191205.485339619, 679329.9434794711 7191238.024154859, 679290.6644777232 7191278.232974045, 679250.2232756121 7191318.209393419, 679221.1706741011 7191346.952207344, 679190.8254727783 7191378.18162221, 679172.4254720516 7191397.481631322, 679154.4756720911 7191419.784041142, 679143.1576726505 7191436.341647999, 679137.4988738523 7191448.917052576, 679133.0974756127 7191462.540457167, 679129.5342795745 7191485.385864042, 679124.5680868134 7191525.224875763, 679120.4784941595 7191564.483087145, 679116.6697016471 7191604.053098554, 679112.3949098121 7191647.3623110615, 679111.1919141412 7191669.008917114, 679109.4911187217 7191692.442523753, 679108.9241217774 7191707.372127872, 679133.8697295659 7191712.8525239825, 679153.9247359859 7191717.985721052)
R. FERNANDO DE NORONHA;COLETORA 1;LEI Nº 15511 / 2019;LINESTRING (677703.2540624719 7191300.395919613, 677688.0758596435 7191305.968924334, 677668.64985633 7191314.543130761, 677655.7886543251 7191321.107735256, 677646.678453398 7191328.074339058, 677638.1042532979 7191338.256143606, 677630.0658541652 7191352.323349077, 677622.6814556358 7191368.406354947, 677579.3056654463 7191468.423790923, 677568.6056685571 7191496.346000668, 677553.6996722553 7191532.27021345, 677546.9482731823 7191545.026818301, 677535.6768742211 7191563.942025759, 677524.5350749651 7191581.302632775, 677505.8788757559 7191608.250443956, 677482.3146765966 7191641.54605788, 677465.7822770802 7191664.412267516, 677457.9426771236 7191674.390071856, 677456.1814770569 7191676.260872731, 677451.9250768897 7191680.782074846, 677447.9234766066 7191684.435676675, 677443.4620762902 7191688.509078715, 677434.411675527 7191696.195882697, 677415.442673505 7191710.329490515, 677393.2504709444 7191725.950899416, 677363.991267063 7191744.175910518, 677341.7214640605 7191757.8253189055, 677280.0830552933 7191793.477541555, 677254.6940514261 7191806.9547505565, 677239.1300489155 7191814.567555903, 677226.9124467435 7191819.6005598465, 677214.2560441969 7191823.406963554, 677202.9318416993 7191825.7859665975, 677188.3722382622 7191827.784370227, 677170.7860339634 7191829.503374422, 677152.8866294029 7191830.380378457, 677131.8644241699 7191831.997583353, 677114.1616198185 7191833.614587545, 677105.8208178761 7191834.891189657, 677098.4162162933 7191836.678591709, 677090.2852146939 7191839.305394138, 677076.6234123039 7191845.117198595, 677064.4712105065 7191851.835002974, 677045.476808052 7191864.007810265, 676977.2250013045 7191917.538639089, 676925.2881961558 7191958.235261012, 676875.461990662 7191994.688281346, 676778.8845809724 7192069.922921986, 676757.4463799553 7192091.990532447, 676749.0453797937 7192101.750536844, 676736.4629800066 7192118.530744009, 676725.6603802475 7192133.205750234, 676696.1293813549 7192175.465967825, 676649.5531823266 7192238.482394595, 676638.6109839772 7192260.00980269, 676635.8545849599 7192268.106805446, 676634.2447863044 7192276.483808035, 676632.7911900425 7192295.962013571, 676632.4249948196 7192318.982419826, 676634.0879996062 7192339.504224985, 676636.1190022335 7192349.365427203, 676641.5166075412 7192367.65683097, 676646.9140132628 7192387.897635262, 676649.3130164084 7192399.742037935, 676649.7628179877 7192406.638839693, 676648.7132198047 7192416.534242572, 676646.0144216894 7192428.828646446, 676643.811422903 7192437.329049196, 676638.4702265924 7192461.4564568065, 676632.5608301355 7192485.615464547, 676629.1738321679 7192499.474268986, 676624.21923358 7192512.3676735, 676621.0654341992 7192519.248876017, 676615.3312346544 7192528.614679747, 676609.2066347661 7192536.837083254, 676598.7474342478 7192547.535488341, 676586.8736335265 7192559.05369395, 676529.0652311437 7192620.486922694, 676474.7472288476 7192677.978349641, 676417.2324265403 7192739.475178341, 676371.3442248399 7192789.235801429, 676301.9050223129 7192864.802636434, 676246.2656203669 7192925.770864598, 676190.2074180032 7192985.32409247, 676139.2250161502 7193040.923518205, 676097.5738143643 7193085.080538889, 676073.8142134873 7193110.9539508745, 676065.5900133762 7193120.823155268, 676060.7404135889 7193127.962758215, 676055.7208138093 7193135.352561265, 676047.7044144894 7193148.707966555, 676042.7822157484 7193160.896370878, 676038.9146177326 7193175.194375546, 676036.0888210174 7193194.334981301, 676036.072823341 7193205.367384277, 676037.0528259589 7193216.53858708, 676063.3148943831 7193507.57746003, 676064.8768975814 7193520.752263255, 676074.4689036801 7193537.509865755, 676087.8745114625 7193557.401868295, 676104.7395207613 7193580.104870864, 676120.3073295772 7193602.159273532, 676142.8339428548 7193636.525478056, 676168.1937571856 7193672.289282359, 676187.9179686395 7193701.550486098, 676198.3219747187 7193717.156488117, 676211.326982789 7193738.903691245, 676222.5979901073 7193759.278294369, 676235.3863990678 7193785.505098755, 676271.8364255031 7193864.474312397, 676299.2914468963 7193930.944324566, 676323.0054660119 7193991.359735893)
R. FERNANDO DE NORONHA;OUTRAS VIAS;LEI Nº 15511 / 2019;LINESTRING (677829.0928911936 7191278.9382870635, 677803.6398851962 7191282.3932934115, 677753.6776726525 7191285.560904905, 677742.4468701106 7191287.576707836, 677724.0170664625 7191293.3361133, 677703.2540624719 7191300.395919613)
R. FERNANDO DE SOUZA COSTA;COLETORA 2;LEI Nº 15511 / 2019;LINESTRING (668474.7205306222 7179963.481083943, 668466.6233325806 7179983.222690582, 668355.2561479203 7180197.516767422, 668293.5737440216 7180254.942994447, 668203.3205372553 7180333.781232675, 668154.1629341145 7180379.457854189, 668143.4177338459 7180391.522459419, 668082.3835296081 7180446.599085718, 667996.0205240743 7180526.899923526, 667933.6409196531 7180582.842750312, 667872.062715417 7180638.752576926, 667700.8803039949 7180796.14645141)
R. FERNANDO SIMAS;OUTRAS VIAS;LEI Nº 15511 / 2019;LINESTRING (672024.5985300371 7186305.930390718, 671979.5035405108 7186413.248228048, 671979.6687405659 7186413.305228029)
R. FIDELINO FIGUEIREDO;COLETORA 1;LEI Nº 15511 / 2019;LINESTRING (668274.2908481639 7180794.80333551, 668223.4228448618 7180841.930957768, 668195.3652428989 7180867.241169871, 668164.1368404577 7180894.142583018)
R. FILÓS. HUBERTO ROHDEN;COLETORA 1;LEI Nº 15511 / 2019;MULTILINESTRING ((673606.0507724639 7173983.972936831, 673728.902986548 7173907.894492491, 673768.3671910675 7173883.455478244, 673789.4949934853 7173870.371870617), (673034.9157123743 7174364.98234956, 673043.2887109171 7174348.128343664, 673047.515710182 7174339.619940687, 673212.4471277451 7174230.376679472, 673267.2605335396 7174193.908659083, 673315.67613911 7174163.898041615, 673483.0659583454 7174060.139781211, 673523.1473629484 7174035.312366748, 673541.5627650637 7174023.908360103))
R. FLORAÍ;COLETORA 2;LEI Nº 15511 / 2019;LINESTRING (673733.4138112307 7176898.564233191, 673696.2954001778 7176889.5658386815, 673680.4275939278 7176878.407839201, 673632.8475688531 7176814.526633165)
R. FLÁVIO DALLEGRAVE;COLETORA 1;LEI Nº 15511 / 2019;LINESTRING (675234.0936436772 7190512.419231747, 675235.8078488467 7190534.874237366, 675238.5258567651 7190569.152445924, 675240.4890618497 7190590.897451304, 675240.3380642213 7190602.373854391, 675238.6922669043 7190617.21485869, 675235.6850685615 7190628.871862426, 675233.4708693337 7190635.3370646145, 675229.8262702572 7190644.305267769, 675226.4744708565 7190651.367070353, 675222.5976711747 7190657.757272871, 675217.2526714245 7190665.653276096, 675208.5688713379 7190676.146480717, 675202.3272709637 7190682.207083642, 675194.9096704512 7190689.081887032, 675191.2694700857 7190691.913688551)
R. FLÁVIO DALLEGRAVE;SETORIAL 2;LEI Nº 15511 / 2019;LINESTRING (674589.5776460273 7195158.484216828, 674591.4236615065 7195230.090635911, 674592.4820697623 7195268.194846052, 674592.7434702642 7195270.253046557, 674594.5512736689 7195284.1950499695, 674597.5096772074 7195297.302252917, 674607.564888387 7195337.787861826, 674608.1586892923 7195341.350662671)
R. FR. GASPAR DA MADRE DE DEUS;COLETORA 1;LEI Nº 15511 / 2019;LINESTRING (671048.3573635519 7180875.591991452, 671049.3685313894 7180717.622351048, 671051.7027002461 7180562.9949112525, 671052.066295395 7180538.911905057, 671053.0684918344 7180520.327700129, 671052.6834864264 7180494.444693631, 671052.9150705291 7180416.693473832, 671053.7770543566 7180336.832053374)
R. FR. TEÓFILO;OUTRAS VIAS;LEI Nº 15511 / 2019;LINESTRING (671259.531692703 7178325.080102779, 671110.9986559385 7178326.12493355)
R. FRANCISCA BERALDE PAOLINI;COLETORA 2;LEI Nº 15511 / 2019;LINESTRING (665941.0300009256 7165434.9980385555, 665876.8625902161 7165456.429256396, 665847.5713867514 7165473.365866226, 665834.0217857718 7165484.3252715105, 665799.1515843347 7165517.9998864, 665746.5473768098 7165541.910902515, 665719.0497737579 7165558.847911984, 665631.9737674515 7165629.385345958, 665606.2693644963 7165644.728354692, 665335.0787179797 7165729.612428632, 665314.9537141453 7165733.996033663, 664950.5170521983 7165851.378533673, 664917.436047118 7165864.796743397, 664900.8842463121 7165880.281550335)
R. FRANCISCA FERREIRA DA LUZ;COLETORA 2;LEI Nº 15511 / 2019;LINESTRING (669489.680700935 7171682.907821068, 669482.514283858 7171607.469804166, 669474.6712666608 7171532.226987457, 669466.8672493412 7171456.333770586, 669460.5460305307 7171371.348951213)
R. FRANCISCO ADER;OUTRAS VIAS;LEI Nº 15511 / 2019;LINESTRING (671499.9633974356 7179515.092953454, 671332.1477553477 7179514.762387883)
R. FRANCISCO BUGALSKI FILHO;COLETORA 1;LEI Nº 15511 / 2019;LINESTRING (666729.9681872037 7172438.54576227, 666809.8775720884 7172266.541304272, 666833.8995678779 7172216.537287257, 666844.3969657728 7172193.366479499, 666858.6029636395 7172165.5838698745, 666862.8353620977 7172152.784865906, 666905.5147543524 7172062.681635379, 666906.9965526316 7172052.310032554)
R. FRANCISCO CAVALLI DA COSTA;COLETORA 2;LEI Nº 15511 / 2019;LINESTRING (673968.2052660242 7175924.968541583, 674076.9455086967 7176001.126537811, 674108.07211698 7176004.093132046)
R. FRANCISCO CLAUDINO FERREIRA;COLETORA 2;LEI Nº 15511 / 2019;LINESTRING (672955.4379465014 7175586.362868302, 672978.4297445082 7175549.556254396, 673018.3661410096 7175485.465230202, 673070.22193671 7175403.460199092, 673118.5455322604 7175324.957969591, 673184.8217266488 7175219.714129737, 673203.91912521 7175190.25991847, 673207.5115247377 7175183.757116113)
R. FRANCISCO DALLALIBERA;COLETORA 1;LEI Nº 15511 / 2019;LINESTRING (669074.4125895044 7190361.623462817, 669058.6057871451 7190370.517868386, 669052.6995862622 7190373.841270467, 669046.369784716 7190374.427271906, 668833.9827327526 7190394.086520148, 668785.8893209856 7190398.538331065, 668754.0589131969 7190401.484738288, 668637.1858845969 7190412.302964801, 668625.4942817352 7190413.3851674525, 668552.293863948 7190420.791784218, 668307.9158053698 7190449.547841209, 668087.3685524906 7190475.499892583, 667957.811321422 7190490.744922737, 667859.9386975212 7190500.136744935, 667757.9840733864 7190513.7361690635, 667521.9418168801 7190542.127824057, 667494.4002104788 7190546.401830724, 667478.4222072473 7190551.283835231)
R. FRANCISCO DEROSSO;COLETORA 1;LEI Nº 15511 / 2019;LINESTRING (676422.9490918797 7175082.927216522, 676569.9825147481 7175020.775969988, 676629.6857244466 7174997.516351575, 676810.456755213 7174933.77809746, 676874.3763617616 7174890.875073276, 676884.776763235 7174885.822869819, 676966.1181709417 7174828.322838322, 677034.7045776402 7174780.822012004, 677044.3561785438 7174773.958208256, 677083.9213830666 7174749.677793845, 677129.5213881888 7174721.27777713, 677133.6991885444 7174718.144575468, 677143.9213894156 7174710.4777714, 677148.4835896001 7174706.0931693455, 677161.8413901383 7174693.255363332, 677161.9213901411 7174693.177763295, 677184.4213895424 7174664.477751417, 677201.6213889858 7174642.077742225, 677235.1213900313 7174608.477726796, 677250.8213905097 7174592.677719552, 677297.6213950812 7174560.377701616, 677308.5429957886 7174551.154297014, 677366.3556016353 7174512.230875094)
R. FRANCISCO DEROSSO;SETORIAL 1;LEI Nº 15511 / 2019;LINESTRING (673322.5783512106 7179021.70825179, 673448.5215717612 7178969.279812362, 673493.6019800343 7178954.934599359, 673525.7427865155 7178947.5219908, 673602.867803273 7178935.503571706, 673610.0182052655 7178936.498170467, 673653.840216154 7178936.23116127, 673712.0138310886 7178938.185149641, 673757.8058430695 7178940.809940757, 673806.3178556968 7178943.267931263, 673826.5768607396 7178943.185127016, 673837.7956634186 7178942.594124528, 673873.7782709753 7178935.748115296, 673938.5684837947 7178919.652697716, 673979.6040907304 7178903.793485152, 673998.529893197 7178892.970878471, 674015.3678951878 7178882.377472284, 674028.6964963601 7178872.050666897, 674050.9432981944 7178854.2386577595, 674064.3206973715 7178834.316649943, 674079.6206953068 7178806.143439645, 674097.9410892094 7178755.069022943, 674113.4236854055 7178718.36801046, 674138.9520800409 7178662.216990979, 674225.3258601008 7178463.795322964, 674234.7444594193 7178449.310317349, 674259.2706579249 7178412.939503069, 674309.3752560271 7178344.1952752955, 674317.8464550831 7178329.5984698525, 674327.1066528396 7178307.847862445, 674333.9978506814 7178289.327656345, 674342.6120477801 7178265.208248478, 674348.5298441786 7178240.9494411405, 674356.9756387125 7178204.779830283, 674366.1448332821 7178167.918019097, 674374.2292263046 7178124.95660661, 674379.975222631 7178100.57159928, 674384.9284202133 7178083.128193861, 674394.5216157456 7178050.379383627, 674427.6296027596 7177949.002551239, 674444.3653959122 7177896.418134536, 674451.6173923084 7177870.593926537, 674451.6215923054 7177870.579326533, 674451.9103917505 7177867.579325719, 674453.1527838479 7177828.356515615, 674456.1447569028 7177696.095081813, 674456.4251550444 7177686.880879443, 674459.2247521325 7177669.652674537, 674471.2843456123 7177624.2134606205, 674479.2447425608 7177600.202452935, 674494.5423401111 7177570.375442255, 674501.32953952 7177559.509838114, 674507.678739357 7177551.209234703, 674535.6745400322 7177521.275221339, 674569.1833414178 7177488.218006038, 674586.66814243 7177472.355998402, 674620.0923439114 7177439.872183263, 674646.3653457317 7177417.47577215, 674661.439947347 7177407.354166455, 674729.2899573948 7177375.055944145, 674760.0775600662 7177351.406531767, 674806.1447634869 7177313.287112563, 674847.934566647 7177279.004495215, 674861.659767376 7177266.271689149, 674895.1205686302 7177232.751673739, 674917.5169688887 7177207.555462735, 674929.6589695755 7177196.502657422, 674936.6833697468 7177189.035254079, 674983.6301661325 7177116.4616260715, 675004.3037641053 7177082.436013222, 675059.2185547596 7176973.252774394, 675079.0309529635 7176941.380562268, 675087.851352443 7176928.5139572, 675136.5197490067 7176854.887528582, 675161.7159482174 7176821.50791495, 675198.1103475245 7176775.422695791, 675204.4483473198 7176767.000092356, 675219.9169465522 7176745.167883653, 675241.6711441834 7176708.340469886, 675292.9225345063 7176602.152632611, 675306.355528316 7176556.960418513, 675319.5553226952 7176514.75300521, 675328.2081185789 7176485.044995982, 675331.9577163494 7176470.046791455, 675334.9051112599 7176442.402783943, 675334.5991063054 7176419.21877823, 675332.8349011436 7176396.754373001, 675327.3858812342 7176308.516552164, 675325.4248742396 7176277.570344868, 675322.9216662563 7176242.558536675, 675322.8288637009 7176230.520733696, 675325.2624597249 7176208.780527771, 675339.0880440655 7176118.169502307, 675349.1768349988 7176063.276286524, 675356.6924278669 7176020.591674323, 675380.5238100801 7175908.204441359, 675389.7292064362 7175880.130432442, 675401.8928019287 7175844.499621024, 675430.4161942495 7175774.695397673, 675445.8871901147 7175736.985585048, 675455.9661871257 7175711.023176476, 675456.2299870814 7175710.505176292, 675468.6213850048 7175686.178567641, 675473.0013845712 7175679.008964937, 675480.7845843509 7175668.875960783, 675505.3563845744 7175641.259748749, 675535.905987484 7175619.431736894, 675619.9417988505 7175575.37690825, 675664.3620052277 7175553.859893546, 675729.6996139826 7175519.260671182, 675773.5910199161 7175496.278456223, 675801.4214234811 7175480.778446507, 675805.9524245255 7175480.45964547, 675816.3524254933 7175472.936241409, 675824.7610258767 7175464.970237659, 675836.4888256277 7175450.144631505, 675852.1576255766 7175431.670023616, 675854.0022254445 7175428.897622539, 675879.1952255119 7175399.914610034, 675912.8294285836 7175375.352796842, 675983.9510362503 7175329.00137033, 676022.4214409332 7175306.47835662, 676037.6142428921 7175298.106551335, 676049.0928437714 7175288.937946638, 676065.3728449154 7175275.446139852, 676092.0426444884 7175242.468526044, 676101.5018449043 7175233.454921811, 676130.2634473186 7175211.504710292, 676163.6462508525 7175189.491497781, 676171.2930518212 7175185.204095103, 676207.9214563989 7175164.378282197, 676228.1102597406 7175156.770676043, 676347.7594797849 7175112.860039851, 676422.9492918793 7175082.927416521)
R. FRANCISCO FRISCHMANN;EXTERNA;LEI Nº 15511 / 2019;LINESTRING (671732.032468208 7182488.891663134, 671707.6766559319 7182459.326260567, 671696.6004508865 7182448.479460066, 671580.5218039394 7182363.581062198, 671542.1487884169 7182335.475862889, 671492.6517685566 7182299.992063979, 671422.1721395527 7182245.913264617, 671406.4637326463 7182231.701064205, 671392.9995260185 7182216.07586297, 671386.1449220952 7182205.444661656, 671378.3395173314 7182191.905259792, 671371.1487119718 7182174.699256863, 671364.9853068185 7182157.236253658, 671354.6224938477 7182106.917242903, 671345.2246809442 7182055.732631732, 671339.4564717724 7182018.217423314, 671342.9246656247 7181984.030613853, 671360.0180539637 7181906.242990438, 671366.4216497977 7181878.080981919, 671378.5976422708 7181826.473566217, 671381.0750378561 7181801.948359437, 671382.5614301343 7181762.55914906, 671381.5704191879 7181710.535535969, 671381.3228157123 7181693.937731779, 671374.8818042035 7181645.877920822, 671368.3331971043 7181619.407915407, 671357.6185888848 7181592.601510762, 671324.6121626814 7181505.72129536, 671320.7499582436 7181488.867691849, 671316.8875496179 7181451.649283145, 671316.9683459699 7181433.800278571, 671318.6773413089 7181409.020271895, 671319.152138868 7181396.565868621)
R. FRANCISCO GUILHERME BAHR;OUTRAS VIAS;LEI Nº 15511 / 2019;LINESTRING (678178.2984630062 7191650.807112005, 678258.6896995229 7191721.999513889, 678353.1949396833 7191792.665312616, 678444.8125796651 7191866.003912671, 678533.083617585 7191933.774911947, 678625.1460575188 7192006.187911652, 678692.8134867736 7192058.916711299, 678700.9624901847 7192064.737511115, 678705.452691875 7192067.065710776, 678710.3586933907 7192068.063509993, 678714.0420943102 7192067.790709131)
R. FRANCISCO JOSÉ BOZZA;COLETORA 2;LEI Nº 15511 / 2019;LINESTRING (669068.5244980209 7172168.569025017, 668920.0222367052 7172043.090424536)
R. FRANCISCO JUGLAIR;OUTRAS VIAS;LEI Nº 15511 / 2019;LINESTRING (667825.6822652353 7185415.09381424, 667795.026459515 7185425.884423215, 667685.0950333446 7185436.480248082, 667654.6494279106 7185448.440857315, 667631.7068238783 7185457.765264352, 667561.523210827 7185482.745884955, 667550.2266080639 7185483.474087412, 667529.3062044224 7185492.163293875, 667513.8420017939 7185498.903898736, 667401.521381116 7185539.982531975, 667349.7211714243 7185558.182547107)
R. FRANCISCO LIPKA;OUTRAS VIAS;LEI Nº 15511 / 2019;LINESTRING (668213.8186076987 7185625.984590886, 668203.1163916788 7185560.2323759375, 668194.1533771441 7185499.623361979)
R. FRANCISCO NADOLNY;OUTRAS VIAS;LEI Nº 15511 / 2019;LINESTRING (669552.3273490409 7185608.33691521, 669518.1059161301 7185489.826091335, 669485.4798836638 7185371.438067183)
R. FRANCISCO RAITANI;EXTERNA;LEI Nº 15511 / 2019;LINESTRING (671550.7101068133 7179013.086016199, 671529.7820954283 7178983.169012958, 671494.8298775022 7178938.476008876, 671449.4698565569 7178891.710206415, 671441.4194521923 7178880.263605186, 671420.4622368847 7178831.277997145, 671418.8628343465 7178820.8793948535, 671406.8302182861 7178757.3835813245, 671392.9736018372 7178694.217368259, 671389.0521951184 7178666.292562031, 671387.8193926292 7178655.688359614, 671387.5333754751 7178572.616538753, 671388.7081535264 7178464.462511288, 671388.7207532858 7178463.280110988, 671389.3613376005 7178386.224691469, 671389.4207361446 7178379.079889659, 671389.9011352448 7178374.120288312, 671393.4783285377 7178337.1758782845, 671394.9207258334 7178322.280074243, 671396.2257245457 7178314.434872001, 671410.9161099085 7178225.49484662, 671425.1514956345 7178138.880021925, 671438.2060831079 7178062.197999977, 671438.789681397 7178053.178997593, 671438.7968813891 7178053.129997579, 671459.9710600757 7177923.947760789, 671477.1478349228 7177780.959121377, 671479.1654298055 7177753.653914114, 671477.5290219057 7177717.24110532, 671447.4259781709 7177540.984067337, 671420.0771389578 7177383.32823348, 671413.3819265668 7177331.152621797)
R. FRANCISCO ROCHA;OUTRAS VIAS;LEI Nº 15511 / 2019;LINESTRING (672197.7400246911 7184610.566314026, 672136.3254344298 7184734.043558706)
R. FRANCISCO ROCHA;PRIORITÁRIA;LEI Nº 15511 / 2019;LINESTRING (672136.3254344298 7184734.043558706, 672055.0078476057 7184899.045618277, 671987.741657706 7185031.772866597, 671935.9340661988 7185137.53250474, 671898.7854719046 7185211.542331623, 671884.4004742875 7185241.058942258, 671830.2170830877 7185351.403182103, 671765.3172930252 7185480.7348291045, 671703.7459028957 7185605.686274298, 671663.1957093198 7185687.64510398, 671628.8863148228 7185757.353729196, 671572.6809234758 7185869.8479700675, 671531.9565300491 7185952.889600089, 671471.2395394527 7186074.831244375, 671419.9113475657 7186178.784282046, 671351.6225583369 7186317.069132178, 671351.0685587504 7186319.779733, 671270.9809708641 7186479.582191195, 671206.3225806393 7186608.682238219, 671199.0133830139 7186629.465245153)
R. FRANCISCO TIMÓTEO DE SIMAS;COLETORA 1;LEI Nº 15511 / 2019;LINESTRING (678372.3917977713 7180820.408042362, 678234.3743403645 7180714.604444953, 678190.9425225365 7180682.386446039, 678166.8715125127 7180663.85484647, 678103.0998861988 7180615.86004789, 678038.5808593825 7180566.370449086, 677978.4626341809 7180519.206049932)
R. FRANCISCO TORRES;OUTRAS VIAS;LEI Nº 15511 / 2019;LINESTRING (674960.162807019 7185915.0186779965, 675025.9023905274 7185755.60942266, 675063.3601811499 7185664.933591181)
R. FRANCISCO XAVIER DE OLIVEIRA;COLETORA 2;LEI Nº 15511 / 2019;LINESTRING (669663.8774758746 7171353.790105555, 669587.6720589714 7171360.81372278, 669543.7750488399 7171362.920732229, 669460.5460305307 7171371.348951213, 669345.0090048749 7171381.884377271, 669247.3817832398 7171391.014999332)
R. FREDERICO MÜLLER;COLETORA 2;LEI Nº 15511 / 2019;LINESTRING (668500.107498551 7183731.147242136, 668561.6626903552 7183612.840599185, 668610.9282836607 7183517.554164663, 668674.9212746051 7183392.081919394, 668712.0072693505 7183319.381893169, 668733.953866549 7183277.896878049, 668742.484463698 7183253.066869929, 668743.4426619526 7183243.231067207)
R. FÁTIMA BARK;COLETORA 1;LEI Nº 15511 / 2019;LINESTRING (670755.6415876467 7178424.601031205, 670755.6759674416 7178325.946606384, 670756.0207473947 7178227.680181606, 670755.4455272477 7178130.050157191, 670755.1207069496 7178031.380132474, 670754.9606868189 7177933.32010789, 670755.1006673626 7177838.2000839915, 670755.2808478273 7177742.640059986, 670754.8818282554 7177647.602436242, 670753.972008445 7177552.021012476, 670754.8615889451 7177455.779988188, 670754.6717692615 7177359.941564233, 670755.8185507215 7177268.077941009, 670756.2979324934 7177178.539118514, 670757.3337140726 7177087.393095513, 670757.6902960201 7176998.864873315, 670759.4804779447 7176908.493250373, 670759.9160665136 7176852.182236221, 670760.2230584552 7176812.49022625, 670761.7034391984 7176716.7290020455, 670763.0204199338 7176621.135977928, 670763.9204005736 7176525.575753916, 670765.2765809877 7176428.375729412, 670766.2019643456 7176346.050708713, 670759.7323603485 7176334.327707117, 670704.8449273256 7176239.194694676, 670667.0339045846 7176173.659086109)
R. GABRIEL DE LARA;COLETORA 2;LEI Nº 15511 / 2019;LINESTRING (671390.1902146572 7184596.492276762, 671331.3638312663 7184750.753328826)
R. GABRIEL FRECCEIRO DE MIRANDA;COLETORA 2;LEI Nº 15511 / 2019;LINESTRING (673653.840216154 7178936.23116127, 673631.72158635 7178819.679736488, 673608.9215558007 7178700.342111159, 673597.1207394789 7178636.119497439, 673563.6970946294 7178460.779660253, 673559.9924916124 7178450.726858495, 673528.2218293532 7178189.728799468, 673506.0461829414 7177993.308554739, 673493.3797546895 7177872.722327104, 673492.1427511366 7177857.13652345, 673488.9901267831 7177743.915895702, 673486.1166999231 7177618.315864808, 673483.105682978 7177540.508445937, 673481.8864765128 7177510.903838773, 673480.4656652203 7177458.346025903)
R. GAGO COUTINHO;OUTRAS VIAS;LEI Nº 15511 / 2019;LINESTRING (676750.595707793 7189872.167341579, 676670.8579011413 7189939.720576408)
R. GARDÊNIO SCORZATO;COLETORA 2;LEI Nº 15511 / 2019;LINESTRING (671929.0808816503 7189101.459145086, 671852.2686761467 7189172.380779674, 671839.5318753284 7189184.612185534, 671830.9394744528 7189191.28378907, 671820.8966727885 7189195.977592381, 671816.9048728696 7189201.446994649, 671813.5140734802 7189208.722597274, 671806.7908757211 7189228.1570038, 671798.5288790471 7189254.820212561, 671791.3002812581 7189274.748219322, 671786.1002819564 7189284.754223043, 671780.1124821717 7189293.420826571, 671772.9428822547 7189302.954030571, 671731.215083356 7189361.421854641, 671677.8360829242 7189427.332283087, 671660.9586817774 7189443.260290779, 671612.7910784953 7189488.718912734, 671554.7324756358 7189548.867140615, 671513.2232740539 7189594.152961154, 671501.7332747036 7189611.982968243, 671494.8482763949 7189628.998174168, 671481.1332797635 7189662.892985975, 671472.8132800225 7189674.7829908375, 671458.977477919 7189682.225195656, 671443.0932741746 7189684.292999469, 671426.0004694454 7189683.126002673, 671410.1618657818 7189685.532406565, 671396.5432639839 7189694.193011662, 671374.8232643186 7189723.583023917, 671360.9492638927 7189739.2430309225, 671318.0866616284 7189783.031651342, 671309.0906617916 7189795.334856453, 671304.2332637063 7189810.873061574, 671304.4604695684 7189839.123469024, 671308.6280730577 7189850.781671261, 671316.9846801215 7189874.481475836, 671326.8972878681 7189899.512080444, 671339.0842968663 7189927.721685428, 671344.0941009256 7189941.079087946, 671353.3537057522 7189952.714889133, 671361.2467096472 7189961.581089865, 671367.301512305 7189966.771089999, 671374.4377150489 7189970.987889653, 671383.8445183439 7189974.988288783, 671402.7963252753 7189984.471487408, 671410.5509282544 7189989.044487027, 671416.0653305046 7189992.936886927, 671423.742134078 7190000.505487361, 671430.2295374955 7190008.831088237, 671436.3925409368 7190017.697089327, 671443.6367457991 7190032.0776916575, 671452.1785520024 7190051.323695013, 671460.2879581135 7190070.677698487, 671466.018362132 7190082.895700555, 671470.7757648937 7190090.248101531, 671477.3713680753 7190097.276102042, 671487.2105719746 7190103.655501714, 671546.3193950069 7190140.028099226, 671550.0217979951 7190149.826701068, 671553.3036011232 7190160.835103318, 671571.2816191205 7190225.336916765, 671582.3232287852 7190258.182923226, 671590.2398346204 7190276.418926448, 671636.2316688491 7190383.919745577)
R. GASTÃO CÂMARA;OUTRAS VIAS;LEI Nº 15511 / 2019;LINESTRING (670675.2866665837 7185745.970321953, 670672.3852683299 7185758.157525721, 670635.5510767462 7185845.698956061, 670630.7844789245 7185862.365761381, 670578.3420905356 7185985.264004141)
R. GEN. ARISTIDES ATHAYDE JÚNIOR;OUTRAS VIAS;LEI Nº 15511 / 2019;LINESTRING (671244.3926613168 7185979.6308661625, 671198.6332709988 7186084.320102857, 671137.7098841877 7186225.257152136)
R. GEN. CARNEIRO;OUTRAS VIAS;LEI Nº 15511 / 2019;LINESTRING (675140.4000691865 7185989.520859587, 675209.1148534359 7185830.119203597, 675285.1358381282 7185663.994944347)
R. GEN. MÁRIO TOURINHO;OUTRAS VIAS;LEI Nº 15511 / 2019;LINESTRING (670153.090888086 7185531.0929727405, 670110.806700046 7185643.108210516, 670095.3503042974 7185683.477224179, 670090.4919052717 7185694.395628012, 670085.4237060775 7185704.7504317425, 670059.7221067183 7185740.382246261, 670049.123906621 7185753.306651788, 670045.4447066347 7185758.018853767)
R. GEN. MÁRIO TOURINHO;SETORIAL 1;LEI Nº 15511 / 2019;LINESTRING (670470.9536368551 7183901.796885548, 670455.3818423495 7183948.139900698, 670468.6858746205 7184089.341934456, 670473.4912857821 7184137.916746028, 670471.1532956327 7184189.017959715, 670468.621898442 7184205.934364606, 670463.4715047276 7184243.124975277, 670459.1203542827 7184490.968040297, 670458.9811856293 7184644.468080081, 670458.0767954882 7184693.828093055, 670457.5246047428 7184739.793105081, 670456.3176140549 7184786.862517529, 670454.5072181552 7184809.190123688, 670449.468622661 7184837.557132074, 670442.2804270806 7184868.212941493, 670434.2694303762 7184894.4019499235, 670425.6994334906 7184920.404558422, 670410.4168367698 7184955.655370689, 670395.9828387813 7184983.647380903, 670356.2500443142 7185060.692009018, 670293.7396530673 7185182.222453343, 670258.0116587406 7185255.008479547, 670235.3906638382 7185308.482098062, 670233.1774648377 7185316.170100511, 670203.3010734699 7185396.119127392, 670153.090888086 7185531.0929727405)
R. GEN. MÁRIO TOURINHO;SETORIAL 2;LEI Nº 15511 / 2019;LINESTRING (670045.4447066347 7185758.018853767, 669977.4873058624 7185840.207089028, 669963.089105017 7185854.2832956305, 669933.0377024428 7185879.692308376, 669890.5780986976 7185915.081726249, 669861.9586960749 7185938.459738173, 669837.1402937848 7185958.658348491, 669719.7112831643 7186055.397197621, 669681.0422789811 7186083.910812927, 669627.4254714254 7186114.8320319, 669599.2270671759 7186129.754841529, 669565.2962615492 7186145.186052453)
R. GEN. POLLI COELHO;COLETORA 2;LEI Nº 15511 / 2019;LINESTRING (678176.615584341 7185667.499532453, 678185.7816007386 7185733.177747603, 678197.4292236222 7185826.199369353, 678212.2146524237 7185943.114596674, 678228.0424816587 7186060.777823985, 678243.9079105767 7186176.891050898, 678259.9971418582 7186303.775280593, 678273.4865664279 7186402.383703474)
R. GEN. POTIGUARA;SETORIAL 2;LEI Nº 15511 / 2019;LINESTRING (670209.8985390638 7178852.280650544, 670130.1027193241 7178853.139867052, 670117.0565161423 7178853.50686981, 670107.2229138289 7178854.195271989, 670094.8873110794 7178855.815674914, 670078.2561084742 7178863.386680217, 670064.107106843 7178872.6952854525, 670044.4969056704 7178890.940094052, 670028.4789046953 7178905.762901058, 670015.5783045029 7178920.603507432, 670007.1133038648 7178927.839510983, 669978.8151017622 7178952.16592289, 669971.6993015035 7178959.61272622, 669958.2949018339 7178977.650733503, 669952.1719022965 7178987.414337214, 669946.8541033374 7178999.036541231, 669935.7393064235 7179027.78195075, 669906.6493141012 7179101.088575179, 669876.743520479 7179169.041598428, 669871.20832119 7179179.321002152, 669857.2389214585 7179197.771209657, 669842.7935201091 7179208.870015403, 669794.2449154827 7179245.741634606, 669778.5757135877 7179255.671440305, 669770.4983124809 7179260.154443085, 669752.3207108942 7179274.680650456, 669734.1365094353 7179289.84785799, 669703.0251065062 7179313.677870345, 669660.2348991891 7179330.314283259, 669638.1546959382 7179341.479490576, 669612.338892309 7179355.380299343, 669595.128491865 7179374.356107639, 669546.8762902472 7179425.750530445, 669498.2206881988 7179475.556952933, 669467.5394866295 7179505.60896677, 669441.342085057 7179530.138578299, 669440.2484849915 7179531.162778781, 669440.2328849911 7179531.180378788, 669251.2490762733 7179721.275465282, 669035.7758666868 7179940.280364473, 669030.9276668619 7179947.140967194, 669024.2332675168 7179958.649171468, 669012.941067283 7179971.467377007, 668999.3904672313 7179987.98538394, 668941.3384678438 7180062.874614691, 668931.5558689071 7180080.240221078, 668888.1998684339 7180131.620442893, 668767.6052697825 7180287.836906953, 668720.7896708129 7180351.043932475, 668709.7858715268 7180368.237339066, 668684.3020716291 7180400.402752392, 668633.4420723506 7180467.173779642, 668598.5032730055 7180513.857998569, 668587.0206732728 7180529.458604855, 668580.0556736909 7180540.188808991, 668575.1610745154 7180550.3542125635, 668569.1132770567 7180570.447618892, 668567.2546798353 7180586.498023348, 668567.6312836226 7180604.758227913, 668571.1384887116 7180625.557432491, 668586.0797100436 7180712.436451559, 668587.585714878 7180734.461456856, 668587.9737184597 7180751.69286116, 668585.9795218592 7180770.9872664735, 668584.1763225802 7180776.796468315, 668577.7759231002 7180787.33847229, 668564.0337234077 7180805.97507981, 668552.5505229889 7180818.211285247, 668540.9855216546 7180826.016889572, 668520.3599186864 7180837.036096545, 668479.6149120654 7180855.075509371, 668445.0605058764 7180867.532319524, 668429.4359034242 7180874.874124551, 668414.3761014543 7180883.909929894, 668401.7633006712 7180895.76973546, 668391.2083006292 7180908.730140891)
R. GEORGI ELIAS DAYOUB WASSOUF;OUTRAS VIAS;LEI Nº 15511 / 2019;LINESTRING (671628.6276336049 7180505.580578072, 671696.5600522659 7180513.20556602, 671741.9538644877 7180517.094357656, 671747.8454657332 7180515.946156152, 671751.9236663776 7180514.092754839, 671754.4492664926 7180511.567353678, 671767.7738653286 7180489.650945364)
R. GERALDO GUSTAVO OSCAR MÜLLER;OUTRAS VIAS;LEI Nº 15511 / 2019;LINESTRING (676688.4967101249 7189960.237378121, 676655.828311121 7190005.498597063, 676624.405112374 7190050.452015661)
R. GERALDO LIPKA;OUTRAS VIAS;LEI Nº 15511 / 2019;LINESTRING (668280.6548460112 7185730.482604603, 668274.9548401511 7185708.7264000885, 668275.8218375762 7185694.855196303, 668278.7694360958 7185683.758392819, 668285.7048343145 7185666.072786815, 668287.7856321207 7185652.548582876, 668278.7386211813 7185609.893973602, 668271.8196146779 7185586.501768911, 668264.9904105391 7185574.705567219, 668255.8018065925 7185566.882967039, 668243.7574024617 7185561.791968144, 668230.9679986914 7185559.432770111, 668203.1163916788 7185560.2323759375)
R. GERDA THEREZA METZENTIN;COLETORA 1;LEI Nº 15511 / 2019;LINESTRING (671053.7770543566 7180336.832053374, 671006.1138419883 7180334.942262674, 670964.5962312969 7180333.704870876, 670917.402019091 7180332.023080127)
R. GERTRUDES CRUZ DE ANDRADE;SETORIAL 1;LEI Nº 15511 / 2019;LINESTRING (671448.3897973632 7175688.974205224, 671455.1757952087 7175670.4041992165, 671463.8341939072 7175653.734793298, 671480.9611936249 7175631.911784355, 671500.9113946859 7175613.249775618)
R. GHAZE SALEH;COLETORA 2;LEI Nº 15511 / 2019;LINESTRING (678931.7312553441 7191616.635541605, 679055.3044925292 7191637.3323206315, 679112.3949098121 7191647.3623110615)
R. GOIÁS;OUTRAS VIAS;LEI Nº 15511 / 2019;LINESTRING (671804.3238964026 7182536.617260482, 671816.5792987258 7182532.782256974, 671923.5527163431 7182486.450423034)
R. GONCALVES DIAS;SETORIAL 2;LEI Nº 15511 / 2019;LINESTRING (671845.42237175 7184792.181633783, 671829.8243638689 7184773.369432119, 671790.1421449156 7184730.821229266, 671745.0223239968 7184685.481626809, 671721.4711152617 7184672.40962827, 671640.7606846185 7184624.150232384, 671634.5410814402 7184616.462831674, 671540.3408402313 7184533.613029599, 671515.4750298575 7184514.166629678, 671479.2220152577 7184488.381430459, 671385.984781631 7184441.064037379, 671385.8219815708 7184440.98143739, 671363.1253729751 7184427.460438555, 671327.6191589875 7184403.671439694, 671223.9415159416 7184323.427840227, 671208.2019094327 7184311.36704034, 671185.2399008519 7184298.218441653, 671159.1906921823 7184288.496244486, 671119.5536784901 7184271.233848156, 671089.9746694609 7184264.151252395)
R. GOV. AGAMENON MAGALHÃES;OUTRAS VIAS;LEI Nº 15511 / 2019;LINESTRING (677180.1422453782 7185281.386044309, 677193.49285364 7185304.093847375, 677251.2292800143 7185358.248249186, 677355.696927693 7185455.969852392)
R. GREGÓRIO KAVISKI;OUTRAS VIAS;LEI Nº 15511 / 2019;LINESTRING (669686.2973553971 7185469.92885195, 669683.0163368845 7185383.107230043)
R. GRÃ NICCO;OUTRAS VIAS;LEI Nº 15511 / 2019;LINESTRING (668084.5527559114 7185534.316993102, 668103.1721631335 7185546.35139248, 668103.3377647775 7185554.298194515, 668101.2215652775 7185559.482596289, 667976.1237551228 7185669.04865001, 667954.9187532717 7185686.995058952, 667927.3501508798 7185710.402470599, 667897.1805471873 7185730.688881954, 667883.1967450622 7185738.038686683)
R. GUABIROTUBA;COLETORA 1;LEI Nº 15511 / 2019;LINESTRING (675188.0059052396 7184198.786584526, 675293.0613366618 7184220.301368011, 675403.096369777 7184243.780750944, 675445.1519823589 7184252.388544323, 675531.323208106 7184269.860130707, 675640.5202408896 7184292.718913625, 675746.5346723946 7184313.342696624, 675807.5324907023 7184326.052487053, 675915.9263230999 7184347.991269868, 675954.6119348272 7184356.588263931, 675974.6677407807 7184360.449460698, 675988.1489449453 7184363.8126587225, 676042.1521612301 7184375.398650322, 676089.7203757688 7184386.5252431575, 676171.8680012535 7184407.497831235, 676195.2198082319 7184412.197427517)
R. GUARARAPES;EXTERNA;LEI Nº 15511 / 2019;LINESTRING (671991.5931951627 7183754.224135164, 671991.6387926873 7183742.163532041, 671986.1131828049 7183701.103322586, 671957.8113470165 7183562.6270927135, 671931.8329139124 7183434.259264988, 671904.3220787131 7183297.582435455, 671880.7176482829 7183179.168009842, 671857.3162182475 7183062.38478462, 671831.2395851543 7182934.042956996, 671806.5239527539 7182807.343129532, 671781.3815225681 7182691.881105058, 671749.0258856307 7182552.517075956, 671732.032468208 7182488.891663134)
R. GUARARAPES;OUTRAS VIAS;LEI Nº 15511 / 2019;LINESTRING (671732.032468208 7182488.891663134, 671690.5326236864 7182323.886429373)
R. GUARDA MOR LUSTOSA;EXTERNA;LEI Nº 15511 / 2019;LINESTRING (675183.0537174841 7188071.169796104, 675215.376929448 7188088.006593747, 675239.5057373159 7188095.512990655, 675258.929543225 7188099.531787631, 675287.1485514439 7188103.63178278, 675309.0389578918 7188107.159779108, 675422.8047904689 7188121.011158835, 675477.3360059077 7188126.811148893)
R. GUAÇUÍ;COLETORA 2;LEI Nº 15511 / 2019;LINESTRING (675253.5143573106 7172953.538738767, 675284.1443604868 7172933.326127369, 675331.7429690772 7172919.293313914, 675353.7551714578 7172905.243105838, 675455.854382603 7172840.611468509, 675556.5483938867 7172778.3216320425, 675658.6476053954 7172715.5633951565, 675704.0770104744 7172687.462578697, 675749.7506152823 7172657.811561808, 675751.1856154497 7172656.958761295, 675764.3464185284 7172656.439158392, 675984.0908429403 7172520.066678641, 676005.4798453117 7172506.792670877, 676027.487847745 7172493.09986288, 676077.2362532422 7172462.147444797, 676124.5442584651 7172432.713427602, 676145.9562608278 7172419.391219818, 676169.1728633901 7172404.946411378, 676216.0746685624 7172375.765194327, 676263.3756737759 7172346.335577128, 676283.9834760466 7172333.513769636, 676309.3174788379 7172317.763160426, 676377.3578863647 7172275.607935726)
R. GUILHERME IHLENFELDT;COLETORA 1;LEI Nº 15511 / 2019;LINESTRING (678683.8193706699 7190594.299321763, 678612.3939729668 7190693.006563361, 678539.6691737346 7190786.246403783, 678469.434774423 7190876.121442779, 678398.5651751808 7190967.174082229, 678319.8847757337 7191067.001725696, 678234.5675764069 7191175.6957729515, 678149.2023771275 7191284.772620325, 678063.3293778556 7191394.62386802)
R. GUILHERME IHLENFELDT;OUTRAS VIAS;LEI Nº 15511 / 2019;LINESTRING (678063.3293778556 7191394.62386802, 677998.0713782904 7191477.617704139)
R. GUILHERME PUGSLEY;EXTERNA;LEI Nº 15511 / 2019;LINESTRING (672490.0533514207 7183893.965468261, 672494.4593425399 7183845.594454861, 672494.3011379812 7183823.755649256, 672491.0173293529 7183786.098240216, 672486.0821237144 7183764.945635778, 672477.7899159344 7183737.581030433, 672472.116111102 7183721.230427387, 672464.8859055205 7183703.173824225, 672391.6446515942 7183532.843395447, 672368.4758351031 7183481.679587049, 672321.4998013256 7183376.250169596, 672271.5223655725 7183264.908151252, 672212.2281232247 7183133.063329568, 672155.5152820743 7183003.747508019, 672147.1954763031 7182986.056505188, 672103.966445065 7182888.0398889175, 672074.4044241472 7182823.139878343, 672044.1632023071 7182754.5810669735, 671983.7219593163 7182620.684245067, 671923.5527163431 7182486.450423034, 671898.0558977436 7182427.651213212, 671880.3958847496 7182386.376806269, 671875.3184803714 7182371.390603473, 671870.8522741974 7182346.940398127, 671872.7422651108 7182300.544585845, 671876.6066619093 7182280.2567798495, 671888.1996588078 7182250.952169951, 671913.6398545699 7182199.105751421, 671921.0464520652 7182177.85194445, 671926.5208493354 7182157.886138208, 671929.7412456358 7182135.988331935, 671928.4530406604 7182113.44632643, 671925.5548357412 7182093.158521833, 671922.3344319365 7182078.667318787, 671899.899815211 7182025.13510971, 671841.1217729921 7181892.580887912)
R. GUSTAVO SCHIER;OUTRAS VIAS;LEI Nº 15511 / 2019;LINESTRING (671488.2562148775 7179614.112980913, 671333.459776119 7179614.203412769)
R. HALIM YOUSSEF GHANEM;COLETORA 2;LEI Nº 15511 / 2019;LINESTRING (668594.3200712849 7178533.080498518, 668563.9200439688 7178435.480480107, 668561.4200422126 7178429.880479205, 668524.1200080107 7178306.680455766, 668500.1163871628 7178233.1146421265, 668499.177386278 7178229.887441506)
R. HAYTON DA SILVA PEREIRA;COLETORA 2;LEI Nº 15511 / 2019;LINESTRING (679344.0723754882 7185156.690149298, 679370.506993591 7185209.232557266, 679398.1260121537 7185262.481165167, 679425.5852308229 7185316.398373278, 679451.8268489824 7185369.383381411, 679506.2266859374 7185475.982597437, 679533.226704713 7185530.880805911, 679560.7615232071 7185583.817213764, 679587.0473413767 7185636.72182188, 679614.9257602097 7185690.783429957, 679641.6915787891 7185744.987238312, 679668.4969971143 7185797.947846339, 679727.4788372258 7185913.44946374, 679770.3338662947 7185996.966876285, 679786.3708773525 7186029.050681199, 679870.1907343738 7186193.037505925)
R. HENRIQUE MEHL;COLETORA 1;LEI Nº 15511 / 2019;LINESTRING (678565.2871384247 7180316.46107291, 678777.9679974399 7180342.305233887, 678812.2666071933 7180347.572627868, 678854.4062187811 7180352.187820001, 678968.4350503747 7180365.789198982, 679031.0350678783 7180373.989187621, 679095.0410858144 7180382.547976048, 679102.2928876176 7180382.449374463, 679134.2002965095 7180386.487968632, 679222.7431213589 7180398.487152649, 679342.1829554628 7180417.3655317575, 679371.2385641311 7180423.687727112, 679419.4171785213 7180434.230919422, 679541.2926142887 7180457.946499209)
R. HENRIQUE SCHUTA;OUTRAS VIAS;LEI Nº 15511 / 2019;LINESTRING (671307.2520137063 7178855.968026646, 671234.4934167279 7178959.063267596)
R. HERMÍNIO NICHELE;COLETORA 2;LEI Nº 15511 / 2019;LINESTRING (671762.6081753799 7173267.449542789, 671797.7005640906 7173171.376111985, 671822.6589553239 7173099.495689211, 671847.9979468036 7173028.3760665525, 671874.3809385019 7172957.115043648, 671899.7005300205 7172886.256621065, 671926.3225217604 7172814.959198113, 671951.7419132083 7172743.678575418, 671974.497704928 7172676.868354371)
R. HERON WANDERLEY;COLETORA 2;LEI Nº 15511 / 2019;LINESTRING (666778.6289343276 7172115.655873713, 666742.9797221946 7172098.049276555, 666722.5779147181 7172085.305077529, 666667.6450934554 7172045.317878772, 666617.1038735864 7172006.975479534)
R. HILDEBRANDO CORDEIRO;OUTRAS VIAS;LEI Nº 15511 / 2019;LINESTRING (669929.1530362822 7185559.951425914, 669848.8790329474 7185645.10786443)
R. HOLANDA;OUTRAS VIAS;LEI Nº 15511 / 2019;LINESTRING (676531.7387942928 7189607.703317754, 676446.6753875776 7189681.532755332, 676367.9011813595 7189749.965190146)
R. HOLANDA;SETORIAL 1;LEI Nº 15511 / 2019;MULTILINESTRING ((676531.7387942928 7189607.703317754, 676580.1243975067 7189562.881695628, 676614.3049998367 7189531.509880075, 676647.6060015222 7189498.208664197, 676670.3842021467 7189472.928652673, 676744.9178022372 7189381.068212543, 676813.4243998353 7189284.981572577), (676367.9011813595 7189749.965190146, 676280.9577739924 7189823.187427957, 676198.5483674335 7189894.658064342, 676070.4811571599 7190005.479120813, 675993.4243506078 7190070.481954344, 675911.8003441064 7190141.481990431, 675820.1169367488 7190221.052830916, 675728.2117291337 7190299.756871212, 675638.1915219933 7190378.437111103, 675606.0063180815 7190400.133323651, 675573.0875141785 7190422.802536614, 675550.9171121345 7190440.8461460825, 675529.8473101233 7190457.678954996, 675474.5651052214 7190503.63097886, 675401.1486996813 7190569.326811792, 675341.158494429 7190619.5952377925, 675287.1624901841 7190667.15906181, 675283.7174900926 7190671.053263573, 675279.823290324 7190677.044665987, 675276.3744911756 7190685.430268946))
R. HUMBERTO BERTOLDI;COLETORA 2;LEI Nº 15511 / 2019;LINESTRING (667241.203246492 7169129.767858053, 667188.2908364824 7169142.602271759, 667138.3352271345 7169155.241684824, 667087.175617497 7169167.881098128, 666986.6623986515 7169193.159924364, 666924.6689870355 7169208.808740554, 666862.8751754072 7169224.165556626, 666812.9107660449 7169236.7937696725, 666762.397356551 7169249.422182826, 666708.5895462723 7169262.050596635, 666655.6409364543 7169275.972010578, 666605.3665269732 7169288.405423627, 666554.3041173429 7169301.033836878, 666380.2522844574 7169343.860281968)
R. HUMBERTO CANTARELLI;COLETORA 2;LEI Nº 15511 / 2019;LINESTRING (668326.825003465 7183479.402212238, 668371.0211973897 7183393.4819811825)
R. HUMBERTO CICCARINO;COLETORA 1;LEI Nº 15511 / 2019;LINESTRING (674791.045205047 7179436.479649903, 674791.8902052275 7179436.324649686, 674792.2422051472 7179435.52544941, 674835.4387949744 7179335.483815059, 674887.6667813838 7179208.438372001, 674888.4017796908 7179199.488569587, 674918.8507721701 7179127.379544985, 674945.7127654683 7179063.469123213, 675003.9861502285 7178921.542075166, 675085.4859294842 7178725.926208727, 675087.815128155 7178716.836005948, 675173.9423067754 7178512.89793648, 675261.6040854818 7178307.75846643)
R. HUMBERTO NEGRELLO;COLETORA 2;LEI Nº 15511 / 2019;LINESTRING (672533.4911659105 7171352.049515698, 672588.0251847768 7171379.7763111405, 672637.7532021409 7171405.819307168, 672732.6484351743 7171454.986299451, 672775.2702500402 7171477.194096014, 672817.6552647784 7171499.047892537, 672852.8336770844 7171517.534889735, 672860.6748799577 7171522.277489262, 672914.0132986899 7171550.639885092, 672920.111900812 7171553.788084593, 672947.7695094259 7171563.1936811395, 673062.0031402665 7171579.2134613115, 673190.1233745839 7171595.828838728, 673319.7708095352 7171613.704416113)
R. HUSSEIN IBRAHIM OMAIRY;COLETORA 2;LEI Nº 15511 / 2019;LINESTRING (675161.2672802594 7172693.498894483, 675154.4506770412 7172686.048894094, 675052.1000457136 7172654.945507996, 675002.3518304823 7172639.791914741, 674950.2148145629 7172624.111721855, 674899.6459988612 7172607.647328446, 674850.2529839391 7172593.535135362, 674801.6439692914 7172579.8147422075, 674772.2435603652 7172571.190746266, 674713.8343427717 7172554.726554491, 674686.0745344757 7172547.212958474)
R. ILDEFONSO STOCKLER DE FRANÇA;OUTRAS VIAS;LEI Nº 15511 / 2019;LINESTRING (671747.4859217249 7180788.128825438, 671755.7241219534 7180779.16102146, 671777.9721242597 7180763.162812805, 671817.099728785 7180737.302598162)
R. IMACULADA CONCEIÇÃO;SETORIAL 2;LEI Nº 15511 / 2019;LINESTRING (675276.2229147952 7185088.201196488, 675336.8357014377 7184950.564348012, 675352.8233046966 7184946.534743605, 675368.0895077013 7184942.162739259, 675425.0734941154 7184807.997492464, 675479.7398804217 7184676.235846799, 675550.7252628736 7184506.377787845, 675640.5202408896 7184292.718913625, 675655.1760002214 7184081.856656006, 675657.9169959341 7184058.183849309, 675673.2501521592 7183831.8095876, 675680.9351333915 7183733.417160582)
R. INÁCIO LUSTOSA;PRIORITÁRIA;LEI Nº 15511 / 2019;LINESTRING (673962.2433633406 7186940.261354661, 673865.6427421453 7186958.748379648, 673702.40690652 7186990.956222099, 673561.2160754818 7187017.781658525, 673510.0930642672 7187027.62467174, 673406.4600414917 7187047.382898472, 673245.7690061843 7187078.110139921, 673146.3213844153 7187097.544165667, 673042.6957618513 7187118.391192639, 672989.714750281 7187128.904006385)
R. IPIRANGA;OUTRAS VIAS;LEI Nº 15511 / 2019;LINESTRING (671262.4206316484 7178024.479826647, 671262.4768316642 7178024.489026638, 671438.7966813892 7178053.129797578)
R. IRACEMA GONSALVES CARVALHO;COLETORA 2;LEI Nº 15511 / 2019;LINESTRING (667445.6921549451 7168432.5096497, 667397.6355473503 7168451.398863884, 667348.4987396208 7168470.905478431, 667299.9883319916 7168490.181692794, 667251.3479245374 7168510.487907428, 667202.7075169842 7168530.3219219465, 667154.5395094465 7168549.683536256, 667102.5935013901 7168570.934151772, 667051.0808933487 7168591.761967097, 667001.6260856809 7168612.034781874, 666953.6496780324 7168630.660995958, 666904.5444703392 7168650.416010538, 666855.4392626454 7168670.171025112, 666796.7962535645 7168694.323042652, 666737.1850441789 7168718.115660293, 666588.0824209503 7168778.927904716, 666488.5306054128 7168819.469534351, 666339.4279819671 7168879.38077852)
R. IRMÃ FLÁVIA BORLET;COLETORA 2;LEI Nº 15511 / 2019;LINESTRING (676225.9225199614 7180172.979534345, 676116.7316826906 7180126.403145604, 675996.1696416261 7180075.341358116, 675877.3552010468 7180024.417770278, 675757.7933602824 7179973.441582571, 675638.2847195064 7179922.2689947905, 675518.7762785116 7179869.997606717, 675400.1352379164 7179818.520618648, 675280.6169972064 7179767.461830855)
R. IRMÃ MARIA FRANCISCA PAOLINO;COLETORA 1;LEI Nº 15511 / 2019;LINESTRING (674175.1138478501 7175594.422216244, 674198.4604405138 7175531.893195845)
R. IRMÃS PAULINAS;EXTERNA;LEI Nº 15511 / 2019;LINESTRING (671701.074918705 7179859.322999183, 671706.1879093464 7179807.673985046, 671711.621300677 7179758.980371596, 671716.374686161 7179682.738751315, 671734.622458556 7179526.5721080415, 671748.6470383941 7179411.687276103, 671751.1888302355 7179369.004464789, 671749.8026249516 7179345.046659021, 671741.4224147964 7179305.939650865, 671733.8404091178 7179287.58324779, 671725.4604035275 7179270.62364523, 671640.0495561374 7179144.229830905, 671577.0653206683 7179048.406219685, 671550.7101068133 7179013.086016199)
R. ISAAC GUELMANN;EXTERNA;LEI Nº 15511 / 2019;LINESTRING (671324.6330121992 7180773.519708738, 671325.1310013254 7180720.007495022, 671325.8383688261 7180561.028654454, 671327.4357522966 7180478.647033189, 671325.1841388968 7180416.2200177945, 671321.3467336247 7180395.261013258, 671284.8041073936 7180312.324999711, 671243.021077469 7180217.780384298, 671222.4098630181 7180172.64377708, 671198.7932453929 7180115.710967487, 671195.3962423413 7180105.004765471, 671195.4190211046 7180001.579339242, 671196.1888116809 7179954.761527216, 671216.1802064017 7179904.645110412, 671277.4258016428 7179806.721673021, 671310.6477901051 7179710.056641717, 671332.8597815015 7179641.121419705)
R. ITACOLOMI;COLETORA 1;LEI Nº 15511 / 2019;LINESTRING (671324.6686333909 7180876.58633496, 671204.3518030088 7180876.291959604, 671048.3573635519 7180875.591991452, 670893.721324373 7180874.580822909, 670741.0100858683 7180874.4864541795, 670560.7212403499 7180874.075290984, 670477.3602192684 7180873.722507947, 670413.4602031338 7180873.5641209725, 670404.7246006211 7180872.0465223715, 670195.6971485278 7180874.900365802, 670185.8179451565 7180870.588566722, 670079.1817179497 7180868.938188066, 669920.2390779005 7180868.963020487, 669759.5398371374 7180867.656052897, 669600.465796691 7180865.884684827, 669518.6085760888 7180866.006901509, 669502.4027729938 7180870.868706042, 669451.6897676334 7180907.360725641)
R. ITACOLOMI;OUTRAS VIAS;LEI Nº 15511 / 2019;LINESTRING (671467.7170697912 7180878.280705978, 671324.6686333909 7180876.58633496)
R. ITAJUBÁ;OUTRAS VIAS;LEI Nº 15511 / 2019;LINESTRING (671640.7636805491 7180718.733229767, 671442.1386307285 7180719.697870886, 671325.1310013254 7180720.007495022)
R. ITATIAIA;OUTRAS VIAS;LEI Nº 15511 / 2019;LINESTRING (671685.3901605322 7181052.493705541, 671641.5635459572 7181035.396710211, 671441.6214954635 7181035.080751276, 671323.1800655592 7181034.928175587)
R. ITUPAVA;COLETORA 1;LEI Nº 15511 / 2019;LINESTRING (675012.7224226852 7186877.982518565, 675254.1663163614 7187025.880106601, 675384.5235653415 7187097.966298089, 675431.7443827002 7187122.228494518, 675439.5933854765 7187125.741093787, 675444.6199870949 7187127.2354931235, 675450.3257887473 7187128.050492137, 675539.0774134663 7187136.041475554, 675553.1192173583 7187137.218472907, 675575.3304233458 7187138.276068509, 675591.6650275765 7187138.230665058, 675612.3492327813 7187137.453460499, 675639.5438394218 7187135.46185425, 675687.8236509953 7187130.914842889, 675797.8348774367 7187120.888617078, 676029.7059321321 7187094.886161353, 676150.4095606128 7187081.424332337, 676290.0663935818 7187065.939498769, 676404.8820208077 7187053.799071308, 676487.7204403896 7187044.763251415, 676568.4380593349 7187035.323231856, 676687.1226870173 7187020.638602871, 676801.8415137419 7187006.303774802, 676824.0725188842 7187003.360169318)
R. IVATUBA;COLETORA 2;LEI Nº 15511 / 2019;LINESTRING (675161.2672802594 7172693.498894483, 675164.6116828405 7172701.922295842, 675186.1592926877 7172723.922096696, 675274.2471340562 7172819.113101472, 675353.7551714578 7172905.243105838)
R. IVO LEÃO;OUTRAS VIAS;LEI Nº 15511 / 2019;LINESTRING (674676.0506664934 7187503.847753265, 674613.204061171 7187556.468180247, 674506.0998522611 7187647.00542645)
R. IVO LEÃO;PRIORITÁRIA;LEI Nº 15511 / 2019;LINESTRING (674506.0998522611 7187647.00542645, 674497.5430515124 7187654.069230096)
R. IZAAC FERREIRA DA CRUZ;COLETORA 1;LEI Nº 15511 / 2019;LINESTRING (671131.4091196045 7175689.725870572, 671237.6573413091 7175668.267443418, 671415.8795776211 7175631.858797733, 671500.9113946859 7175613.249775618, 671524.1491972324 7175597.883567021, 671534.1035977212 7175588.374962611, 671545.7067982898 7175577.291357473, 671567.7641993694 7175556.221547703, 671630.2148025346 7175497.108520174, 671713.5204073223 7175421.079284156, 671796.8228123389 7175346.229648426, 671878.2384168666 7175271.332013072, 671961.3204217037 7175196.014377271, 672043.1256264173 7175121.703141979, 672067.1732276031 7175098.899131369, 672074.3198258895 7175082.120125738, 672146.6132007858 7174874.871059521, 672149.7129996968 7174865.9258566685, 672176.2307902819 7174788.951632157, 672217.8809757077 7174669.1243939325, 672386.7686029086 7174600.957742168, 672388.9084032644 7174600.146341525, 672393.0688039542 7174598.568940274, 672393.374404006 7174598.453140182, 672400.1326051066 7174595.786338124, 672545.8782284008 7174536.199693239, 672666.6412474553 7174485.72305576, 672770.1710639226 7174443.128223784, 672899.9076847013 7174390.5243838895, 672953.6150929867 7174367.245166999, 672983.5374990293 7174361.149759283, 673011.27750602 7174362.18675378, 673034.9157123743 7174364.98234956, 673091.9281308994 7174387.141943186, 673141.8343468243 7174405.113737251, 673206.4961673743 7174427.983529456, 673321.5252041074 7174469.476915775, 673411.8128330894 7174502.725905198, 673516.720666508 7174540.078692578, 673663.928314194 7174596.229675777, 673704.9329273865 7174611.412670978, 673767.9161475124 7174634.071263444, 673797.2745568827 7174644.571259914, 673858.1405762861 7174666.224852566, 673888.3891851557 7174673.271647994, 673920.3215954123 7174684.9848442245, 673948.1904044417 7174695.588841028, 673948.3024044791 7174695.629041013, 674192.6798825662 7174783.190611603, 674349.6667332937 7174842.005593313, 674402.0153501154 7174861.140587088, 674568.5418035444 7174921.561767164, 674695.6702442961 7174967.430351867, 674907.8355122751 7175043.6783262305, 674958.695328527 7175061.727520022, 675128.5969830807 7175123.165099542, 675149.56718978 7175130.57849697, 675273.3366295652 7175175.4650820615, 675309.1666413095 7175189.527078008, 675336.599251328 7175205.160276109, 675364.6278624394 7175225.2972752005, 675385.5812711308 7175242.168874972, 675410.3444827617 7175268.564876299, 675556.3635562891 7175447.516089921, 675631.2445929984 7175534.439495709, 675664.3620052277 7175553.859893546)
R. IZIDORO STAVITZKI;COLETORA 1;LEI Nº 15511 / 2019;LINESTRING (673609.8360596857 7176317.846714093, 673588.1412481277 7176288.03911119, 673539.8512230534 7176224.808905502)
R. JACAREZINHO;COLETORA 1;LEI Nº 15511 / 2019;MULTILINESTRING ((671002.1253638187 7186784.463726094, 671095.96919232 7186804.862912185, 671171.9796140178 7186814.611299137, 671212.5888290138 7186836.399496504, 671271.9802533467 7186879.925295702, 671280.918056507 7186884.032694943, 671329.2082719941 7186898.487088807, 671344.6480773471 7186905.057087354, 671367.3150857885 7186917.540285965, 671392.165696322 7186937.43928607, 671550.4347644483 7187069.125688024, 671558.1161674154 7187073.862087686, 671674.1228119701 7187144.0810822155, 671792.6388575678 7187216.108476695, 671803.4548620962 7187224.464476657, 671806.2274635781 7187228.161277056, 671808.3070652363 7187233.59107805, 671844.3647040331 7187376.4357080925), (671844.3647040103 7187376.320308063, 671869.5523317837 7187479.328329909, 671902.1555668539 7187608.357557073, 671935.2510026653 7187740.306184921, 671962.8984324248 7187849.737207993, 672022.4980966279 7188085.771057808))
R. JAIME BALÃO;COLETORA 1;LEI Nº 15511 / 2019;LINESTRING (676246.8359755946 7187980.269548057, 676363.7374310731 7188098.56595449, 676386.2296345732 7188087.386146789)
R. JAIME BALÃO;COLETORA 2;LEI Nº 15511 / 2019;LINESTRING (676386.2296345733 7188087.38594679, 676393.6336356107 7188083.166144112, 676400.0526368937 7188081.316542268, 676408.1034387155 7188080.01094022, 676509.8924629476 7188069.1179158185, 676674.7135024918 7188052.951476663, 676791.9101303085 7188040.054048432, 676823.737737915 7188036.80284083, 676856.0707455392 7188033.012032976, 676902.3927564926 7188027.725021761)
R. JAIME RODRIGUES DA ROCHA;OUTRAS VIAS;LEI Nº 15511 / 2019;LINESTRING (671467.7204349305 7176820.379482942, 671279.2203881372 7176819.3795214575, 671116.6225475194 7176817.277754337)
R. JANDIRA FERREIRA DOS SANTOS;COLETORA 1;LEI Nº 15511 / 2019;LINESTRING (668926.967444347 7180951.597243403, 668829.819626297 7180983.392671181)
R. JERÔNIMO DURSKI;COLETORA 2;LEI Nº 15511 / 2019;LINESTRING (671320.9222347786 7184780.881738782, 671299.1758333063 7184800.896548441, 671260.9822316642 7184840.635566589, 671254.2632314006 7184847.7501698155, 671247.3212311247 7184855.0887731435, 671228.3298313267 7184879.821783459, 671208.8966324579 7184909.634195183, 671194.1008340064 7184935.692404982, 671192.8512363184 7184948.514808564, 671156.0688490092 7185056.373044109, 671149.0222493506 7185066.862248279, 671070.1812512764 7185175.028492544, 671063.4332508473 7185181.394695583, 671053.4972504652 7185191.989700371, 671023.5366520161 7185237.117918242, 671009.9262511531 7185249.9819243755, 671000.575249741 7185254.82352755, 670936.2116391865 7185284.12034836, 670855.7034264827 7185323.21597502, 670852.914426004 7185324.385175896, 670819.344021512 7185344.623988034, 670801.0318200227 7185360.369195878, 670776.7008187973 7185384.955207253, 670751.5948182602 7185413.899419919, 670730.8752171679 7185434.61902955, 670702.6734147469 7185458.258641471, 670669.8996121179 7185486.654255565, 670623.9100080007 7185524.412874799, 670584.7222043232 7185555.782090979, 670531.7311993334 7185598.1375128385, 670511.3845965127 7185609.981120082, 670492.5563933366 7185618.180526065, 670439.2489835126 7185637.320941945, 670420.8103799894 7185643.334547278)
R. JERÔNIMO DURSKI;OUTRAS VIAS;LEI Nº 15511 / 2019;LINESTRING (670420.8103799894 7185643.334547278, 670404.8859766962 7185647.302551565, 670387.7045742733 7185657.120557632, 670375.2683730404 7185666.774962685, 670365.9413723745 7185675.283766806, 670322.7375706445 7185721.336187621, 670275.5741680756 7185768.298009483, 670222.4585663886 7185827.137035653)
R. JOAQUIM FERREIRA BELLO;COLETORA 2;LEI Nº 15511 / 2019;LINESTRING (671508.8209507322 7175390.273718676, 671592.3183559316 7175316.009883076, 671675.0683608984 7175241.575447585, 671758.5607661344 7175167.637212064, 671841.3087711823 7175093.743976703, 671917.1537754117 7175024.155943833, 671918.6561736489 7175013.826740966)
R. JOAQUIM NABUCO;OUTRAS VIAS;LEI Nº 15511 / 2019;LINESTRING (678343.041298539 7191612.797866631, 678258.6896995229 7191721.999513889, 678232.7248991161 7191752.309327553)
R. JOAQUIM SIMÕES;OUTRAS VIAS;LEI Nº 15511 / 2019;LINESTRING (671283.2780712002 7176245.609177576, 671201.6908506335 7176243.379593788, 671124.1226311106 7176241.403209228)
R. JORGE BONN;COLETORA 2;LEI Nº 15511 / 2019;LINESTRING (678757.7600031528 7190654.87072206, 678807.482423211 7190687.249920034, 678826.4842310598 7190700.475119486, 678832.8686332012 7190702.603318684, 678839.5572349981 7190702.75531729, 678845.3338362939 7190701.691315768, 678850.5022370392 7190698.802913891, 678854.3026371619 7190694.698711982, 678857.7990365196 7190687.401909286, 678863.8708343685 7190669.894903319, 678869.5252328988 7190656.081498426, 678875.8252326085 7190646.98149465, 678881.2246330039 7190642.188892217, 678887.7658338745 7190638.2002897505, 678897.6576358691 7190635.3284868635, 678922.7010416228 7190631.354680434, 678933.555043935 7190628.787277421, 678943.766045672 7190624.319874043, 678954.9340470067 7190616.821269648, 678970.4098478045 7190601.505062247, 678994.341449151 7190578.371050949, 679027.7800520431 7190550.754236417, 679052.3206540898 7190530.140625661, 679057.6848541978 7190524.05402289, 679068.8276538677 7190508.829616442, 679083.4468531444 7190487.510007627, 679091.1220522905 7190474.109002411, 679098.0660512962 7190460.951597417, 679118.1034475742 7190419.019581951, 679136.512244181 7190380.62516778, 679137.958642345 7190370.307564724, 679145.2582293584 7190300.876344682, 679146.1262272267 7190289.88734157, 679155.8256086786 7190191.638313357, 679158.1704062179 7190177.309709042, 679162.338802895 7190156.728502674, 679171.506398374 7190124.441692121)
R. JORGE COLERAUS BARBOSA;COLETORA 2;LEI Nº 15511 / 2019;LINESTRING (671830.1040202677 7176314.923882256, 671827.5120082397 7176259.691869036, 671825.4294063933 7176253.226267857, 671824.4490019784 7176232.98886302, 671823.0765943783 7176197.771654537, 671821.9669861135 7176159.017245119)
R. JORGE GOMES ROSA;COLETORA 1;LEI Nº 15511 / 2019;LINESTRING (679568.7955399291 7181937.46627067, 679486.913306296 7181877.615872986, 679369.6656595145 7181798.2266779095, 679359.9298551112 7181789.214677699, 679209.9981945286 7181683.990083035)
R. JORGE SIMÃO;COLETORA 2;LEI Nº 15511 / 2019;LINESTRING (676443.4478688915 7174950.642779432, 676304.1400268412 7174913.191599654, 676212.8477990393 7174887.451812597, 676121.7477713646 7174862.065025578, 676029.0951433104 7174836.652038872, 675935.8027152339 7174811.852052443, 675847.108288039 7174785.86526474, 675774.0532659183 7174765.774875188, 675759.6184614961 7174761.554477188, 675614.9610175506 7174721.014897669)
R. JORGE TORTATO;COLETORA 2;LEI Nº 15511 / 2019;LINESTRING (668863.4750391715 7167190.438866891, 668810.5962246102 7167180.060875142, 668774.5578164628 7167181.737082846, 668694.1000014152 7167201.013303737, 668642.9757908985 7167208.556115886, 668559.1657760742 7167232.861138642, 668525.6417712274 7167247.946949018, 668487.0889672296 7167273.089962806, 668430.9361638296 7167321.699985741, 668379.8121599129 7167361.928805659, 668319.4687560193 7167413.053030039, 668293.1013549971 7167438.765641494, 668276.4835535067 7167450.787247717, 668255.4675504044 7167459.966854151)
R. JORN. CAIO MACHADO;COLETORA 1;LEI Nº 15511 / 2019;LINESTRING (670516.0338042857 7183686.197620692, 670365.6197562519 7183639.117639299, 670245.3679178776 7183601.552854177, 670126.1610799073 7183564.607468983, 670005.4914414432 7183527.016683908, 669884.3262029917 7183490.05149908, 669763.8913645918 7183452.381713904, 669644.1655264962 7183415.251528708, 669584.1663072896 7183396.063135972, 669524.2260882524 7183377.61654341, 669463.9260690814 7183358.947150862, 669403.9564500167 7183340.381758268)
R. JORN. EMÍLIO ZOLA FLORENZANO;COLETORA 2;LEI Nº 15511 / 2019;LINESTRING (666750.5181709917 7170334.6108468445, 666801.1735803839 7170320.981633406, 666862.0507916317 7170304.399217203, 666925.5528033541 7170287.06720029, 667061.3132284158 7170250.064764129, 667168.9356481706 7170220.220135324, 667219.9874576927 7170206.821521839, 667252.9336637135 7170197.556312985, 667327.5904788397 7170183.968894707, 667352.3728839647 7170179.982888766, 667429.2248996395 7170166.5320700705, 667447.5845034004 7170163.396865621)
R. JOSEFINA ROCHA;COLETORA 2;LEI Nº 15511 / 2019;LINESTRING (671331.3638312663 7184750.753328826, 671320.9222347786 7184780.881738782)
R. JOSÉ ALCIDES DE LIMA;COLETORA 2;LEI Nº 15511 / 2019;LINESTRING (670205.6094617869 7176520.684266921, 670188.0426514408 7176491.252463172, 670157.6926335691 7176440.403056698, 670147.6304299952 7176435.059257422)
R. JOSÉ ANTÔNIO LEPREVOST;COLETORA 2;LEI Nº 15511 / 2019;LINESTRING (678228.7953327434 7191914.593371865, 678147.7449264054 7191985.613008211, 678089.6297218989 7192036.75683433, 678020.1353160933 7192096.0058650505, 677951.4605106312 7192155.891495764, 677881.0385050783 7192217.575327331, 677810.4900991038 7192277.488158448)
R. JOSÉ ANTÔNIO LEPREVOST;OUTRAS VIAS;LEI Nº 15511 / 2019;LINESTRING (678310.3943393023 7191843.984935511, 678228.7953327434 7191914.593371865)
R. JOSÉ BAJERSKI;COLETORA 2;LEI Nº 15511 / 2019;LINESTRING (673606.8112715618 7192707.697559316, 673618.1512817173 7192741.993566177, 673674.6689233069 7192869.486988709, 673728.5579608729 7192980.945207486, 673733.8153653392 7192995.666010354, 673738.0213693632 7193009.598213229, 673740.9129733079 7193024.844816733, 673742.8559773962 7193041.993020944, 673742.8243802397 7193055.683224637, 673737.4243878787 7193099.283237504, 673733.0373902707 7193116.385643023, 673727.4425946355 7193144.518851766, 673727.4425972115 7193156.886055099, 673728.9884001024 7193168.789257985, 673733.1624055293 7193189.504262697, 673740.2734134478 7193218.412469005, 673743.9334175657 7193233.497472309, 673762.490430505 7193271.855078782, 673782.4000454055 7193317.874687041, 673787.6010489336 7193328.1462887265, 673792.1516516648 7193335.427489744, 673799.9530555347 7193344.009090431, 673806.9850587479 7193350.421890696, 673819.0794641797 7193360.9956910275, 673836.7456725537 7193378.537492078, 673847.4448778454 7193390.231893003, 673855.4070818909 7193399.438293826, 673860.1346847097 7193406.902894854, 673867.7236903645 7193424.32029797, 673874.690696271 7193443.728101755, 673894.3473145638 7193506.30611454, 673896.7649176067 7193517.808517141, 673898.4421205017 7193529.5481199585, 673897.9553290117 7193570.999131247, 673898.0797319214 7193584.808734949, 673898.9505341528 7193594.388137354, 673901.0655365317 7193603.096939264, 673915.2481505922 7193652.363149608, 673917.2387529401 7193661.071751544, 673919.1049556702 7193671.770954045, 673919.851359267 7193688.06875829, 673919.6739616729 7193699.841761507, 673919.8167641719 7193711.644364664, 673919.1533660342 7193721.431167446, 673916.8309688689 7193738.0191724105, 673911.3569732148 7193765.886981079, 673908.4385764836 7193785.312386935, 673908.3993810369 7193807.21279286, 673908.4699872388 7193836.87520086, 673909.326190411 7193850.994404497, 673908.0179936732 7193868.327609453, 673904.7473961615 7193884.461814497, 673887.7552008235 7193928.656229985, 673872.3640044959 7193966.047243303, 673866.550006614 7193983.683249282, 673861.7048086273 7193999.575254588, 673857.8288113045 7194017.405260218, 673846.2166209628 7194078.685679212, 673839.8420270736 7194116.207690692, 673837.2424291704 7194129.6164948605, 673836.42143103 7194139.604697734, 673837.2424336744 7194151.234900711, 673839.8420363961 7194160.949502798, 673844.6310399583 7194171.895304764, 673849.0032426369 7194179.12850581, 673854.3454454988 7194185.988306552, 673863.2274501666 7194196.971107676, 673867.7160536125 7194207.730109651, 673870.0806560379 7194216.329311486, 673871.2630579891 7194224.175913365, 673871.7288597794 7194232.16611543, 673870.8510611393 7194239.815717683, 673867.5308636475 7194256.130122792, 673867.268065136 7194263.606724871, 673871.8542754734 7194307.319135752, 673874.1474804868 7194328.422740988, 673874.8640852179 7194350.207346741, 673873.9720888888 7194368.968952008, 673870.3446911651 7194384.5609569885, 673867.4132924422 7194394.471760282, 673859.4566934507 7194409.547366025, 673850.8246933715 7194420.283570732, 673836.8430930243 7194436.627778074, 673826.2342929419 7194449.888783875, 673819.3044932695 7194460.389588164, 673814.648494078 7194470.268991813, 673811.755095477 7194480.711795244, 673807.6383067161 7194539.973012164, 673808.0269085602 7194548.327014348, 673809.817110967 7194557.571216481, 673830.6309206309 7194577.14041745, 673862.7531364039 7194611.453020062, 673876.4781429197 7194625.032020885, 673913.2729589781 7194654.672021255, 673926.4139650938 7194667.083021882, 673932.4849683046 7194674.662022673, 673936.6345710355 7194682.41402391, 673939.7007739592 7194692.488826005, 673941.9135767967 7194703.247628462, 673951.2191877005 7194743.564037459, 673960.2353991466 7194786.842847324, 673961.9174014591 7194795.775649398, 673962.9560041295 7194807.247052293, 673964.1218105215 7194836.395859962, 673964.4116189177 7194876.297070734, 673964.6192330678 7194943.900689047, 673966.938045138 7194998.810103476, 673948.8770445297 7195019.196312778, 673931.2272444913 7195041.788122595, 673912.5890459802 7195072.992734958, 673907.7882459254 7195078.92313757, 673904.399645631 7195081.888339082, 673899.4576448309 7195084.429940803, 673894.3526437527 7195085.848342251, 673876.5836391165 7195086.547746143, 673865.146436539 7195088.948149179, 673851.1678340418 7195095.019753741, 673832.7138315385 7195106.836560799, 673809.2956295633 7195127.603771319, 673773.5052288559 7195170.463790422, 673743.3788299658 7195214.747808734, 673738.1074305461 7195224.349412442, 673735.5058314607 7195232.102615092, 673718.5280393057 7195291.747834848, 673703.090445181 7195339.94345117, 673701.0194467774 7195350.298054418, 673701.3960486427 7195358.769856645, 673704.0316522922 7195372.8896599375, 673716.0806648275 7195417.508269571, 673720.2120712684 7195443.101675675, 673723.0464769339 7195466.645281494)
R. JOSÉ CLEMENTINO BETTEGA;OUTRAS VIAS;LEI Nº 15511 / 2019;LINESTRING (671263.6583626235 7178660.329786305, 671111.1209246893 7178660.831217764)
R. JOSÉ DE ALENCAR;PRIORITÁRIA;LEI Nº 15511 / 2019;LINESTRING (675516.9245105562 7185724.203111273, 675539.5017538154 7185902.040952861, 675546.6561702952 7185971.547369478, 675555.5977877207 7186043.355386322, 675572.6332192258 7186172.092216329, 675575.3234256465 7186199.28102286, 675591.1898566522 7186327.055852884, 675608.6028929414 7186478.004688658, 675621.7963180072 7186580.813312759, 675629.6785346398 7186650.089729217, 675645.0617651534 7186776.050158937, 675666.4912088993 7186957.357801899, 675687.8236509953 7187130.914842889, 675707.0194906802 7187295.61508204, 675716.9697107633 7187378.668501738, 675724.6319250669 7187437.100315463, 675742.4981609783 7187585.480350668, 675759.5259948759 7187725.301583824, 675774.3484260724 7187855.015414811, 675800.3064747559 7188053.90046168)
R. JOSÉ DE OLIVEIRA FRANCO;COLETORA 1;LEI Nº 15511 / 2019;LINESTRING (679987.4568115538 7189190.321668657, 680048.7475955276 7189041.66981609, 680109.3581795781 7188894.302164032, 680169.8677635005 7188746.5677119205, 680230.9265475123 7188598.67525967, 680292.2201313071 7188449.60300708, 680352.6771151959 7188302.077155101, 680410.3362997964 7188161.314705528, 680470.9202831516 7188011.363052924, 680478.5452828631 7188000.850048507, 680536.6918677017 7187860.792999057, 680597.6996514658 7187712.434146825, 680658.936835057 7187563.096294307, 680720.0358188743 7187415.074642188, 680782.0250030803 7187267.880190113, 680841.2633862391 7187119.259138281, 680903.2713699429 7186969.927885687, 680962.7861532676 7186821.931034004, 681024.7225369755 7186672.91298155)
R. JOSÉ DECONTO JÚNIOR;COLETORA 2;LEI Nº 15511 / 2019;LINESTRING (671396.7973565084 7173607.601101663, 671612.5146132647 7173628.347062355)
R. JOSÉ DRULLA SOBRINHO;COLETORA 1;LEI Nº 15511 / 2019;LINESTRING (679949.066004832 7180865.3303149305, 680025.5236198623 7180845.678893417, 680037.502622363 7180843.283090221, 680040.7294230305 7180842.598089348)
R. JOSÉ FERNANDES MALDONADO;SETORIAL 1;LEI Nº 15511 / 2019;LINESTRING (679067.757223045 7188503.386685053, 679107.1650299579 7188487.640672435, 679222.1684703681 7188535.883660462, 679332.692508897 7188580.772848555)
R. JOSÉ HAUER;COLETORA 1;LEI Nº 15511 / 2019;LINESTRING (679228.0835916854 7178859.14796178, 679145.8815503505 7178762.323355035, 679085.2633196341 7178689.779149775, 679052.8359031149 7178650.539346853, 679003.2144775526 7178589.152342046, 678966.6228587711 7178544.178538574, 678930.1012401392 7178499.804735242, 678892.079220408 7178452.030131375, 678842.8723950862 7178391.169126615, 678821.6801873314 7178379.631128259, 678821.6735873288 7178379.62752826, 678801.1317798023 7178368.394529841, 678725.5227542532 7178337.078538178, 678697.4911447432 7178325.283741219, 678592.2119089519 7178280.608352549, 678473.2128679397 7178227.442764669, 678324.5590177045 7178165.59978094, 678204.9525769552 7178114.214793608, 678086.2889364903 7178062.9936061, 677967.6224961542 7178012.315018717, 677847.7074553634 7177960.887431398, 677727.4350146415 7177910.13004431, 677608.5137740418 7177858.308656653, 677498.2861366711 7177811.429868371, 677403.7235046411 7177771.314278441)
R. JOSÉ IZIDORO BIAZETTO;COLETORA 2;LEI Nº 15511 / 2019;LINESTRING (667047.6132421282 7186299.607000887, 667045.3598369244 7186276.537595317, 667037.871209188 7186147.73576321, 667035.375195744 7186083.8341470435, 667037.9095942877 7186073.298943789, 667037.4421931366 7186068.155142541, 667034.2829889036 7186051.095338725, 667021.0143772522 7186010.025730677, 667003.5333631234 7185962.005921661, 666987.9479510866 7185921.989314354, 666974.9213417381 7185892.082909169, 666961.4107328537 7185865.123704852, 666946.0359234911 7185838.165100907, 666912.7589050411 7185788.881694732, 666874.8484829164 7185727.171886252, 666859.0524737866 7185701.898282833, 666854.2110702177 7185690.298880784, 666844.1854599847 7185652.071272841, 666838.2200527078 7185623.381266568, 666831.1212458159 7185598.082861405, 666830.3212442871 7185591.468259845, 666827.8106397782 7185572.164255325, 666826.2212371118 7185560.882852707, 666822.1212323336 7185542.28284869, 666818.1582296384 7185533.907047302, 666814.532427171 7185526.2438460365, 666814.5024271507 7185526.180246026, 666808.2444237511 7185517.240244952, 666799.3044191233 7185505.618043718, 666791.2584153523 7185497.125043118, 666779.1892100084 7185485.949842626, 666763.2210051226 7185482.082644815, 666714.8179923232 7185480.401454056, 666708.5211906575 7185480.182655258, 666653.2177765795 7185480.993066523, 666642.5197728578 7185476.157067403, 666634.459769055 7185467.510866765, 666628.5979657306 7185458.424865575, 666625.6669633348 7185450.218264027, 666614.3829473401 7185384.712049251, 666613.0443442655 7185371.052045969)
R. JOSÉ IZIDORO BIAZETTO;OUTRAS VIAS;LEI Nº 15511 / 2019;LINESTRING (666613.0443442655 7185371.052045969, 666606.6383330886 7185323.359634854, 666604.6845300477 7185310.659031946, 666597.259524156 7185290.72862825, 666580.8463126726 7185254.385222089, 666577.721109452 7185242.282819569, 666577.1211065203 7185228.382816078, 666589.721097834 7185168.682798058, 666595.6210940751 7185142.282790024, 666602.2210880397 7185103.582778659, 666614.7628756276 7185025.328355843)
R. JOSÉ MANOEL VOLUZ;COLETORA 2;LEI Nº 15511 / 2019;LINESTRING (672090.2953179183 7175508.743028168, 672105.3205164312 7175483.679218847, 672115.2205167355 7175473.379214247, 672204.5043246304 7175405.506578967, 672263.409529947 7175361.2833558265, 672274.9381343151 7175368.725955288, 672401.8959790906 7175434.539745348, 672422.2689853937 7175440.827342693, 672464.9371887671 7175406.521325355, 672496.7031906147 7175377.780711653)
R. JOSÉ MOLENDA;COLETORA 1;LEI Nº 15511 / 2019;LINESTRING (673677.2993226533 7176540.145555437, 673656.9657040001 7176474.722943364, 673638.3284863017 7176411.86233158, 673618.4748675207 7176345.225519113)
R. JOSÉ MOLENDA;COLETORA 2;LEI Nº 15511 / 2019;LINESTRING (673736.5737778686 7176734.800191643, 673716.3843595431 7176670.826579886, 673697.4789415736 7176607.010767905, 673677.2993226533 7176540.145555437)
R. JOSÉ NAVES DA CUNHA;COLETORA 2;LEI Nº 15511 / 2019;LINESTRING (670286.8660558447 7184225.188806725, 670223.1952419853 7184237.15502282, 670195.5194369009 7184246.9562310055, 670171.0430323009 7184255.127438115, 670158.0452294968 7184257.69484143, 670145.8496263732 7184257.694843919, 670045.8126000081 7184254.023663377, 669972.7105807282 7184251.26947757, 669865.1969524808 7184247.740898568, 669789.7223324424 7184244.242513036, 669758.5859240234 7184242.054718811, 669671.0213011303 7184239.730136033)
R. JOSÉ NICCO;COLETORA 2;LEI Nº 15511 / 2019;LINESTRING (667559.8027706979 7186280.558693158, 667540.7473541301 7186222.608681863, 667498.2613177623 7186096.212457425, 667455.7214825734 7185975.682834543, 667422.2728555084 7185883.882017338, 667421.311853044 7185872.844414653, 667385.9652248143 7185777.640796954, 667385.1648232552 7185770.898595359, 667342.377987495 7185647.68317187, 667316.0623650275 7185569.507156808, 667315.7213647142 7185568.382756585)
R. JOSÉ OSIRES BAGLIOLI;COLETORA 2;LEI Nº 15511 / 2019;LINESTRING (673334.8210918244 7176798.338691167, 673295.8914714657 7176746.706086373, 673258.0102518537 7176697.398081945, 673219.6668317192 7176646.102677118, 673203.6738233205 7176624.698475102, 673180.1280112879 7176594.779272533, 673167.3072044551 7176577.135470797, 673161.4278018062 7176571.36707058, 673132.0333864945 7176532.598867021, 673028.7635324814 7176395.236054232, 673017.5905266051 7176380.205252807, 672911.882671361 7176239.616239732, 672873.4206511681 7176187.979034856, 672812.8042191486 7176105.610426931, 672805.3304151957 7176095.428425947)
R. JOSÉ PEREIRA DE ARAÚJO;OUTRAS VIAS;LEI Nº 15511 / 2019;LINESTRING (671265.7756597897 7177184.184815377, 671113.0024216432 7177182.617846368)
R. JOSÉ RIETMEYER;SETORIAL 1;LEI Nº 15511 / 2019;LINESTRING (677168.3510619466 7181609.010100272, 677163.6030578108 7181595.199697752, 677119.1128298023 7181516.344087061, 677065.0077957534 7181420.446874066, 677013.3419632488 7181328.872861665, 676983.2301443107 7181275.501654441, 676960.0509297352 7181234.418248881, 676912.0326995479 7181149.309437367, 676898.3326919838 7181129.959435342, 676883.8126848994 7181113.839434313, 676866.5566776388 7181100.148234485, 676860.432675062 7181095.289434545, 676794.8912502544 7181056.296438511, 676773.7902426026 7181045.317640187)
R. JOSÉ RISSETO;COLETORA 2;LEI Nº 15511 / 2019;LINESTRING (667924.1210317799 7188102.753697513, 667904.4276384003 7188161.148716849, 667890.2904461613 7188218.006734667, 667882.5080502996 7188248.655544306, 667879.7682512058 7188256.7041469775, 667876.3432516217 7188263.211549382, 667871.0346515133 7188269.54755212, 667864.8698508007 7188273.999954532, 667838.3266469776 7188289.412163935, 667830.6204461394 7188295.234567019, 667823.9418457753 7188302.084370168, 667817.7770461316 7188311.845373981, 667814.0096468702 7188320.407776993, 667802.4482488888 7188345.431385914, 667781.6340501104 7188378.5063988175, 667755.9218495502 7188409.083212048, 667745.8218483827 7188416.383216003, 667733.9218466032 7188422.983220138, 667718.0444435836 7188428.575824805, 667693.5494395703 7188440.41843285, 667672.0162373194 7188457.186241601, 667653.8390365326 7188476.879850447, 667642.7218370473 7188493.883257166, 667630.4218385993 7188517.583265888, 667620.9218430518 7188552.083276896, 667614.4218455539 7188572.983283714, 667609.5218464048 7188583.583287495, 667605.8204465683 7188589.211689724, 667602.2218467284 7188594.68329189, 667598.0574464018 7188598.469293726, 667594.521846123 7188601.6832952835, 667572.0218434192 7188617.483303973, 667553.9218410006 7188628.983310644, 667519.9218363541 7188650.083323041, 667487.2218316854 7188669.383334702, 667437.5984239532 7188695.466951547, 667377.2218145572 7188727.283372066, 667353.6218111775 7188741.18338047, 667339.4218097134 7188752.383386275, 667306.1218078274 7188786.383401931, 667287.5218061536 7188802.283409861, 667265.7904035251 7188817.514818242, 667265.1218034443 7188817.983418499, 667250.4218010835 7188825.383423401, 667217.6739954181 7188839.839033784, 667128.0327804391 7188882.087862909)
R. JOSÉ RODRIGUES PINHEIRO;COLETORA 1;LEI Nº 15511 / 2019;LINESTRING (671113.2206032916 7177092.97982391, 670948.3537620828 7177090.987057248, 670939.3979594321 7177088.876058556, 670757.3337140726 7177087.393095513, 670585.6754713587 7177086.249130383, 670576.6564688587 7177084.940331902, 670395.3204237223 7177083.6573686795, 670215.8561789645 7177081.957404931, 670034.3391334722 7177079.134641282, 669855.2042886453 7177076.684077201, 669682.8596450179 7177071.867711108, 669676.1506436599 7177073.348912844, 669671.0914426348 7177074.465914153, 669652.7426378862 7177073.438517632, 669620.1378284909 7177066.917522639, 669595.140620923 7177060.12492603, 669469.3401774197 7176999.262536414, 669441.3543675691 7176984.861938506, 669356.5815374358 7176939.758544473, 669318.305724086 7176920.639547475, 669271.480107757 7176897.249751145, 669147.7578646874 7176835.754960914, 668968.5518023123 7176746.572575012, 668926.4161876524 7176725.603578323, 668883.3321726633 7176704.162981706, 668839.9689575819 7176682.582985109, 668797.1603426943 7176661.279188467, 668754.1673277443 7176639.883591838, 668736.1761214887 7176630.930193249, 668659.5006941382 7176589.329798398, 668619.792080528 7176570.512001744, 668581.7262682709 7176556.3734059185, 668494.5906409925 7176527.822816426, 668427.6198198076 7176504.780224221, 668192.6197504384 7176448.380257631, 668025.8197007831 7176406.180280769, 667940.613675848 7176386.728093099)
R. JOSÉ RODRIGUES PINHEIRO;OUTRAS VIAS;LEI Nº 15511 / 2019;LINESTRING (671417.1674768585 7177084.940559436, 671282.4134432513 7177083.680386826, 671273.4240419541 7177088.191189801, 671261.0422403739 7177095.408594152, 671113.2206032916 7177092.97982391)
R. JOSÉ SERRATO;COLETORA 2;LEI Nº 15511 / 2019;LINESTRING (677170.7860339634 7191829.503374422, 677191.2906426849 7191844.966174208, 677318.4700953135 7191933.867171008, 677330.4416993938 7191938.1211696025, 677337.6447015203 7191939.132168343, 677346.1113037671 7191939.132166542, 677355.3359059184 7191937.7421642095, 677364.5607077761 7191934.961961502, 677374.9227096386 7191930.791958181, 677379.240310537 7191929.633556955, 677384.926712047 7191929.633555746, 677388.149113003 7191930.107555186, 677391.6235142271 7191931.530954829, 677435.1675320072 7191960.805753417, 677494.5543562531 7192000.690551475, 677554.5943808411 7192041.338349596, 677625.0840098264 7192089.58894753, 677669.4272279663 7192119.480746105, 677684.1226348715 7192133.580746757, 677739.3164623606 7192193.803151158, 677810.4900991038 7192277.488158448)
R. JOSÉ SIKORA;OUTRAS VIAS;LEI Nº 15511 / 2019;LINESTRING (671552.223363037 7181227.876777657, 671562.9821587537 7181193.869566774, 671578.8621529392 7181146.147551341)
R. JOSÉ TOMASI;COLETORA 2;LEI Nº 15511 / 2019;LINESTRING (667367.9035325928 7187334.367807424, 667363.8973346759 7187349.924012307, 667358.0945386413 7187377.197220625, 667353.2185437446 7187408.940429933, 667349.8217487893 7187438.483238366, 667347.8123489468 7187441.866039658, 667341.9217494066 7187451.783243441, 667332.421748823 7187461.183247815, 667328.2047481677 7187463.383449238, 667325.5217477524 7187464.783250144, 667323.4997472693 7187464.998250606, 667270.0217345122 7187470.683262827, 667269.2563343357 7187470.792463008, 667259.221132014 7187472.226065397, 667258.1217317601 7187472.383265659, 667255.333331439 7187474.402266746, 667250.3839308722 7187477.986468681, 667249.4217307616 7187478.683269057, 667247.7887308232 7187481.104270019, 667244.2833309546 7187486.302272087, 667243.6217309793 7187487.283272477, 667239.857932614 7187500.313076652, 667237.9127335531 7187507.519278932, 667230.8797391804 7187544.694090102, 667227.0617403632 7187555.545093715, 667213.1311410794 7187577.182302192, 667199.2059440188 7187609.902913574, 667170.5217520017 7187686.9453395605, 667122.7433641443 7187809.57338136, 667077.5869775894 7187935.352223478, 667044.9741871435 7188025.466453717, 667012.7481963839 7188113.54248335, 666999.3909993826 7188145.907894544, 666997.3360009396 7188156.353897706, 666997.336003133 7188167.313700591, 667000.0760071058 7188183.582104326, 667006.6216148399 7188213.683310941, 667005.3216175039 7188228.683315152, 666992.5942237693 7188276.551530308, 666957.4216401043 7188403.983370926, 666937.0216539344 7188499.68340024, 666929.1216582353 7188531.483410208, 666918.4216646474 7188577.483424479, 666917.15886563 7188584.043026463, 666915.4630669501 7188592.852229127, 666909.8324849494 7188690.143055923, 666904.011705162 7188798.754885759)
R. JOSÉ VALLE;COLETORA 1;LEI Nº 15511 / 2019;LINESTRING (670670.4811676643 7189177.81302376, 670665.4347665763 7189178.956825095, 670622.3027572752 7189188.732836505, 670615.7749558478 7189190.109638206, 670599.732752337 7189193.492842382, 670582.1827497405 7189203.282848562, 670553.5927468126 7189225.592860311, 670545.5727451728 7189227.852862549, 670538.0427431994 7189227.8528640885, 670533.2107414658 7189225.566264471, 670528.5127397799 7189223.342864843, 670515.2227338868 7189211.552864442, 670503.9427276517 7189195.5028625, 670494.4127213615 7189176.942859538, 670487.482514505 7189152.293054434, 670484.6647119748 7189143.512452686, 670475.571304876 7189120.438848442, 670473.9727036278 7189116.382847697, 670459.4226953586 7189094.562844899, 670457.0736941729 7189091.768044639, 670450.390690798 7189083.816843903, 670443.6126873754 7189075.7528431555, 670435.6026833302 7189066.222842272, 670427.5726804598 7189062.462842919, 670423.4078793179 7189062.218443707, 670419.0526781264 7189061.962844526, 670417.149078004 7189063.802845402, 670411.2726776258 7189069.482848106, 670407.7626787547 7189079.512851475, 670405.3196808707 7189092.9988555405, 670401.9926837517 7189111.362861076, 670401.6356838406 7189112.255861386, 670392.4794861194 7189135.150869313, 670381.4326870776 7189154.002876556, 670377.1442870519 7189159.3830788545, 670370.7114870177 7189167.453082303, 670367.6426869987 7189171.302883948, 670364.3910867269 7189174.138085362, 670356.0220860238 7189181.435289003, 670355.852686011 7189181.582889076, 670341.8026842758 7189191.112894467, 670340.1798839888 7189191.793694979, 670330.3092822486 7189195.933898089, 670322.3726808492 7189199.262900591, 670281.4140727972 7189212.384712426, 670275.6220716599 7189214.2401141, 670270.7126706924 7189215.812915516, 670233.5926626056 7189223.842925219, 670227.0552611068 7189224.885726828, 670206.882656476 7189228.102931796, 670187.5726522881 7189232.372936867, 670165.0026484206 7189242.402944125, 670143.94264679 7189261.462953466, 670117.90444503 7189286.288765347, 670095.4126435072 7189307.73297561, 670046.4900384399 7189345.778595658, 669976.4802311808 7189400.222624343, 669961.3442296108 7189411.993430544, 669954.5768289085 7189417.256233317, 669948.202628247 7189422.213035928, 669875.0214194062 7189473.041064298, 669849.9718158608 7189487.900673335, 669846.0066164584 7189495.949276276, 669843.767816798 7189500.493877935, 669835.300818093 7189517.767884236, 669826.7136182467 7189529.586489115, 669817.2700173971 7189537.584693158, 669813.7490170813 7189540.566694665, 669801.1176158029 7189550.571899887, 669800.3876157284 7189551.15010019, 669773.6586129228 7189571.822711108, 669766.2726120963 7189577.283114059, 669685.2068048194 7189646.096748795, 669636.2832004217 7189687.625969756, 669612.1133984299 7189709.04318035, 669598.2227978761 7189724.256787209, 669584.702397883 7189741.754594598, 669547.2902009445 7189805.155019022, 669541.2874014354 7189815.327622941, 669537.1038017771 7189822.417425672, 669518.772602708 7189850.6932369005, 669506.4126016822 7189861.633242315, 669498.9284004231 7189865.110644758, 669472.6425959955 7189877.323253341, 669411.3639838931 7189897.023271015, 669390.5775797879 7189903.705877011, 669387.1449791093 7189904.809278, 669376.9181770881 7189908.097080951, 669312.8825644358 7189928.683299414, 669296.0935607881 7189932.452103823, 669291.7225598379 7189933.433304969, 669255.5825515916 7189939.613313945)
R. JOSÉ VERÍSSIMO;COLETORA 2;LEI Nº 15511 / 2019;LINESTRING (679573.8691173793 7186469.790042093, 679739.7189729968 7186528.686021764, 679937.2134386653 7186596.073996799, 680043.847674487 7186634.08898373, 680100.9308936668 7186654.438976729, 680126.7617023478 7186663.6475735605, 680233.906538358 7186701.844560407, 680348.4545772091 7186744.255746745, 680458.0628154395 7186789.665334923, 680569.7012540997 7186834.572722518, 680680.6330925247 7186879.175910175, 680792.563531494 7186925.046897934, 680903.2713699429 7186969.927885687, 681013.6250084162 7187015.28007363, 681124.2250469739 7187060.680061517, 681178.1672658721 7187083.223055711, 681201.713273915 7187092.114052927)
R. JOSÉ ZALESKI;COLETORA 2;LEI Nº 15511 / 2019;LINESTRING (671110.7416758863 7178423.589558119, 670935.9794325242 7178424.400994185, 670755.6415876467 7178424.601031205, 670665.0519649672 7178424.0322496155, 670574.3207423709 7178424.042668194, 670480.2897189513 7178424.042687433, 670392.072696999 7178424.142505499, 670282.5518697392 7178424.232327905, 670211.4998520762 7178424.401142461, 670137.620633581 7178423.940757431, 670067.6436162229 7178424.2845718, 670048.5792114622 7178424.221375674, 670043.0426075588 7178411.853573693)
R. JOSÉ ZALESKI;OUTRAS VIAS;LEI Nº 15511 / 2019;LINESTRING (671259.0765126536 7178422.724727434, 671110.7416758863 7178423.589558119)
R. JOSÉ ZGODA;SETORIAL 2;LEI Nº 15511 / 2019;LINESTRING (678908.4649037806 7188141.401023794, 678929.0080991203 7188094.7072070865, 678935.6130979103 7188081.032802068, 678997.3458824505 7187934.014350116, 679058.7004655077 7187780.641296592, 679118.6174492196 7187632.164244689)
R. JOVENILSON AMÉRICO DE OLIVEIRA;SETORIAL 1;LEI Nº 15511 / 2019;LINESTRING (667465.2349847408 7172536.582638743, 667498.4445765248 7172455.752812313, 667522.6041704391 7172396.432592964, 667545.6065650932 7172342.194975091, 667573.4061576069 7172271.574552257, 667615.7331486428 7172176.192320464, 667661.7407378029 7172067.117284598, 667683.6057332762 7172018.407468321, 667703.3501284365 7171970.699252715, 667724.2321234324 7171920.821436355, 667746.9301189699 7171871.470219759, 667767.4761141631 7171822.996003814, 667788.3417095563 7171775.15378796, 667824.2205004995 7171687.267359335, 667867.4278915576 7171591.229727259, 667885.7916861719 7171542.569311719, 667897.1896839654 7171518.003903449, 667907.882281902 7171494.999695699, 667935.011484371 7171474.852885332, 667932.9292382118 7171248.376630714, 667933.2132235705 7171175.424812941, 667932.1046102487 7171110.661197443, 667929.9422001583 7171063.192186359, 667929.7835902653 7171014.312374532, 667928.2477800527 7170965.485562997)
R. JOVINO DO ROSÁRIO;EXTERNA;LEI Nº 15511 / 2019;LINESTRING (676195.1148942279 7189552.373774257, 676201.5644974695 7189559.704774838, 676261.5819279122 7189629.214580587, 676313.9499541174 7189688.13998515, 676367.9011813595 7189749.965190146, 676469.5890339683 7189872.360401126, 676525.0124620673 7189936.293806374, 676585.8076931341 7190007.532412428, 676624.405112374 7190050.452015661, 676666.8929339367 7190099.488819694, 676703.4239526745 7190142.566223405, 676814.7790096276 7190272.981834486, 676876.9214409388 7190343.473040065, 676970.1138882593 7190450.809648866, 677061.2233349227 7190557.514657943, 677152.7065815382 7190663.419866731, 677243.4236280296 7190769.597675763, 677338.2248757761 7190876.490484117, 677486.0385515746 7191049.288698787)
R. JOÃO ALENCAR GUIMARÃES;COLETORA 1;LEI Nº 15511 / 2019;LINESTRING (668217.6932484921 7182849.320872165, 668146.1360259532 7182827.816481076, 668062.9179994666 7182801.420491076, 667996.0673780311 7182779.4104988985)
R. JOÃO AZZOLIN;COLETORA 2;LEI Nº 15511 / 2019;LINESTRING (668699.3399019518 7188439.446829766, 668589.5480742292 7188444.0998531915, 668458.0970430257 7188459.52688382, 668436.5634373398 7188459.205488084, 668413.1016305003 7188455.67029189, 668272.6513877349 7188425.4591122735, 668227.9755745928 7188418.126719352, 668166.6097573552 7188412.076530133, 668061.8153284872 7188404.568349278, 668002.7217118724 7188398.660359625, 667976.0025042114 7188395.2479641065, 667963.5389004753 7188392.850965984, 667934.2208916878 7188387.212970404, 667871.7814717214 7188368.9869781695, 667802.4482488888 7188345.431385914)
R. JOÃO BATISTA BETTEGA JÚNIOR;COLETORA 2;LEI Nº 15511 / 2019;LINESTRING (669905.6821779833 7171569.191508647, 669737.8197404197 7171583.238546288, 669609.6401119794 7171595.178575301, 669482.514283858 7171607.469804166, 669366.6258581573 7171618.356430386, 669222.8296261118 7171631.1302627195, 669074.445192876 7171643.490695858, 668975.4301707747 7171652.138118055, 668911.4165563909 7171657.2625322845, 668840.0085404206 7171663.345948242)
R. JOÃO BATISTA DALLARMI;COLETORA 2;LEI Nº 15511 / 2019;LINESTRING (668572.3220507263 7187360.582971722, 668532.2132425457 7187371.660182735, 668477.5906319009 7187389.208198374, 668462.4868282715 7187390.671001811, 668450.4820245496 7187387.6870034505, 668439.9088201576 7187379.541003449, 668429.7328152016 7187368.093002501, 668381.7219837086 7187273.882987486, 668371.2501794703 7187266.363187628, 668358.912975328 7187261.707788898, 668341.9203707745 7187261.009392145, 668035.6446965514 7187287.324460812, 668017.1398918681 7187287.929064699, 667996.2758865738 7187288.547069063, 667892.8648608424 7187294.117891349, 667855.9172519976 7187297.849899767, 667698.4234135739 7187310.165934678, 667617.6217939599 7187316.983152712, 667488.9913626619 7187327.483181309, 667367.9035325928 7187334.367807424, 667358.239729451 7187331.210008534, 667309.0489170963 7187333.314618956)
R. JOÃO BATISTA ROSSETIM;OUTRAS VIAS;LEI Nº 15511 / 2019;LINESTRING (667536.8195884216 7185402.8930691555, 667501.6213558764 7185285.982645843, 667476.3509392415 7185235.532637812, 667448.5213244429 7185197.48263352)
R. JOÃO BATISTA TRENTIN;OUTRAS VIAS;LEI Nº 15511 / 2019;LINESTRING (678156.565617796 7191466.080267223, 678076.0712184678 7191569.074311959)
R. JOÃO BATISTA ZAGONEL PASSOS;COLETORA 2;LEI Nº 15511 / 2019;LINESTRING (675327.3858812342 7176308.516552164, 675014.900187592 7176229.519398177, 674730.3377021801 7176156.687039765, 674451.1290188716 7176087.354081009, 674124.4417212049 7176005.026528859, 674117.1485194459 7176005.203330426, 674108.07211698 7176004.093132046)
R. JOÃO BENATO VALLE;COLETORA 2;LEI Nº 15511 / 2019;LINESTRING (668629.7223569024 7189790.383401101, 668629.1223682894 7189847.483416372)
R. JOÃO BETTEGA;OUTRAS VIAS;LEI Nº 15511 / 2019;LINESTRING (671491.3598062351 7181512.539262814, 671319.152138868 7181396.565868621)
R. JOÃO BETTEGA;SETORIAL 1;LEI Nº 15511 / 2019;LINESTRING (671319.152138868 7181396.565868621, 671292.7581292591 7181382.24667039, 671199.6214970689 7181340.080878764, 671185.9034925557 7181334.974280279, 671166.6776867795 7181330.488283083, 671147.7722817404 7181329.206486637, 671129.1602773437 7181330.683090836, 671079.4820655363 7181334.288901951, 671058.1202607993 7181337.493107153, 670991.1942462546 7181348.999323819, 670850.4302156642 7181373.21915886, 670834.4798118108 7181374.073562347, 670818.529607314 7181371.794965034, 670798.4912010871 7181366.105167689, 670708.02137356 7181343.280980397, 670558.8999276904 7181303.181000691, 670518.3847152377 7181292.320406211, 670476.4249024035 7181281.373012001, 670416.8578843318 7181266.550820401, 670199.0748176086 7181209.059050235, 670176.4442104083 7181201.776453, 670141.6467984683 7181186.308456159, 670085.1301779181 7181155.494659838, 670084.7875777704 7181155.195859833, 670077.1075750706 7181151.458260447, 670051.0719661532 7181139.953062827, 670032.9483602396 7181133.381064847, 670000.1671504237 7181125.808269604, 669955.9587376409 7181117.821076583, 669923.2787280139 7181111.038681517, 669852.057304466 7181083.658289056, 669751.1116718213 7181048.394500636, 669679.5844488024 7181023.933908966, 669601.0812240172 7180999.419518698, 669566.1316124022 7180985.6453223005, 669537.6906027575 7180973.490924992, 669510.9513926563 7180956.9611262195, 669482.245181004 7180935.247126528, 669451.6897676334 7180907.360725641, 669430.4495568379 7180880.592123143, 669400.2379387456 7180829.027516161, 669368.8117199226 7180775.362908892, 669287.4754711585 7180636.126690005, 669059.2889346317 7180246.182437273, 668941.3384678438 7180062.874614691, 668848.2064161957 7179923.3259981945, 668644.2669048865 7179626.043764215, 668338.2455366625 7179172.680911502, 668257.5202663582 7178924.380865155, 668101.3201302466 7178442.896375408, 667973.5610178357 7178043.049900677, 667886.5929413947 7177770.921049919, 667855.5887233341 7177719.467443264, 667813.6199015824 7177663.180637607, 667563.1889728884 7177332.179405109, 667534.2025569729 7177288.73940007, 667511.2667443287 7177254.0955960145, 667501.0833397759 7177243.988795533, 667444.7285131556 7177180.954791096, 667435.3359092374 7177173.023390999, 667423.6475050426 7177166.55299173, 667410.9155007175 7177160.708792826, 667317.5196705658 7177125.680602828, 667303.4262660404 7177120.507604363, 667262.0228527704 7177105.44780891, 667217.2966384372 7177089.17941382, 667166.9016222914 7177070.849219352, 667148.6680164495 7177064.217021352)
R. JOÃO BONAT;COLETORA 1;LEI Nº 15511 / 2019;LINESTRING (671329.0978929291 7179214.826712709, 671257.5902751257 7179215.195727497, 671187.544257732 7179215.780342035, 671050.8596234856 7179215.426370008, 671038.9446201538 7179213.708372019, 670910.5907883451 7179215.091398697, 670834.3089696205 7179216.785614764, 670770.291554624 7179221.709829127, 670718.7253426667 7179226.276640845, 670667.233930768 7179231.046052594, 670622.719920544 7179235.469862824, 670501.1152929529 7179249.234491186, 670461.2882834846 7179251.630099937, 670404.6920693311 7179251.630111512, 670395.6230668272 7179250.479313076, 670303.8352440041 7179251.111931995, 670211.8208210197 7179251.229150819, 670119.8865981181 7179251.663369698, 670027.7551751373 7179251.946188571, 669935.65115231 7179252.941807605, 669885.6465399419 7179253.609217968)
R. JOÃO BONAT;OUTRAS VIAS;LEI Nº 15511 / 2019;LINESTRING (671478.7467303966 7179215.080281996, 671329.0978929291 7179214.826712709)
R. JOÃO DEMBINSKI;COLETORA 1;LEI Nº 15511 / 2019;LINESTRING (665711.9774924988 7184264.77693875, 665754.8598904111 7184199.047313236, 665766.3078904804 7184184.65550724, 665799.7072904124 7184141.330689402, 665809.483690212 7184127.741883947, 665816.3526887186 7184111.387478353, 665820.9318863115 7184093.397472795, 665828.0750770003 7184037.393256909, 665833.3612739412 7184015.2230501305, 665841.8656721478 7183995.270643287, 665859.8554699826 7183961.253430925, 665869.3410701292 7183949.805226082, 665880.7892707797 7183938.357020849, 665894.1998725802 7183930.17981607, 665952.421682515 7183905.320998067, 665969.4304851701 7183896.816792485, 665981.2056858363 7183885.041587102, 665986.7660851732 7183874.574583295, 665991.9994839063 7183861.491178875, 666001.2160721136 7183790.438958706, 666009.3352631314 7183734.907542767, 666016.8582582154 7183700.563132411, 666042.220652126 7183637.46591109, 666061.0154485774 7183595.5674965475, 666076.0614477925 7183572.344087563, 666091.5150482482 7183554.835079974, 666124.1436482014 7183512.813862644, 666130.6854477858 7183502.346858645, 666142.7876439637 7183467.6754473, 666157.7664332804 7183394.9012255715, 666165.320627769 7183357.582414458, 666168.6206260984 7183344.982410556, 666168.8408260808 7183344.607810415, 666182.3608242921 7183318.343000959, 666194.7378243628 7183302.871794509, 666211.3080252148 7183285.9593868535, 666232.807626887 7183266.863577652, 666247.2928282587 7183255.23317177, 666271.4576307359 7183236.778962202, 666301.1782337648 7183213.998350413, 666301.5158337997 7183213.73995028, 666319.7486354192 7183198.568742739, 666331.504235888 7183185.908937137, 666341.7154356494 7183171.675331438, 666350.0698343208 7183154.347525313, 666369.6522265214 7183090.275504927, 666380.9272218881 7183052.671293007, 666382.6568170564 7183026.256285872, 666373.5410111787 7183008.427283108, 666360.8908030989 7182984.075879372, 666345.8243929057 7182952.207874188, 666342.2317898321 7182941.381472124, 666332.111778865 7182899.319863336, 666325.7865718299 7182872.12225761, 666322.6241677438 7182855.677054017, 666319.4615618931 7182830.376848148, 666318.7171569129 7182806.362842131, 666319.8061533876 7182787.304237019, 666325.4881470171 7182748.133025828, 666325.4897470148 7182748.120425824, 666329.4591421642 7182718.750017492, 666330.3875411111 7182712.289615648, 666336.7307339172 7182668.153003054, 666349.5923227274 7182595.692181896, 666358.5275165389 7182553.303769238, 666375.7409091888 7182494.566750739, 666384.5671059606 7182467.164541952, 666388.014704423 7182455.077138165, 666434.1546930706 7182339.53889934, 666450.4752884319 7182295.563484814, 666473.7210837436 7182242.560266595, 666478.1298829075 7182232.774463208, 666508.9204756587 7182157.382037753, 666511.6400742842 7182147.053034565, 666517.0802693851 7182115.620625433, 666519.908663403 7182082.0826162845, 666519.5844533159 7182031.998003533, 666521.1496498045 7182012.433398214, 666524.8016469785 7181993.651192678, 666530.801445162 7181976.955987209, 666538.3664433262 7181958.173980894, 666548.0184421744 7181940.174374362, 666584.8146405452 7181885.381552996, 666599.1392411368 7181870.195346251, 666625.111442902 7181846.130734908, 666649.3934450548 7181826.156324947, 666709.3164505339 7181777.701500582, 666774.2806564302 7181724.99927412, 666788.8758582372 7181715.577268793, 666815.7448605974 7181693.404057753, 666831.3964611636 7181676.447850288, 666842.3526603316 7181658.448443498, 666847.5700588316 7181644.361838855, 666865.4798540428 7181597.806023382, 666875.0176507842 7181569.486214241, 666885.4358483658 7181544.247605711, 666895.5604476939 7181528.106799563, 666907.739448275 7181515.634393942, 666919.038049133 7181505.656389132, 666941.0484518738 7181491.569781128, 666951.6126539572 7181488.640578266, 666992.5204593553 7181463.981563779, 667075.93307039 7181413.868934279, 667090.6202730594 7181408.68153001, 667098.8760742259 7181404.091327185, 667119.8846764574 7181388.7565190615, 667155.5702783635 7181353.310102865, 667176.8834789555 7181329.421892499, 667199.3116786637 7181299.727280427, 667243.6210783113 7181242.212856875, 667255.4446779954 7181225.756250308, 667286.5178763001 7181178.230431958)
R. JOÃO DIÓRIO;COLETORA 2;LEI Nº 15511 / 2019;LINESTRING (667760.9716692481 7171607.762952728, 667748.5582611989 7171582.640749116, 667736.7360537078 7171559.5875458885, 667707.1804350468 7171502.249737894, 667652.2072002797 7171395.25872295, 667575.658152428 7171248.958702806, 667549.2169354465 7171196.136495299)
R. JOÃO DRANKA;OUTRAS VIAS;LEI Nº 15511 / 2019;LINESTRING (677219.5396430779 7185222.855620723, 677292.8238695939 7185258.880614507, 677380.0428961834 7185278.364401024)
R. JOÃO ELOY DE SOUZA;COLETORA 1;LEI Nº 15511 / 2019;LINESTRING (674198.4604405138 7175531.893195845, 674340.960486271 7175583.293178798)
R. JOÃO ENÉAS RAMOS DE SÁ;COLETORA 2;LEI Nº 15511 / 2019;LINESTRING (666617.6223294715 7171285.861903956, 666667.644941416 7171285.439493846, 666727.7415558909 7171285.557481846, 666775.6873674198 7171285.5574722495, 666826.5685796558 7171285.557462061, 666834.7225816166 7171285.557460427, 666877.7759906626 7171279.034250218, 666926.0478009623 7171272.51083896, 666973.9936109885 7171265.009227529, 667021.9392211423 7171258.159616254, 667059.4478290488 7171252.615007386, 667074.1252325142 7171252.288804362, 667126.2204451023 7171252.608993989, 667180.2058581746 7171253.063983265, 667234.0712711201 7171253.04377245, 667285.8220834772 7171252.608961953, 667338.0080960228 7171252.60895147, 667445.0593218287 7171252.939330038, 667457.1655245853 7171252.173927418, 667559.3629495946 7171254.348507395, 667575.658152428 7171248.958702806)
R. JOÃO GAVA;COLETORA 2;LEI Nº 15511 / 2019;LINESTRING (674281.2644928762 7190992.851759402, 674273.1514915919 7190996.961962193, 674243.3722871202 7191013.211172748, 674224.1384841711 7191023.424979491, 674200.4278803777 7191035.263787603, 674183.2832771436 7191041.464992836, 674163.1210728965 7191046.638198426, 674144.1524684374 7191049.291203095, 674128.3676643211 7191049.556406461, 674110.3276590285 7191047.036209553, 674087.1144517304 7191041.465012912, 674068.8092458711 7191036.557215421, 674037.769836119 7191029.128819915, 674018.6688303252 7191025.5474229455, 674004.3916262831 7191024.2530255765, 673989.7078224613 7191024.5330287125, 673977.7318196241 7191026.101231631, 673961.7640161485 7191029.66543591, 673943.6578125547 7191035.36824121, 673923.1790087803 7191043.223647575, 673903.5658057831 7191053.704854461, 673886.3630037643 7191065.831461283, 673873.1084027311 7191077.675867207, 673801.9629985526 7191147.865900768, 673789.1783973651 7191158.3943062425, 673775.3909956003 7191167.418711525, 673761.6037933133 7191173.936316137, 673747.8163905034 7191177.947320079, 673727.547986276 7191183.381725751, 673709.7241827515 7191189.082930985, 673586.2241569218 7191221.882965451, 673557.3407509789 7191230.036773639, 673539.6197471337 7191234.0799784055, 673523.9223433782 7191235.988382181, 673507.0235391152 7191236.9741859585, 673476.1347311198 7191237.808992604, 673421.8181162123 7191235.200203201, 673237.2716643538 7191220.494637616, 673168.7064450934 7191215.0598504, 673156.6012418924 7191215.059852914, 673146.3746393599 7191215.894655259, 673123.6612348264 7191222.983461864)
R. JOÃO GBUR;EXTERNA;LEI Nº 15511 / 2019;LINESTRING (677486.0385515746 7191049.288698787, 677700.4250611677 7191297.781919517, 677703.1060624042 7191300.259119606, 677703.2540624719 7191300.395919613, 677770.9510971159 7191378.9125261735, 677850.5713380486 7191472.062734112, 677929.4353787138 7191564.807542104, 678007.7140191023 7191656.911150053, 678085.9242592752 7191748.009357751, 678150.1792924424 7191823.545764264, 678228.7953327434 7191914.593371865, 678308.1575732329 7192005.509179277, 678384.3058119175 7192091.901786165, 678418.125429149 7192130.481989281, 678430.3026350926 7192143.148590073, 678437.133438216 7192149.267790255, 678444.3910410855 7192153.679389886, 678450.9372435254 7192156.952389363, 678461.6102471219 7192160.509988034, 678472.5680504886 7192162.644586264, 678484.0676538171 7192163.920384146, 678496.8522572087 7192163.898781406, 678563.7694742923 7192160.6723662205, 678578.3586779488 7192159.655362825)
R. JOÃO GEARA;OUTRAS VIAS;LEI Nº 15511 / 2019;LINESTRING (671676.7432108345 7182278.468420573, 671726.8786187507 7182255.150604272, 671821.2178339841 7182212.952974023, 671837.2306348087 7182197.245766699)
R. JOÃO HAVRO;OUTRAS VIAS;LEI Nº 15511 / 2019;LINESTRING (676955.924646267 7190270.481803892, 676876.9214409388 7190343.473040065)
R. JOÃO MARQUESI;COLETORA 2;LEI Nº 15511 / 2019;LINESTRING (671783.7524602946 7178504.9800401535, 671777.4210552964 7178488.38003728, 671780.2734397645 7178409.5838168645, 671778.0686357828 7178392.924613128, 671764.0506218767 7178342.397203308)
R. JOÃO NEGRÃO;COLETORA 1;LEI Nº 15511 / 2019;LINESTRING (674686.5552321716 7185417.481205804, 674705.2770281995 7185375.509990968, 674725.8510234482 7185327.560374189, 674757.7106164688 7185255.130348685, 674831.4130005136 7185088.591289971, 674898.9295858077 7184935.73303613, 674963.1185713644 7184788.299984418, 675025.5231571542 7184644.280933984, 675066.9975480144 7184550.066300865, 675076.5019424304 7184511.867088975, 675121.5251137982 7184320.580629999, 675121.7231136818 7184319.780829752, 675154.3230938066 7184185.423188147, 675193.0076707853 7184028.72293951, 675196.8282686047 7184013.691534822, 675199.6180649077 7183992.701328812, 675200.4520601684 7183969.135322548, 675198.6806553231 7183948.233717522, 675194.606649852 7183927.154912933, 675184.0746406433 7183896.146307137, 675174.3446340992 7183876.839304196, 675162.9590275391 7183859.470502102, 675141.8802163826 7183832.014899442, 675117.6130040784 7183802.96529704, 675108.9333991082 7183789.857495479, 675102.3795945307 7183776.041093288, 675096.688989711 7183760.014890347, 675083.5897757309 7183709.3804800315, 675079.0315712158 7183693.426676872, 675072.0043656728 7183675.573473742, 675069.4401616371 7183659.474870127, 675108.4701600684 7183604.541047762, 675130.3115602578 7183578.901036561, 675160.8897627976 7183553.830823674, 675191.277967003 7183536.92741293, 675221.8559719336 7183523.25260298, 675286.7227828772 7183496.559182461, 675311.0983869816 7183486.494574742)
R. JOÃO NEGRÃO;OUTRAS VIAS;LEI Nº 15511 / 2019;LINESTRING (674545.5372635362 7185740.788119484, 674612.4022485134 7185586.701865364, 674651.4608399668 7185497.84103406, 674686.5552321719 7185417.481005805)
R. JOÃO NICCO;OUTRAS VIAS;LEI Nº 15511 / 2019;LINESTRING (667832.9127285543 7185720.436292224, 667744.3838848801 7185616.782683056)
R. JOÃO PALOMEQUE;OUTRAS VIAS;LEI Nº 15511 / 2019;LINESTRING (671604.2634387569 7180560.385597017, 671445.9213992886 7180562.210630063, 671325.8383688261 7180561.028654454)
R. JOÃO PAROLIN;COLETORA 2;LEI Nº 15511 / 2019;LINESTRING (675464.8902137232 7183427.0783270765, 675430.2614034527 7183420.252132606, 675392.0645904772 7183404.892536685, 675042.0236692221 7183252.659771036, 674953.0530385611 7183214.620379916, 674846.3440017472 7183168.759390498, 674755.748170302 7183128.867999226, 674657.7047364258 7183086.389808841, 674583.1227106691 7183054.107816158, 674454.2866662741 7182998.744628887, 674359.7406335453 7182957.34763802, 674222.1075860364 7182897.6544514485, 674137.0887566325 7182860.454859649, 674071.6905341651 7182832.545866135, 674030.6229200601 7182815.0200702045, 673895.249073643 7182757.582883695, 673761.6238279057 7182701.173497071)
R. JOÃO PONTONI;OUTRAS VIAS;LEI Nº 15511 / 2019;LINESTRING (677046.5544400263 7185418.090908232, 677093.4600574919 7185443.456304871, 677107.6306711464 7185490.558714116, 677156.4236878847 7185510.180508858, 677266.1963257026 7185555.039297205)
R. JOÃO REFFO;COLETORA 2;LEI Nº 15511 / 2019;LINESTRING (667478.4222072473 7190551.283835231, 667478.4730112533 7190571.163240513, 667478.7222309173 7190668.783866454, 667480.0222504546 7190764.383891657, 667479.3244767401 7190896.2255269345, 667479.3223076892 7191050.383968045, 667479.3223276854 7191149.98399462, 667485.2223414313 7191210.68400964, 667489.1225488877 7191242.6842174, 667490.6223516344 7191254.384020222, 667521.5512005971 7191457.483268267, 667536.3224252935 7191560.984092969, 667539.9586312843 7191586.027698936, 667551.3392491988 7191660.213316491, 667556.3674552714 7191683.811321795, 667563.8224597707 7191696.384123662, 667571.1930650193 7191712.788126569, 667587.9224975952 7191852.884160707, 667594.7225097251 7191904.284173104, 667598.9225154391 7191927.184178393, 667606.1225221702 7191951.184183374, 667609.1291253923 7191963.251786003, 667620.3351455954 7192049.0046067275, 667630.8225681057 7192147.184230935, 667642.3345904662 7192243.250454383, 667642.4225906364 7192243.984254561)
R. JOÃO RODOLFO SCHLENKER;OUTRAS VIAS;LEI Nº 15511 / 2019;LINESTRING (671782.1898784505 7182476.785049695, 671870.8522741974 7182346.940398127)
R. JOÃO RODRIGUES PINHEIRO;COLETORA 1;LEI Nº 15511 / 2019;LINESTRING (671112.4014398443 7177271.978068844, 670937.7801962951 7177270.537504321, 670755.8185507215 7177268.077941009, 670574.3185051889 7177265.256977474, 670392.7992600552 7177264.3992143925, 670214.2204156994 7177263.780050733, 670034.6011709672 7177262.5780871, 669976.8131563755 7177261.213698549, 669883.6775330564 7177259.972717229, 669854.2203256809 7177259.580123136)
R. JOÃO RODRIGUES PINHEIRO;OUTRAS VIAS;LEI Nº 15511 / 2019;LINESTRING (671412.216117201 7177287.027610995, 671283.4094849278 7177285.241237033, 671268.2532799849 7177279.4610387, 671255.9568758773 7177274.294839935, 671112.4014398443 7177271.978068844)
R. JOÃO STENZOWSKI;COLETORA 2;LEI Nº 15511 / 2019;LINESTRING (671661.1733826245 7180218.281698415, 671829.8312243778 7180215.276262902, 671979.0280614276 7180213.179431599, 672129.5312988063 7180211.080400001, 672279.3729360055 7180208.925568499, 672377.5985605436 7180208.254748019, 672384.9239628938 7180210.720947131, 672411.0309738417 7180231.938547116, 672459.7891948085 7180274.064147722, 672512.5110171225 7180317.8651479315)
R. JOÃO TSCHANNERL;COLETORA 1;LEI Nº 15511 / 2019;LINESTRING (671743.6271721728 7188805.655905109, 671755.5049797214 7188827.22770836, 671794.4990045069 7188898.04571904, 671835.4578293934 7188966.8209287785, 671864.2996452411 7189007.099733484, 671880.0856539172 7189029.145336058, 671910.5404712524 7189074.5693417955, 671929.0808816503 7189101.459145086, 671978.0855076353 7189165.243951854, 672024.3993311427 7189220.392756897, 672043.5817404257 7189241.030158402, 672062.0915486597 7189257.4295589235, 672086.3947591017 7189277.172159135, 672130.4975783015 7189314.187759835, 672173.6823976303 7189352.985561194, 672247.8696325831 7189428.044765756, 672301.9534583373 7189484.049969424)
R. JUNDIAÍ DO SUL;COLETORA 2;LEI Nº 15511 / 2019;LINESTRING (675282.1036291696 7172311.585575687, 675355.114663155 7172389.172579278, 675443.6319046861 7172484.714983994, 675532.0709464416 7172581.310988987, 675658.6476053954 7172715.5633951565)
R. JUSSARA;COLETORA 2;LEI Nº 15511 / 2019;LINESTRING (674067.9135995955 7172617.779105129, 674132.9454150468 7172616.364891192, 674190.2826286796 7172615.171878912, 674201.7478315814 7172615.775876664, 674218.4974364418 7172619.621674101, 674226.4144391397 7172623.352673359, 674243.7248479332 7172645.35427512, 674275.4170640649 7172685.779478384, 674315.776884649 7172737.433082581, 674355.0713049474 7172788.927086964, 674419.2709377361 7172871.2272936795, 674451.1895540069 7172911.966696976, 674514.4143865908 7172994.331303917, 674556.376808512 7173050.3625088595, 674596.1674291468 7173102.753113367, 674626.7300448412 7173142.231316643, 674657.0456606403 7173182.484320162, 674689.1206766467 7173221.678123053, 674735.8549010289 7173283.807728497, 674745.3657066819 7173299.746930416, 674778.8863239319 7173343.143334037, 674801.0113351843 7173371.151536273, 674857.2385679593 7173462.198546834, 674885.7621840404 7173505.768151552, 674922.7692044608 7173560.152157147, 674957.6926242273 7173613.8187630065, 674986.7250404884 7173657.604167676, 675015.5448567746 7173701.737572474, 675043.9600728046 7173745.106377173, 675074.9044904935 7173793.428582558, 675080.8982933289 7173799.971982909, 675110.4581049742 7173821.125981903, 675136.191115114 7173839.541181026, 675136.56571525 7173839.753981, 675197.996739452 7173883.679378896, 675241.2329564198 7173914.25397733, 675297.7391787777 7173955.072175494, 675352.6704004142 7173994.253973585, 675434.644032644 7174052.403570652, 675518.1704655744 7174112.029967753, 675569.1946855879 7174147.929965852, 675626.0117080138 7174188.553963891, 675670.0087252695 7174219.47276224, 675711.8635418619 7174249.711960871, 675757.1275598127 7174282.428559393, 675800.3177768838 7174313.35415791, 675877.657407498 7174368.911955295)
R. JUVENAL CARVALHO;COLETORA 1;LEI Nº 15511 / 2019;LINESTRING (668215.0111489235 7181368.108093526, 668192.1583361352 7181333.332889266, 668173.5055264696 7181308.773086766, 668147.801514183 7181280.036284624, 668126.2511056967 7181264.938685121, 668093.919294776 7181251.259688153, 668075.9174891455 7181245.87309041, 668040.427878978 7181239.873696035, 667963.7608592565 7181238.0503110215)
R. JÚLIO PEREIRA SOBRINHO;COLETORA 1;LEI Nº 15511 / 2019;LINESTRING (668931.6430530644 7169151.618922133, 668909.9578463294 7169143.849524664, 668835.6946237938 7169119.836333951, 668739.1971938112 7169085.150745172, 668675.3265745102 7169064.859753236, 668527.6899291418 7169014.165170945, 668419.4656956431 7168975.757183614, 668298.9550585492 7168933.956397939, 668210.9066316059 7168904.1624085745, 668112.1856011462 7168869.476620182, 668029.3565756214 7168840.500229944, 667980.5779607131 7168824.035435833, 667903.1361381676 7168803.4440465085, 667855.6863212154 7168775.242849309, 667750.0432836849 7168713.468455778)
R. KONRAD ADENAUER;SETORIAL 2;LEI Nº 15511 / 2019;LINESTRING (679662.4354866089 7186220.584757903, 679573.8691173793 7186469.790042093, 679411.124574353 7186930.380397662, 679322.2738049261 7187179.731882136, 679155.2256614568 7187644.787440145)
R. LA SALLE;COLETORA 2;LEI Nº 15511 / 2019;LINESTRING (671219.5921556526 7174786.409228662, 671359.9125995996 7174833.131811367, 671371.5638031111 7174836.336609763, 671406.1116133969 7174845.228404855, 671418.2084162522 7174844.713802241, 671430.3050187897 7174842.6547992425, 671476.6328274803 7174829.785986526, 671559.2828427076 7174805.488963505, 671566.054444171 7174804.546361878, 671634.0172565714 7174784.002942802, 671723.286073046 7174757.944317968, 671879.6105023293 7174714.48027499, 672045.7885332577 7174667.392629059, 672174.1847571667 7174631.126593577, 672188.2707606537 7174631.327790715, 672198.73476446 7174637.364590043, 672210.6333690222 7174645.360189561, 672217.8809757077 7174669.1243939325)
R. LAMENHA LINS;COLETORA 1;LEI Nº 15511 / 2019;LINESTRING (673513.3098322559 7184947.442128652, 673585.8052157898 7184778.881269838, 673656.8465990042 7184610.710611457, 673722.6189837322 7184456.4393577995, 673784.7225691462 7184310.080906977, 673849.1225539916 7184158.281054288, 673903.4463412322 7184030.435409916, 673986.9897215522 7183833.714941677, 674040.1233092101 7183709.531698536, 674093.9496966691 7183583.629254824, 674151.1528830169 7183448.353208005, 674198.244071774 7183337.04376949, 674234.3384631196 7183251.590939944, 674257.1912576717 7183197.659521282, 674287.5646504366 7183126.027696499, 674323.8442420464 7183041.702667221, 674359.7406335453 7182957.34763802, 674405.6654231253 7182851.666001249, 674452.2580119134 7182741.43356318, 674497.0536009204 7182634.494326346, 674545.1433894713 7182521.43448726, 674588.4821783203 7182415.61585104, 674630.6135679783 7182315.175816463)
R. LAMENHA LINS;OUTRAS VIAS;LEI Nº 15511 / 2019;LINESTRING (673382.1140624359 7185254.681435727, 673389.8072617357 7185241.789830778, 673445.6228487813 7185110.48138506, 673513.3098322559 7184947.442128652)
R. LANGE DE MORRETES;COLETORA 2;LEI Nº 15511 / 2019;LINESTRING (677855.1362380154 7188183.339660122, 677847.6722373199 7188189.210263262, 677840.9724371183 7188196.459866599, 677832.2246373544 7188208.269071577, 677814.5832385625 7188235.52188252, 677708.8298502939 7188420.0743537145, 677703.9346505022 7188427.049956598, 677699.957450056 7188429.833558179)
R. LAUDELINO FERREIRA LOPES;COLETORA 1;LEI Nº 15511 / 2019;LINESTRING (670393.2541872478 7178864.124816064, 670391.4463832539 7178846.799012067, 670391.489544308 7178656.249764044, 670391.540337766 7178624.187755959, 670391.7023191331 7178532.854132932, 670392.072696999 7178424.142505499, 670392.8982771605 7178326.1018806705, 670393.1246570728 7178227.581055855, 670393.0906370436 7178129.659831257, 670393.0130170159 7178031.803206695, 670392.9605970716 7177934.320182232, 670393.3405773914 7177837.599957885, 670393.3405581835 7177743.660134323, 670393.3205386356 7177648.0801103655, 670393.020519028 7177552.549286488, 670393.2674994464 7177456.474062374, 670392.7512796813 7177360.441638437, 670392.7992600552 7177264.3992143925, 670393.579641822 7177174.279991694, 670395.3204237223 7177083.6573686795, 670396.5280059082 7176995.072546295, 670397.3203876202 7176904.679923553, 670398.1303771796 7176852.639710391, 670398.8127683834 7176808.803099308, 670399.4373488459 7176712.496875146, 670401.6203300961 7176618.179851172, 670402.1203104527 7176521.518626967, 670400.7793014182 7176478.951016631, 670339.3810641868 7176370.928402267, 670321.8478535571 7176340.08079817, 670318.9202509149 7176330.679796427)
R. LENIRA MARIA DOS SANTOS REIS;COLETORA 1;LEI Nº 15511 / 2019;LINESTRING (667303.6929826564 7180690.068304243, 667206.6527530351 7180664.1929171365, 667200.1379513238 7180663.843118355, 667151.9511406892 7180671.294329912, 667082.6545252042 7180681.0707462905, 667014.2049099255 7180690.820762487, 667006.0501081318 7180692.11896445, 666944.33209187 7180688.502575895, 666866.5130714338 7180684.287590405)
R. LEON NICOLAS;OUTRAS VIAS;LEI Nº 15511 / 2019;LINESTRING (671276.3682068533 7176913.868545638, 671115.8073669624 7176912.946378393)
R. LEONARDO DA VINCI;COLETORA 2;LEI Nº 15511 / 2019;LINESTRING (676857.9960909805 7182115.893495848, 676740.2232399667 7182016.126895277, 676731.7348363514 7182009.219095309, 676633.4795935196 7181924.597294474)
R. LEVINO SCHIER;OUTRAS VIAS;LEI Nº 15511 / 2019;LINESTRING (671795.7488252472 7181231.435928414, 671723.6939988076 7181191.39053305, 671689.2421874424 7181178.430536842, 671649.2029735604 7181160.0907404125)
R. LEÔNCIO LOPES CORTIANO;COLETORA 2;LEI Nº 15511 / 2019;LINESTRING (674453.1527838479 7177828.356515615, 674344.0141469862 7177781.740526758, 674264.6141201362 7177747.632934811, 674184.1214930114 7177713.471943069, 674105.1214663505 7177679.733151116, 674025.7124395187 7177645.634359153, 673960.9062176289 7177617.809965709, 673946.9176128851 7177611.7151671015)
R. LODOVICO GERONAZZO;COLETORA 1;LEI Nº 15511 / 2019;LINESTRING (677061.2233349227 7190557.514657943, 676978.5141282299 7190628.763094473, 676895.6665217311 7190701.166731336, 676830.9713163648 7190756.380359769, 676766.5191111094 7190811.852388217, 676690.6813050418 7190877.722421848, 676608.2520983762 7190949.0538583305, 676516.0324906742 7191027.771298854, 676425.1496831579 7191105.780738902, 676333.4154758372 7191185.867779681, 676243.9016689281 7191265.2024197895, 676153.7246615159 7191343.062259641, 676054.3352532695 7191428.613903489, 675973.0900466911 7191499.381539554, 675890.6200397054 7191569.826975789, 675798.8080319774 7191648.557416207, 675709.9708247815 7191726.161655692, 675619.2504173241 7191804.9736958975, 675529.8224100713 7191883.202935672, 675453.8850036324 7191948.363969104, 675383.1885975781 7192008.798800167, 675371.7019965801 7192018.546005195)
R. LODOVICO GERONAZZO;OUTRAS VIAS;LEI Nº 15511 / 2019;LINESTRING (677224.425548143 7190417.184785926, 677144.5593417172 7190486.031421216, 677061.2233349227 7190557.514657943)
R. LODOVICO KAMINSKI;COLETORA 2;LEI Nº 15511 / 2019;LINESTRING (664937.6798745546 7181132.512088368, 664963.9652772535 7181112.645878106, 664987.2152802716 7181098.2644698415, 664995.677681513 7181093.746867015, 665010.4832840038 7181087.465662485, 665027.0836873458 7181083.203458114, 665047.2732924395 7181083.203454116, 665054.0792941898 7181083.377452812, 665108.7393082533 7181084.774042342, 665157.8673206444 7181084.77403261, 665167.9621229672 7181083.652430325, 665185.235325813 7181076.0252249595, 665220.6791297715 7181050.900411537, 665240.1957308687 7181031.608202755, 665244.0699310076 7181027.37980091, 665341.1711344724 7180921.406554677, 665349.9683348564 7180912.166150581, 665367.4759361035 7180896.214743046, 665376.532737288 7180890.679939842, 665381.4821379352 7180887.65533809, 665412.0803398936 7180858.677124646, 665438.5947410646 7180830.91651232, 665451.9273416532 7180816.956906122, 665463.1393416713 7180802.8167003, 665479.5443416944 7180782.127091782, 665493.0231420628 7180766.880485228, 665496.133942149 7180763.362083714, 665511.3635428242 7180747.452476646, 665534.132144528 7180727.158066962, 665539.4811448433 7180721.965464581, 665570.9457492391 7180704.2116538165, 665579.6927508886 7180701.427251371, 665651.1199645689 7180679.781831678, 665694.619972796 7180666.081819549, 665718.6651735231 7180639.300207961, 665720.9709718795 7180628.110404657, 665776.9197663248 7180529.381568445, 665782.819765403 7180517.281564198, 665832.4743595512 7180425.082930903, 665838.6197599414 7180419.281528207, 665844.7091603344 7180413.567725546, 665881.7197508556 7180319.181494221, 665918.9197409956 7180222.681462331, 665936.9197359221 7180174.48144652, 665954.9245307515 7180125.803430592, 665985.5199224574 7180045.581404162, 666013.4197143025 7179969.48137932, 666032.1197093148 7179920.881363282, 666050.2527043376 7179873.072547561)
R. LONDRINA;COLETORA 1;LEI Nº 15511 / 2019;LINESTRING (671355.8638340216 7174032.882814717, 671485.13506951 7174052.178992873, 671580.4462955906 7174065.9761766475, 671675.7067216929 7174079.912960459, 671770.0697474148 7174093.060544249, 671865.3251734298 7174106.552727927, 671960.8275996012 7174120.499511657, 672010.9860133505 7174127.83290311, 672011.2284134158 7174127.865503069, 672012.7968138424 7174128.075702797, 672012.820213849 7174128.078902793, 672056.3024257787 7174134.486495394, 672151.2334519171 7174148.9144793395, 672245.8642778886 7174162.876063222, 672340.4139037811 7174176.5324470345, 672435.4973297775 7174190.045830693, 672529.3861555206 7174203.727214629, 672613.9483786186 7174215.613800043)
R. LOTHÁRIO BOUTIN;COLETORA 1;LEI Nº 15511 / 2019;LINESTRING (672075.8937093883 7177421.572907899, 671832.341486861 7177605.112004129, 671447.4259781709 7177540.984067337)
R. LOURENÇO PINTO;OUTRAS VIAS;LEI Nº 15511 / 2019;LINESTRING (674174.3671354181 7185585.681556707, 674201.9689294794 7185523.202734683, 674240.2471206128 7185433.577703369)
R. LOURENÇO VOLPI;COLETORA 2;LEI Nº 15511 / 2019;LINESTRING (676989.9979297384 7192506.955194532, 676978.7145286107 7192515.787199298)
R. LOURIVAL PORTELLA NATEL;OUTRAS VIAS;LEI Nº 15511 / 2019;LINESTRING (671599.3430175935 7181435.11922083, 671616.1594144709 7181399.3058082275, 671626.9216134378 7181381.08080136, 671640.0676132817 7181364.1937943455, 671665.8082133147 7181332.78078103, 671677.4216142292 7181322.98077614, 671715.2950178378 7181294.05956096, 671730.4386197738 7181284.895955505, 671776.8956241762 7181249.334336863, 671790.8396255819 7181239.074331373, 671795.7488252472 7181231.435928414, 671831.4840284402 7181203.160313839)
R. LUCAS CARVALHO;COLETORA 2;LEI Nº 15511 / 2019;LINESTRING (668402.4644953473 7168005.2391545605, 668364.5534898224 7168022.260366294, 668264.3606745623 7168064.039796529, 668176.9334612197 7168100.403222883, 667999.3714342597 7168175.064476576, 667984.2846516002 7168278.738904421, 667787.7670197836 7168351.852761537, 667725.2950098726 7168376.146779937, 667693.0086045627 7168387.769789223, 667566.7817852374 7168440.400827232, 667531.8019796959 7168454.076037545, 667458.6315683825 7168484.078459447, 667409.8789607157 7168503.450273888, 667361.5351530826 7168522.5118881725, 667312.8903454383 7168541.883702587, 667263.8149377774 7168561.686117191, 667214.7397301986 7168581.918931894, 667166.0947225468 7168601.290746303, 667115.2975147277 7168622.384561553, 667063.572706602 7168643.057776887, 667015.3634990917 7168662.655191254, 666966.5032914783 7168682.517005814, 666917.6432837839 7168701.981620275, 666868.783276085 7168721.446234735, 666809.5948669685 7168746.074852498, 666701.6760501488 7168790.047084656, 666652.2408424963 7168810.474899448, 666600.7628341934 7168830.085514454, 666549.6934263121 7168851.330529765, 666500.9220186372 7168870.890144211, 666452.5082111164 7168890.807158669, 666350.1649949409 7168931.5605889)
R. LUCIANO CARDINALE;CENTRAL;LEI Nº 15511 / 2019;LINESTRING (675661.3640042816 7188840.842498516, 675778.6630636994 7188977.166109838)
R. LUCIANO PIUZZI;COLETORA 2;LEI Nº 15511 / 2019;LINESTRING (672376.2767176758 7177101.670165777, 672261.6594579386 7176949.921951553, 672116.9843825955 7176758.378533617, 672116.620782402 7176757.879533567, 671994.7071183912 7176593.6955177765, 671846.4330411847 7176396.82689929)
R. LUIZ DEL GOBBO;OUTRAS VIAS;LEI Nº 15511 / 2019;LINESTRING (671296.4698033712 7178818.775019487, 671280.2279997669 7178820.9598233765, 671173.2407751505 7178831.098447911)
R. LUIZ FELIPPE LOPES;COLETORA 1;LEI Nº 15511 / 2019;LINESTRING (669444.5064415245 7186200.201691361, 669485.9008421196 7186150.501269981, 669499.7784404706 7186124.7480604425, 669505.0564366682 7186099.332052739, 669504.0122308912 7186072.247045886, 669470.7051957308 7185941.5592185855, 669466.7535884012 7185910.510211296, 669468.7293839768 7185886.235604569, 669476.3505807227 7185860.549796328, 669485.9473795848 7185842.767189744, 669495.77377934 7185829.094984185, 669508.2591797803 7185815.412378083)
R. LUIZ FRANÇA;COLETORA 1;LEI Nº 15511 / 2019;MULTILINESTRING ((679685.9748124533 7182136.1882963125, 679706.7676115783 7182107.672084523), (678106.1243855618 7184821.976127733, 678189.2239873719 7184730.580286273, 678201.1237893994 7184725.780282486, 678331.4238085392 7184658.8800372835, 678414.1334210837 7184618.312409075, 678473.2048296472 7184587.508988449, 678539.0336393486 7184553.954365663, 678615.6238508553 7184515.958739417, 678759.4258722162 7184443.579689851, 678903.4266932122 7184369.378839754, 678924.7608916925 7184336.817226746, 678936.7356870936 7184301.09261493, 678937.9238853143 7184291.379812161, 678954.1238785395 7184240.479795514, 678969.7540723461 7184192.979979871, 678985.0040661398 7184145.880764414, 678993.3522626793 7184119.800155877, 679000.1224598122 7184098.379548886, 679016.4216537215 7184050.578333028, 679048.4570400553 7183948.766499837, 679085.740825061 7183834.562262328, 679105.3724177944 7183777.378243344, 679122.3024108426 7183724.877026155, 679132.8910064364 7183691.779415337, 679137.2514045427 7183677.779210787, 679152.6965982243 7183630.015995145, 679160.1219953472 7183607.799987818, 679168.3931922655 7183583.633979807, 679183.6521859505 7183536.119764273, 679199.2863796011 7183488.010748507, 679216.5733729226 7183436.421531493, 679245.319161495 7183349.153302824, 679273.5591505553 7183264.779675016, 679328.7239279032 7183094.079619203, 679389.005303861 7182910.979559133, 679419.6410918155 7182818.779528837, 679446.6498812686 7182737.851102227, 679501.5218584918 7182567.259246603, 679554.469635617 7182398.5799919125, 679555.5316341014 7182390.288189558, 679568.8786288121 7182350.004376351))
R. LUIZ LEOPOLDO LANDAL;OUTRAS VIAS;LEI Nº 15511 / 2019;LINESTRING (671477.8588317628 7179708.84540703, 671333.1921956374 7179709.483036939)
R. LUIZ NICHELE;COLETORA 2;LEI Nº 15511 / 2019;LINESTRING (672310.2886450087 7171027.204683002, 672295.2144356491 7170999.463479389, 672281.8844292834 7170984.166878435, 672175.7232010271 7170970.808097145, 672120.1723862501 7170963.847306937, 672087.0167770712 7170957.957712358, 672070.0263715396 7170950.934314164, 672015.4097535829 7170927.483319757, 671957.5433344912 7170902.303325598, 671911.5585193546 7170882.448330274, 671875.6545075111 7170866.818133894, 671849.6228991952 7170856.789936833, 671809.9926869306 7170843.445141774, 671797.2544833322 7170840.8165437635, 671775.4174773828 7170837.379147434, 671740.8420682102 7170833.133153534, 671707.6822597941 7170830.908959833, 671689.6868554757 7170830.908963542, 671667.4454505978 7170833.133168664, 671642.3732452049 7170836.165974566, 671622.1538414782 7170841.625380056, 671582.0356333425 7170848.870590077, 671568.976630383 7170849.713192971, 671551.9922260977 7170848.7021962255, 671544.1066238729 7170847.084597457, 671512.5642138476 7170835.155201061, 671498.0062091043 7170829.0892025875, 671436.5389885288 7170800.782008379, 671421.778783697 7170794.514009897, 671394.0509748127 7170783.666612973, 671393.8085747351 7170783.571413001, 671377.3371703386 7170781.411215868, 671364.153367334 7170782.1802187655, 671328.5305599911 7170788.0300275115)
R. LUIZ PARIGOT DE SOUZA;OUTRAS VIAS;LEI Nº 15511 / 2019;LINESTRING (671598.6713904459 7181304.062187527, 671555.906575617 7181284.484991336, 671516.2215628587 7181271.180796109, 671497.4215578851 7181270.080799696, 671435.6579443014 7181279.8570148945, 671420.8215404772 7181279.480817849, 671321.1159152115 7181279.044838235)
R. LUIZ PELEGRINO TOALDO;COLETORA 2;LEI Nº 15511 / 2019;LINESTRING (666409.3288956555 7189900.676576283, 666419.7584012039 7189914.751777938, 666448.7428166277 7189953.868082536, 666526.0928579902 7190059.208295065)
R. LUIZ TRAMONTIN;COLETORA 1;LEI Nº 15511 / 2019;LINESTRING (668482.8601425539 7183970.692707449, 668415.42891638 7183926.484709656, 668399.9213113049 7183920.982111368, 668370.3019040352 7183922.481517738, 668349.1942991533 7183925.028922657, 668289.9310851299 7183930.612936061, 668235.888071685 7183932.455347445, 668154.6186502067 7183928.975362942, 668108.4004374908 7183924.507371108, 668065.5704243056 7183913.417576879, 668022.5816107568 7183900.725582267, 668003.9532045103 7183893.355984119, 667990.4423998185 7183887.2147852555, 667940.4933816917 7183860.602788448, 667922.221175266 7183851.882189877, 667878.671361686 7183839.7223955095, 667833.4117481213 7183829.782202056, 667724.7305159247 7183807.787818249, 667683.9211032244 7183796.482223542, 667662.1096964086 7183790.299626332, 667578.5884716441 7183773.257638726, 667567.8926680324 7183768.882439749, 667559.2610645568 7183762.560039852, 667551.5668607296 7183753.298439008, 667545.2556573474 7183744.484238002, 667540.5126542659 7183735.181836558, 667536.827851412 7183725.662834842, 667533.6036476273 7183710.923831688, 667531.3008440153 7183695.877628271, 667531.4542416487 7183683.902225151, 667534.0642335522 7183640.299413384, 667535.4460313132 7183627.40260978, 667532.0684168455 7183559.695393007, 667529.7654139757 7183548.33399054, 667522.8564099304 7183536.972589001, 667495.9245969496 7183506.575186579, 667456.3773784104 7183464.505783685, 667405.6745554293 7183414.470980978, 667259.8568879918 7183263.686571423, 667157.758440146 7183154.83276389, 667148.39303573 7183144.699763162, 667130.5834280541 7183129.039562703, 667118.300823234 7183120.595162994, 667106.9396190171 7183113.993363572, 667081.2998108878 7183106.009766659, 667051.6174021774 7183100.26637113, 666956.0301735572 7183078.899784781, 666936.6817682972 7183077.2359882295, 666924.748365053 7183076.209790355, 666894.7465573039 7183075.65599622, 666856.4745469436 7183072.580603088, 666825.5493375984 7183065.233807388, 666797.1869285324 7183056.00741069, 666779.9303227364 7183049.002412342, 666746.9549112658 7183033.625214985, 666738.4119083388 7183029.866215726, 666718.2559013907 7183020.77501742, 666665.0156827171 7182995.15742148, 666626.9232692363 7182976.222624227, 666617.7268657607 7182970.541424605, 666595.0314573948 7182957.572625807, 666578.8066516956 7182949.713827029, 666560.7630457676 7182943.031028918, 666540.0460397399 7182939.244032083, 666503.8168300122 7182936.694638664, 666491.2954270605 7182937.868641467, 666479.1538246789 7182941.4090448, 666468.1270228056 7182946.087048206, 666451.3078205889 7182956.413654216, 666426.3880192214 7182981.333465595, 666419.1210189649 7182989.3104690965, 666382.6568170564 7183026.256285872)
R. LUIZ ZILLI;COLETORA 2;LEI Nº 15511 / 2019;LINESTRING (668511.0175077613 7183762.92724813, 668507.0567031263 7183745.002044306, 668500.107498551 7183731.147242136, 668440.9934663605 7183646.547232263, 668383.7212350676 7183564.006222553, 668326.825003465 7183479.402212238)
R. LUIZA MAZETTO BAGGIO;OUTRAS VIAS;LEI Nº 15511 / 2019;LINESTRING (667550.2266080639 7185483.474087412, 667556.4676060791 7185465.5964815095, 667597.2502086594 7185426.186463067, 667678.7704136355 7185346.565625981)
R. LUPIONÓPOLIS;COLETORA 2;LEI Nº 15511 / 2019;LINESTRING (672996.6311860267 7172838.418382282, 673119.2684327816 7172920.3577768775, 673218.1202705199 7172986.578372554, 673317.6411086061 7173053.609568286, 673416.8515467838 7173121.364564251, 673489.9491747967 7173170.671761125, 673494.966977073 7173175.751961326, 673544.7789965305 7173211.100759624, 673550.8669996182 7173218.825360251, 673556.9396027729 7173226.888360964, 673699.9180571669 7173321.234154318, 673753.444877935 7173358.445352292, 673839.4449109153 7173416.343748568, 673900.7525344897 7173457.882545976, 673959.4163571739 7173498.2077436345, 674095.8390096286 7173590.459937809, 674159.1650355933 7173640.960936988, 674202.347855293 7173684.913138768, 674240.1752735935 7173728.391941551, 674270.3072896948 7173770.291945555, 674301.4013061645 7173812.8241495155, 674331.7749223936 7173855.024153546, 674370.0207425636 7173906.878158307, 674402.020759887 7173952.378162812, 674429.8631746724 7173990.584966393, 674445.7369831087 7174012.398768442, 674464.0979915602 7174031.380569273, 674478.6885984412 7174047.243170125, 674510.0716149858 7174089.690574011, 674547.9178351625 7174141.94397896, 674585.4726552423 7174194.042383934, 674654.7558919704 7174288.585592726, 674686.2753087691 7174332.006596831, 674720.0597267374 7174378.349601181, 674729.198731808 7174391.886602605, 674751.8365438208 7174422.790205482, 674783.3635604898 7174465.535609422, 674816.1361778728 7174510.213613578, 674848.1141948411 7174553.821617638)
R. LUÍSA DARIVA;OUTRAS VIAS;LEI Nº 15511 / 2019;LINESTRING (670008.5594383583 7185469.794786276, 669966.3520369364 7185516.142206935)
R. LYDIA GIRARDI BERTHOLDI;COLETORA 2;LEI Nº 15511 / 2019;LINESTRING (667265.9150714406 7169224.720075913, 667241.203246492 7169129.767858053, 667206.5138103414 7168990.811431637, 667173.0643755717 7168857.206006279, 667115.2975147277 7168622.384561553, 667102.5935013901 7168570.934151772, 667066.4096638325 7168426.506524435, 667032.1600279349 7168288.005698152, 666992.6197872554 7168131.847068729, 666989.0107827361 7168113.572065081, 666972.3579655134 7168047.332852589, 666960.0297524987 7167996.963443023, 666938.9153314647 7167916.947828142)
R. LYSÍMACO FERREIRA DA COSTA;PRIORITÁRIA;LEI Nº 15511 / 2019;LINESTRING (674497.5430515124 7187654.069230096, 674485.5152487231 7187655.69063304, 674476.0034464217 7187656.521835247, 674465.9374437653 7187656.337037304, 674454.3016405435 7187655.413639495, 674435.6812352061 7187653.058442771, 674384.3218202167 7187645.274051467, 674374.0258174064 7187644.646253454, 674361.97201427 7187644.646255975, 674349.2276112121 7187645.880858963, 674274.7885948376 7187660.199078283, 674147.6821673857 7187687.110311905, 674050.437146529 7187708.422937808, 673924.9349194765 7187735.316971058, 673870.0777075528 7187746.606385464, 673857.2193044323 7187747.691988429, 673831.350897884 7187748.580394056, 673811.5232930577 7187750.181798609, 673782.9278861887 7187752.935005291, 673767.5996825979 7187754.851008989, 673738.9680761575 7187759.712216232, 673714.2838711513 7187766.524823165, 673654.3292595942 7187785.973040762, 673622.223253487 7187796.7818502905, 673597.4640489111 7187805.766457805, 673581.6262460055 7187811.622262641)
R. LÉA MOREIRA DE SOUZA MOURA;COLETORA 2;LEI Nº 15511 / 2019;LINESTRING (668526.6198031137 7177290.380200377, 668522.3122046128 7177303.065204421, 668514.7980043965 7177311.205607979, 668504.9354029032 7177315.902011147, 668475.3197974438 7177325.180219456)
R. MAJ. ANTÔNIO GOMES FERREIRA;OUTRAS VIAS;LEI Nº 15511 / 2019;LINESTRING (677318.2440363448 7185071.768360487, 677418.0238731505 7185124.180552877)
R. MAJ. FABRICIANO DO RÊGO BARROS;COLETORA 2;LEI Nº 15511 / 2019;LINESTRING (675727.6226416056 7181343.779937493, 675616.8528037217 7181296.779948844, 675497.4991626138 7181244.703360694, 675377.975921435 7181192.426772516, 675258.4292805395 7181141.44998466)
R. MAJ. FRANÇA GOMES;COLETORA 1;LEI Nº 15511 / 2019;LINESTRING (670611.3033638997 7183369.9487196915, 670583.6505540268 7183356.159721799, 670466.1549164089 7183318.703736184, 670345.8168780014 7183280.891151046, 670225.780039873 7183243.998566065, 670105.396801436 7183205.981580852, 669985.3721634162 7183169.506395945, 669865.2721251294 7183131.764810713, 669745.2888870517 7183094.840025652, 669623.4472484761 7183057.748040911, 669503.2462101586 7183019.823255606, 669383.6629720986 7182982.33227027, 669263.1709337936 7182944.723285076, 669142.9372956819 7182907.68169996, 669024.4114579499 7182870.3233143985)
R. MAJ. HEITOR GUIMARÃES;COLETORA 1;LEI Nº 15511 / 2019;MULTILINESTRING ((670458.0767954882 7184693.828093055, 670391.9755938498 7184768.812526001, 670307.5759935833 7184873.573370406, 670220.7195924683 7184977.370615071, 670174.21819185 7185032.877438968, 670135.8453912956 7185078.4904586375, 670135.5153912909 7185078.882658806, 670133.0961913136 7185082.047660122, 670116.4773913348 7185103.090868976, 670070.3337910646 7185159.923293145, 670023.8867910419 7185218.387917804, 669962.7219908809 7185294.782150121, 669941.4637900109 7185317.35036032, 669867.821990013 7185410.382199508), (669715.5553871653 7185588.996076971, 669677.7567855436 7185628.888895044, 669607.9697834044 7185706.788929521, 669537.954380861 7185783.056763617, 669508.2591797803 7185815.412378083))
R. MAJ. HEITOR GUIMARÃES;OUTRAS VIAS;LEI Nº 15511 / 2019;LINESTRING (669867.821990013 7185410.382199508, 669829.5509903674 7185460.503820337, 669795.1277894406 7185499.478437483, 669744.2219877705 7185555.682262468, 669735.5781875111 7185565.351266744, 669715.5553871653 7185588.996076971)
R. MAJ. PERY LEITE FERREIRA;OUTRAS VIAS;LEI Nº 15511 / 2019;LINESTRING (669555.5527006963 7185366.494251653, 669485.4796836642 7185371.438067183, 669400.821660866 7185366.482083097, 669319.1392390032 7185362.3468986135, 669289.7342325218 7185367.709105976)
R. MAJ. VICENTE DE CASTRO;COLETORA 1;LEI Nº 15511 / 2019;MULTILINESTRING ((673286.459232411 7179455.654768919, 673257.3762173526 7179418.238965505, 673191.5215829039 7179331.779957336, 673119.2213448535 7179235.679748076, 673055.9065115756 7179151.665540006, 673040.8777034626 7179130.679937829), (674949.6517129237 7181667.053583682, 674866.3224684871 7181555.72437272, 674782.160023826 7181444.217761897, 674698.3351791904 7181332.329950912, 674614.0599345636 7181220.904340144, 674530.2062899552 7181108.963329165, 674445.2974451391 7180997.192918457, 674368.0234040525 7180893.9437083285, 674359.4680003321 7180886.464908214, 674287.4221621861 7180790.880098948, 674282.6399589047 7180780.944897421, 674216.3419240097 7180693.906889135, 674146.8954872797 7180601.806880223, 674029.6220251897 7180445.808665065, 673935.0931751525 7180319.96085283, 673847.79432899 7180203.855041567, 673841.386125341 7180194.075040422, 673749.0918770387 7180073.588229099, 673646.9836230681 7179937.589615896, 673544.0373689763 7179801.858002946, 673497.7125444154 7179739.67359684, 673452.8657204241 7179678.411190664, 673401.273293312 7179610.236184144, 673352.744467749 7179545.7795779295))
R. MAJ. VICTOR FEIJÓ;COLETORA 2;LEI Nº 15511 / 2019;LINESTRING (667206.1212994463 7173420.4583073035, 667022.0796400072 7173347.088326212, 666894.5253985907 7173295.037139002, 666890.5017963075 7173288.517138209, 666843.3045804847 7173266.743542321, 666784.345960739 7173239.631547477, 666725.5443409599 7173212.144152506, 666678.0697250513 7173190.242756633, 666590.6294955092 7173148.659563929, 666543.3094797644 7173127.352768167, 666496.05026394 7173105.550172269, 666448.5708479115 7173082.995376229)
R. MAL. ALTHAYR ROSZANNIY;COLETORA 2;LEI Nº 15511 / 2019;LINESTRING (671764.0506218767 7178342.397203308, 671793.9928260626 7178326.532393146, 671809.9172278037 7178315.752787152, 671825.7498278549 7178296.880579143, 671833.2308275084 7178286.165374907)
R. MAL. ALTHAYR ROSZANNIY;SETORIAL 2;LEI Nº 15511 / 2019;LINESTRING (671833.2308275084 7178286.165374907, 671900.5210262742 7178198.979939114, 671910.7210270795 7178190.579934899, 671929.2210293924 7178179.479928292, 671954.8738347138 7178174.340921707, 671984.0632424359 7178176.569116244, 672060.7130646331 7178191.720904233, 672078.9842690886 7178191.275300348, 672092.7990719266 7178188.378496768, 672106.2814739061 7178181.715492308, 672187.3210813119 7178119.979860056, 672219.7416839575 7178093.7580467705, 672333.221094502 7178008.279801844, 672442.7675044511 7177924.757158214)
R. MAL. CARDOSO JÚNIOR;COLETORA 2;LEI Nº 15511 / 2019;LINESTRING (677564.5394035787 7182742.410106378, 677585.4094019092 7182709.657893519, 677647.2423974203 7182614.806655988, 677721.6639914083 7182497.8798101125, 677803.710185095 7182370.553359956, 677886.236778806 7182242.900309622, 677967.7233723011 7182115.579659607, 678042.0173665739 7182000.560414288, 678117.0063610338 7181885.688168868, 678186.6981551012 7181775.347525749, 678257.652349684 7181666.012282626, 678262.0599491594 7181658.340279722, 678327.4709438961 7181556.377839675, 678381.5899395903 7181472.293806617)
R. MAL. DEODORO;SETORIAL 2;LEI Nº 15511 / 2019;LINESTRING (674804.6008906343 7186505.426464742, 674898.7139235402 7186546.188055666, 675027.9363687935 7186602.421643261, 675084.41418853 7186626.779437775, 675100.2707939798 7186633.176036119, 675109.9623969642 7186635.440234676, 675114.4621981173 7186635.381033717, 675370.7708586464 7186607.579172585, 675475.5792834454 7186596.464947631, 675621.7963180072 7186580.813312759, 675730.6421436158 7186568.592886633, 675965.3297989916 7186543.093830479, 676093.7562294891 7186530.081199968, 676117.9646351541 7186527.234794112, 676220.5510593569 7186516.107969533, 676345.35028906 7186503.82513994, 676367.4228942933 7186501.55313468, 676513.2563288272 7186486.384899858, 676629.865756413 7186474.148671971, 676749.2855848247 7186462.392843597)
R. MAL. HERMES;COLETORA 2;LEI Nº 15511 / 2019;LINESTRING (674433.8667552003 7188229.025594703, 674430.7735589615 7188250.870201105, 674420.4561774048 7188351.928029899, 674395.4418207607 7188590.502298057, 674392.8820241588 7188609.956703726, 674392.042825502 7188617.422905873, 674390.4236268888 7188626.081908496, 674390.387226901 7188626.187708532, 674387.9440276449 7188632.7977107875, 674384.7316285187 7188640.989313621, 674379.4988295282 7188652.364117719, 674374.4976305272 7188663.391921675)
R. MAL. JOSÉ BERNARDINO BORMANN;OUTRAS VIAS;LEI Nº 15511 / 2019;LINESTRING (671007.1747798 7185880.734489065, 670962.2957895624 7185984.827325399, 670902.6788026307 7186123.682173833)
R. MAL. OCTÁVIO SALDANHA MAZZA;EXTERNA;LEI Nº 15511 / 2019;LINESTRING (671111.1209246893 7178660.831217764, 671110.3208979229 7178531.431185344, 671110.7416758863 7178423.589558119, 671110.9986559385 7178326.12493355, 671110.9190355213 7178226.778308591, 671110.1668335076 7178217.881306509, 671109.3154158919 7178133.119885384, 671109.6007753025 7177935.079835594, 671110.9407559242 7177839.080011226, 671110.2807361684 7177743.659987429, 671110.8207164964 7177647.202363135, 671110.4412966599 7177551.051739119, 671110.8266771114 7177455.379915075, 671111.7434577625 7177360.039091017, 671112.4014398443 7177271.978068844, 671113.0024216432 7177182.617846368, 671113.2206032916 7177092.97982391, 671113.2272031835 7177092.444023775, 671114.5243852717 7177003.653401317, 671115.8073669624 7176912.946378393, 671116.3251546132 7176852.180363111, 671116.6225475194 7176817.277754337, 671117.9545281578 7176721.387530129, 671119.4425087514 7176625.096905802, 671120.981889379 7176528.906281498, 671121.7404699686 7176433.475657558, 671123.6204506606 7176337.204633187, 671124.1226311106 7176241.403209228, 671124.8204223874 7176198.087998303, 671126.3173957998 7176066.824365334, 671127.9481920619 7176046.673159987, 671133.309788465 7176022.732752931, 671140.6677878917 7176011.120348534, 671151.7173873773 7175995.374742348, 671163.0433876127 7175982.943936929, 671176.855388459 7175970.513131002, 671192.1641901605 7175960.459525357)
R. MAL. OCTÁVIO SALDANHA MAZZA;SETORIAL 1;LEI Nº 15511 / 2019;LINESTRING (671258.7919999786 7175928.443503708, 671386.9516194514 7175869.787462778, 671404.354821688 7175859.842856728, 671417.890622915 7175849.621851402, 671428.9402230192 7175836.914845973, 671443.1776216637 7175813.304437177, 671449.1058188276 7175792.440230774, 671451.0394149281 7175771.169625092, 671446.3764016113 7175712.030611364, 671448.3897973632 7175688.974205224)
R. MAL. RONDON;OUTRAS VIAS;LEI Nº 15511 / 2019;LINESTRING (671405.5571310543 7177362.396631228, 671269.9904970849 7177360.566858642, 671111.7434577625 7177360.039091017)
R. MANDIRITUBA;COLETORA 2;LEI Nº 15511 / 2019;LINESTRING (673095.5143973859 7174702.941020424, 673145.0007842581 7174581.515580142, 673156.5969808734 7174551.595370343, 673175.7205755687 7174503.578754513, 673206.4961673743 7174427.983529456, 673235.1451591696 7174354.866505457, 673263.6963511282 7174282.665481709, 673292.7361430269 7174209.637457662, 673315.67613911 7174163.898041615, 673335.9801332981 7174112.1462246375, 673362.1153258567 7174045.751402842, 673388.2689185659 7173980.081781224, 673417.2231104714 7173907.286557276, 673445.725902552 7173835.881133767, 673482.8096931085 7173747.155104216, 673492.1168905292 7173723.884896554, 673498.9204885609 7173706.478490856, 673564.3238733086 7173556.8486404475, 673566.3538723653 7173549.948838329, 673667.5382605424 7173375.167374308, 673699.9180571669 7173321.234154318, 673711.4996569055 7173306.474748282, 673799.381449389 7173168.108496001, 673802.6236484421 7173159.796693287, 673805.449847426 7173151.637290696, 673837.0926452609 7173104.445472518, 673855.2282438165 7173076.428861866, 673868.8418430446 7173056.907254238, 673879.3732427051 7173043.03684864, 673890.9320426154 7173029.166242829, 673915.2578430595 7173003.022431342, 673923.5528435719 7172995.839027849, 673951.5036455115 7172972.660216333, 673974.2280477502 7172956.980407745, 674038.0788545681 7172915.491584243, 674125.4936641299 7172859.823152341, 674213.2988735256 7172802.964320061, 674315.776884649 7172737.433082581, 674371.3752905359 7172701.203462077, 674406.4298943633 7172678.9232492875, 674483.0205024942 7172629.178021079)
R. MANOEL DAS CHAGAS LIMA;COLETORA 2;LEI Nº 15511 / 2019;LINESTRING (666169.1125276524 7187366.581955589, 666177.4326289948 7187362.4698528545, 666205.7364321081 7187341.199041635, 666234.3212350844 7187318.8832300855, 666297.8212407674 7187264.683203213, 666299.1334398213 7187258.231601259, 666300.221239037 7187252.883199641, 666346.3882400534 7187197.880176015, 666367.6212405179 7187172.58316515, 666368.1690405766 7187172.172364932, 666374.4036412626 7187167.496562463, 666382.4212421437 7187161.483159288, 666425.2212492003 7187141.183145428, 666454.7546540694 7187127.183135865, 666513.821263806 7187099.183116738, 666522.0970650376 7187094.600913884, 666562.4698716959 7187075.493100816, 666575.2214741221 7187071.083297116, 666589.1282773183 7187069.021093798, 666685.9501041629 7187077.665876716, 666750.4741219778 7187083.052065227)
R. MANOEL EUFRÁSIO;OUTRAS VIAS;LEI Nº 15511 / 2019;LINESTRING (675477.3360059077 7188126.811148893, 675342.747594109 7188237.616606388, 675333.1055932011 7188245.269610432, 675258.7237859817 7188303.2612413475, 675190.3803803484 7188361.347871018)
R. MANOEL VALDOMIRO DE MACEDO;COLETORA 1;LEI Nº 15511 / 2019;LINESTRING (669854.2201256804 7177259.579923136, 669691.865285039 7177257.462355681, 669530.8124452042 7177257.7147885235, 669447.6462240478 7177254.964004749, 669392.1342087471 7177247.326814124, 669340.7141925293 7177230.186820289, 669286.6973738782 7177204.217224767, 669223.4199524157 7177175.680030484, 669030.7198822971 7177065.180041967, 668809.8992052685 7176954.638459111, 668797.9154008217 7176947.31765971, 668772.5825917803 7176933.612261418, 668571.9667239728 7176843.6272795545, 668553.4915179813 7176836.584281534, 668528.0869097449 7176826.899684254, 668501.4589011109 7176816.748687105, 668411.1198729521 7176787.880298162, 668348.2012527686 7176764.924105146, 668317.7006436614 7176757.149109367, 668228.719016895 7176733.457321424)
R. MARANHÃO;OUTRAS VIAS;LEI Nº 15511 / 2019;LINESTRING (671861.6773055953 7181540.425193671, 671733.1992624586 7181488.7032069415, 671599.3430175935 7181435.11922083, 671548.341800563 7181414.982026187)
R. MARCELINO NOGUEIRA;COLETORA 2;LEI Nº 16054 / 2022;LINESTRING (677396.5568395075 7189693.090956928, 677327.3874421846 7189791.138597652, 677290.9232439684 7189844.605619596, 677260.785045136 7189887.379637357, 677167.0284491634 7190022.386093132, 677107.1840514373 7190107.233528389, 677048.459653883 7190191.557363269, 677043.9798538571 7190196.991965666, 677038.4998534265 7190201.759968096)
R. MARCELINO NOGUEIRA;OUTRAS VIAS;LEI Nº 15511 / 2019;LINESTRING (677038.4998534265 7190201.759968096, 676957.3938463958 7190269.265403258, 676955.924646267 7190270.481803892)
R. MARCOS BERTOLDI;SETORIAL 1;LEI Nº 15511 / 2019;LINESTRING (667000.5054657882 7169511.552598184, 666987.4278523288 7169459.957388386, 666924.6689870355 7169208.808740554, 666856.874916182 7168935.683488524, 666809.5948669685 7168746.074852498, 666796.7960535632 7168694.322842651, 666760.8012161904 7168550.343215348, 666710.597563704 7168347.634776857, 666670.1061217915 7168186.161746328, 666638.1560888769 7168059.469922431, 666623.1200727514 7167996.650910428, 666607.535256498 7167933.84129854)
R. MARCOS MOCELLIN;COLETORA 2;LEI Nº 15511 / 2019;LINESTRING (668283.4145944186 7189435.923377093, 668293.5040057312 7189478.874186431, 668301.1784152496 7189516.073594738, 668304.9222249713 7189559.383405457, 668299.4802291044 7189586.94521386, 668296.0102352265 7189621.801223798, 668296.8962405245 7189646.904030273, 668298.3830429793 7189657.134032685, 668300.322245112 7189665.183434429, 668309.2222527349 7189691.383439578, 668313.4346557711 7189700.949241264, 668327.5466636037 7189721.395043837, 668356.8222755266 7189742.383443497, 668425.415302738 7189787.923441727, 668446.722311012 7189801.183440942, 668500.7223321658 7189835.683439189, 668514.4223373221 7189843.383438462, 668527.6411418089 7189848.400237126, 668531.0223429578 7189849.683436781, 668533.6581436718 7189849.7994362805, 668546.9223472761 7189850.3834337555, 668629.1223682894 7189847.483416372)
R. MARIA DISSENHA BONATO;COLETORA 2;LEI Nº 15511 / 2019;LINESTRING (672340.240967856 7172552.879048459, 672342.8459828029 7172622.084264848, 672340.4991857458 7172639.0524694845, 672335.1113880964 7172656.71807492, 672329.4877889422 7172667.393478695, 672315.9491893977 7172685.444885911, 672296.9977883308 7172702.485494002, 672282.553987096 7172713.424699666, 672265.5855851877 7172724.075105781, 672249.1587826638 7172731.1151109, 672229.4827790548 7172736.711116338, 672207.2793739738 7172738.155121282, 672188.5057693132 7172737.613725029, 671974.497704928 7172676.868354371)
R. MARIA HOMAN WISNIEWSKI;COLETORA 2;LEI Nº 15511 / 2019;MULTILINESTRING ((665172.7856136168 7183553.895662246, 665114.5147954293 7183537.149069473, 665089.7879877519 7183530.23447259, 664892.4199263309 7183474.299497236), (666042.220652126 7183637.46591109, 665952.0936314514 7183649.192932058, 665900.8206196919 7183655.879943986, 665816.7812005897 7183667.718163757, 665765.0579888888 7183675.285175992, 665673.5297680275 7183687.90879744, 665655.9921634025 7183687.170400734, 665638.6389585317 7183684.955203611, 665615.2657514339 7183679.276006789, 665601.8097474397 7183676.463208737, 665532.9871258812 7183656.383417226, 665425.1256922298 7183625.56543069, 665340.362865617 7183600.481441038))
R. MARIA LUZARDI BERTOLDI;COLETORA 2;LEI Nº 15511 / 2019;LINESTRING (667810.4451904901 7168179.8175158035, 667758.6395768996 7168173.232124667, 667706.3951632045 7168166.646733616, 667654.8457497718 7168160.536942532, 667603.3329358104 7168151.756350801, 667549.2781209744 7168141.613559254, 667480.2779017609 7168127.2895697085, 667429.9086877853 7168117.0747773945, 667378.4826734916 7168106.507785206, 667326.937259217 7168096.181193096, 667275.9828452712 7168086.782801084, 667266.3466425955 7168084.817202551, 667186.1634210479 7168071.989015585, 667171.8588175881 7168071.617218369, 667146.6220127606 7168077.317224798, 667068.8427978111 7168094.539844522, 666989.0107827361 7168113.572065081, 666967.8841786986 7168118.366470465, 666935.4031726172 7168126.381878894, 666783.3923435982 7168161.12371766, 666732.39373366 7168171.78113042, 666670.1061217915 7168186.161746328, 666607.6357098882 7168200.5861622775, 666557.5405004441 7168212.667175189, 666506.1880905814 7168224.153988205, 666453.1306807172 7168237.656002041, 666399.5000706622 7168250.893615926, 666349.3386613026 7168263.509028965, 666298.789251824 7168275.994842047, 666248.6320425794 7168289.194255221, 666197.8534330358 7168301.642668335, 666079.6168106721 7168329.941498695, 666017.9817992044 7168345.664914748)
R. MARIA LÚCIA LOCHER DE ATHAYDE;COLETORA 2;LEI Nº 15511 / 2019;LINESTRING (665361.5643621176 7180026.7119234, 665373.7863612922 7180007.094116004, 665434.7201380366 7179812.896654721, 665449.389532946 7179768.723640627, 665467.5343268106 7179714.905423405, 665561.066894376 7179433.636533699, 665583.2162869249 7179368.227312772, 665623.6850742244 7179253.371875721, 665641.6612685563 7179202.235259239, 665669.8634590101 7179118.750232561, 665691.9622519903 7179055.66181225, 665707.3154479181 7179015.890999165, 665759.9960312828 7178866.098150922)
R. MARIA MOSCARDI FANINI;SETORIAL 1;LEI Nº 15511 / 2019;LINESTRING (674505.8763246099 7182259.224828242, 674505.4285178087 7182227.284220151, 674503.9839138038 7182209.894015996, 674501.8551079005 7182184.269409878, 674502.7609040056 7182164.570604642, 674504.3457013727 7182150.079600599, 674507.696100338 7182141.07419759, 674551.3490888319 7182033.253760841, 674590.735079405 7181940.580328876, 674612.9616746935 7181891.213311588, 674641.3988697375 7181833.167690785)
R. MARIALVA;COLETORA 2;LEI Nº 15511 / 2019;LINESTRING (671960.8275996012 7174120.499511657, 671968.643390508 7174067.201896913, 671968.6885904658 7174066.94689684, 671971.2201881378 7174052.678892804, 671971.4411878953 7174051.2420924045, 671973.6587854599 7174036.823088396, 671986.572569719 7173945.316463197, 672012.1117395331 7173768.978814529, 672037.6009095612 7173593.778766188, 672051.9984923974 7173493.700938623, 672033.5310771574 7173441.656329654, 671993.0784470992 7173343.693513954)
R. MARIANO ALVES DO NASCIMENTO;OUTRAS VIAS;LEI Nº 15511 / 2019;LINESTRING (678490.1158181158 7191989.54893609, 678581.4656573853 7192059.731335359)
R. MARIANO TORRES;EXTERNA;LEI Nº 15511 / 2019;LINESTRING (674951.3875524079 7185665.522014833, 674953.8871485647 7185644.1262087375, 674942.1065237916 7185540.525784242, 674942.1827194102 7185519.547378767)
R. MARIANO TORRES;OUTRAS VIAS;LEI Nº 15511 / 2019;LINESTRING (674873.9461771091 7185878.506286563, 674936.7559597753 7185718.616431729, 674941.706157437 7185701.389026206, 674951.3875524079 7185665.522014833)
R. MARTE;COLETORA 1;LEI Nº 15511 / 2019;MULTILINESTRING ((672722.7367134383 7174737.8789064195, 672787.843921204 7174698.515483191, 672811.0519249545 7174689.226876082, 672838.6703304257 7174683.032868823, 672867.6891370929 7174680.95686229, 672883.5201412543 7174682.347459349, 672901.4181464511 7174686.300056612, 672925.6845540111 7174694.125053508, 672955.2393633971 7174704.513849942, 672966.1549668738 7174708.395848636, 673013.9701822192 7174725.96224305, 673063.8163980916 7174743.669837075, 673148.7330251316 7174773.809426883, 673193.5054394933 7174790.184821624, 673262.810261664 7174815.239213411, 673333.5818843265 7174840.906405039, 673382.8449001223 7174858.860199228, 673460.723325021 7174886.878789949, 673505.3671394219 7174903.541584777, 673512.0755417387 7174906.776984179, 673635.7567813222 7174951.390769452, 673664.6661904439 7174961.18116585, 673709.6028039753 7174973.289559479), (673799.7688310836 7174997.361946634, 673826.5850395192 7175006.300143251, 673875.4994551388 7175023.721537357, 673924.1636707401 7175041.342931561, 673972.8278864399 7175059.418925879, 674022.063702148 7175076.864119915, 674071.5013180671 7175095.062514095, 674323.6713988583 7175185.788683846, 674420.9562304195 7175222.5962726055, 674581.4526823588 7175282.613853866, 674631.6862988495 7175302.491648266, 674782.241747578 7175358.688830633, 674843.8113676053 7175382.114223522))
R. MARTIM AFONSO;EXTERNA;LEI Nº 15511 / 2019;LINESTRING (672314.8742304118 7186428.495562803, 672149.9227734022 7186359.036578725, 672024.5985300371 7186305.930390718, 671909.7336906134 7186258.749602087, 671800.8698529797 7186212.667612493, 671701.8248187754 7186170.85602198, 671583.3979780113 7186121.448033464, 671471.2395394527 7186074.831244375, 671353.8054990052 7186025.589655671, 671244.3926613168 7185979.6308661625, 671116.26201724 7185926.02007849, 671007.1747798 7185880.734489065, 670896.0391418287 7185835.3703000285, 670786.9105045495 7185790.805910776, 670675.2866665837 7185745.970321953, 670420.8103799894 7185643.334547278, 670259.8695246072 7185575.245562433, 670153.090888086 7185531.0929727405)
R. MARTIM AFONSO;PRIORITÁRIA;LEI Nº 15511 / 2019;LINESTRING (673185.5405321105 7186796.673478723, 673180.0711302186 7186794.3896792615, 673163.4575242379 7186786.3224806, 673100.5229021725 7186758.5816864045, 673029.5228777188 7186729.381693498, 672904.5186341031 7186675.2105052555, 672737.3323762936 7186605.166521582, 672618.5955352152 7186555.228733111, 672502.2138951316 7186507.081944607, 672362.6300469373 7186448.6745582055, 672314.8742304118 7186428.495562803)
R. MATEUS LEME;SETORIAL 2;LEI Nº 15511 / 2019;LINESTRING (673865.6427421453 7186958.748379648, 673909.2263929553 7187148.198020205, 673909.6897944971 7187155.011421896, 673910.2999962135 7187162.487023726, 673909.6175981554 7187172.645026532, 673900.3146164644 7187272.031454538, 673884.4384477509 7187441.859302413, 673872.7232717217 7187571.438338883, 673868.0240819308 7187626.268554267, 673864.0192907164 7187673.408367487, 673857.2193044323 7187747.691988429, 673853.7919117876 7187787.249999545, 673852.6943159158 7187808.431205342, 673852.2553200797 7187828.954210831, 673852.3651228315 7187842.014014242, 673852.6943251588 7187852.769417003, 673853.5723286581 7187868.4632209465, 673855.2185330692 7187887.559425628, 673858.1827404273 7187919.1548333205, 673859.3077435612 7187932.783436673, 673859.3233435863 7187932.881836696, 673863.1813514141 7187965.610044502, 673869.4513658001 7188026.779859295, 673873.0619747696 7188065.29126868, 673874.4699795279 7188086.353873933, 673874.9749851609 7188112.7418807745, 673875.1617890033 7188130.940685528, 673874.9729914713 7188143.012888748, 673874.5015934724 7188153.198891528, 673873.9355948587 7188160.555293582, 673873.4639957388 7188165.365294946, 673872.8323966393 7188170.483296428, 673868.8165987817 7188185.778301293, 673861.2238028042 7188214.573110463, 673855.207005803 7188236.49151749, 673846.3250089809 7188262.8509262875, 673833.6228129806 7188297.941738183, 673828.3076145784 7188312.264343064, 673823.7736162301 7188325.865947597, 673821.984017429 7188333.859950076, 673821.1488193749 7188344.240352986, 673821.7994215398 7188353.810555373, 673822.6396233767 7188361.569757244, 673825.9376269166 7188374.431759948, 673851.332052828 7188466.939579047, 673856.9240592169 7188490.573984115, 673858.6648629303 7188506.211187878, 673860.6894679411 7188527.711393128, 673861.5502708985 7188540.818796407, 673861.3718733999 7188553.04259967, 673859.7014761388 7188568.275204036, 673857.0048789396 7188585.089209037, 673853.8324812851 7188600.317013715, 673849.7082834474 7188615.862018678, 673847.0116850237 7188626.80682213, 673843.3230871978 7188641.85982687, 673821.3740989545 7188725.800853607, 673819.5971012845 7188739.208257519, 673819.3465041325 7188753.189861262, 673828.1585112326 7188776.199265504, 673840.7581207892 7188806.244470812, 673849.7081270793 7188825.189873952, 673860.5031357746 7188853.354879145, 673877.8399491536 7188895.774686739, 673889.6437582788 7188924.730891932, 673896.3467635198 7188941.450894954, 673900.9115676548 7188955.560097732, 673903.8163707093 7188966.556900032, 673905.7349734972 7188977.521302531, 673906.3837770862 7188993.9179067295, 673906.3837807643 7189011.560311394, 673905.4673828179 7189022.558114493, 673901.4075894202 7189059.324925063, 673895.9849960695 7189098.029736431, 673890.6448048074 7189146.647950405, 673883.1394149377 7189204.670767324, 673877.1170239297 7189255.377181999, 673877.3754546061 7189402.201620825, 673876.3604843742 7189546.282259213, 673875.0147087616 7189664.96869096, 673874.3313241482 7189739.636910907, 673873.9649329928 7189782.534322364, 673873.518357794 7189902.072554185, 673873.6595600818 7189912.870157022, 673875.0021625936 7189923.226559492, 673876.7281653662 7189934.3499620855, 673880.6597693585 7189948.5421650335, 673889.4237766122 7189972.282369511, 673897.9237834127 7189994.182373556, 673903.1943878577 7190008.858176355, 673904.8245894273 7190014.324177467, 673906.9341918005 7190023.050379345, 673908.6601944333 7190033.502581761, 673910.9829999147 7190056.857587482, 673910.471603902 7190076.632592843, 673909.6192061673 7190088.5659961905, 673906.7210100247 7190110.727602683, 673903.5996139805 7190133.635409421, 673897.0984219827 7190180.2332231635, 673896.037824107 7190191.760626448, 673896.0378260443 7190201.051228919, 673896.7870278026 7190208.543430754, 673897.7940293679 7190214.780632202, 673901.4020329565 7190227.441034815, 673906.2270366473 7190239.047436895, 673913.1446408441 7190250.440838483, 673919.8762443555 7190258.782039299, 673926.75404754 7190265.367239615, 673932.7540501868 7190270.489039725, 673944.4610548876 7190278.245039348, 673956.4606592365 7190283.952238362, 673970.655463801 7190287.9032364525, 673989.8258694274 7190290.683833195, 674004.1668740279 7190294.634831253, 674015.1422780786 7190300.195630442, 674025.8248823881 7190307.366230123, 674034.6052867149 7190317.024630859, 674042.2148910085 7190327.999832191, 674048.800095644 7190341.9020345155, 674079.2871197859 7190419.103448695, 674087.6285261369 7190439.005452249, 674096.7013321002 7190456.127054913, 674105.6279373148 7190469.8340567, 674116.1643428202 7190482.906857977, 674129.8225491898 7190496.1748586595, 674143.4807551529 7190507.491658822, 674154.9927595726 7190514.125658184, 674166.8949638499 7190519.588857153, 674179.5775681313 7190524.076655701, 674192.4551723001 7190527.783853998, 674217.4539797028 7190531.675649815, 674235.0393848743 7190534.234446824, 674247.5595887821 7190537.142444982, 674258.2219925035 7190541.504243917, 674269.6113971272 7190549.258843603, 674277.8506009022 7190556.932443922, 674284.5550042063 7190564.283044481, 674288.1900063109 7190569.775845184, 674291.5018089066 7190578.015046686, 674293.7064113817 7190587.083248641, 674294.924013972 7190597.935651276, 674295.3040166916 7190610.4774545375, 674294.9628204658 7190628.968859534, 674292.316035743 7190705.430880457, 674288.7750557545 7190805.681507915, 674283.6240855043 7190954.5825487, 674282.6024876882 7190966.320552044, 674281.6076902305 7190979.751155835, 674281.2644928762 7190992.851759402, 674282.3356960809 7191006.831962908, 674285.7679003739 7191023.038966516, 674299.1149126644 7191064.986774921, 674303.1189169103 7191080.240378157, 674304.8349201523 7191093.587381361, 674303.6909227982 7191107.696985366, 674301.0621245615 7191119.457189054, 674292.0957274339 7191144.549597627, 674274.7525325837 7191191.146213692, 674259.6195379243 7191235.865628796, 674256.4541398102 7191248.910432941, 674255.3831420263 7191260.870436359, 674256.8111490037 7191292.4664445035, 674259.6363575496 7191329.796453886, 674265.6175729224 7191395.813670281, 674267.877378638 7191420.314076358, 674268.2633814962 7191433.501079803, 674267.044783984 7191446.9554836545, 674264.6661857894 7191458.611087266, 674252.2191926867 7191507.415302916, 674241.0061994643 7191554.076917738, 674233.4672039654 7191585.182727633, 674215.7006144052 7191657.7123507485, 674208.3698182445 7191685.399559691, 674205.8392189167 7191691.836761942, 674202.1686192222 7191697.954364346, 674198.4980191443 7191702.23676626, 674194.6654189583 7191706.212168123, 674187.049018024 7191711.405171104, 674179.5826169464 7191715.716773815, 674173.0624157019 7191718.030375796, 674162.546213089 7191718.871778217, 674156.2364113064 7191718.345779393, 674144.6626076538 7191715.542781059, 674128.1450023181 7191710.95438328, 674101.9917937261 7191703.001386609, 674050.5833760926 7191683.782392192, 674044.4007740855 7191682.015993008, 674034.0199707153 7191679.049994379, 674021.3017666047 7191675.500796083, 674008.583362803 7191673.430398182, 673995.1257590513 7191672.543000752, 673980.1891550935 7191672.543003866, 673962.442550853 7191674.7614081595, 673949.7243480682 7191677.571211565, 673937.0615455381 7191681.527215262, 673923.4189431479 7191687.405619682, 673911.329141215 7191693.506023834, 673850.4605325345 7191729.255446089, 673840.6257311061 7191734.911849653, 673793.4159241822 7191761.742066671, 673780.2489222995 7191769.460671482, 673768.7467208898 7191777.330475984, 673755.4285197849 7191788.984081878, 673747.7099195356 7191797.610685795, 673737.3753199204 7191812.620491967)
R. MATHEUS LUIZ DALAGASSA;COLETORA 2;LEI Nº 15511 / 2019;LINESTRING (669283.0953011604 7171928.981523013, 669267.2805002553 7171943.293129715, 669252.6988989972 7171954.42113539, 669235.0040967232 7171964.237341379, 669221.2332947571 7171970.921345806, 669198.1996904404 7171977.038751975, 669176.1784862647 7171982.649157816, 669112.6688740042 7171997.752174392, 669051.0808621784 7172012.717390543, 668986.4102493702 7172026.528207032, 668920.0222367052 7172043.090424536)
R. MATO GROSSO;OUTRAS VIAS;LEI Nº 15511 / 2019;LINESTRING (671856.413938521 7182676.749085711, 671983.7219593163 7182620.684245067)
R. MAUÁ;PRIORITÁRIA;LEI Nº 15511 / 2019;LINESTRING (675004.6777330549 7187413.865060747, 674878.6959228663 7187521.418515412, 674780.1145149888 7187606.145758335, 674708.2235089571 7187666.613789286, 674640.1171037891 7187726.566019308)
R. MAXIMINO ZANON;OUTRAS VIAS;LEI Nº 15511 / 2019;LINESTRING (676907.9245877312 7190054.081756545, 676830.3689818492 7190122.581791193)
R. MERCEDES SEILER ROCHA;COLETORA 2;LEI Nº 15511 / 2019;LINESTRING (678614.1533241686 7188595.016206497, 678759.8299565712 7188568.560768304, 678903.4075884493 7188542.255130576, 678996.5304089834 7188524.567505929)
R. MIGUEL BAKUM;COLETORA 2;LEI Nº 15511 / 2019;LINESTRING (676633.4795935196 7181924.597294474, 676624.3805900826 7181919.253895034, 676585.390574554 7181892.576496467, 676552.5567624717 7181874.7914988715, 676479.8209369539 7181841.273705699, 676466.6841323825 7181835.395906976, 676382.1459033496 7181799.349515647, 676306.2106774137 7181767.618123596, 676283.3188694448 7181757.335925806)
R. MIGUEL CALUF;COLETORA 1;LEI Nº 15511 / 2019;LINESTRING (677832.1214966599 7184735.078763676, 677910.219708131 7184694.879536593, 677948.0255135641 7184674.877923341)
R. MIGUEL CALUF;COLETORA 2;LEI Nº 15511 / 2019;LINESTRING (678935.2374030357 7183911.210114439, 678963.4695919289 7183825.826886326, 678991.250580704 7183740.468658324, 679018.7559693367 7183654.794030309, 679047.1695583084 7183569.64340224, 679104.3583363005 7183399.22814602, 679131.9601250443 7183314.0687181465, 679160.1663136855 7183227.7400898505, 679215.823690972 7183056.079433701, 679276.0238670387 7182873.479373793, 679306.2628549937 7182781.695143698, 679334.4984439774 7182697.094915887, 679388.4238219238 7182530.879461607, 679414.6450103265 7182446.040034191, 679442.6757990398 7182360.529806224)
R. MILTON PORTUGAL LOBATO;OUTRAS VIAS;LEI Nº 15511 / 2019;LINESTRING (678232.7248991161 7191752.309327553, 678150.1792924424 7191823.545764264)
R. MIN. GABRIEL PASSOS;COLETORA 2;LEI Nº 15511 / 2019;LINESTRING (676945.8230861247 7181988.097444488, 677306.6230281281 7182225.879628735, 677374.9230549666 7182270.5796256615)
R. MINAS GERAIS;COLETORA 1;LEI Nº 15511 / 2019;LINESTRING (673425.904752079 7182746.955578731, 673471.1223401931 7182634.575740468, 673514.7223284505 7182524.917703251, 673558.6699170507 7182416.5332663, 673602.7329053044 7182306.412428893, 673649.8116932522 7182191.202389566, 673691.3286820063 7182086.685154149, 673712.0282764233 7182034.712536531, 673755.664464845 7181926.106099641, 673798.2654530252 7181817.653263019, 673817.8652480935 7181770.206646801)
R. MONS. IVO ZANLORENZI;EXTERNA;LEI Nº 15511 / 2019;LINESTRING (670153.090888086 7185531.0929727405, 670008.5594383583 7185469.794786276, 669867.821990013 7185410.382199508, 669845.2727821606 7185400.3332014885, 669818.3237735389 7185392.069404829, 669791.725565765 7185387.519609062, 669767.9271592128 7185385.419813361, 669736.7207510676 7185384.8724195715, 669683.0163368845 7185383.107230043, 669637.7361249164 7185381.570238857, 669598.18871381 7185377.0204457175, 669577.5401076416 7185372.820648826, 669555.5527006963 7185366.494251653, 669522.5936879469 7185345.522452902, 669439.2994542783 7185285.326654188, 669408.5272434372 7185270.925256698, 669381.2032347819 7185262.928060172, 669350.7552258114 7185257.328464899, 669237.821994495 7185246.182284934, 669149.571570222 7185238.4323008275, 669114.6229604813 7185234.733306956, 669068.1089478804 7185231.594915571, 669035.7227394858 7185231.2743220525, 669006.8637327761 7185234.801528819, 668980.8905274605 7185241.535335833, 668956.520723075 7185250.8343431875, 668935.3575199043 7185262.0573503915, 668900.4061155894 7185285.14456347, 668841.1101090171 7185328.027786622, 668783.7033026404 7185369.507009024, 668754.8404974841 7185380.7390177855, 668726.0950917536 7185388.980425745, 668674.8216800322 7185396.2824380165, 668653.3470748365 7185397.927442787, 668611.0218642032 7185399.219051683, 668462.9008277046 7185407.29288372, 668442.4820231075 7185410.558888694, 668421.5542186771 7185415.299494153, 668396.4720134481 7185421.383700802, 668322.8387986843 7185442.152121067, 668288.4099930481 7185458.144932176, 668227.7049826266 7185483.97215114, 668194.1533771441 7185499.623361979, 668147.3765688775 7185518.371776289, 668112.9401620775 7185528.636385902, 668084.5527559114 7185534.316993102, 668036.3215432586 7185533.1826025285, 668015.5515375057 7185531.180206193, 667993.476930753 7185525.882209264, 667972.064523681 7185518.156211566, 667955.2879177153 7185509.988612821, 667936.303710603 7185498.951213772, 667825.6822652353 7185415.09381424, 667800.7658557068 7185399.615815232, 667783.7684495092 7185390.565216297, 667712.0260246502 7185358.7778224675, 667678.7704136355 7185346.565625981, 667654.8528054524 7185336.482428171, 667628.5839960303 7185323.237630011, 667583.3311792389 7185297.631032452, 667551.1021668655 7185277.322433651, 667536.9745611027 7185266.726633737, 667448.5213244429 7185197.48263352, 667402.7611054806 7185161.651833402, 667349.3210835588 7185120.891033547, 667318.3832706794 7185096.339433381, 667290.9430598648 7185077.597834022, 667268.6086514588 7185064.310235053, 667246.2740433378 7185052.436236452, 667221.9070348663 7185041.422238481, 667210.0330310487 7185037.605439872, 667187.9812245333 7185033.364843193, 667161.9008175327 7185031.880648036, 667148.9444136091 7185028.915049864, 667121.4020071694 7185032.092656209, 667090.6686009356 7185040.397464523, 667036.8863908274 7185058.934080111, 666970.5721777586 7185078.77609854, 666945.7697724808 7185084.258704931, 666919.4547667173 7185089.249311494, 666902.6915623674 7185089.045114797, 666842.1213446393 7185078.2539241165, 666727.6081103903 7185054.167140771, 666623.9936786849 7185028.761554889, 666614.7628756276 7185025.328355843, 666605.6194726652 7185022.260156874, 666547.9998551774 7185008.8337649, 666528.5248494956 7185005.439367909, 666512.1600447744 7185002.8581705075, 666469.5686330872 7184999.121978043, 666389.4208119279 7184996.282793304, 666298.82078877 7184996.882611534, 666231.9775712767 7184995.275424445, 666065.4427286228 7184995.9368578, 666026.4941181861 7184993.773064993, 665994.1209089945 7184989.382870301, 665965.1209004102 7184983.682874595, 665937.9208920891 7184976.98287827, 665910.6208834437 7184968.782881575, 665882.5208739971 7184957.582884261, 665857.4208652631 7184946.08288627, 665822.9208527822 7184927.88288841, 665796.9140429402 7184911.981089458, 665768.5208318917 7184893.082690204, 665734.5962168279 7184861.131488663, 665698.4605995532 7184820.88468541, 665678.769989768 7184797.082883153, 665657.5645782213 7184766.356679402, 665616.7205524495 7184689.382667571, 665604.3349433735 7184659.681062336, 665591.7849307864 7184612.510052611, 665580.5331122169 7184533.531034397, 665572.7432935473 7184449.575214213, 665569.4976829189 7184400.240402093, 665571.603273576 7184350.468188798, 665582.4194454273 7184194.784946397)
R. MORRETES;OUTRAS VIAS;LEI Nº 15511 / 2019;LINESTRING (671589.2239646196 7182161.819408707, 671668.2755773232 7182126.171183305, 671784.1997961821 7182075.069146342, 671899.899815211 7182025.13510971)
R. MOYSES MARCONDES;OUTRAS VIAS;LEI Nº 15511 / 2019;LINESTRING (675287.1485514439 7188103.63178278, 675242.523747321 7188139.381601574, 675170.2121413911 7188200.937632978, 675100.4877354098 7188259.068662936)
R. MTO. CARLOS FRANK;COLETORA 1;LEI Nº 15511 / 2019;LINESTRING (678998.2447349259 7176999.762144245, 678851.1280852414 7176937.872560361, 678731.3282443692 7176885.480972974, 678611.8282039932 7176834.978185978, 678491.5623633765 7176784.177799058, 678371.5297227982 7176733.213012034, 678251.7750821874 7176681.708824801, 678133.4278422052 7176631.444037563, 678022.6566046485 7176583.709849324, 678010.7050005731 7176578.451250566, 677912.1953670494 7176535.360860854, 677804.0217306083 7176489.734872564, 677692.1458927867 7176441.859284491, 677572.4268523983 7176390.959297322, 677454.0062123233 7176339.962309839, 677333.7649720145 7176289.899722964, 677219.1079315846 7176232.735533118, 677120.6696982483 7176190.049543418, 676858.7496097514 7176077.236570969, 676659.7419428467 7175992.865792191, 676650.5447399815 7175990.030993437, 676641.6063371577 7175987.0953946, 676442.3744698439 7175900.851015363, 676234.4704001928 7175813.438037632, 676152.607572779 7175779.021046389, 676128.6067652684 7175771.416849572, 676060.5215479452 7175768.678463282, 676029.995741133 7175771.965670547, 676012.642737301 7175774.031074727, 675988.404531591 7175775.219080141, 675959.8887242269 7175773.555685749, 675933.2739165766 7175768.32789007, 675909.9861094952 7175761.911893394, 675889.3123025545 7175753.119495573, 675865.311493945 7175740.28749745, 675845.5880860351 7175725.791898012, 675828.4786788203 7175711.534098081, 675814.5780723905 7175697.261697469, 675760.991447277 7175640.660494718, 675664.3620052277 7175553.859893546)
R. MTO. FRANCISCO ANTONELLO;COLETORA 2;LEI Nº 15511 / 2019;LINESTRING (674761.226058045 7181632.68021442, 674682.8396173223 7181532.966605376, 674675.0096136075 7181524.693004903, 674591.1599688586 7181412.255393762, 674506.9599242243 7181300.680182923, 674423.2230798352 7181189.6137721175, 674339.1974351562 7181077.392361089, 674254.3763904563 7180965.934350427, 674182.0909522015 7180870.09574113, 674109.9687139959 7180774.20693179, 674040.7418773558 7180682.253522852, 673922.5504148621 7180525.380107633, 673828.3845651868 7180400.79889562, 673733.9321153471 7180275.639083529, 673642.6140670308 7180153.880071655, 673540.2170130784 7180018.275258587, 673437.6749591118 7179882.626845546, 673391.3749345187 7179820.233239371, 673345.0373100438 7179758.426833356, 673294.1014831618 7179690.5440267585, 673222.7014454344 7179595.11601745, 673150.3580073947 7179499.2390082255, 673085.3397730999 7179412.498199796, 673012.0601347784 7179316.241390681, 672947.6191008748 7179230.541582403, 672903.0782770205 7179169.2375761615)
R. MTO. ÂNGELO ANTONELLO;COLETORA 2;LEI Nº 15511 / 2019;LINESTRING (678641.9273868887 7183252.517007433, 678535.6545519687 7183215.966020785, 678458.0673260938 7183187.480830062)
R. MURILO DO AMARAL FERREIRA;OUTRAS VIAS;LEI Nº 15511 / 2019;LINESTRING (672034.4220809897 7183147.881170088, 672047.5956839054 7183145.743366821, 672200.0987199188 7183132.015731805, 672212.2281232247 7183133.063329568)
R. MYLTHO ANSELMO DA SILVA;COLETORA 1;LEI Nº 15511 / 2019;LINESTRING (672734.8985408254 7187402.538730973, 672701.4637337304 7187410.236739917, 672551.2725024149 7187447.523380792, 672391.019668901 7187486.888624267, 672298.7052495944 7187509.599649306, 672166.906422067 7187542.242285096, 672048.3951973644 7187571.871917333, 671902.1555668539 7187608.357557073)
R. MÁRIO BITTENCOURT;OUTRAS VIAS;LEI Nº 15511 / 2019;LINESTRING (677919.6701379551 7191385.833296321, 677850.5713380486 7191472.062734112)
R. MÁRIO BURIGO;OUTRAS VIAS;LEI Nº 15511 / 2019;LINESTRING (670499.1638305468 7185791.833769928, 670474.9462375897 7185856.838991812)
R. MÁRIO GOMES CÉZAR;COLETORA 2;LEI Nº 15511 / 2019;LINESTRING (671120.981889379 7176528.906281498, 670945.7204457319 7176526.994116994, 670763.9204005736 7176525.575753916, 670582.9201555146 7176523.679590514, 670486.9129315491 7176522.346609829, 670402.1203104527 7176521.518626967, 670314.6324886887 7176520.66144464, 670205.6094617869 7176520.684266921)
R. MÁRIO GOMES CÉZAR;OUTRAS VIAS;LEI Nº 15511 / 2019;LINESTRING (671409.7595612138 7176531.64702283, 671280.0119288634 7176530.053849114, 671120.981889379 7176528.906281498)
R. MÁRIO ZANLORENZI;COLETORA 1;LEI Nº 15511 / 2019;MULTILINESTRING ((668089.2712737903 7183136.814771971, 667994.3528483025 7183130.303189428, 667873.2502168803 7183127.435013082), (668379.8403504053 7183149.713116653, 668390.0863536906 7183153.053515445, 668431.8251651825 7183157.318708112, 668488.1877821567 7183170.266900054, 668536.7815994638 7183194.639896503, 668568.4352092597 7183203.195892305, 668743.4426619526 7183243.231067207, 668751.9328645049 7183245.154665982, 668833.7180883086 7183259.778453188, 668859.4450950841 7183260.861648256))
R. MÁXIMO JOÃO KOPP;COLETORA 2;LEI Nº 15511 / 2019;LINESTRING (679138.1430492697 7192265.034671098, 679158.5814558954 7192270.599468203, 679189.1196653029 7192276.610863257, 679239.2256805678 7192285.68185493, 679255.7164856044 7192288.719452202, 679269.7832901947 7192292.687050246, 679288.8998969429 7192300.441848218, 679435.769750718 7192368.9624350425, 679495.6437728978 7192398.057829978, 679549.7257930294 7192424.781825519, 679600.9738122004 7192450.519621402, 679617.3252184535 7192459.362620259, 679654.2174331665 7192482.120018429, 679800.3258920694 7192575.081811938, 679813.4970969663 7192581.539010836, 679831.4265033185 7192588.879208945, 679842.9273069857 7192591.686607219, 679853.3025100271 7192592.983605332, 679868.8945140267 7192592.288401785, 679935.3113299974 7192584.379385337, 679957.6453352536 7192581.188779661, 679970.7535383764 7192579.4903763775)
R. MÉXICO;SETORIAL 1;LEI Nº 15511 / 2019;LINESTRING (676813.4243998353 7189284.981572577, 676814.0939998087 7189284.024172181, 676883.5361971413 7189185.602531403, 676958.1047940518 7189078.943487364, 677032.955391163 7188972.971443456, 677107.7533882685 7188867.127999596, 677181.7243850823 7188761.018555849, 677256.6231820753 7188654.698311857, 677332.1647791984 7188548.2870677095, 677405.6669759692 7188442.826024253, 677441.0467745991 7188392.957603574, 677501.3243721031 7188307.28116816, 677577.1861689794 7188199.621523637, 677631.1547668942 7188123.729892151, 677747.9809626887 7187961.048824427)
R. NAPOLEÃO BONAPARTE;COLETORA 2;LEI Nº 15511 / 2019;LINESTRING (679322.2738049261 7187179.731882136, 679739.63615087 7187354.059238033, 679745.8331530377 7187356.638237376, 679745.8499530428 7187356.645437373, 679934.61301931 7187436.425217616, 680044.7578577418 7187481.799805763, 680156.1770969314 7187529.101394128, 680266.0097353979 7187574.904382431, 680377.3297744676 7187621.648570647, 680486.0180125587 7187666.98315905, 680597.6996514658 7187712.434146825)
R. NATAL;COLETORA 1;LEI Nº 15511 / 2019;LINESTRING (679740.9159479818 7184555.54250786, 679796.2575248668 7184382.524451112, 679851.832102027 7184210.609594632, 679879.7242907411 7184125.1849665195, 679906.7242792026 7184039.679738587, 679962.0410564541 7183868.7068824675, 680018.7320342435 7183698.7134263385, 680075.6964119249 7183527.9941699905, 680104.3536009602 7183443.3699419815, 680132.2817892621 7183356.250713494, 680142.3571850944 7183325.065503282, 680155.6583770178 7183271.989286734, 680183.5253651824 7183184.3520581415, 680187.1793628826 7183169.404453505, 680212.6529520063 7183089.051427314, 680241.5527396196 7182997.708397564, 680245.3773385508 7182988.260194305, 680269.6479285198 7182913.287969776, 680297.9413171794 7182827.547541613, 680353.53149404 7182655.209085308)
R. NATAL CECONE;OUTRAS VIAS;LEI Nº 15511 / 2019;LINESTRING (667710.1458891744 7185681.9975069165, 667671.0032687717 7185630.702101438, 667550.2266080639 7185483.474087412, 667543.5808035581 7185469.561685131, 667532.8747941082 7185436.254278621, 667536.8195884216 7185402.8930691555)
R. NEIDE DARIF PALHANO;OUTRAS VIAS;LEI Nº 15511 / 2019;LINESTRING (669014.5881593914 7185356.303958827, 669017.8901539339 7185325.18635007, 669021.0165538115 7185320.617148249, 669036.8889543384 7185303.061140468, 669049.8453551054 7185290.405334553, 669056.2151537294 7185275.532129398)
R. NELSON FERREIRA DA LUZ;COLETORA 2;LEI Nº 15511 / 2019;LINESTRING (668371.0211973897 7183393.4819811825, 668375.5211924379 7183363.281972496, 668375.8211873635 7183337.781965869, 668378.7261669763 7183233.165938353, 668379.8403504053 7183149.713116653)
R. NICARÁGUA;COLETORA 1;LEI Nº 15511 / 2019;LINESTRING (676302.6288307973 7189118.782836709, 676390.7622625354 7189159.683828898, 676398.8624652361 7189162.42742791, 676405.2642670248 7189162.950026695, 676413.3630690317 7189162.399424835, 676430.1484728896 7189159.854220612, 676612.524348029 7189289.0454162145, 676744.9178022372 7189381.068212543, 676867.7780528043 7189467.579609423, 676978.5826985436 7189546.12360674, 677077.026138827 7189614.161603887, 677171.7557780546 7189681.750401698, 677327.3874421846 7189791.138597652, 677442.9820891278 7189869.024393747)
R. NICOLA PELLANDA;SETORIAL 1;LEI Nº 15511 / 2019;LINESTRING (670922.24878417 7175280.1204119045, 671032.8711715867 7175086.623741279, 671074.2177673436 7175016.60731546, 671099.8581647674 7174973.474899524, 671133.7539622427 7174920.7624795195, 671142.5179625893 7174911.9984755535, 671205.0657578302 7174814.306838544, 671219.5921556526 7174786.409228662, 671223.8349541684 7174774.137224758, 671252.5513418388 7174679.963795584, 671281.7201292196 7174583.879165852, 671288.3101261971 7174561.339358932, 671304.1357159994 7174492.923538785, 671323.6200993242 7174388.679109056, 671335.4800847992 7174303.96568572, 671348.8068704036 7174218.145861818, 671349.7800693215 7174211.732460037, 671355.5986678349 7174197.602855358, 671355.8638340216 7174032.882814717, 671355.320026656 7173997.719206169, 671355.8198107686 7173919.878786903, 671356.0252026329 7173880.082577065, 671356.0304024208 7173879.046376809, 671355.7919870818 7173804.749158576, 671374.8789719986 7173708.8253310565, 671396.7973565084 7173607.601101663, 671415.5835427874 7173518.706075953, 671426.2887345178 7173465.860860771, 671437.4257265921 7173414.188045788, 671464.5199032503 7173268.77880452, 671466.4681012097 7173256.568801124, 671495.0046735463 7173088.519554034, 671509.4196589817 7173000.778729562, 671518.4196503952 7172948.478514893, 671529.5196387987 7172879.0784956105, 671534.0602342028 7172851.406487898, 671535.5196294836 7172826.778481568, 671534.5196184724 7172774.478468969, 671532.8814122081 7172745.9846623335, 671528.5196064558 7172723.178457649, 671526.8188043935 7172715.16645604, 671521.4298005922 7172703.041254181, 671504.757792497 7172683.337852793, 671486.2195846193 7172666.878452582, 671417.5405559283 7172608.272452382, 671403.9121499949 7172595.473852056, 671396.2161452996 7172581.703050271, 671393.084342593 7172572.2350486, 671389.389937605 7172552.342244497, 671390.807332071 7172523.76943722, 671396.8699298307 7172505.750031567, 671402.7641286579 7172493.119627267, 671431.7807285936 7172458.693012882, 671449.2659289374 7172439.812204668, 671467.3815289197 7172418.438995717, 671483.7553282538 7172395.964986857, 671499.8081272796 7172372.367377786, 671516.1821260153 7172347.003768221, 671533.5191247198 7172320.356158141, 671545.7193232409 7172298.845350376, 671557.1167220611 7172279.742543364, 671570.7089201207 7172254.37033437, 671571.564319998 7172252.773733804, 671584.4065174467 7172225.323324458, 671596.2857154235 7172201.565116212, 671606.5595132106 7172178.770108531, 671609.5907099871 7172159.575503223, 671609.8961049719 7172134.863297129, 671606.6688894788 7172063.446280371, 671606.9682810407 7172022.130870232, 671605.1718778308 7172008.658467317, 671605.2842734253 7171987.140062047, 671607.3050664661 7171950.988852818, 671616.0620608071 7171913.266041817, 671633.3016507484 7171844.26302145, 671634.2466483333 7171831.43841813, 671656.0304365795 7171748.902193537, 671680.954425279 7171664.923967953, 671691.5078223611 7171638.428159327, 671707.264619665 7171606.930948413, 671716.6538179105 7171587.4483417375, 671725.5736161869 7171568.669735329, 671727.2168140425 7171556.346331993, 671743.2958118176 7171526.769921482, 671757.2624106304 7171504.705113232, 671799.3404078049 7171441.885489278, 671826.6626076202 7171409.106075672, 671892.1282079421 7171334.321643986, 671925.0274098548 7171305.239830129, 671956.8314105028 7171271.317415321, 671969.2522119186 7171263.71141091, 672021.9464139019 7171211.954387455, 672113.9588166107 7171118.002345633, 672124.1172170937 7171108.521541232, 672166.0560228146 7171087.447727449, 672310.2886450087 7171027.204683002, 672368.3394541993 7171004.235465419, 672384.6860566565 7170997.133660313, 672398.3576582505 7170988.974255504, 672430.8812599283 7170959.344641582, 672580.6260677977 7170823.785577695, 672617.0034689205 7170787.083561258, 672653.3806695708 7170748.107744274, 672698.5274711064 7170703.285724053, 672732.6310721462 7170668.857308641, 672761.8628724853 7170636.702494787, 672799.1688717598 7170590.095675763, 672802.346871301 7170584.2096736785, 672830.1006709912 7170550.661659797, 672899.1606722573 7170477.034227642, 672916.6996725132 7170458.033619404, 672924.738472012 7170446.340814903, 672966.3936724663 7170400.483595159, 672988.765472656 7170375.605784494, 673002.3852715219 7170354.443576546, 673066.663668087 7170263.857141287, 673078.7560680395 7170249.706535352, 673117.5196661891 7170196.177714359, 673142.0478645191 7170159.914700497, 673151.8658637227 7170144.7916948, 673157.4384629288 7170134.554291168, 673165.3498603262 7170112.942484303, 673175.6412566892 7170083.612075077, 673203.930443872 7169989.46484646, 673215.2628374283 7169945.450833477, 673219.1902324602 7169917.057425806, 673223.7174228086 7169865.446412411, 673226.132010328 7169802.6683967635, 673229.7537970683 7169734.759179631, 673232.1683896086 7169696.126569815, 673233.3755813589 7169655.079359668, 673238.6859629032 7169560.2679357175, 673242.3197571875 7169528.621327339, 673246.3319538466 7169507.953121524, 673265.2959427582 7169432.931899514, 673271.3767395988 7169410.781092916, 673277.0589388144 7169400.498689258, 673290.0473398818 7169390.757484211, 673329.8241456136 7169372.763271602, 673362.430150537 7169359.098461526, 673378.2597518864 7169347.463055431, 673390.8421525445 7169336.23345011, 673403.4245523874 7169321.080443844, 673411.0011496554 7169299.298037024, 673410.7305453093 7169278.7330321325, 673405.7245399767 7169258.844628392, 673402.7481362809 7169244.503425561, 673396.1187303655 7169223.668021929, 673382.9951227906 7169202.29141952, 673354.1771071169 7169159.944015336, 673336.5888958911 7169126.120210865, 673324.6828852306 7169088.508204302, 673292.104854176 7168976.5069841705, 673267.2208314416 7168895.667969931, 673251.7992169503 7168843.633160647, 673244.9842095327 7168815.753555372, 673229.2983949623 7168763.620346123, 673221.1317880156 7168739.549342046, 673205.3333731184 7168685.958732476, 673138.6807091411 7168454.342490812, 673129.7485017225 7168428.84708656, 673118.4966929042 7168399.257081811, 673102.4884812867 7168361.626276128, 673073.369862089 7168302.459668014, 673047.1190438245 7168244.496059595)
R. NICOLAU JOSÉ GRAVINA;SETORIAL 2;LEI Nº 15511 / 2019;LINESTRING (668910.5994617279 7187968.505862983, 668863.2196602239 7188022.041886664, 668855.5098600918 7188031.309890663, 668833.6626572986 7188045.628498854, 668814.7912553314 7188060.209706511, 668772.0338538525 7188107.970727736, 668762.8270543352 7188122.21833335, 668752.6262560956 7188144.056741163, 668743.4102585623 7188168.1219493635, 668714.2658696811 7188260.654179629, 668703.330081915 7188335.242001494, 668701.4960904486 7188379.797413607, 668702.3167006786 7188429.308626491, 668699.3399019518 7188439.446829766, 668693.7781044375 7188458.913236023, 668686.0345059827 7188476.55124224, 668677.0927077661 7188496.919049421, 668674.2023093851 7188508.651453098, 668648.0679227577 7188608.537284731, 668633.4291301245 7188663.889302297)
R. NICOLAU MAEDER;EXTERNA;LEI Nº 15511 / 2019;LINESTRING (674676.0506664934 7187503.847753265, 674683.9666693201 7187507.516552571, 674692.0540723949 7187512.160752097, 674699.7410756354 7187518.086152043, 674708.3140795215 7187525.996952325, 674780.1145149888 7187606.145758335, 674814.5235322687 7187645.881561564, 674870.72356073 7187711.881567128, 674871.2463609914 7187712.483567176, 674962.6460066431 7187816.70097541, 675037.0758441729 7187903.181582538, 675057.365654243 7187925.974584279, 675150.0577011199 7188034.2031933, 675183.0537174841 7188071.169796104)
R. NICOLAU MAEDER;OUTRAS VIAS;LEI Nº 15511 / 2019;LINESTRING (675183.0537174841 7188071.169796104, 675242.523747321 7188139.381601574, 675333.1055932011 7188245.269610432)
R. NILO CAIRO;COLETORA 1;LEI Nº 15511 / 2019;LINESTRING (674963.4932582211 7186154.9461398795, 675051.7030892338 7186194.109331588, 675156.2127259953 7186240.533721764, 675163.3095281459 7186242.041120667, 675166.4615290167 7186242.312520076, 675171.1841302298 7186242.272719074, 675225.3187430496 7186236.687106241)
R. NILO PEÇANHA;COLETORA 1;LEI Nº 15511 / 2019;LINESTRING (673519.4873377171 7187368.920759279, 673520.7721394723 7187375.743760802, 673522.1201424208 7187388.235363801, 673531.0231717741 7187518.181796061, 673536.3595880071 7187589.533213692, 673537.9361926072 7187609.667418653, 673540.9661989969 7187636.581825093, 673542.123000801 7187643.811426753, 673544.8054041537 7187656.568829546, 673554.7168154689 7187698.547038516, 673569.1716318071 7187758.980851393, 673581.6262460055 7187811.622262641, 673599.4868659 7187884.857478185, 673608.5382766896 7187925.359686954, 673612.3656822827 7187947.44569197, 673618.627293315 7187992.60390255, 673626.6619096603 7188061.061718898, 673633.4243219838 7188111.786130844, 673636.9809283912 7188138.104737034, 673637.9293316997 7188152.805340709, 673638.2751346913 7188166.745144308, 673637.2081373755 7188180.971348278, 673635.429938873 7188190.39635113, 673632.4067403801 7188201.421754666, 673628.6723414421 7188211.202158018, 673624.2267424299 7188221.516361661, 673619.0697428607 7188230.052164983, 673608.7555432055 7188244.633970972, 673587.7717431734 7188270.774782227, 673552.4717431593 7188314.972001221, 673543.781143651 7188328.233806526, 673536.7003441467 7188339.498810967, 673517.8719460621 7188372.327623539, 673504.1931480153 7188398.880633386, 673489.1449500201 7188427.400044036, 673483.6869509034 7188438.491848094, 673465.3007547234 7188479.943462851, 673450.2217570362 7188510.007073918, 673443.5755579576 7188522.781678671, 673439.5187584778 7188530.377481517, 673435.2029588582 7188537.628084328, 673429.0745597517 7188549.625888769, 673422.0829610123 7188564.472094139, 673418.2851620289 7188574.13929748, 673414.423363275 7188584.982101143, 673398.8763693866 7188633.91191729, 673388.2747741864 7188670.330929107, 673384.6093761154 7188684.221133536, 673381.92777783 7188695.84073716, 673379.6933796307 7188707.311540654, 673377.9055815791 7188718.931144093, 673376.2669836286 7188730.84874758, 673375.8199859887 7188742.766350821, 673375.9963890117 7188757.089354567, 673377.4195937112 7188777.908959771, 673379.3437969852 7188791.229962887, 673383.3710028178 7188814.227168126, 673389.0324089836 7188836.761972902, 673395.51821627 7188863.652778659, 673403.5744251348 7188896.151385572, 673411.9500340451 7188928.4611923685, 673427.7350515567 7188992.810006097, 673429.6228541778 7189003.043808411, 673430.7158564271 7189012.482810678, 673431.3190584036 7189021.234012866, 673433.2636734396 7189091.094830938, 673433.555474655 7189096.572632326, 673434.858679831 7189119.823438205, 673435.3660814262 7189126.863239963, 673436.5190833003 7189134.416041721, 673440.0546868584 7189147.078044334, 673443.0756894047 7189155.512245938, 673449.6844948707 7189173.471249316, 673475.457916409 7189244.56506277, 673482.009721772 7189262.093666048, 673492.5871303851 7189290.174671281, 673501.2759382161 7189316.870276541, 673501.9055399522 7189324.425678411, 673500.8981411563 7189331.477280486, 673498.1487427804 7189342.754484046, 673493.2237444696 7189357.081688865, 673484.6827475016 7189382.430497354, 673483.4227479459 7189386.1510986015, 673482.2477493437 7189394.355701018, 673482.1457510118 7189402.501503196, 673483.1397530324 7189410.970305233, 673484.0791541842 7189415.325106191, 673484.7805556308 7189421.389107652, 673487.0713591857 7189435.593110938, 673495.3419711909 7189482.877121746, 673497.7789745054 7189495.738524647, 673500.0803766013 7189502.913726069, 673506.0929806761 7189514.917928001, 673538.9241975646 7189554.684531711, 673566.7812131685 7189594.536936478, 673571.7030160278 7189602.064337451, 673583.9222235985 7189623.0315404665, 673607.2138394703 7189669.905548047, 673644.0822641733 7189742.073159516, 673649.1536679384 7189753.753961559, 673655.6506740968 7189775.140165882, 673660.450480647 7189800.542971622, 673663.3020856793 7189821.113976487, 673665.3386909636 7189843.925382117, 673667.5842994489 7189881.846191715, 673675.9723311138 7190023.332427539, 673679.341135687 7190041.042431543, 673689.1427448051 7190072.449037844, 673701.4851562809 7190111.964045774, 673716.3011691716 7190155.144654164, 673740.4451912409 7190230.590869193, 673742.1261932474 7190238.10267084, 673743.0525948335 7190244.54827236, 673744.13199675 7190252.38627422, 673743.6872028374 7190282.171482233, 673745.262811457 7190321.560092382, 673747.8356198694 7190358.699701725, 673751.9806289797 7190397.189111101, 673755.8788363272 7190427.536518365, 673762.6464490176 7190479.89593089, 673769.3794590551 7190519.5643400485, 673782.8290783098 7190594.968357323, 673793.6112935873 7190654.642170971, 673815.2333271836 7190788.511002138, 673821.3259366056 7190826.010810866, 673823.636340929 7190843.832615137, 673824.1309421421 7190849.025816418, 673823.8837433816 7190855.290618138, 673822.729744555 7190862.379620271, 673820.6689456425 7190870.210622788, 673817.6165467453 7190879.375825868, 673813.1677483257 7190892.59483032, 673808.694349502 7190903.909634269, 673801.6739497005 7190913.760438359, 673791.4591478835 7190917.987241615, 673768.1257427342 7190922.850047773, 673743.8277378503 7190930.208854796, 673622.500315569 7190977.101692565, 673594.4981102871 7190987.266501104, 673571.9957061383 7190995.903908091, 673558.4713036544 7191001.131712299, 673543.3317009746 7191007.478717141, 673530.5808989955 7191014.157921577, 673519.1318974182 7191021.117125816, 673506.4480959572 7191030.2091308795, 673491.8238946467 7191042.482737197, 673480.2946934829 7191051.535942009, 673466.2638923661 7191063.995348252, 673453.6846915655 7191076.130554107, 673439.7566905987 7191089.185560486, 673427.7024898514 7191100.917366123, 673412.4112886428 7191114.542372939, 673401.1888876553 7191124.059977813, 673390.10868632 7191131.730982164, 673379.7386847904 7191137.555185873, 673369.2264830144 7191142.385189347, 673355.9206803627 7191146.551993227, 673340.0106769449 7191150.340197543, 673324.4792733886 7191152.991801478, 673297.9624672062 7191156.96940805, 673267.5238599719 7191160.882815416, 673247.2014553584 7191164.545620615, 673230.912451878 7191168.523225059, 673217.4646492288 7191172.879629015, 673202.8804464733 7191178.183033459, 673150.703037105 7191199.508049984, 673143.4860360045 7191203.39745252, 673136.1288350555 7191208.204255331, 673130.4118347962 7191214.243458131, 673123.6610348255 7191222.983461866, 673117.9900339457 7191225.964663838, 673100.6150315913 7191236.765470329, 673086.214029927 7191247.096476076, 673072.8870283759 7191256.612881385)
R. NITERÓI;COLETORA 2;LEI Nº 15511 / 2019;LINESTRING (679257.296379725 7182489.57927921, 679272.2641844526 7182493.878677097, 679388.4236219221 7182530.879261607, 679445.3236402343 7182548.779453956, 679501.5218584918 7182567.259246603, 679615.5228954912 7182604.518831615, 679672.4229139879 7182623.239224162, 679729.2229327459 7182643.279417066, 679786.5499517058 7182663.619209928, 679845.2809708553 7182683.164802281, 679860.279775088 7182685.100799543, 679956.6412063076 7182716.227786746, 680013.6698245998 7182733.773378942, 680070.9240432535 7182752.719171446, 680184.3698802836 7182790.538956653, 680297.9413171794 7182827.547541613, 680353.3501350594 7182845.027734122, 680412.0699541316 7182864.110526323, 680465.9631716734 7182881.789119205, 680524.1215906404 7182901.019111559, 680634.7454268101 7182938.004297109, 680757.0666667578 7182978.619681044, 680812.6270846672 7182995.969073461, 680869.5587033506 7183015.258066073)
R. NOSSA SENHORA DE FÁTIMA;COLETORA 2;LEI Nº 15511 / 2019;LINESTRING (678207.9241475922 7185457.780471169, 678206.5241504172 7185472.680475347, 678177.5105788945 7185640.932125343, 678175.9983824694 7185659.487330498, 678176.615584341 7185667.499532453)
R. NOSSA SENHORA DE NAZARÉ;COLETORA 1;LEI Nº 15511 / 2019;LINESTRING (677341.7214640605 7191757.8253189055, 677207.543793155 7191591.497102896, 677168.4099719201 7191540.326697517, 677164.0127690099 7191532.110896253, 677161.5055666093 7191523.933494598, 677161.3511652579 7191517.76189298, 677162.4313636106 7191508.658890316, 677165.0541618159 7191496.932886623, 677177.7733565018 7191456.055872989, 677180.5505547118 7191444.16606922, 677183.0227519269 7191427.975664366, 677145.1063360178 7191400.325865025, 677137.1235324609 7191393.525664903, 677130.7667295233 7191387.61226467, 677057.5072921001 7191302.653457516, 676964.4922447731 7191195.565248642, 676873.6133983557 7191089.994439725, 676782.0749517054 7190984.032030847, 676690.6813050418 7190877.722421848, 676597.7246578768 7190770.882013043, 676597.6704578503 7190770.818813041, 676505.5036106835 7190662.879603778, 676376.0769449011 7190513.243591297, 676295.5245039132 7190419.781983445, 676215.3244632047 7190327.123375734, 676098.8006041549 7190192.80536462, 675994.4909511511 7190071.725754451, 675993.4243506078 7190070.481954344, 675889.1518976743 7189949.552744214)
R. NOSSA SENHORA DO PERPÉTUO SOCORRO;OUTRAS VIAS;LEI Nº 15511 / 2019;LINESTRING (671372.9691619412 7177551.858685376, 671268.0165357781 7177551.220106793, 671110.4412966599 7177551.051739119)
R. NOVA AURORA;COLETORA 2;LEI Nº 15511 / 2019;LINESTRING (673130.6683890985 7172696.868119788, 673226.1100254541 7172760.526515529, 673325.7514636657 7172828.147311358, 673425.1635016103 7172894.675506962, 673524.3203394628 7172960.978302559, 673524.3749394869 7172961.024502559, 673525.3697399024 7172961.865102557, 673547.2237488381 7172979.31550228, 673561.7059550558 7172992.298302446, 673566.8667576599 7172998.78810296, 673607.5895731634 7173025.7791010905, 673652.3001903587 7173056.228099236, 673802.6236484421 7173159.796693287, 673856.1324692172 7173197.099691272, 673941.4235022739 7173256.223887974, 674076.7493541923 7173347.380482085, 674086.2403575728 7173352.521881362, 674137.1205771386 7173386.97827919, 674238.9802166668 7173457.593075236, 674262.2514261802 7173476.025674896, 674267.2838289458 7173483.396675656, 674327.7798547461 7173536.39067602, 674342.2140612457 7173550.669076509, 674354.8206673263 7173565.078277411, 674434.8207083766 7173668.178286012, 674527.0133583179 7173799.4634989975, 674533.3291613567 7173806.624099437, 674635.7882155664 7173946.184312319, 674682.7208398366 7174007.37831755, 674707.1866523635 7174038.67252013, 674734.4980662114 7174072.947322845, 674750.45887342 7174088.751523394, 674751.6696739087 7174089.676923368, 674769.0874815698 7174105.946923723, 674792.5332907996 7174122.673122928, 674837.2831085362 7174155.17812155, 674883.0517264921 7174187.524519917, 674931.2325455213 7174222.1503183395, 674979.1327644605 7174256.662716793, 675025.1967826183 7174289.565715231, 675071.0414008795 7174323.2133139, 675117.6936192884 7174356.590312331, 675164.2392377728 7174390.444910901, 675219.0226593738 7174429.521309026, 675275.4934818347 7174470.705707315, 675321.0442998797 7174503.562905844, 675363.7077167577 7174534.210104435, 675408.3005343003 7174565.757702838, 675454.3411524058 7174598.2821011795, 675498.7313699343 7174629.969699658, 675567.3745972893 7174680.114897588)
R. NOVA ESPERANÇA;COLETORA 2;LEI Nº 15511 / 2019;LINESTRING (672899.9076847013 7174390.5243838895, 672936.973678997 7174319.422158656, 673035.1372651849 7174137.522693427, 673107.2126545905 7174001.900645042, 673111.2586535623 7173992.211441815, 673209.4772409349 7173816.311378101, 673291.827629538 7173665.08872378, 673303.7878279297 7173643.360315949, 673328.0234250095 7173600.98350049, 673414.1140152565 7173453.492846333, 673415.2904152003 7173451.8566456875, 673433.9466129446 7173419.22803379, 673519.0172027713 7173271.097979711, 673550.8669996182 7173218.825360251, 673557.6861993308 7173209.500556542, 673593.7735955348 7173149.229334239, 673621.3173932658 7173106.252917958, 673652.3001903587 7173056.228099236, 673686.9993873525 7173001.423878569, 673703.3631859296 7172975.566068821, 673754.9429815307 7172894.4864382, 673759.8299811429 7172886.948035335, 673785.9947789134 7172845.855819812, 673814.827176352 7172800.078402588, 673827.0231757449 7172783.005595863, 673840.0689759234 7172768.708789639, 673850.0523765285 7172760.023385432, 673869.9133783063 7172745.476377724, 673893.6599810047 7172730.842169186, 673981.6881905029 7172674.209536947, 674057.9157985768 7172624.490108861, 674067.9135995955 7172617.779105129)
R. NUNES MACHADO;OUTRAS VIAS;LEI Nº 15511 / 2019;LINESTRING (673494.4533010432 7185301.311824479, 673499.8264993544 7185286.552419526, 673555.2426863327 7185155.480573937, 673623.562269755 7184991.481317131)
R. ODACIR SCHILIPAK;COLETORA 2;LEI Nº 15511 / 2019;LINESTRING (676632.4249948196 7192318.982419826, 676695.0952228066 7192372.477020921, 676788.4284640106 7192449.82482192, 676859.9952968685 7192515.03602427, 676978.7145286107 7192515.787199298)
R. ODAIR PAZELLO;OUTRAS VIAS;LEI Nº 15511 / 2019;LINESTRING (671260.22007255 7178226.180077774, 671110.9190355213 7178226.778308591)
R. ODIR GOMES DA ROCHA;COLETORA 1;LEI Nº 15511 / 2019;LINESTRING (666575.9392062747 7170719.953175025, 666700.6282296136 7170687.171142139, 666763.9198413709 7170670.1097253375, 666893.812465379 7170634.515090702, 666957.0690770854 7170617.276473852, 667039.7670924269 7170594.944451866, 667106.064904744 7170577.148634259, 667173.4097172403 7170559.004016354, 667224.3543266442 7170545.046402749, 667273.9033357111 7170531.088989422, 667299.3755404116 7170524.110182617, 667330.4311467302 7170518.527175028, 667382.073557349 7170509.80376254, 667433.0183677978 7170501.08035019, 667502.107781892 7170488.867533345, 667502.0257818896 7170488.959133383, 667570.8481959697 7170477.003716648, 667634.0058088483 7170465.837701237, 667693.3250209473 7170455.369686764, 667901.8418636725 7170419.595236102)
R. OLINDO SEQUINEL;OUTRAS VIAS;LEI Nº 15511 / 2019;LINESTRING (671448.068210262 7176724.086462951, 671418.3188029628 7176724.32546913, 671278.907368215 7176722.8362974245, 671117.9545281578 7176721.387530129)
R. OLÍVIO DOMINGOS LEONARDI;COLETORA 2;LEI Nº 15511 / 2019;LINESTRING (673900.7525344897 7173457.882545976, 673960.5237413101 7173420.947524426, 674076.7493541923 7173347.380482085, 674085.2383556187 7173344.338279564, 674141.1855620241 7173309.942259427, 674257.5117749571 7173236.651017117, 674366.1893873023 7173169.515777906, 674455.1205971164 7173113.278145496, 674556.376808512 7173050.3625088595, 674649.4204192264 7172993.778075488, 674741.1204295787 7172937.077842364, 674780.9452339326 7172911.797027817, 674781.9204340398 7172911.17782746, 674848.489841621 7172870.385803498, 674870.9540442611 7172857.02199551, 674952.9538532498 7172805.161365592)
R. OLÍVIO ZAGONEL;COLETORA 2;LEI Nº 15511 / 2019;LINESTRING (668519.9003176568 7183800.658056069, 668511.0175077613 7183762.92724813)
R. OMAR RAYMUNDO PICHETH;SETORIAL 2;LEI Nº 15511 / 2019;LINESTRING (672534.1531217218 7177898.487532709, 672605.3119284775 7177845.742304736, 672681.9217354199 7177787.412074231, 672759.2541426199 7177729.5106436815, 672836.3209495099 7177670.4794129, 672913.9209568173 7177612.879382364, 672989.469763586 7177555.182752227, 673066.7657707743 7177497.473321721, 673143.3097778796 7177440.315291504, 673219.5155848109 7177382.77386126, 673296.2569917995 7177324.915230822, 673372.9155987694 7177267.120800413, 673450.1156058707 7177209.362369897, 673526.5156127808 7177151.685139565, 673603.5626197348 7177093.502108969, 673657.1412245334 7177052.902087657, 673680.8928264125 7177033.7150779115)
R. ORESTES CODEGA;SETORIAL 1;LEI Nº 15511 / 2019;LINESTRING (671018.5927582015 7176012.882974034, 670931.6015449477 7176052.667801779, 670843.2961313811 7176092.552229809, 670755.3203180409 7176133.17965795, 670667.0339045846 7176173.659086109, 670579.2686909145 7176212.510713749, 670491.9986776279 7176252.673741609, 670405.2966643489 7176292.235369193, 670318.9200509145 7176330.679596426, 670237.9270386128 7176368.217822326, 670178.220229683 7176396.579841588, 670147.6304299952 7176435.059257422, 670087.6904310983 7176512.90848906, 670077.3956294206 7176517.129092213, 669987.2892136357 7176548.752518481, 669895.8113970631 7176578.207544481, 669801.4487798259 7176607.9279711265)
R. ORLANDO PADILHA DOS SANTOS;OUTRAS VIAS;LEI Nº 15511 / 2019;LINESTRING (671685.3901605322 7181052.493705541, 671659.5077494702 7181030.483305263, 671642.6317431908 7181020.656906236, 671580.221514509 7180957.780703071, 671551.5403029844 7180936.91930366, 671503.332083617 7180901.854704653, 671467.7170697912 7180878.280705978, 671450.3148620808 7180862.119305445, 671335.6596168214 7180782.501508757, 671324.6330121992 7180773.519708738)
R. OSCAR BORGES DE MACEDO RIBAS;OUTRAS VIAS;LEI Nº 15511 / 2019;LINESTRING (666883.0972196226 7185400.294799568, 666913.6415919911 7185222.974147379, 666922.2725840553 7185172.242332477, 666922.2725799264 7185151.6171271205, 666921.4893760657 7185133.3415225325, 666919.4547667173 7185089.249311494)
R. OSMÁRIO DE LIMA;COLETORA 2;LEI Nº 15511 / 2019;LINESTRING (679241.075876335 7185749.078525584, 679401.2244999798 7185666.982469759, 679560.7615232071 7185583.817213764, 679721.1543469585 7185502.210757967, 679801.378358959 7185462.004130211, 679881.5245707766 7185421.079902276, 680041.8607945571 7185339.964046574, 680202.0636183853 7185259.371991012, 680313.3780346322 7185202.0241520405, 680361.5482416757 7185177.285735195)
R. OSWALDO PORTUGAL LOBATO;OUTRAS VIAS;LEI Nº 15511 / 2019;LINESTRING (677998.0713782904 7191477.617704139, 677929.4353787138 7191564.807542104)
R. OTTO CABÉL;OUTRAS VIAS;LEI Nº 15511 / 2019;LINESTRING (671570.405617343 7179526.119541746, 671583.2543957279 7179405.496108601)
R. OTÁVIO PEREIRA DOS ANJOS;COLETORA 2;LEI Nº 15511 / 2019;LINESTRING (677459.5380987445 7183314.938276019, 677476.6234974471 7183288.38006554, 677505.4544955138 7183244.773048171, 677533.1362933951 7183201.680031182, 677562.1298911049 7183156.232813308, 677563.9030896367 7183147.220210611, 677593.8104873374 7183100.6553922575, 677658.7554816367 7182996.265751563)
R. OURIZONA;SETORIAL 1;LEI Nº 15511 / 2019;LINESTRING (673431.451856397 7172670.178250693, 673531.9892946089 7172736.730046043, 673621.9193281222 7172792.985441077, 673628.8867321895 7172804.39824242, 673629.5219324343 7172804.833042393, 673633.9957349948 7172811.908043193, 673669.9669488252 7172836.441441703, 673711.1741646013 7172864.194239909, 673754.9429815307 7172894.4864382, 673808.6550022985 7172931.6130360905, 673851.428218788 7172960.919834347, 673915.2578430595 7173003.022431342, 673969.539264228 7173041.334429398, 674013.6810813945 7173072.242027757, 674059.6212989672 7173102.985825698, 674106.4241169106 7173134.488023644, 674152.0539345084 7173165.678821757, 674199.0633525458 7173197.3614197, 674257.5117749571 7173236.651017117, 674315.7303975449 7173277.023814844, 674349.6762107477 7173300.706613555, 674378.2466224155 7173323.286413118, 674416.4940386066 7173356.2346132, 674437.5206482285 7173377.778214087, 674494.2572736458 7173433.291215839, 674505.9228795117 7173447.759816949, 674530.376691765 7173477.865019221, 674541.4166975082 7173492.465020496, 674548.0497000192 7173496.74962016, 674582.9489184786 7173544.3366245385, 674603.6409296372 7173573.564227387, 674627.5733427783 7173608.478230954, 674658.0733592142 7173651.477035132, 674698.9207802282 7173704.278239552, 674698.9487802429 7173704.317039556, 674729.8459971233 7173748.937644053, 674766.1902166171 7173799.678248913, 674793.2342309317 7173836.514852306, 674798.3206332343 7173841.5780524835, 674807.1206378955 7173853.57805359, 674831.5208499043 7173882.478055583, 674851.0046584189 7173900.430055915, 674884.9454718726 7173925.121054869, 674943.0208942703 7173964.378252344, 674944.7590949568 7173965.636452289, 675021.2357252708 7174021.187449909, 675058.2151399525 7174048.152648784, 675114.9931623465 7174088.820846872, 675123.9879661485 7174096.467846867, 675170.6783845825 7174129.976445308, 675209.2471995719 7174156.514843741, 675261.3766196793 7174191.632441433, 675350.6864549348 7174255.596438414, 675355.5220574818 7174262.083238996, 675404.2210765055 7174295.978237107, 675460.1982984835 7174335.439635054, 675549.1983336683 7174399.270432058, 675637.4211687987 7174463.678229364, 675715.4933994496 7174518.558826454, 675726.3712044933 7174529.8652269505, 675762.7030208848 7174565.46642808, 675778.9724282072 7174581.315028563, 675789.8480327806 7174590.39042851, 675796.8658357312 7174596.246428477)
R. OURO VERDE;OUTRAS VIAS;LEI Nº 15511 / 2019;LINESTRING (671336.7799922882 7177743.116340757, 671265.4841745488 7177742.9281553645, 671110.2807361684 7177743.659987429)
R. OYAPOCK;OUTRAS VIAS;LEI Nº 15511 / 2019;LINESTRING (677251.2292800143 7185358.248249186, 677203.4268828847 7185429.669477923, 677182.5520842157 7185461.234690569, 677175.7892846295 7185471.378894647, 677171.9414851491 7185478.491297314, 677156.4236878847 7185510.180508858, 677099.6109030901 7185650.686757501)
R. PALMEIRAS;OUTRAS VIAS;LEI Nº 15511 / 2019;LINESTRING (671995.8264439022 7183015.7723440705, 672137.281874182 7182988.002707737, 672155.5152820743 7183003.747508019)
R. PANDIÁ CALÓGERAS;COLETORA 1;LEI Nº 15511 / 2019;LINESTRING (678691.3501775475 7185016.499453013, 678833.4241984084 7184943.480203597, 678897.52480811 7184911.93238166, 678974.493819411 7184872.449754896, 679050.1938306103 7184834.044528678, 679116.8598403286 7184799.578505419, 679259.442261725 7184728.787456417, 679402.7118830216 7184656.829206947, 679458.538890938 7184627.045787213, 679529.1951013113 7184591.021962666, 679549.3695049749 7184583.9937565, 679662.4975218466 7184527.604317522)
R. PARAGUASSU;PRIORITÁRIA;LEI Nº 15511 / 2019;LINESTRING (675651.449440721 7188076.540099002, 675705.8422707284 7188151.664907331, 675714.1252754238 7188163.699108755, 675722.9238799484 7188174.28150969)
R. PARAÍBA;COLETORA 2;LEI Nº 15511 / 2019;LINESTRING (672767.55615729 7181649.780634354, 672632.5697120202 7181596.070848597, 672497.4364663227 7181540.38806235, 672362.3892208491 7181485.591476291, 672227.4693754253 7181430.785690187, 672089.0539289827 7181375.2485046, 672004.545100281 7181339.614112948, 671970.2440909318 7181336.291519179)
R. PASTEUR;OUTRAS VIAS;LEI Nº 15511 / 2019;LINESTRING (672915.0087018094 7185059.650482062, 672970.8518866382 7184917.320233539, 673034.4968696416 7184756.632978659)
R. PAUL GARFUNKEL;SETORIAL 1;LEI Nº 15511 / 2019;MULTILINESTRING ((667490.6638093283 7172628.267256047, 667465.2349847408 7172536.582638743), (668058.5706960282 7175350.942211968, 667739.4961283652 7174906.989566358, 667679.0484964211 7174821.8027574625, 667621.4500659956 7174740.631348991, 667611.3766594924 7174720.5489460565, 667545.539024207 7174625.170135738, 667522.8248135069 7174599.568933984, 667360.7303282637 7174372.471710517, 667340.6479195734 7174353.617709901, 667310.9323040913 7174312.648305766, 667272.0010835427 7174257.63690002, 667232.1168627798 7174202.685494484, 667193.3680423361 7174147.924688768, 667133.5872106801 7174062.809279797, 667101.1091928298 7174013.292274119, 667087.976385043 7173990.427871123, 667076.3827775358 7173967.0752677, 667067.096370228 7173941.918463371, 667059.8061630727 7173915.096458231, 667056.0285571888 7173890.338852896, 667052.7023502378 7173859.716246028, 667052.7593454268 7173835.653040098, 667056.6229404089 7173805.932632014, 667063.8001358297 7173774.382622814, 667075.6439303537 7173732.705810191, 667093.8145251116 7173684.515394701, 667116.0711195897 7173629.981376833, 667138.2479140538 7173575.497558997, 667156.7359089358 7173527.573343515, 667176.3455039369 7173478.899927625, 667197.5478988002 7173427.626910783, 667206.1212994463 7173420.4583073035, 667417.7078438093 7172887.725534199))
R. PAULA PREVEDELLO GUSSO;COLETORA 2;LEI Nº 15511 / 2019;LINESTRING (674964.0129257736 7191243.279683342, 674965.0489276982 7191251.150285227, 674968.6131314444 7191264.51588805, 674973.6779365074 7191282.26689173, 674982.1985435549 7191305.121896049, 674987.4111474573 7191317.150898172, 674990.2177492934 7191322.363498975, 674994.32775158 7191328.07729964, 674997.7359532812 7191331.886299942, 675008.8125582722 7191341.710100245, 675038.2835713278 7191366.770300758, 675067.3041852278 7191396.4065025905, 675083.9801933432 7191414.045903806, 675102.3244024254 7191434.182505339, 675115.8836083409 7191445.259905455, 675145.1388179705 7191454.2391017135, 675159.7106230349 7191459.982700191, 675164.9224250626 7191463.067299921, 675170.2406274083 7191467.534499998, 675178.8562316552 7191476.894700692, 675215.4814503173 7191519.581504418, 675279.6980830577 7191594.466910959, 675343.3269155291 7191668.752517466, 675437.9401632535 7191776.467126411, 675529.8224100713 7191883.202935672, 675620.2148562294 7191988.55934488, 675711.2161027613 7192094.830554211, 675723.2987087183 7192107.878155164, 675730.0781121117 7192115.443755766, 675741.2709173979 7192126.423356352, 675749.7989212335 7192133.885356558, 675759.0729250887 7192140.494556376, 675772.2913299918 7192147.1035553645, 675784.3247341308 7192151.582554031, 675896.127372745 7192193.887541816, 675910.8627777481 7192199.052740093, 676107.7056457833 7192273.644918583)
R. PAULO GORSKI;OUTRAS VIAS;LEI Nº 15511 / 2019;LINESTRING (668631.9985124411 7185611.046502536, 668638.9413114545 7185597.330497564, 668669.8659099449 7185550.469879118, 668697.8629097202 7185513.711863891, 668713.9395087719 7185488.5518540945, 668721.9071070008 7185469.665647572, 668727.0117039019 7185447.855840867, 668727.5139010409 7185433.073236922, 668725.8658947643 7185404.148029735, 668726.0950917536 7185388.980425745)
R. PAULO ILDEFONSO ASSUMPÇÃO;COLETORA 2;LEI Nº 15511 / 2019;LINESTRING (677855.1362380154 7188183.339660122, 677878.0870460167 7188192.788457718, 677918.8244604601 7188210.681053744, 677991.5126860791 7188241.869246453, 678137.0673378217 7188306.319232365, 678230.0737708602 7188347.323823309, 678284.1681901901 7188371.688018173, 678429.3938418184 7188435.790804023, 678577.016893814 7188498.577988995)
R. PAULO J. BUSO;COLETORA 2;LEI Nº 15511 / 2019;LINESTRING (668195.02272478 7192181.284126526, 668023.4226828768 7192199.484165981, 667913.3892563788 7192213.020391766, 667840.5226388302 7192221.984208832, 667642.4225906364 7192243.984254561)
R. PAULO KISSULA;COLETORA 1;LEI Nº 15511 / 2019;LINESTRING (680144.3802935806 7184750.421671314, 680171.2429121361 7184804.3770795055, 680198.8581307526 7184857.697487373, 680225.8231492182 7184911.080095399, 680252.8151677351 7184964.654303474, 680279.5355862762 7185018.642511714, 680305.8862044638 7185071.419719725, 680355.4118380139 7185167.660934022, 680361.5482416757 7185177.285735195, 680416.5688791256 7185284.94995128, 680443.1968976065 7185338.681159491, 680470.5125163916 7185392.977767702, 680504.9731399282 7185460.709977867, 680538.4237627803 7185526.456787738, 680571.6895856307 7185592.3883977, 680601.4566060816 7185651.382606618, 680601.5086061165 7185651.486006634, 680632.966227605 7185713.245015908, 680654.5738427307 7185757.329822715, 680665.4764493556 7185774.928224938, 680672.6268548759 7185791.894227812, 680673.5408561493 7185796.684628863, 680675.1354583721 7185805.041430695, 680676.3596614151 7185817.62663371, 680678.0486811604 7185906.748456579, 680678.3906972553 7185980.617075773, 680677.364701361 7186000.794081258, 680673.9449031453 7186013.10548521, 680660.7735072118 7186047.576497059, 680645.6467118073 7186086.826510579)
R. PAULO SETUBAL;COLETORA 1;LEI Nº 15511 / 2019;LINESTRING (674792.9907129694 7180902.501421506, 674795.435313044 7180899.920620335, 674835.1049039287 7180808.779988814, 674889.7168909584 7180681.379944941, 674943.3576778497 7180554.5591014335, 674997.7222648925 7180427.679857777, 675052.8342520525 7180300.538613912, 675107.4754388826 7180172.467969924, 675193.375018135 7179971.097300798, 675280.6169972064 7179767.461830855, 675369.2185753867 7179558.17955924, 675414.1123648682 7179454.775323634, 675456.1291545379 7179355.733489748, 675483.0485479145 7179292.279868044, 675541.5221332577 7179153.239220606, 675628.8845119977 7178948.706750573, 675716.6460907226 7178743.848080414, 675804.0534693971 7178539.366810469, 675828.4970636152 7178483.085791143, 675891.6580480689 7178334.843140509, 675979.6220267831 7178130.315070516, 676018.0580184354 7178045.517841092, 676068.8058064423 7177929.019801114, 676121.021993987 7177808.678959876, 676158.1031848096 7177721.690530216, 676328.8885431404 7177324.359194533, 676331.6821411782 7177311.816990802, 676417.167119807 7177110.813722417, 676421.6979197975 7177105.47372012, 676430.6103176672 7177084.988113111, 676440.0595151526 7177062.06410538, 676448.1137123439 7177039.3868980035, 676505.9744975946 7176902.156251454, 676547.830487125 7176803.88141804, 676595.9404755027 7176692.924380146, 676637.978464532 7176592.175746096, 676681.6546539005 7176491.1741116475, 676726.1516428278 7176387.179276288, 676769.2918320777 7176286.340642011, 676858.7496097514 7176077.236570969, 676928.1253922695 7175914.41971574, 677033.3641662361 7175669.986032644)
R. PAULO ZILIOTTO;OUTRAS VIAS;LEI Nº 15511 / 2019;LINESTRING (669645.6579686573 7185586.554490558, 669646.8365650875 7185567.504285363, 669620.4131418115 7185486.55246968)
R. PE. AGOSTINHO;EXTERNA;LEI Nº 15511 / 2019;LINESTRING (671564.674432633 7186410.449312763, 671544.7994255214 7186400.86951435, 671473.82260083 7186370.074320903, 671351.6225583369 7186317.069132178, 671247.8537223007 7186272.23794179, 671137.7098841877 7186225.257152136, 671010.0224399455 7186170.431764023, 670902.6788026307 7186123.682173833, 670792.4223645306 7186076.713184169, 670687.2407280961 7186031.425793894, 670637.6849110564 7186010.679598628, 670578.3420905356 7185985.264004141, 670412.4990332893 7185914.625019636, 670388.0998237627 7185898.817020501, 670279.2397860317 7185851.600430433, 670222.4585663886 7185827.137035653, 670207.0703625913 7185827.980639014, 670162.2919471117 7185808.724443137, 670102.3989265535 7185783.677648833, 670045.4447066347 7185758.018853767)
R. PE. AGOSTINHO;PRIORITÁRIA;LEI Nº 15511 / 2019;LINESTRING (672989.714750281 7187128.904006385, 672975.1789468057 7187130.333409775, 672959.5557427497 7187130.333413016, 672944.0457380912 7187127.276615431, 672931.2529336205 7187121.72941663, 672916.6485275996 7187110.974216839, 672906.233122409 7187098.973815853, 672891.567314093 7187077.217413193, 672809.8434631384 7186933.654992521, 672800.5078590879 7186925.787392395, 672632.0816009516 7186855.91100898, 672513.5679600744 7186806.808220652, 672397.9715201254 7186758.470031906, 672255.4878708587 7186698.676845704, 672044.9911980738 7186610.154466006, 671917.8469543223 7186557.606278487, 671806.6227158032 7186510.382089064, 671696.6700779882 7186464.905899825, 671564.674432633 7186410.449312763)
R. PE. ANCHIETA;CENTRAL;LEI Nº 15511 / 2019;LINESTRING (671419.9113475657 7186178.784282046, 671308.5603090123 7186131.168892505, 671198.6332709988 7186084.320102857, 671070.7118270133 7186030.960715195, 670962.2957895624 7185984.827325399, 670852.4477515399 7185937.651335614, 670743.4343139481 7185891.470345907, 670635.5510767462 7185845.698956061, 670499.1638305468 7185791.833769928, 670488.9490270854 7185787.789370963, 670322.7375706445 7185721.336187621, 670318.3241674541 7185711.282985905, 670220.2221340722 7185671.65299562, 670178.7047200212 7185655.23859982, 670110.806700046 7185643.108210516)
R. PE. ANCHIETA;OUTRAS VIAS;LEI Nº 15511 / 2019;LINESTRING (672118.5885884323 7186471.121014476, 672105.6107839823 7186465.82721577, 671979.6687405659 7186413.305228029, 671867.09910178 7186366.400438985, 671757.470063968 7186320.466049576, 671725.6932530589 7186307.388452705, 671656.9864292741 7186278.138659213, 671536.8171878243 7186227.65007076, 671419.9113475657 7186178.784282046)
R. PE. GASTON;COLETORA 2;LEI Nº 15511 / 2019;LINESTRING (668526.6200031125 7177290.380400376, 668483.3497652066 7177155.899175493, 668518.5045610133 7177092.126552442, 668553.8623570907 7177029.484329635, 668584.627353318 7176973.211309353, 668590.8045543805 7176970.91510753, 668639.2627632256 7176955.403893851, 668700.1271776506 7176952.310480759, 668797.9154008217 7176947.31765971)
R. PE. GERMANO MAYER;COLETORA 1;LEI Nº 15511 / 2019;LINESTRING (676022.2162673244 7185849.574837433, 676037.4359011552 7185991.22027115, 676054.223538691 7186148.480908634, 676057.4791459019 7186178.650515822, 676067.0387689464 7186276.091539243, 676068.4275753313 7186304.630146405, 676076.9235935861 7186380.6809644755, 676082.8236049308 7186427.18097538, 676093.7562294891 7186530.081199968, 676100.9236463374 7186601.081017021, 676100.9334463598 7186601.180017045, 676113.4236761199 7186726.781047267, 676133.2493196173 7186908.404490629, 676150.4095606128 7187081.424332337, 676167.4164001291 7187247.592172318, 676183.5726349173 7187392.401806904, 676198.837669519 7187537.396241751, 676214.6441031 7187676.8720750585, 676229.4523365737 7187817.0437087845, 676243.943369659 7187955.753142215, 676246.8359755946 7187980.269548057)
R. PE. GIACOMO CUSMANO;OUTRAS VIAS;LEI Nº 15511 / 2019;MULTILINESTRING ((670259.8695246072 7185575.245562433, 670220.2221340722 7185671.65299562), (670194.1863403723 7185735.404817533, 670162.2919471117 7185808.724443137))
R. PE. ILDEFONSO;OUTRAS VIAS;LEI Nº 15511 / 2019;LINESTRING (672233.070467571 7184774.28154916, 672288.6250542424 7184640.760903074)
R. PE. JOSÉ LOPACINSKI;COLETORA 2;LEI Nº 15511 / 2019;LINESTRING (666008.9474651364 7185754.536466209, 665863.2280088606 7185660.487270726, 665783.7209778106 7185607.377272716, 665737.8885602895 7185578.6380743515, 665713.3559519595 7185568.521476595, 665691.6051456034 7185564.727879929, 665682.2299425033 7185561.280880896, 665628.415128503 7185560.5888914075, 665543.6209065376 7185559.965308082, 665406.7102711963 7185559.587535154, 665231.4402259013 7185558.847969709, 665099.8207919467 7185558.583195711, 664972.6781591707 7185558.454620842, 664950.1207532472 7185557.883225154, 664909.3699426517 7185557.383233083, 664833.4661230203 7185556.977847988, 664757.0753032453 7185556.476062955)
R. PE. JOÃO WISLINSKI;COLETORA 1;LEI Nº 15511 / 2019;LINESTRING (679138.1430492697 7192265.034671098, 679120.5098460561 7192271.894276725, 679093.0908418752 7192286.359686494, 679025.3630326282 7192327.1557119815, 678985.3416271452 7192351.187127021, 678973.2512253453 7192357.781931385, 678964.7154239413 7192361.811534299, 678942.8390200249 7192370.671341371, 678765.2841823853 7192415.325791426)
R. PE. JOÃO WISLINSKI;COLETORA 2;LEI Nº 15511 / 2019;LINESTRING (679190.5151703524 7191832.82414395, 679195.8313759493 7191852.3167480305, 679200.9505820441 7191874.368952839, 679204.2321866216 7191891.630156759, 679205.4943901199 7191906.349560432, 679205.2155936977 7191923.354165049, 679203.2641966535 7191939.5225698035, 679188.4898133897 7192035.69579876, 679182.9146195143 7192071.09880945, 679177.8968245877 7192100.926418526, 679173.4366275347 7192120.161224645, 679153.9232377973 7192192.082248131, 679137.8528458116 7192249.287466932, 679137.1326464945 7192253.359468181, 679136.8680477118 7192259.357269846, 679138.1430492697 7192265.034671098)
R. PE. LADISLAU KULA;SETORIAL 2;LEI Nº 15511 / 2019;LINESTRING (669007.1191340815 7187214.549645426, 668964.0217175769 7187188.30884728, 668940.6157060596 7187161.445244979, 668896.9276851017 7187113.951441383, 668875.1800760019 7187096.884241315, 668866.3868727727 7187092.200641868, 668831.3874562881 7187055.630639372, 668819.2640504676 7187042.409438364, 668804.3242422594 7187021.009235783, 668795.8468373144 7187007.439033944, 668789.9392321137 7186989.313430392, 668785.7944274364 7186971.515026568, 668785.0890251977 7186961.355424051, 668793.3526234254 7186942.013817314, 668811.6040231483 7186917.26380714, 668824.5608217941 7186893.982798424, 668836.7514189802 7186864.481388232, 668846.0162166918 7186841.319180295, 668849.6734118646 7186812.79297209, 668847.190009496 7186804.274170363, 668838.5335930821 7186734.285953805, 668829.9849848807 7186704.714347801, 668825.0791775766 7186674.907340998, 668821.8865707391 7186645.212933879, 668814.5181275035 7186441.060282016, 668809.5347072942 7186347.599058615)
R. PE. PAULO CANELLES;COLETORA 2;LEI Nº 15511 / 2019;LINESTRING (676533.210906827 7193918.206071665, 676551.914114544 7193931.01087117, 676568.9881220881 7193945.062671358, 676589.8961319334 7193965.125872357, 676608.4811412008 7193985.400273906, 676651.9867626874 7194031.862677265, 676687.439180451 7194070.908080321, 676704.7835890172 7194089.408881654, 676711.2589916817 7194093.802681472, 676721.8969957071 7194099.353080722, 676753.3484063396 7194109.759676874, 676790.5812187155 7194121.091472054, 676832.3180330271 7194135.848467203, 676873.8350482305 7194155.086863611, 676922.6310668485 7194181.21926034, 676934.5420713176 7194187.232459443, 676946.4508757847 7194193.244658545, 676966.5704834827 7194204.1140572205, 676978.3648883118 7194211.976856846, 676991.6752939271 7194221.629656636, 677028.8647111797 7194255.958458044, 677040.85671684 7194267.477858618, 677060.6251261216 7194286.236659504, 677094.457541765 7194317.20026071, 677150.4227687537 7194373.627864117, 677167.0445766256 7194389.700464943, 677175.7167805354 7194397.158665122, 677183.6951840394 7194403.576065167, 677196.6941892542 7194411.709264612)
R. PE. PAULO WARKOCZ;COLETORA 2;LEI Nº 15511 / 2019;LINESTRING (665404.5145414002 7185916.370428471, 665404.6145230621 7185823.785404334, 665404.4209056166 7185736.083181536, 665404.7188882348 7185648.076758571, 665406.7102711963 7185559.587535154, 665407.3100538731 7185471.481112122, 665407.2986364545 7185383.683089301, 665407.920619077 7185295.283066206, 665408.7906123118 7185260.0428568795)
R. PE. RAFAEL JOSÉ KALINOWSKI;COLETORA 2;LEI Nº 15511 / 2019;LINESTRING (673981.0776654327 7175906.963934419, 673920.5362416859 7175864.571936521, 673915.8178397397 7175860.802536569, 673781.1353869119 7175766.380741205, 673755.2677788006 7175757.990744514, 673742.7207748985 7175754.0787461605, 673704.9881636596 7175744.668951689, 673666.4329519575 7175734.008357078, 673655.9603488814 7175731.603958664, 673606.3939337649 7175717.539965499, 673589.3329286586 7175713.161367966, 673556.8809187616 7175703.950572439, 673521.445708226 7175695.189977644, 673455.1302881895 7175677.2567869965, 673442.6714849488 7175676.391189376, 673384.2954677014 7175662.469998068, 673331.135851742 7175648.552405672, 673253.0976282405 7175627.7686167415, 673207.9184146133 7175615.616023118, 673156.3856028793 7175620.091634939, 673068.9673824913 7175625.351454407, 673048.3273776347 7175626.388458949, 673028.9993718064 7175621.189861674, 672955.4379465014 7175586.362868302, 672856.058912992 7175542.533078045, 672824.2475022278 7175528.308081115, 672804.4252955033 7175519.365483007, 672496.7033906142 7175377.780911652)
R. PEDRO AMÉRICO;OUTRAS VIAS;LEI Nº 15511 / 2019;LINESTRING (671385.7210621457 7178996.280245902, 671436.4164719436 7178982.358631964, 671457.4468768975 7178980.908427272, 671474.8514812945 7178981.150023751, 671494.1600871019 7178985.942620987, 671530.2024991214 7179000.5998172695, 671550.7101068133 7179013.086016199)
R. PEDRO BONAT;OUTRAS VIAS;LEI Nº 15511 / 2019;LINESTRING (671480.2073330588 7179226.236284515, 671509.3791377418 7179213.549275309, 671558.6975445433 7179186.688458374, 671640.0495561374 7179144.229830905)
R. PEDRO CLAUDINO DA ROCHA;COLETORA 1;LEI Nº 15511 / 2019;LINESTRING (672706.3926102743 7174259.489591705, 672781.3868327516 7174279.613581117, 672850.2856533979 7174298.057771377, 672936.973678997 7174319.422158656)
R. PEDRO DRIESSEN FILHO;COLETORA 2;LEI Nº 15511 / 2019;LINESTRING (666261.9041225596 7179698.345461136, 666224.1767219936 7179742.906479939, 666208.9473210195 7179757.161086582, 666203.597320873 7179763.154489166, 666187.1323194754 7179776.844295914, 666174.5525179087 7179784.799300437, 666162.1575159082 7179790.349104313, 666153.2775142364 7179793.124106787, 666140.1427114969 7179795.899110107, 666117.3879059025 7179796.454114782, 666078.9760954618 7179792.381521406, 666024.4318809594 7179788.212531216, 665970.9548665565 7179783.206540599, 665957.4184633149 7179783.967343488, 665932.5844572656 7179784.8479486555, 665914.4430533852 7179788.194353114, 665896.4780498978 7179793.302157983, 665846.278641081 7179812.235572767, 665779.8828296307 7179838.349192586, 665767.9038275797 7179843.146396184, 665751.3478243403 7179847.726000637, 665739.3710215827 7179848.95880333, 665730.3586204366 7179854.557806539, 665723.8058193522 7179857.368208554, 665706.1588168788 7179867.19061455, 665694.8380158938 7179876.513419162, 665685.5152158734 7179888.167223966, 665678.8558163206 7179898.82202799, 665669.366416058 7179909.476832574, 665659.2112150994 7179917.467836617, 665552.8390017846 7179984.753874797, 665529.4578005606 7180008.135285366, 665503.1146004136 7180040.683498846)
R. PEDRO FREDERICO VOLUZ;COLETORA 2;LEI Nº 15511 / 2019;LINESTRING (671923.9142664649 7175457.40844978, 671931.4696695359 7175463.299049683, 671995.0040888352 7175481.223241016, 672090.2953179183 7175508.743028168)
R. PEDRO GUSSO;COLETORA 1;LEI Nº 15511 / 2019;MULTILINESTRING ((669546.1620868567 7178426.82447869, 669544.8524867111 7178427.710079178), (669544.8524867111 7178427.710079178, 669491.90785997 7178361.062273184, 669480.1204534587 7178343.480471158, 669441.1946331866 7178291.436065989, 669372.597999428 7178209.341659296, 669355.3323919215 7178193.537458833, 669311.1153692201 7178135.946253348, 669286.2531608522 7178125.185055695, 669253.9697530486 7178126.298262531, 669166.7147340853 7178139.781883635, 669123.4085225154 7178135.844891435, 669039.7384982121 7178118.624104084, 668963.220274251 7178094.297913491, 668793.0202185375 7178028.180331375, 668716.9327917664 7177989.367137039, 668696.6163838434 7177975.173537588, 668676.8953748599 7177955.006136518, 668675.4551742921 7177953.9667365495, 668674.9199740812 7177953.5803365605, 668656.3459574294 7177894.105125394, 668655.6199567788 7177891.780324958, 668642.9199456506 7177852.380317643, 668630.0199347984 7177814.580310772, 668594.3199035786 7177704.080290287, 668569.2198819343 7177627.880276265, 668562.3198756524 7177605.280271998, 668546.6198614833 7177554.480262446, 668535.3198513796 7177518.38025569, 668531.2198476124 7177504.780253114, 668515.5198336694 7177455.080243843, 668511.3198300395 7177442.2802414885, 668500.3198199336 7177405.780234573, 668484.5198058686 7177355.580225203, 668483.5070049409 7177352.2334245695, 668475.3197974438 7177325.180219456, 668464.9395924734 7177313.321818586, 668454.7755883734 7177305.4928186815, 668443.1007842039 7177299.174619462, 668429.777780071 7177295.054221123, 668415.2185759933 7177292.7192234825, 668398.3243719194 7177293.268627033, 668323.3307569504 7177311.124246652, 668313.8535556836 7177316.480849907, 668274.3199479637 7177326.746660459, 668169.7199273257 7177352.880488113, 668138.0209209984 7177360.443496402, 668123.8849181242 7177363.558500033, 668110.1497151272 7177365.572903308, 668096.5979120266 7177366.854906363, 668082.8627086618 7177367.03790918, 668068.9445050264 7177366.122311758, 668055.3925013738 7177364.657314124, 668041.4742973723 7177361.910316242, 668026.2740927567 7177357.698118255, 668011.9896882945 7177353.11971999, 667997.7050834617 7177346.710121264, 667984.703078808 7177339.598722106, 667949.9210662385 7177319.984124208, 667721.282583718 7177191.398738093), (671246.4600242389 7178981.07447069, 671226.1990170984 7178970.9468723, 671208.7778110867 7178962.86907384, 671172.4043995815 7178951.0718783345, 671049.4485606118 7178910.79149342, 671033.5811553838 7178904.623495121, 671009.1271471945 7178894.462897576, 670987.0839394312 7178883.441499319, 670973.1349340763 7178874.31429988, 670964.0075301032 7178866.048099667, 670928.015312925 7178826.094896978, 670916.4771079263 7178815.76229674, 670908.2653050226 7178811.5916973725, 670895.4673008464 7178806.807298791, 670876.8684955344 7178803.53530178, 670845.7764877885 7178803.586108167, 670827.0824840965 7178808.340313196, 670764.6598731264 7178830.819331654, 670652.1152534472 7178871.88636506, 670622.4874485339 7178884.008374182, 670606.5388458557 7178890.368379049, 670590.1788425461 7178894.157183353, 670567.963437248 7178895.362588204, 670545.748231492 7178894.32939249, 670523.9208253768 7178891.080396135, 670402.9845894438 7178862.986813787, 670393.2541872478 7178864.124816064, 670301.8873607798 7178846.197230219, 670210.5653338796 7178826.081043803, 670142.0839149377 7178817.006255499, 670107.4693057021 7178814.0786618255, 670016.3240835749 7178817.105481187, 669995.4638770199 7178810.487883775, 669929.8848523577 7178769.782086889, 669850.4602214243 7178715.230689336, 669733.7531772205 7178641.113294443, 669714.3941695222 7178627.008894835, 669681.6203544659 7178593.180292988, 669598.6267134649 7178493.360484755, 669598.1469132144 7178492.720684692, 669574.5165018291 7178465.699682701, 669544.8524867111 7178427.710079178))
R. PEDRO GUSSO;OUTRAS VIAS;LEI Nº 15511 / 2019;LINESTRING (671444.5427039093 7179127.886467017, 671421.7224950934 7179112.755467891, 671379.4730765409 7179073.874066765, 671357.8948664905 7179051.217265485, 671342.42845992 7179038.054065341, 671301.7100444628 7179012.337067224, 671288.5454397263 7179005.295468153, 671264.3592310448 7178992.437069878, 671246.4600242389 7178981.07447069)
R. PEDRO PROSDÓCIMO;COLETORA 2;LEI Nº 15511 / 2019;MULTILINESTRING ((666615.5061016029 7171149.080871165, 666615.395088833 7171085.378455726, 666614.9934816113 7171049.752447163, 666615.3950771648 7171027.046641575, 666618.7978730889 7171002.579434959, 666633.1482651934 7170945.889018339, 666649.3798569118 7170885.0208003335, 666663.9210487335 7170826.705583291, 666680.0520408433 7170767.937165821, 666700.6282296136 7170687.171142139, 666721.3966186189 7170607.366518658, 666735.3854112996 7170554.057902955, 666743.5110071342 7170523.52369394, 666749.2940021657 7170491.789085103, 666753.231196681 7170459.684476547, 666755.3513914896 7170431.214469236, 666755.6541850126 7170398.504261266, 666750.5181709917 7170334.6108468445), (666617.1038735864 7172006.975479534, 666617.1038451748 7171864.930044919, 666617.6224245616 7171761.247219566, 666617.6224052745 7171664.822396092, 666617.6223747876 7171512.408759016, 666617.6223519747 7171398.357731288, 666617.6223294715 7171285.861903956, 666617.622322212 7171249.573095142))
R. PEDRO ZAGONEL;COLETORA 1;LEI Nº 15511 / 2019;LINESTRING (671277.4258016428 7179806.721673021, 671193.6383807396 7179807.228890363, 671053.6555458794 7179808.394519398, 670912.6383107527 7179809.51834861, 670884.7855038433 7179809.887554413, 670774.0814764738 7179811.780577581, 670634.4210417832 7179813.38060659, 670494.5992069709 7179814.580635507, 670354.8323720268 7179815.07846421, 670354.2209718745 7179815.080664335, 670214.3527365744 7179813.958892625, 670189.0991295812 7179810.717496961, 670167.9051239241 7179809.039300865, 670123.158712468 7179807.880709704, 670030.6518892273 7179807.649728522, 669938.7198663214 7179808.356547449, 669846.5208432397 7179808.532166287, 669754.3200201401 7179808.605985088)
R. PEDRO ZAGONEL;OUTRAS VIAS;LEI Nº 15511 / 2019;LINESTRING (671468.593849292 7179805.345433369, 671333.3800155948 7179806.345061426, 671277.4258016428 7179806.721673021)
R. PERCY FELICIANO DE CASTILHO;COLETORA 1;LEI Nº 15511 / 2019;LINESTRING (679260.0683029623 7187710.964835014, 679404.2479538396 7187773.011420329, 679513.8987926114 7187820.501809226, 679625.8948315457 7187865.8543970445, 679735.9356701432 7187911.947185468, 679846.9249092466 7187959.180573974, 679848.0711096511 7187959.670373856, 679957.002947699 7188004.448962148, 680068.1779866063 7188050.42995026, 680177.9288249093 7188095.286538372)
R. PERGENTINA SILVA SOARES;COLETORA 1;LEI Nº 15511 / 2019;LINESTRING (676103.4838147984 7184554.609283779, 676163.5676271159 7184539.971467295, 676335.3624575044 7184475.33461424)
R. PETIT CARNEIRO;OUTRAS VIAS;LEI Nº 15511 / 2019;LINESTRING (672469.0377572358 7183948.042886574, 672281.560693721 7183872.675505871, 672152.3054498779 7183820.355919063, 671991.5931951627 7183754.224135164)
R. POETA FRANCISCO FERREIRA LEITE;OUTRAS VIAS;LEI Nº 15511 / 2019;LINESTRING (676586.5491378374 7185494.931225764, 676582.9417476866 7185545.828439773, 676575.1803537157 7185583.737251284, 676565.9869666391 7185655.960472034, 676562.7647727138 7185688.57348121)
R. PR. ANTÔNIO POLITO;COLETORA 1;LEI Nº 15511 / 2019;LINESTRING (678197.7485604519 7176174.868910005, 678087.9551234507 7176128.345321894, 677979.8692866375 7176080.671333118, 677868.2192486236 7176031.425144705, 677630.5049679368 7175927.545169573, 677511.4289275765 7175875.67318205, 677396.8526890485 7175827.135794385, 677321.7642634554 7175793.678202052, 677294.9180544058 7175782.178204907, 677273.7642472847 7175773.166607168, 677225.6594311472 7175752.918212369, 677161.6664095053 7175725.150619078, 677152.5672061793 7175720.030219741, 677099.3633883363 7175697.632225487, 677033.3641662361 7175669.986032644, 677014.0707596589 7175661.348634599, 676977.3809436143 7175628.274234179, 676942.6247280944 7175595.413833399, 676920.5071175604 7175571.400432136, 676892.3861030046 7175535.380429165, 676865.0132889287 7175500.749626381, 676844.9306775879 7175470.557223152, 676842.6322759166 7175465.3392223455, 676812.5698543973 7175398.725012201, 676782.9738330899 7175332.546402069, 676753.3314120151 7175267.497992231, 676722.3413900228 7175199.64818199, 676691.7255682733 7175132.498171845, 676662.1295471044 7175066.882161871, 676629.6857244466 7174997.516351575)
R. PR. MANOEL VIRGÍNIO DE SOUZA;COLETORA 1;LEI Nº 15511 / 2019;LINESTRING (679664.4400226456 7184993.087837837, 679690.9012410351 7185046.856846098, 679718.9020596923 7185100.018853873, 679746.7406784941 7185154.026061904, 679773.1636967508 7185207.180070022, 679799.6607151169 7185260.73627823, 679827.1555337692 7185314.41808626, 679853.9243522367 7185368.079894444, 679881.5245707766 7185421.079902276, 679935.6246076968 7185527.602518326, 679991.4354453566 7185635.444934361, 680050.6246852821 7185749.6801513415, 680110.3499247755 7185861.19736751, 680168.0025641259 7185974.459984593, 680253.5782224841 7186142.2026098715)
R. PRES. JOÃO GOULART;COLETORA 1;LEI Nº 15511 / 2019;LINESTRING (668715.8873813121 7171025.460818382, 668674.7503658242 7170997.772419995, 668658.928560343 7170989.466021185, 668600.7829414965 7170965.337427102, 668495.9625060873 7170914.707236035, 668451.265493598 7170906.005242966, 668420.0172850575 7170900.8630480375, 668399.4486787617 7170894.138850566, 668342.4898595744 7170866.846055463, 668313.2192499132 7170853.792858213, 668284.7396410005 7170843.508661475, 668262.9844335442 7170832.433263186, 668251.909229448 7170825.313463696, 668240.0426214876 7170799.998259958, 668224.6164070014 7170746.599250135, 668220.6608026976 7170729.986246908, 668209.9809954241 7170706.648843413, 668197.3233892753 7170691.222642232, 668078.2633395746 7170586.402240884, 668074.307936233 7170574.535838811, 668036.9615210178 7170543.481238829, 667968.1536915512 7170479.1056371275, 667921.8194719106 7170436.735636219)
R. PRES. JOÃO GOULART;SETORIAL 1;LEI Nº 15511 / 2019;LINESTRING (667921.8194719106 7170436.735636219, 667901.8418636725 7170419.595236102, 667833.5390351173 7170359.048235226, 667787.8840160365 7170318.577234639, 667758.4668036671 7170292.118634168, 667742.135796834 7170277.597233947, 667721.6035882444 7170259.34023367, 667696.2669777239 7170237.19343342, 667647.584157867 7170196.394633362, 667585.875731591 7170139.155631954, 667548.8125154283 7170102.8628306445, 667533.4359087244 7170087.805830102, 667489.4752889745 7170041.847427847, 667477.8218841829 7170031.869427782, 667443.8488686297 7169994.888825686, 667401.5538496888 7169950.928623578, 667359.974231689 7169910.778422247, 667338.4968222349 7169889.258221371, 667319.7872140171 7169870.589820627, 667283.7711981875 7169834.596619181, 667248.5631827116 7169799.379817759, 667223.4757716847 7169774.286216745, 667212.8427670118 7169763.650616316, 667200.6043635353 7169760.883018106, 667170.6561499046 7169728.575216331, 667124.1623290692 7169680.030013962, 667086.9287126526 7169642.470812382, 667050.2210958216 7169602.2108100485, 667014.6972779724 7169555.438005906, 667007.0004729315 7169539.452403599, 667000.5054657882 7169511.552598184)
R. PRES. PÁDUA FLEURY;COLETORA 1;LEI Nº 15511 / 2019;LINESTRING (675835.3226151832 7181089.536249941, 675725.222577453 7181042.336261129, 675605.4525361769 7180989.826472988, 675486.1692954592 7180939.303285239, 675367.5592546185 7180887.326496963, 675247.7154136733 7180836.265709167, 675128.2487727148 7180784.611721126, 675008.4961316717 7180732.8327331, 674889.7168909584 7180681.379944941)
R. PROCÓPIO FERREIRA MARTINS;COLETORA 2;LEI Nº 15511 / 2019;LINESTRING (678266.1574583366 7184034.701289671, 678328.8010580239 7183958.2982565295, 678410.0590571548 7183857.107813006, 678477.0648560878 7183772.098776715, 678481.2118550548 7183762.318973303)
R. PRODÓCIMO LAGO;COLETORA 2;LEI Nº 15511 / 2019;LINESTRING (673082.584710823 7192605.629040797, 673077.0507143916 7192629.932648476, 673069.7643168641 7192651.201255704, 673049.0865207149 7192696.298472116, 673031.7565250456 7192739.426687306, 673023.3869270515 7192759.841894531, 673017.0851279874 7192772.445499226, 673008.4201285105 7192786.099504696, 672997.6545284204 7192799.49091053, 672962.9945258857 7192831.787526404, 672941.4633249396 7192854.894337082, 672929.1223245905 7192869.073343456, 672911.5543245566 7192891.490753128, 672898.8523248754 7192909.362360571, 672887.7749256265 7192927.233967673, 672876.9927272836 7192949.093375793, 672868.8659289151 7192967.420582408, 672857.3241304299 7192989.583390765, 672847.1577314187 7193007.434397677, 672837.5573315828 7193020.5796032045, 672825.1505309057 7193033.281609194, 672806.0973291604 7193049.380817475, 672793.4263277596 7193058.9324226715, 672735.0367175343 7193084.73704171, 672693.320710632 7193105.135455841, 672667.1965075738 7193124.029466334, 672630.4999021916 7193145.323879664, 672601.4524982506 7193163.7238906305, 672574.3690950901 7193183.368901525, 672538.4954971477 7193239.605124097, 672528.3102979633 7193256.690930809)
R. PROF. ALGACYR MUNHOZ MADER;COLETORA 1;LEI Nº 15511 / 2019;LINESTRING (669778.5757135877 7179255.671440305, 669739.2603050376 7179261.964449903, 669564.0202615302 7179263.511085963, 669341.0882061818 7179265.478731785, 669237.4157795432 7179261.964551954, 669130.9319507764 7179251.421570906, 669034.9911222945 7179229.281384777, 668952.756096607 7179203.978395062, 668876.1576718751 7179176.438003632, 668719.0638228216 7179128.091223244, 668679.1204106726 7179117.380828625, 668641.6204002901 7179112.380834952, 668608.7203916637 7179110.380841102, 668565.520381113 7179111.580850144, 668533.4859736033 7179114.036857242, 668512.3393683482 7179114.172261552, 668494.0885648724 7179119.542266598, 668354.9203390334 7179163.780905886, 668339.4163366553 7179171.199510889, 668338.2455366625 7179172.680911502, 668067.7200864876 7179259.180787937, 667953.4200652016 7179295.380820121, 667839.420043739 7179330.380851926, 667816.020039034 7179336.080858078, 667790.0500334557 7179340.640864458, 667759.4200265255 7179344.280871544, 667728.9050192799 7179346.19967817, 667699.0200120013 7179347.180884432, 667676.3200063216 7179347.180888998, 667643.7699980419 7179346.492095372, 667611.2959895649 7179344.73690146, 667579.9919810871 7179341.518706941, 667547.3199719014 7179336.480912237, 667523.2353650068 7179332.156715985, 667485.2025534365 7179321.917121043, 667407.5201284155 7179294.080929618, 667358.165312926 7179278.405935571, 667318.657301887 7179272.636542045, 667281.164891627 7179268.2325484585, 667266.0340866826 7179262.445350032, 667213.9794716543 7179252.412157945, 667192.821865377 7179247.493560946, 667071.3770288118 7179216.56457749, 667048.2668217963 7179210.384380562, 666992.0276049839 7179196.636188361, 666961.9333963151 7179190.918392946, 666941.480590832 7179189.067196577, 666919.511984941 7179187.079000475, 666892.4273779894 7179186.162405667, 666877.4961741559 7179185.657008529, 666842.6747652155 7179184.478815202, 666791.8321521636 7179182.758224944, 666752.6269420988 7179181.431432455, 666578.950497345 7179174.709265487)
R. PROF. BRANDÃO;COLETORA 1;LEI Nº 15511 / 2019;LINESTRING (675415.652349526 7186984.3696617745, 675420.4275508294 7186984.684460852, 675427.1353524495 7186984.111859292, 675519.8279744273 7186974.295837216, 675666.4912088993 7186957.357801899, 675776.5070351494 7186946.522175879, 675874.2132583286 7186936.284552598, 675897.4148638763 7186934.061547123, 675915.2644680877 7186932.077742839, 676010.4008905402 7186921.562120011, 676133.2493196173 7186908.404490629, 676188.896332973 7186903.3220775435, 676261.2615502696 7186896.381060433, 676387.2043799433 7186882.281830113, 676469.5845991644 7186872.180410041, 676551.1758185305 7186863.73799056, 676670.6274470164 7186852.015962194, 676747.442865327 7186844.459143939)
R. PROF. BRAZÍLIO OVÍDIO DA COSTA;OUTRAS VIAS;LEI Nº 15511 / 2019;LINESTRING (671856.413938521 7182676.749085711, 671781.3815225681 7182691.881105058)
R. PROF. DARIO GARCIA;COLETORA 1;LEI Nº 15511 / 2019;LINESTRING (671140.7280173586 7188819.611032717, 671131.6196177711 7188833.238038185, 671127.9642186838 7188842.34564134, 671128.4902210522 7188853.218444105, 671132.6228248351 7188866.382646736, 671146.3778359878 7188903.198653639, 671147.9562393152 7188917.403657071, 671146.7286417648 7188930.90706089, 671141.6428448239 7188952.302067589, 671132.2506503997 7188991.457879866, 671116.3898605934 7189061.381701605, 671115.5128627386 7189072.956104847, 671125.2036710958 7189101.323110359, 671095.5834654167 7189111.4539191155, 671068.9946606996 7189122.402327465, 671053.5886587293 7189132.465333287, 671033.5262561087 7189145.318140801, 671018.9740537619 7189152.461945673, 671004.1574504774 7189155.372349482, 670977.6990434387 7189154.843154767, 670910.7592252537 7189151.668167645, 670875.443415935 7189151.3373747915, 670856.4140116973 7189154.986779656, 670829.4982063286 7189163.200387342, 670795.4049992223 7189172.107196679, 670709.9401767119 7189171.512014019, 670700.4149743782 7189172.305616178, 670676.4273690308 7189176.878822297, 670670.4811676643 7189177.81302376)
R. PROF. DARIO VELOSO;OUTRAS VIAS;LEI Nº 15511 / 2019;LINESTRING (672003.5264492303 7183032.094346678, 671857.3162182475 7183062.38478462)
R. PROF. EURO BRANDÃO;OUTRAS VIAS;LEI Nº 15511 / 2019;LINESTRING (671659.4145988433 7181270.349566422, 671689.2421874424 7181178.430536842)
R. PROF. FERNANDO MOREIRA;OUTRAS VIAS;LEI Nº 15511 / 2019;LINESTRING (672314.8742304118 7186428.495562803, 672185.7228028439 7186456.781996869, 672118.5885884323 7186471.121014476)
R. PROF. FRANCISCO BASSETI JÚNIOR;SETORIAL 2;LEI Nº 15511 / 2019;LINESTRING (669007.1193340813 7187214.549845426, 669012.265537655 7187225.591247277, 668999.3909541527 7187323.495075561, 668981.8619776072 7187461.717315379, 668910.5994617279 7187968.505862983)
R. PROF. FRANCISCO ZARDO;COLETORA 2;LEI Nº 15511 / 2019;LINESTRING (667469.0899681898 7189372.83532428, 667345.5219275369 7189331.683538185, 667301.0219128227 7189316.483543089, 667284.5219073765 7189310.883544916, 667268.5219027608 7189308.783547569, 667202.8218852396 7189307.283560346, 667161.9218747803 7189308.583568886, 667090.9218561313 7189308.38358306, 667073.6172511686 7189306.2509859605, 667055.6508456573 7189302.244188501, 667040.5280407357 7189297.461790264, 667027.6024360548 7189290.998991141, 666900.8343813026 7189183.411388052, 666779.690528929 7189080.183384987, 666766.894123743 7189071.006385118, 666753.0639188568 7189064.672786208, 666738.84571485 7189063.250988673, 666726.0511116062 7189063.781991374, 666599.3636815179 7189079.196420761)
R. PROF. GUIDO STRAUBE;OUTRAS VIAS;LEI Nº 15511 / 2019;LINESTRING (672057.0177114664 7183267.663596256, 671904.3220787131 7183297.582435455)
R. PROF. GUILHERME BUTLER;COLETORA 1;LEI Nº 15511 / 2019;LINESTRING (674801.5548340101 7191964.894310467, 674833.8088418122 7191961.285702742, 674865.5088494908 7191957.788895162, 674917.4248621822 7191952.6124828905, 674951.3564703456 7191948.611874703, 674961.8980729149 7191947.532872204, 674969.2794747414 7191946.894870484, 674977.9670770264 7191946.797868637, 674991.121080599 7191947.189865983, 674998.1758826894 7191948.235064782, 675007.7562857247 7191950.586463403, 675018.5374894099 7191954.5182621945, 675067.9275066629 7191974.275457127, 675116.6945236409 7191993.510852048, 675121.5505251394 7191994.5092512965, 675125.6743263664 7191995.143850602, 675166.1507378477 7191998.661443047, 675216.8627523768 7192003.761833765, 675267.0553666528 7192008.299424438, 675317.0979809843 7192013.297415264, 675367.5117954242 7192018.33980602, 675371.7019965801 7192018.546005195)
R. PROF. JOÃO ARGEMIRO LOYOLA;COLETORA 1;LEI Nº 15511 / 2019;LINESTRING (670718.4030850132 7183828.04981588, 670656.6518722209 7183842.64763229, 670586.9200577725 7183859.129250814, 670526.3510453652 7183874.165667087, 670470.9536368551 7183901.796885548)
R. PROF. JOÃO DOETZER;COLETORA 1;LEI Nº 15511 / 2019;LINESTRING (678525.8873143193 7183051.776380615, 678537.8873122333 7183027.768571869, 678543.8237108575 7183014.279767128, 678552.2237067438 7182985.079757815, 678586.5918861008 7182847.873115175, 678629.5418596403 7182673.375261138, 678639.8350532606 7182631.381848149, 678647.7110529046 7182620.383243636, 678665.9362416848 7182546.412620741, 678679.6054334105 7182491.608003745, 678687.8482291335 7182461.88419435, 678723.6966071478 7182316.862549469, 678739.2415967287 7182249.862528959, 678767.6083806712 7182141.421895089)
R. PROF. JOÃO FALARZ;OUTRAS VIAS;LEI Nº 15511 / 2019;LINESTRING (666328.1210486618 7185259.382873835, 666344.1202469445 7185230.151663052, 666386.9440448245 7185164.3298374135, 666410.9002457696 7185138.197625849, 666455.1210460949 7185082.882802663, 666498.2120494979 7185044.453184087, 666521.873850952 7185021.28957335, 666528.5248494956 7185005.439367909)
R. PROF. JOÃO FALARZ;SETORIAL 1;LEI Nº 15511 / 2019;LINESTRING (665599.8034778207 7186349.5959027, 665611.2436758144 7186324.598293902, 665618.2962747411 7186310.015088696, 665619.8952743588 7186306.006487331, 665651.535666781 7186226.682060345, 665671.7986636945 7186184.8054453945, 665708.2718586224 7186111.859219122, 665745.4210541383 7186041.029993271, 665773.9150518167 7185992.3503749175, 665807.8554481386 7185929.788751865, 665827.8226471196 7185898.761139811, 665856.2080459538 7185856.076523047, 665872.1900473562 7185842.405116307, 665942.906457467 7185801.550891597, 665964.834260688 7185789.32988405, 665979.5832627551 7185780.603278842, 665996.300064343 7185766.925871952, 666008.9474651364 7185754.536466209, 666031.2534659926 7185729.946055366, 666069.2464640329 7185670.930432441, 666086.1072623561 7185640.689621212, 666103.0874612641 7185613.243010688, 666131.1072598575 7185569.949393842, 666133.58105846 7185559.737790694, 666155.6168571225 7185524.531177146, 666155.5984557918 7185517.88177542, 666191.5834549258 7185467.035155026, 666208.7816550188 7185445.290345944, 666214.6324557617 7185441.453343781, 666226.1212560692 7185428.163338036, 666259.0394565704 7185388.173921079, 666264.754856595 7185380.920318054, 666272.1750562649 7185369.6873136535, 666281.3068556048 7185354.5933079105, 666303.5872525348 7185310.448091996, 666328.0818486663 7185259.4576738635, 666328.1210486618 7185259.382873835)
R. PROF. JOÃO FALARZ;SETORIAL 2;LEI Nº 15511 / 2019;LINESTRING (666528.5248494956 7185005.439367909, 666552.2004278282 7184866.511927146, 666557.7460245572 7184843.007719944)
R. PROF. JOÃO MAZZAROTTO;COLETORA 2;LEI Nº 15511 / 2019;LINESTRING (671441.4194521923 7178880.263605186, 671472.8132491576 7178827.421985405, 671478.7190485394 7178817.257581627, 671516.3422496626 7178777.090163762, 671531.5086503923 7178762.257756902, 671613.4210534319 7178677.767718751, 671658.1116554034 7178633.234498331, 671783.7524602946 7178504.9800401535)
R. PROF. JOÃO MAZZAROTTO;OUTRAS VIAS;LEI Nº 15511 / 2019;LINESTRING (671385.7210621457 7178996.280245902, 671385.9302620083 7178995.362845628, 671398.9484595044 7178967.371435888, 671441.4194521923 7178880.263605186)
R. PROF. JOÃO SOARES BARCELOS;SETORIAL 1;LEI Nº 15511 / 2019;LINESTRING (675156.9613049657 7181379.559866725, 675203.5992933264 7181268.12662849, 675258.4292805395 7181141.44998466, 675313.5358676475 7181014.026540599, 675367.5592546185 7180887.326496963, 675421.8058416757 7180760.856653356, 675476.1826286289 7180633.80980959, 675530.7826157244 7180507.249765916, 675584.7758021296 7180378.22652176, 675587.8716009061 7180368.720518693, 675670.7825814099 7180177.296452623, 675757.7933602824 7179973.441582571, 675844.6587386656 7179767.643112098, 675932.3539176212 7179563.773841981, 676019.5222960534 7179358.259971598, 676106.6018744137 7179152.718101269, 676194.8536533068 7178948.5166310705, 676280.4908324322 7178748.698162571, 676370.338610559 7178539.411890836, 676458.48038923 7178334.909620708, 676545.8419677198 7178130.678950854, 676633.9855462094 7177925.735280694)
R. PROF. MÁRIO JOSÉ ZANCANARO;COLETORA 1;LEI Nº 15511 / 2019;LINESTRING (666887.5717036712 7182816.859331149, 666815.2704785082 7182782.99233692, 666728.5716480941 7182741.14954352, 666724.4640461154 7182736.477343142, 666697.6466370574 7182725.269945628, 666687.2400338111 7182722.268146938, 666676.3330308596 7182721.367548887, 666605.0914132802 7182724.019163808, 666576.8688062958 7182724.969769692, 666520.1267891361 7182711.26877751, 666472.0521745133 7182699.233784023, 666336.7307339172 7182668.153003054)
R. PROF. NILO BRANDÃO;SETORIAL 1;LEI Nº 15511 / 2019;LINESTRING (674985.8554170874 7190697.611933182, 674978.3786151833 7190697.941134838, 674973.595614132 7190698.939936107, 674968.0622131012 7190700.989737816, 674954.0464105204 7190706.315742174, 674911.0474029827 7190724.473756029, 674854.5405930036 7190748.000974146, 674689.082164106 7190818.511227606, 674514.9207334213 7190891.592883544, 674378.7455096352 7190949.822127551, 674358.1945046417 7190951.902132401, 674320.1062949833 7190953.823340873, 674283.6240855043 7190954.5825487)
R. PROF. NIVALDO BRAGA;SETORIAL 2;LEI Nº 15511 / 2019;LINESTRING (678545.9004036987 7184379.245918943, 678615.6238508553 7184515.958739417, 678688.4225002393 7184659.276760959, 678724.8005250966 7184731.6901719365, 678761.1241495768 7184802.378582485, 678764.6243528018 7184813.225984549, 678785.380566862 7184853.939990662, 678833.4241984084 7184943.480203597, 678886.9552354896 7185052.208620346, 678900.4822445133 7185078.054224158, 678913.5138532063 7185102.953227828, 678941.8784722881 7185157.877836012, 678969.5164908824 7185211.384243986, 678997.1159094883 7185264.984251995, 679024.0179279842 7185318.882860232, 679050.7211466042 7185373.584268726, 679077.3205646208 7185425.579676539, 679104.2217831484 7185479.583484814, 679131.7760017519 7185533.134692833, 679159.2884204555 7185587.193900995, 679186.0894389792 7185641.242709311, 679241.075876335 7185749.078525584, 679267.3730943826 7185801.476533586, 679294.7721128708 7185854.586141539, 679322.0941314194 7185908.048749604, 679348.6689498185 7185961.703157879, 679357.0817561854 7185981.2049611565, 679392.8101822187 7186059.3313738555, 679430.641809274 7186139.650986679, 679480.4250447525 7186244.718203396)
R. PROF. ORLANDO ALVES CHAVES;COLETORA 1;LEI Nº 15511 / 2019;LINESTRING (670075.9391803065 7181178.5674675945, 669939.5857528539 7181212.702704104, 669922.9211492576 7181215.692908264, 669781.9905208579 7181250.916145961, 669626.9444896851 7181290.081187511, 669471.751258713 7181330.481229382, 669328.6116298169 7181366.190867579, 669117.4925872796 7181419.376324005, 669106.9239862768 7181427.590128245)
R. PROF. ORLANDO SPRENGER LOBO;OUTRAS VIAS;LEI Nº 15511 / 2019;LINESTRING (678393.5549390902 7191739.839289838, 678487.5013794261 7191811.957889061, 678576.0078172957 7191879.21848814, 678667.5482571098 7191951.733487973, 678756.963495886 7192021.9580876455)
R. PROF. PEDRO VIRIATO PARIGOT DE SOUZA;EXTERNA;LEI Nº 15511 / 2019;LINESTRING (670045.4447066347 7185758.018853767, 669949.065272688 7185713.404661796, 669931.98166633 7185703.819462782, 669925.1902637465 7185699.7342631025, 669848.8790329474 7185645.10786443, 669841.0496295451 7185638.313464256, 669821.217821768 7185625.220664887, 669807.9912168524 7185617.819665654, 669783.6372083003 7185606.643467705, 669758.6418001538 7185598.264870612, 669738.2323938769 7185593.258673465, 669715.5553871653 7185588.996076971, 669695.1029814312 7185586.712280538, 669675.2711761643 7185585.942284374, 669645.6579686573 7185586.554490558, 669598.8319585044 7185595.954302531, 669552.3273490409 7185608.33691521, 669455.1939294413 7185635.050541906, 669422.3237225934 7185643.046750667, 669345.2321069221 7185663.709171703, 669310.3494992023 7185669.974380419, 669276.482690714 7185671.159787603, 669253.9612846342 7185669.805191821, 669231.4398782797 7185667.095795687, 669208.9184714787 7185662.185198979, 669174.2050609163 7185654.22640395, 669032.9806176533 7185620.359823775, 668980.48720169 7185608.337031286, 668959.4897957647 7185605.79703488, 668925.4537868572 7185605.119641599, 668693.1039275584 7185607.94428937, 668655.7051181031 7185608.845097169, 668631.9985124408 7185611.0463025365, 668602.6585060504 7185616.830509974, 668564.513099445 7185632.782321839, 668514.9240907307 7185652.895337097, 668481.2866843737 7185664.338946871, 668280.6548460112 7185730.482604603, 668139.576218983 7185776.824245127, 668117.0548144393 7185783.089651301, 668095.5494096783 7185786.984256651, 668080.3094060887 7185788.6776601635, 668063.8840019897 7185789.35506365, 668043.7331964861 7185787.831067314, 668026.9691917195 7185785.629670119, 668008.003785975 7185781.396272837, 667987.1757793429 7185775.130875401, 667955.8491690808 7185764.293678889, 667883.1967450622 7185738.038686683, 667832.9127285546 7185720.436092223, 667766.1951066537 7185697.068099566, 667740.9644986511 7185689.617302701, 667710.1456891736 7185681.997306917, 667636.3188664417 7185663.574716966, 667589.157450817 7185646.312921952, 667540.3040342712 7185626.6253266465, 667446.5720034344 7185593.3415368125, 667349.7213714259 7185558.182747109, 667267.0213444238 7185529.782756314, 667206.0431242806 7185507.650562787, 667167.9213117629 7185494.182766927, 666979.7212495196 7185425.382786745, 666903.4628253499 7185402.7173961215, 666883.0972196226 7185400.294799568, 666765.4461870773 7185388.982020164, 666613.0443442655 7185371.052045969, 666556.6173285699 7185365.174455714, 666527.6065199331 7185359.310659985, 666502.6935119696 7185351.543662942, 666485.8407064928 7185345.82826482, 666429.4202857425 7185314.614067972, 666377.3964660699 7185283.106470169, 666339.7280525835 7185264.082072741, 666328.1982486886 7185259.42207383, 666328.1208486608 7185259.382673836, 666318.3918455082 7185256.123274931, 666306.1998417302 7185252.906076526, 666289.9438369407 7185249.858078975, 666269.7208311658 7185246.982682262, 666230.5208206438 7185244.782689506, 666186.3208090753 7185243.782698058, 666044.0195723571 7185243.195126252, 666001.9071615029 7185243.0847346075, 665958.3407501281 7185242.232743058, 665937.8207447595 7185241.7827470265, 665905.5563361814 7185240.375353079, 665883.4873300178 7185237.921556834, 665859.6667231659 7185234.279360626, 665838.5001169132 7185230.215363782, 665811.5761088107 7185224.288767597, 665787.0227012835 7185218.192770895, 665758.2358920616 7185209.048774242, 665723.691880486 7185195.501977591, 665698.2916717327 7185184.325979736, 665672.4400625632 7185171.625981577, 665648.2818538398 7185158.982383093, 665618.4790424998 7185140.468584206, 665593.4742326154 7185123.069584656, 665575.4402251557 7185108.8455845425, 665532.4576064 7185070.025783002, 665498.1393906783 7185035.255980792, 665470.1427768084 7185001.614977621, 665443.0495622765 7184963.458573097, 665424.2207514348 7184933.18296898, 665408.5053414895 7184903.401564374, 665394.4281317536 7184872.539159164, 665389.1257276229 7184858.582956596, 665379.0307190611 7184828.482950795, 665371.7807122475 7184803.51294576, 665363.1239042236 7184774.256339895, 665352.8506906204 7184718.9529276015, 665349.2306847391 7184693.98292185, 665346.4106793044 7184670.222916255, 665333.9984546654 7184562.024690695, 665331.0632459007 7184521.610480813, 665328.354035579 7184473.068068787, 665326.9992246664 7184419.784455267, 665326.9992097146 7184344.37443576, 665326.5478003318 7184297.638423762, 665324.7415854088 7184224.712005265, 665322.8963625238 7184111.6783764195)
R. PROF. PORTHOS VELOZO;COLETORA 2;LEI Nº 15511 / 2019;LINESTRING (675129.3313391646 7182527.584766325, 675120.885536597 7182525.578167584, 675042.7311096033 7182491.576175272, 674950.5954777892 7182451.489384329, 674872.9434511075 7182418.3065921115, 674754.8090102291 7182366.380403565, 674639.7391704298 7182315.826814719, 674630.6135679783 7182315.175816463, 674534.5495347027 7182272.687225688, 674505.8763246099 7182259.224828242, 674460.2553087734 7182238.8562325705, 674376.1224797791 7182202.280440801, 674338.8696667163 7182185.000644165, 674331.5510636716 7182179.3148442395)
R. PROF. RAUL PINHEIRO MACHADO;COLETORA 2;LEI Nº 15511 / 2019;LINESTRING (678577.016893814 7188498.577988995, 678597.3721012225 7188508.340587212, 678605.346904346 7188513.194986787, 678609.507706373 7188517.586787054, 678611.5037074332 7188520.10078729, 678612.4305082244 7188522.6603877675, 678612.7005092886 7188527.309788937, 678613.8995211587 7188581.269802921, 678614.1533241686 7188595.016206497)
R. PROF. SEBASTIÃO PARANÁ;OUTRAS VIAS;LEI Nº 15511 / 2019;LINESTRING (671952.6664108498 7182908.801725473, 671831.2395851543 7182934.042956996)
R. PROF. ULISSES VIEIRA;COLETORA 1;LEI Nº 15511 / 2019;LINESTRING (671806.5239527539 7182807.343129532, 671761.493343248 7182816.79754124, 671638.4975171674 7182842.077173065, 671511.3054901648 7182868.089405925, 671383.8940631228 7182894.225638842, 671254.9056357873 7182920.925472211, 671128.0136087021 7182946.285504784, 671033.4931887556 7182966.309929327, 670910.0797623765 7182990.863760947, 670786.6901361104 7183015.970992691, 670714.845120994 7183031.46741139, 670679.3997134103 7183038.506020456, 670564.4994766628 7183001.892634556, 670444.307438422 7182964.491049521, 670324.7874002703 7182926.647264221, 670203.8351618364 7182889.153279286, 670193.2939585398 7182886.139680663, 670083.4509235555 7182851.644894218, 669963.7802853114 7182813.374308791, 669843.9288471309 7182775.58152351, 669723.6472090003 7182738.5259384895, 669664.4325903018 7182720.619745944, 669603.7471710554 7182701.844553471, 669544.479352325 7182683.828960901, 669483.2401328543 7182664.619168423, 669362.08389434 7182626.606383286, 669301.9566753011 7182608.086590747, 669241.859656178 7182589.104798079, 669182.3526374258 7182571.197805564, 669150.2566272457 7182561.213809513, 669121.5150183968 7182553.576413386, 669002.4847807542 7182517.040228153, 668927.6585573492 7182495.313837744)
R. PROF. ULISSES VIEIRA;OUTRAS VIAS;LEI Nº 15511 / 2019;LINESTRING (671902.1479730818 7182787.979104847, 671806.5239527539 7182807.343129532)
R. PROF. WALDIR DE JESUS;OUTRAS VIAS;LEI Nº 15511 / 2019;LINESTRING (671289.5936201358 7177935.598198747, 671263.1158135484 7177935.563804181, 671109.6007753025 7177935.079835594)
R. PROF. ZACARIAS LITEKA;COLETORA 1;LEI Nº 15511 / 2019;LINESTRING (674100.2858295214 7175594.69843195, 674116.7964339554 7175596.5026289495, 674175.1138478501 7175594.422216244)
R. PROF. ZACARIAS LITEKA;COLETORA 2;LEI Nº 15511 / 2019;LINESTRING (673921.0545688908 7175515.207049654, 673973.9647857253 7175533.596443171, 674022.5920014691 7175551.78643753, 674068.0126181144 7175578.053634562, 674100.2858295214 7175594.69843195)
R. PROF. ÁLVARO JORGE;OUTRAS VIAS;LEI Nº 15511 / 2019;LINESTRING (672034.4220809897 7183147.881170088, 672034.1298809267 7183147.938170165, 671880.7176482829 7183179.168009842)
R. PROFA. AMÁLIA ELZA GASPAROTTO DONÁ;COLETORA 1;LEI Nº 15511 / 2019;LINESTRING (672691.3472116616 7174283.903600844, 672625.8057836802 7174226.075600166, 672613.9483786186 7174215.613800043)
R. PROFA. DORACY CEZZARINO;OUTRAS VIAS;LEI Nº 15511 / 2019;LINESTRING (671473.8792823977 7181904.283166524, 671451.7016793592 7181916.817774292, 671428.7656775455 7181936.242983978, 671407.7020784653 7181966.668396095, 671376.5746793852 7182009.497813452, 671355.2768806757 7182042.029626156, 671345.2246809442 7182055.732631732)
R. PROFA. EMMA CARVALHO DOS SANTOS;SETORIAL 2;LEI Nº 15511 / 2019;LINESTRING (673680.8928264125 7177033.7150779115, 673712.323829053 7177009.0756652, 673748.0836320708 7176981.116850759, 673810.7436381537 7176935.96382641, 673815.1060337006 7176909.449818876)
R. PROFA. MARIA DA GLÓRIA SALDANHA LOYOLA;COLETORA 2;LEI Nº 15511 / 2019;LINESTRING (679719.5905327878 7181727.12338436, 679602.2336930954 7181680.771797801, 679494.5336568439 7181638.991810318, 679384.102419921 7181597.245623419, 679268.87358087 7181551.20323644)
R. PROFA. REGINA CASAGRANDE MARINONI;SETORIAL 1;LEI Nº 15511 / 2019;LINESTRING (675342.890206235 7183539.463181712, 675349.6212055599 7183528.081977362, 675464.8902137232 7183427.0783270765)
R. PROFA. ROSA SAPORSKI;COLETORA 2;LEI Nº 15511 / 2019;LINESTRING (671937.5096804935 7187144.870628162, 671942.9630849435 7187159.589630897, 671988.5903338861 7187339.4802686665, 672015.7275623062 7187443.092690259, 672048.3951973644 7187571.871917333, 672082.0820334189 7187704.145745136, 672110.4632630877 7187812.129367666, 672113.1272663901 7187824.770570439, 672136.3036904082 7187911.902188572, 672170.6241272573 7188047.099617064)
R. PROFA. SANDÁLIA MONZON;OUTRAS VIAS;LEI Nº 15511 / 2019;LINESTRING (678463.6692183787 7192023.590350874, 678384.3058119175 7192091.901786165)
R. QUINTINO BOCAIÚVA;OUTRAS VIAS;LEI Nº 15511 / 2019;LINESTRING (675965.3449073118 7188952.244063886, 675908.1141085927 7189029.351096345, 675897.0765086346 7189043.257102351, 675821.2665052268 7189121.259938968)
R. RAIMUNDO NINA RODRIGUES;COLETORA 1;LEI Nº 15511 / 2019;LINESTRING (679662.4975218466 7184527.604317522, 679688.7761302246 7184535.206313828, 679730.748743864 7184548.543308238, 679740.9159479818 7184555.54250786)
R. RAMÍLIA GONÇALVES;OUTRAS VIAS;LEI Nº 15511 / 2019;LINESTRING (671482.941121027 7182080.91440986, 671490.9945299446 7182114.339416761)
R. RAPHAEL PAPA;SETORIAL 2;LEI Nº 15511 / 2019;LINESTRING (676834.3026200421 7186524.718241867, 676856.9792253635 7186522.1336363815, 676880.1360308965 7186519.9626309015, 676896.345835154 7186520.252227539, 676910.9634394903 7186522.857225122, 676925.1470441753 7186527.63342336, 676954.8240545772 7186540.450020416, 676999.8656701625 7186558.949415694, 677013.1806745362 7186563.307614006)
R. RAPOSO TAVARES;SETORIAL 2;LEI Nº 15511 / 2019;LINESTRING (672253.0547649176 7190062.269532925, 672252.4809664241 7190070.2969351765, 672251.5373673635 7190076.052536901, 672249.7445679056 7190080.958938574, 672246.218368572 7190088.676141353, 672239.3657696171 7190102.471546432, 672233.0439702531 7190113.605350697, 672224.7565710895 7190128.219756292, 672219.388971582 7190137.44535985, 672213.8587721479 7190147.237163594, 672206.121772411 7190158.37096815, 672201.135572393 7190164.639370846, 672192.8353718764 7190172.708574704, 672188.1285713908 7190176.369376649, 672183.1601707053 7190179.3765784735, 672174.2695692298 7190183.56038142, 672159.3645664654 7190189.18238599, 672127.4629602275 7190199.6419953555, 672117.9185585508 7190203.695198403, 672110.2045576014 7190208.924801383, 672103.144356956 7190214.808404404, 672093.9921564353 7190223.9606087245, 672087.4549561978 7190231.151611986, 672077.7797562669 7190243.8338173535, 672070.8503563853 7190253.247421285, 672063.2237567807 7190264.902825957, 672057.9233573613 7190274.482829599, 672053.5327581203 7190283.76123297, 672050.4583589466 7190291.701635716, 672027.5539678849 7190364.283859745, 672024.6545682888 7190369.94786185, 672020.8787683657 7190375.139664007, 672016.7163678966 7190378.179465677, 672011.4899671536 7190381.2552675735, 672005.6779661807 7190383.960869489, 671996.7595643264 7190386.36587197, 671987.8409623284 7190388.069474261, 671974.9143590479 7190388.670677086, 671967.3987569422 7190388.069478476, 671957.4781538951 7190385.9650799595, 671950.5037516624 7190384.043080888, 671905.6655368835 7190369.644886299, 671884.2949299568 7190363.349689028, 671870.3791259167 7190361.52729141, 671853.1501213446 7190361.361694915, 671834.4699167137 7190362.773699138, 671722.7212897609 7190374.825725358, 671636.2316688491 7190383.919745577, 671625.0846661816 7190385.225148218, 671612.0192629147 7190386.079951134, 671599.686259716 7190386.324153736, 671589.1850567497 7190385.347155636, 671576.9800530374 7190382.932957504, 671566.8232498377 7190380.382958914, 671552.5232454125 7190377.182961004, 671552.0232452716 7190377.135361093, 671532.2512398197 7190375.957964847, 671523.4408375564 7190376.230366732, 671513.3588350868 7190377.1387690455, 671494.1986307399 7190380.54357389, 671471.88102619 7190387.0107801985, 671466.8434256044 7190390.614982193, 671459.1950248723 7190396.854585425, 671452.5530243214 7190402.691588342, 671447.4516240294 7190407.8033907525, 671440.3144237401 7190415.547794279, 671433.7954237763 7190424.08539789, 671425.8884240272 7190435.440602536, 671415.6276248288 7190452.497809183, 671402.3714259479 7190474.943417881, 671377.8134280009 7190516.43783397, 671366.2384289792 7190536.0554415705, 671352.9802299085 7190557.593650028, 671343.9616307672 7190573.344656074, 671334.2044322905 7190593.288463388, 671325.670034067 7190612.891670362, 671314.7624364836 7190638.664279466, 671300.4176399311 7190673.876491789, 671294.9886410898 7190686.495296267, 671287.5052425816 7190703.3695022985, 671281.1958433265 7190715.10810672, 671271.8050439528 7190730.221512675, 671263.1478443787 7190743.427317971, 671239.0838448366 7190776.588731749, 671224.8508449066 7190795.2235396365, 671206.9496453007 7190820.16794996, 671195.5044454725 7190835.721556453, 671180.2630456826 7190856.350365081, 671128.6334466995 7190927.740794709, 671123.1046465843 7190934.301397593, 671116.6176460367 7190939.977600437, 671108.2878449697 7190945.506203619, 671100.9898437988 7190949.192006099, 671092.733842232 7190952.181608589, 671065.4098360232 7190957.096015505, 671023.834026613 7190964.762426074, 671017.2270251694 7190966.230027819, 671001.0312218401 7190970.856232374, 670985.6984191604 7190977.5398373, 670977.4422178478 7190981.76624012, 670967.6134164381 7190987.56524368, 670939.8964133459 7191008.205654865, 670906.0854102541 7191036.709069397, 670885.309608196 7191053.457078123, 670875.9340068025 7191058.746881454, 670862.5452047546 7191066.017086137, 670837.5310009103 7191079.521094862, 670820.2653982653 7191088.887300897, 670805.7105957379 7191095.331105599)
R. RAUL FELIX;COLETORA 1;LEI Nº 15511 / 2019;LINESTRING (669759.5398371374 7180867.656052897, 669759.5298204182 7180785.573032012, 669758.5742045012 7180708.590412623, 669758.3929720963 7180549.7091722675, 669758.5859648099 7180513.692163076, 669758.1171558823 7180470.436552182, 669756.9031475452 7180430.999542411)
R. RAUL POMPÉIA;COLETORA 1;LEI Nº 15511 / 2019;LINESTRING (667771.1831731256 7181051.630902298, 667662.9347535833 7181090.203533905, 667568.7713366186 7181123.972961441, 667535.3169300987 7181133.516370596, 667493.8067217884 7181144.285181683, 667454.7913136046 7181152.5487916265, 667349.3264905552 7181170.288017328, 667339.0134876639 7181168.844019029, 667301.7026795973 7181175.567028232, 667286.5178763001 7181178.230431958, 667220.8678618901 7181188.972447868, 667201.0046573556 7181191.363452462, 667175.8436506216 7181189.447457019, 667156.8796448528 7181184.542859573, 667103.7666277005 7181165.842265456, 666971.5213846841 7181117.6796796825, 666962.988181908 7181114.572080601, 666942.7161745027 7181103.128081745, 666932.5801703082 7181094.953881692, 666923.7147662584 7181085.902081162, 666903.807155522 7181057.352677876, 666894.820349057 7181036.381674334, 666894.529748965 7181036.286674368, 666876.9957416907 7181022.040274249, 666831.2203230157 7180986.400874337, 666663.5438570436 7180867.873877709, 666641.5594485097 7180852.898078294, 666579.5854228744 7180802.745677919, 666561.5616152354 7180787.244077578, 666485.91998209 7180716.681474743, 666467.5201741636 7180700.181474224, 666443.1201632065 7180676.081672967, 666388.2789410921 7180634.4554733345, 666333.4471205005 7180600.418475626, 666282.4247029071 7180576.592279751, 666166.3200635046 7180525.481689919, 666101.9314429074 7180503.404297144, 666091.8430397246 7180500.163898331, 666055.0294291293 7180493.460503963, 666003.8958140262 7180482.203911288, 665941.1997935926 7180458.762517818, 665838.619959941 7180419.281728208, 665744.3069290477 7180383.171137799, 665643.6592960388 7180344.381747959, 665542.0198629661 7180306.4815585315, 665461.8196368976 7180276.681566894, 665412.619620726 7180257.481571788, 665407.3615189949 7180255.420372308)
R. RAUL POMPÉIA;COLETORA 2;LEI Nº 15511 / 2019;LINESTRING (665345.9664854072 7180163.84656126, 665345.4805841391 7180158.076159893, 665345.7453761214 7180117.320749506, 665349.1953715844 7180090.086141917)
R. RAYMUNDO BON;COLETORA 2;LEI Nº 15511 / 2019;LINESTRING (676107.7056457833 7192273.644918583, 676116.7080492714 7192278.8353180755, 676122.5512516412 7192282.706517881, 676248.5467070375 7192386.435519121, 676300.1735298829 7192429.5825197995, 676389.9459693175 7192503.194120597, 676529.0652311437 7192620.486922694)
R. REINALDINO SCHAFFENBERG DE QUADROS;COLETORA 1;LEI Nº 15511 / 2019;LINESTRING (675179.4897590529 7186369.258750494, 675340.5401973327 7186353.201312452, 675444.2252218943 7186342.489087848, 675591.1898566522 7186327.055852884, 675700.3804825221 7186315.823826953, 675805.7407071923 7186303.612601558, 675869.5807222839 7186296.901986344, 675938.1623384313 7186289.383969913, 676047.1083642879 7186278.438544064, 676067.0387689464 7186276.091539243, 676194.0305989875 7186262.880908973, 676254.7278133626 7186256.648894519, 676321.7676291671 7186249.424878459, 676487.9930685393 7186232.421038858, 676605.1516962238 7186220.143410848, 676724.2537244002 7186207.836382404, 676842.41695236 7186195.660154177, 676958.4757798506 7186183.857126476, 676991.4223877586 7186180.997918738)
R. RENATO ZILIOTTO;OUTRAS VIAS;LEI Nº 15511 / 2019;LINESTRING (669735.5781875111 7185565.351266744, 669714.3571828654 7185569.383672113, 669661.98576945 7185569.768682869, 669646.8365650875 7185567.504285363)
R. REZALA SIMÃO;COLETORA 1;LEI Nº 15511 / 2019;LINESTRING (669794.3129803278 7182509.531865332, 669778.7499749712 7182502.636266732, 669681.0235391513 7182448.588272767, 669597.9639089175 7182403.6328781415, 669585.266904714 7182398.81667949, 669574.9781016122 7182396.408680966, 669566.8134994579 7182395.998682521, 669473.4572710446 7182372.801895558, 669421.4210550048 7182358.857502561, 669402.9390492367 7182353.555704958, 669384.5502433698 7182347.644907178, 669340.1572290951 7182332.8299124, 669330.0408254903 7182327.723913147, 669303.3334168899 7182318.748516271, 669294.7958138795 7182314.589116938, 669288.4472113797 7182310.210717106, 669264.1478010807 7182289.851916823, 669252.5453964483 7182281.533117047, 669241.3807925491 7182276.279317968, 669227.8081880833 7182271.244319432, 669210.9517821191 7182262.925520724, 669201.2923777092 7182253.265920208, 669194.5333740892 7182243.880119177, 669191.0307706237 7182231.183116633, 669188.3189670134 7182216.783313496, 669189.9101612581 7182186.438305401, 669189.6147528512 7182145.379094947, 669183.1161485054 7182132.086692863, 669175.1405444464 7182122.04329191, 669169.0533421244 7182118.208292163, 669152.1001348284 7182103.433891821, 669105.7955155631 7182066.317691715, 669083.2743044421 7182039.629489452, 669073.8216994703 7182026.927888119, 669067.3864953748 7182014.772486312, 669059.76848859 7181990.835881732, 669051.2846797366 7181957.772274994, 669043.2836673842 7181906.858863594, 669029.2398445464 7181811.763042124, 669029.6272428766 7181803.039439816, 669035.0420332489 7181748.804024855, 669042.1944258254 7181703.268811768, 669060.2741965138 7181536.188165427, 669060.6997863479 7181485.526952407, 669060.2739800662 7181455.087344725, 669062.6505578558 7181342.616715547)
R. RICARDO EUGÊNIO GRAESER;COLETORA 2;LEI Nº 15511 / 2019;LINESTRING (669045.1170980518 7172196.581036603, 669038.2266971992 7172200.5894389795, 668915.712076232 7172243.151074219, 668871.6214687891 7172258.982687023, 668802.7350576116 7172285.977107574, 668751.4364492279 7172305.797122808, 668725.9012460217 7172320.437131554, 668704.2816430358 7172331.502338633, 668692.7058411343 7172335.928542059, 668650.4878344778 7172353.462554891, 668591.4166256051 7172380.189373375, 668556.6890203079 7172395.510384144)
R. RICARDO GASPARIAN MACHADO;SETORIAL 1;LEI Nº 15511 / 2019;LINESTRING (671542.8908026968 7175602.056564199, 671648.1440098822 7175511.41172003, 671734.7042161749 7175438.796284184, 671820.1348222817 7175366.706448697, 671906.3176282276 7175293.016412653, 671990.1512339552 7175221.125177542, 672073.9684396292 7175149.069342387, 672120.0194427682 7175109.613523106, 672151.1126448854 7175082.973110085, 672247.2352514275 7175000.665469848, 672402.8954619386 7174867.1734046275, 672426.600263524 7174846.796194682, 672521.0648698268 7174765.558955044, 672565.2098727659 7174727.593936518, 672601.0360757718 7174699.793122225, 672609.5160765982 7174693.766118981, 672620.4732777514 7174686.39391489, 672763.2564965913 7174608.824866131)
R. RIO GRANDE DO NORTE;COLETORA 2;LEI Nº 15511 / 2019;LINESTRING (673790.2150204665 7182630.621272996, 673774.6060153213 7182624.969874799, 673672.822369059 7182527.070070883, 673558.6699170507 7182416.5332663, 673445.6872655526 7182306.887661703, 673332.31621407 7182197.643257289, 673220.0471626876 7182087.397252388, 673106.4341115847 7181979.992648495, 672994.0678603157 7181870.126443712, 672879.4116083966 7181759.775439277, 672767.55615729 7181649.780634354)
R. RIO GRANDE DO SUL;OUTRAS VIAS;LEI Nº 15511 / 2019;LINESTRING (671912.1201806809 7182812.533709099, 672044.1632023071 7182754.5810669735)
R. RIO GUAPORÉ;COLETORA 2;LEI Nº 15511 / 2019;LINESTRING (679987.4568115538 7189190.321668657, 680098.8736505974 7189235.912456676, 680210.2622894994 7189280.8164445115, 680320.5949286789 7189328.241633227, 680430.7557672411 7189372.960621254, 680541.6366059366 7189417.362409025, 680652.6342452121 7189464.251597422, 680763.1970839715 7189509.220385389, 680874.8577233425 7189555.632573492, 680985.1047622593 7189601.603161771, 681096.2006013392 7189647.242149764, 681207.8108405942 7189693.0043376675, 681317.9502796292 7189739.480726069, 681428.7499187642 7189785.558114207)
R. RIO JAPURÁ;COLETORA 2;LEI Nº 15511 / 2019;LINESTRING (680732.3541321967 7190692.211906552, 680624.0132637392 7190508.091480961, 680620.8460615319 7190501.7566799605, 680619.6582598481 7190495.42187853, 680620.2638583772 7190487.897876395, 680647.2884510115 7190420.985652728, 680681.4988426159 7190340.599823922, 680742.7418267708 7190193.007971391, 680802.5256105347 7190045.480919214, 680863.1571944217 7189897.605866782, 680925.204378647 7189749.66621405, 680985.1047622593 7189601.603161771, 681044.7377458867 7189454.0319097005, 681106.7239301181 7189306.508257154, 681167.6337140796 7189159.133404904, 681227.4000975827 7189011.126952756, 681289.9334817016 7188862.724899924, 681348.9166652327 7188715.990448326, 681410.6434496096 7188569.944596333)
R. RIO PELOTAS;COLETORA 2;LEI Nº 15511 / 2019;LINESTRING (680188.631831526 7189964.5202305345, 680299.0994706055 7190010.907018989, 680409.1847095105 7190056.888207408, 680520.4901483742 7190101.144995092, 680632.770587875 7190147.098383003, 680742.7418267708 7190193.007971391)
R. ROBERT REDZIMSKI;COLETORA 2;LEI Nº 15511 / 2019;LINESTRING (665477.0624117757 7184161.097958606, 665528.7975896575 7183983.003702331, 665558.7961761771 7183876.485268878, 665589.5845622597 7183766.800434463, 665615.2657514339 7183679.276006789, 665617.1687501586 7183670.406404125, 665623.4709474093 7183648.4653972145, 665636.5421437916 7183613.453185592, 665664.7853400542 7183558.367365785, 665672.0211393024 7183545.296160978, 665700.9613394302 7183508.780145818, 665706.0995387674 7183498.846542238, 665729.4409402219 7183476.205331765, 665745.5465417773 7183463.367525256, 665762.1189435448 7183450.9967187755, 665791.3203475107 7183433.482308458, 665823.2735524115 7183417.151497897, 665850.5831570543 7183405.480689459, 665874.6247616069 7183397.544682633, 665904.0349675268 7183389.608474737, 665927.3217727146 7183385.841869133, 666041.9675978498 7183365.264641011, 666168.6206260984 7183344.982410556)
R. ROBERTO HAUER;COLETORA 2;LEI Nº 15511 / 2019;LINESTRING (676283.3188694448 7181757.335925806, 676260.4948616205 7181747.654328156, 676171.1318311972 7181710.724737605, 676113.6050112757 7181685.335143272, 675994.2227703431 7181634.535155498, 675882.9585322331 7181587.315766916)
R. ROCHA POMBO;COLETORA 2;LEI Nº 15511 / 2019;MULTILINESTRING ((675498.899330629 7187742.354243191, 675366.2647194453 7187853.354300279, 675288.8033129792 7187918.568133719, 675231.5481079977 7187965.848558192, 675150.0577011199 7188034.2031933), (675008.2746892828 7188153.908054585, 674938.9734833204 7188211.6380843315, 674818.3244575348 7188238.761516776, 674636.4538188186 7188280.461765863))
R. ROCHA POMBO;OUTRAS VIAS;LEI Nº 15511 / 2019;LINESTRING (675150.0577011199 7188034.2031933, 675078.1368949341 7188094.030824153, 675008.2746892828 7188153.908054585)
R. ROCKEFELLER;OUTRAS VIAS;LEI Nº 15511 / 2019;LINESTRING (674428.302958981 7185385.491051545, 674453.5739525773 7185323.784830216)
R. ROCKEFELLER;SETORIAL 1;LEI Nº 15511 / 2019;LINESTRING (674453.5739525773 7185323.784830216, 674519.9247350224 7185158.31617333, 674588.2231172787 7184989.6811152445, 674651.5295009109 7184833.868461557, 674712.6756858751 7184687.185810713, 674772.4054702845 7184539.680959975, 674825.2836562301 7184407.973514784, 674900.0152369762 7184224.884851735, 674952.3230239901 7184099.161808252, 674987.6658153884 7184015.080779105, 675096.688989711 7183760.014890347)
R. RODOLFO BERNARDELLI;COLETORA 1;LEI Nº 15511 / 2019;LINESTRING (678585.1804621832 7179937.279372426, 678494.3572245776 7179868.106174344, 678467.5902134231 7179847.373374822, 678321.2229524459 7179733.978977418, 678217.3525096873 7179655.803779837, 678070.4858491375 7179544.678983099, 678064.3130462333 7179538.318982808, 678015.7750264336 7179502.535384121, 677972.8676083332 7179468.092584572, 677961.6560041099 7179461.460385287)
R. RODOLPHO DOUBEK;COLETORA 2;LEI Nº 15511 / 2019;LINESTRING (667709.9055828839 7177201.243342843, 667640.3711654749 7177200.277756594, 667567.0405469802 7177198.588170919, 667558.8623464478 7177206.00917442, 667511.2669443297 7177254.095796013)
R. ROGÉRIO PEREIRA DE CAMARGO;OUTRAS VIAS;LEI Nº 15511 / 2019;LINESTRING (665616.7207524503 7184689.382867571, 665562.4443459467 7184726.753088033, 665519.4441412796 7184758.826904881, 665506.2109402482 7184770.740310594, 665389.1257276229 7184858.582956596)
R. ROGÉRIO XAVIER ROCHA LOURES;COLETORA 1;LEI Nº 15511 / 2019;LINESTRING (672245.3486756202 7175119.927499761, 672459.3146899694 7174935.863009945, 672552.4948961608 7174855.573170792, 672561.4068967723 7174847.992567071, 672592.0920988767 7174821.892354261, 672603.2254997322 7174812.862549722, 672608.4269002755 7174809.347147776, 672625.9019021067 7174797.536341235, 672662.7229064412 7174774.969928026, 672722.7365134391 7174737.8789064195)
R. ROMÉDIO DORIGO;OUTRAS VIAS;LEI Nº 15511 / 2019;LINESTRING (672158.9029471508 7183314.708187336, 672217.5239915631 7183457.365011979)
R. RORAIMA;COLETORA 2;LEI Nº 15511 / 2019;LINESTRING (678706.2310067873 7183268.864397863, 678763.3394252321 7183286.979790286, 678877.5756625312 7183325.067775596, 678989.8768989454 7183361.276360825, 679047.1483177418 7183380.776553553, 679104.3583363005 7183399.22814602, 679158.6691541977 7183418.039739199, 679216.5733729226 7183436.421531493, 679331.524010463 7183474.579516612, 679410.9942362944 7183500.365506163, 679443.8240469629 7183511.007301843, 679459.6672520948 7183516.059499736, 679504.4512665893 7183530.284293764, 679561.6836853835 7183549.709486449, 679621.665304718 7183568.376078343, 679677.6943229361 7183586.527870954, 679791.2241600035 7183623.979656142, 679849.0501788658 7183642.957648568, 679904.7761970602 7183661.30944128, 679962.1450158549 7183680.496633852, 680018.7320342435 7183698.7134263385, 680074.0906523613 7183717.109419131, 680131.842671038 7183735.253811339, 680248.1487088989 7183772.911595927, 680360.4167456337 7183810.079581245, 680415.5945636659 7183828.231573995, 680473.3243824823 7183846.979566344, 680586.5852194666 7183884.034351394)
R. ROSA CARVALHO CHAVES;COLETORA 1;LEI Nº 15511 / 2019;LINESTRING (673401.273293312 7179610.236184144, 673294.1014831618 7179690.5440267585, 673186.7936730788 7179771.452069549, 673080.029462944 7179851.544112012, 672973.0294528508 7179932.223954667, 672866.552243057 7180013.81399744, 672759.3498326967 7180093.644239909)
R. ROSA KAINT NADOLNY;OUTRAS VIAS;LEI Nº 15511 / 2019;LINESTRING (667206.0433242811 7185507.650762787, 667156.8596790165 7185345.0459303735, 667135.7120599572 7185277.109316961, 667133.722256321 7185261.518513309)
R. ROSA RIGONI LANDAL;COLETORA 2;LEI Nº 15511 / 2019;LINESTRING (666170.1135686254 7180044.771967176, 666099.0199507251 7180044.481381273, 666043.219736879 7180045.281392595, 665985.5199224574 7180045.581404162, 665927.8079079732 7180045.581615653, 665871.5198940662 7180046.681627136, 665815.5280797787 7180045.505837978, 665755.2036647021 7180045.826050058, 665746.9928625626 7180045.426851588, 665646.0682377615 7180048.090472327, 665638.2280359754 7180048.997874115, 665573.2280195218 7180048.293886851, 665519.4602048718 7180042.479896056, 665503.1146004136 7180040.683498846, 665485.5115957469 7180039.426302022, 665468.4475908928 7180036.552304683, 665445.6353837783 7180029.547107434, 665430.9715794009 7180026.036109455, 665403.9661723205 7180024.507514427, 665377.1993657844 7180025.415719969, 665361.5643621176 7180026.7119234)
R. ROSA TORTATO;COLETORA 2;LEI Nº 15511 / 2019;LINESTRING (672073.9684396292 7175149.069342387, 672140.7844673471 7175203.94954218, 672174.5110813144 7175231.5139420405, 672174.8204814445 7175231.779142043)
R. ROSÁLIA UNIGA;COLETORA 2;LEI Nº 15511 / 2019;LINESTRING (676634.0879996062 7192339.504224985, 676587.6445947314 7192374.79204429)
R. RUBEM BERTA;OUTRAS VIAS;LEI Nº 15511 / 2019;LINESTRING (671429.340585843 7176627.874642799, 671279.7239486884 7176626.845273308, 671119.4425087514 7176625.096905802)
R. RUBENS SANTOS COSTA;OUTRAS VIAS;LEI Nº 15511 / 2019;LINESTRING (677203.4268828847 7185429.669477923, 677248.6637033422 7185471.100479087)
R. SAINT' HILAIRE;EXTERNA;LEI Nº 15511 / 2019;LINESTRING (672264.11480827 7184448.688858394, 672332.8875911671 7184280.651000697, 672405.653173069 7184102.996739717, 672469.0377572358 7183948.042886574, 672490.0533514207 7183893.965468261)
R. SAINT' HILAIRE;OUTRAS VIAS;LEI Nº 15511 / 2019;LINESTRING (672239.4474146995 7184510.414479472, 672264.11480827 7184448.688858394)
R. SALOMÃO GUELMANN;OUTRAS VIAS;LEI Nº 15511 / 2019;LINESTRING (671568.9984105555 7180466.480580414, 671447.5829813469 7180472.956607041, 671327.4357522966 7180478.647033189)
R. SANITO ROCHA;OUTRAS VIAS;LEI Nº 15511 / 2019;LINESTRING (676937.1056171986 7185443.346338033, 676876.9404261485 7185558.586580785, 676804.9692369897 7185697.182832134)
R. SANT'ANA;COLETORA 2;LEI Nº 15511 / 2019;LINESTRING (676643.6241275456 7185376.942982981, 676499.017077036 7185314.215397291, 676381.3466359489 7185263.163408918, 676270.6355975705 7185216.3806201685, 676172.2501634726 7185174.790830154, 676086.9895337729 7185138.000638606, 676052.9455218104 7185122.818441851, 675918.6042752309 7185065.78605539, 675807.7406365398 7185017.458866225)
R. SANT'ANA DO ITARARÉ;COLETORA 2;LEI Nº 15511 / 2019;LINESTRING (674402.0153501154 7174861.140587088, 674449.8009378118 7174746.50894874, 674485.9415287306 7174660.914720017, 674517.1577208512 7174586.854695182, 674524.8181186627 7174567.459888788, 674544.6817146644 7174525.193674188, 674548.1375125765 7174511.193870007, 674553.4143111862 7174498.401865742, 674585.5185142648 7174475.650053401, 674628.08631812 7174444.413636768, 674669.7425219195 7174413.990820526, 674720.0597267374 7174378.349601181, 674730.1199269573 7174367.679596439, 674816.8887349387 7174304.718162704, 674913.0711435191 7174233.727925008, 674931.2325455213 7174222.1503183395, 674989.9925510306 7174180.101495634, 675031.2951550036 7174151.040079793, 675072.4689587369 7174121.00406374, 675114.9931623465 7174088.820846872, 675203.4093702965 7174024.0784123335, 675205.720970503 7174022.378211427, 675297.7391787777 7173955.072175494)
R. SANTA CATARINA;COLETORA 1;LEI Nº 15511 / 2019;LINESTRING (672103.966445065 7182888.0398889175, 672221.604664633 7182837.863651732, 672337.32208369 7182787.660414922, 672450.4157022603 7182738.384178881, 672564.3181210489 7182689.2387426905, 672670.8221385418 7182642.980908764, 672682.8221401707 7182636.127304519, 672726.9221285589 7182525.980867116, 672771.310717465 7182418.052430233, 672815.1107061366 7182309.757993393, 672860.4772946711 7182198.950155593, 672905.650683015 7182087.509317685, 672949.2678715277 7181978.854880823, 672994.0678603157 7181870.126443712, 673038.7666481684 7181757.075005526, 673080.3370366864 7181651.099169811, 673124.3776247666 7181540.061932301, 673158.5700152958 7181452.854302933)
R. SANTA CATARINA;OUTRAS VIAS;LEI Nº 15511 / 2019;LINESTRING (671968.3426227614 7182947.20173211, 672103.966445065 7182888.0398889175)
R. SANTA CECÍLIA;COLETORA 1;LEI Nº 15511 / 2019;LINESTRING (672301.9534583373 7189484.049969424, 672292.8056576967 7189492.561773568, 672266.0708564477 7189520.481786489, 672260.4078564307 7189527.593389541, 672254.1554567958 7189537.303193407, 672241.0582580719 7189560.1300021615, 672205.5234682028 7189654.374434482, 672204.3712692405 7189660.86363644, 672203.7896704576 7189667.500438321, 672203.7644726863 7189678.324241197, 672203.764474811 7189688.613043925, 672200.40609672 7189799.014673904, 672198.7481019527 7189826.465881531)
R. SANTA MADALENA SOFIA BARAT;COLETORA 2;LEI Nº 15511 / 2019;LINESTRING (678783.0372081843 7187848.053773463, 678848.8246309636 7187874.380766284, 678862.8246359627 7187880.68076494, 678997.3458824505 7187934.014350116, 679143.3401333711 7187993.976534555, 679272.7051781161 7188045.281320266, 679281.267181227 7188049.367719501, 679289.4257843967 7188054.223119026, 679379.6652210428 7188115.22291569, 679391.7916257682 7188122.488514995, 679404.6172302311 7188127.687913606, 679502.5248638303 7188165.152702412)
R. SANTA MÔNICA;COLETORA 2;LEI Nº 15511 / 2019;LINESTRING (671425.1514956345 7178138.880021925, 671582.0131397381 7178163.579995852, 671740.011384284 7178189.018369701, 671779.5495952526 7178194.50396293, 671809.4458028479 7178195.265756959, 671835.1526091264 7178194.694351517, 671862.7636153284 7178191.457145009, 671890.5650213807 7178187.267938225, 671929.2210293924 7178179.479928292)
R. SANTA MÔNICA;OUTRAS VIAS;LEI Nº 15511 / 2019;LINESTRING (671260.7892493327 7178112.503849091, 671425.1514956345 7178138.880021925)
R. SANTA REGINA;COLETORA 2;LEI Nº 15511 / 2019;LINESTRING (671833.2308275084 7178286.165374907, 671892.6698519625 7178332.995374426, 671902.3122556771 7178339.36637404, 671916.0872602088 7178344.70417254, 671930.034264036 7178346.425970096, 671950.198068792 7178345.140965613, 671956.7660704039 7178345.029764231, 672071.6986979963 7178340.0687392615, 672145.8987155529 7178335.618922818, 672159.5731187507 7178334.623719744, 672261.8175649813 7178435.126323899, 672393.1112245512 7178564.997929441)
R. SANTA REGINA;OUTRAS VIAS;LEI Nº 15511 / 2019;LINESTRING (671260.4734675406 7178201.4922715165, 671410.9161099085 7178225.49484662)
R. SANTA REGINA;SETORIAL 2;LEI Nº 15511 / 2019;LINESTRING (671410.9161099085 7178225.49484662, 671568.0111541676 7178250.594820604, 671582.5151576129 7178249.7972174175, 671726.4259981408 7178272.665393528, 671771.4896107019 7178279.18918588, 671821.6902236618 7178281.4429760985, 671833.2308275084 7178286.165374907)
R. SANTO ANDRÉ;COLETORA 1;LEI Nº 15511 / 2019;LINESTRING (677764.4238810242 7184743.247380231, 677765.1696753424 7184715.709172931, 677769.5572739751 7184704.008568959, 677780.8760746681 7184693.638563858)
R. SANTO CELESTINO COLETO;COLETORA 2;LEI Nº 15511 / 2019;LINESTRING (676054.3352532695 7191428.613903489, 675963.9246070138 7191322.791294279, 675869.0437587805 7191213.079284973, 675805.5961264123 7191139.117078596, 675740.9244936351 7191064.68227235, 675659.485252434 7190971.235064566, 675578.8814116658 7190878.702056851, 675521.6549823977 7190811.421050955, 675463.1611528655 7190744.430445401, 675421.367131809 7190696.745641483)
R. SATURNINO MIRANDA;SETORIAL 1;LEI Nº 15511 / 2019;LINESTRING (667536.1098375231 7189630.5397790875, 667539.5856465288 7189670.831589069, 667545.2704530156 7189695.697594521, 667554.6220604891 7189720.683599266, 667563.2220658411 7189736.083601623, 667568.5220694835 7189747.2836035285, 667571.194872039 7189756.511005439, 667569.7620761124 7189778.660611602, 667553.6220879136 7189858.511236027, 667549.022093248 7189891.083645593, 667542.1102970144 7189918.88305436, 667533.9220993815 7189941.383661976, 667510.3221070154 7190010.283685007, 667498.4115113623 7190047.530297289, 667490.1455163816 7190083.350308461, 667482.4081227339 7190125.125521112, 667479.0577255745 7190143.663926709, 667471.5221299804 7190175.483736675, 667448.9221413968 7190261.983764202, 667433.0619478078 7190314.720781406, 667428.1071505487 7190334.869987758, 667425.1343535436 7190353.697793362, 667423.2221560671 7190368.783797758, 667422.8221592149 7190384.983802145, 667425.0221639497 7190405.683807209, 667428.3221680493 7190421.783810832, 667432.4221718791 7190435.483813652, 667439.522177021 7190451.783816563, 667469.1675944576 7190499.729423369, 667486.0916045799 7190527.930027476, 667494.4002104788 7190546.401830724)
R. SCHILLER;OUTRAS VIAS;LEI Nº 15511 / 2019;LINESTRING (675870.5829890654 7185664.02922109, 675874.3677943923 7185684.653425662, 675891.7146364255 7185862.724068398)
R. SEBASTIÃO MALUCELLI;COLETORA 1;LEI Nº 15511 / 2019;LINESTRING (670917.402019091 7180332.023080127, 670915.9669888339 7180186.230043419, 670916.6579860614 7180171.867039634, 670916.1405736723 7180112.079624573, 670915.3153510047 7180002.542996969, 670914.1977308989 7179905.862772697, 670912.6383107527 7179809.51834861, 670912.6063054169 7179783.542942038, 670911.6428907337 7179713.115324404, 670911.9190715961 7179619.452300642, 670912.1258712361 7179617.442300092, 670912.0182509765 7179518.774675153, 670912.2210302753 7179417.574649524, 670910.9520094603 7179317.619024523, 670910.5907883451 7179215.091398697, 670909.2209635981 7179096.080368932, 670908.670543612 7178999.2803446185, 670908.2653050226 7178811.5916973725)
R. SEBASTIÃO MARCOS LUIZ;COLETORA 1;LEI Nº 15511 / 2019;LINESTRING (679362.5525731468 7182334.726216848, 679364.1239736242 7182335.091816604, 679442.6757990398 7182360.529806224, 679452.6238020926 7182362.979404711, 679500.0244178199 7182380.131598907, 679554.469635617 7182398.5799919125, 679599.33165013 7182413.068185966, 679669.8720733152 7182437.530977042, 679680.1548771034 7182442.990376228, 679725.1080919253 7182458.781770589, 679784.2569108646 7182476.937362496, 679841.6239293609 7182495.131554792, 679901.8237485493 7182513.179146436, 679919.8799535112 7182514.914542985, 680014.6677842065 7182545.536530383, 680029.9729891564 7182550.446328339, 680069.5946019709 7182563.156523045, 680126.80542055 7182581.864315488, 680240.2482573775 7182618.844700467, 680353.53149404 7182655.209085308, 680409.86491237 7182673.719677874, 680466.1129307885 7182692.746070587, 680523.2713494641 7182711.865263125, 680578.9393676841 7182730.626855889, 680690.6764038734 7182766.481040893, 680813.591243783 7182806.330424487, 680867.857461458 7182824.158217299, 680923.0534794652 7182842.414210014, 680971.0740952265 7182858.729403786, 680977.5368972992 7182860.703802892, 681019.9033108912 7182873.646197021, 681053.0663215723 7182883.960992473)
R. SEBASTIÃO RIBEIRO BATISTA;COLETORA 2;LEI Nº 15511 / 2019;LINESTRING (668706.5497695981 7178880.602563346, 668700.0291647201 7178864.5441606175, 668645.1287158732 7178690.858527964, 668594.387271344 7178533.291898557, 668594.3202712843 7178533.080698518)
R. SEN. ACCIOLY FILHO;COLETORA 1;LEI Nº 15511 / 2019;LINESTRING (670016.3240835749 7178817.105481187, 669972.2988736212 7178822.166091442, 669922.2420625401 7178829.079903392, 669552.2881836477 7178895.094795378, 669518.1215763168 7178900.985603813, 669314.1621331073 7178938.923254838, 669278.7865252802 7178943.865063271, 669247.512917852 7178945.736270093, 669201.0035061304 7178945.201679403, 669162.2008956547 7178941.325886301, 669006.370052404 7178919.906312513, 668897.5406224023 7178905.92813105, 668706.5497695981 7178880.602563346, 668629.5633487098 7178872.340776843, 668539.1299240286 7178861.900192505, 668487.7329112 7178861.900202895, 668454.5103037218 7178865.924610626, 668430.70849861 7178870.027416471, 668426.1136993224 7178879.2272197185, 668420.295498229 7178881.003821342, 668273.5262710754 7178927.9576628255, 668257.5202663573 7178924.380665155, 667846.419990089 7179055.280981064, 667749.4367724591 7179088.057608858, 667714.972365916 7179098.330618387, 667682.164959119 7179105.289826744, 667646.374951175 7179110.260635198, 667628.148546755 7179110.9234390315, 667601.2939397483 7179109.451844059, 667573.1201320308 7179106.081048876, 667537.220121433 7179097.981054049, 667501.3201095895 7179083.681057656, 667432.6530853591 7179048.460862565, 667329.3126490525 7178996.199870136, 667321.3296455177 7178988.517869802, 667296.537636295 7178973.418870971, 667255.8498213325 7178949.488073101, 667245.2448178835 7178945.492874221, 667216.8434093263 7178938.1874780785, 667207.8496062194 7178933.894878801, 667048.7239611136 7178907.055903943, 667039.7873582041 7178903.665504878, 666998.1493475006 7178902.118112834, 666955.6995365894 7178900.54052094, 666910.0399248509 7178898.843529657, 666867.0575138023 7178897.2459378615, 666821.1947020143 7178895.541546613, 666761.4872866666 7178893.322558003, 666749.0778834764 7178892.861560368, 666633.3940537423 7178888.561782422)
R. SESINANDO CHAVES;COLETORA 2;LEI Nº 15511 / 2019;LINESTRING (678467.3223909725 7184413.877944731, 678539.0336393486 7184553.954365663)
R. SETEMBRINO PORTELLA NETO;COLETORA 2;LEI Nº 15511 / 2019;LINESTRING (666538.0044277823 7178877.792398771, 666481.8118117666 7178867.821607486, 666438.0431993802 7178860.500014382, 666431.1781973547 7178858.931215358, 666379.0615824794 7178849.572823405, 666336.9197701497 7178840.481229526, 666332.6739692313 7178841.198030554, 666328.9031685337 7178842.414431613, 666265.3449567871 7178863.031449489)
R. SILVEIRA PEIXOTO (A);OUTRAS VIAS;LEI Nº 15511 / 2019;LINESTRING (672418.9468851252 7184628.429272942, 672395.9690908705 7184684.7180922795, 672340.9263047231 7184820.075538749)
R. SIMÃO MANSUR;COLETORA 2;LEI Nº 15511 / 2019;LINESTRING (675276.3744911756 7190685.430268946, 675341.1367072086 7190680.419254001, 675352.8017103331 7190680.637451607, 675364.6849139272 7190682.81764969, 675411.552130239 7190701.6002448425)
R. SIMÃO MANSUR;SETORIAL 1;LEI Nº 15511 / 2019;LINESTRING (675276.3744911756 7190685.430268946, 675263.946488119 7190686.480671836, 675243.4264830828 7190688.278076626, 675204.5886734232 7190691.07188553, 675191.2694700857 7190691.913688551, 675160.2996623858 7190694.157495652, 675125.2422536087 7190696.408903613, 675085.1996432475 7190697.373912276, 675054.9666353054 7190697.5347186625, 674985.8554170874 7190697.611933182)
R. SINKE FERREIRA;COLETORA 2;LEI Nº 15511 / 2019;LINESTRING (678382.0217423108 7183353.852289185, 678371.7115366424 7183339.651887732, 678357.1495263533 7183308.91608293, 678303.9776877589 7183191.855864156, 678246.3476457817 7183064.217843628, 678188.315603563 7182935.844423011, 678148.0171742265 7182846.56500867, 678134.5107640262 7182814.919203421, 678132.7369622149 7182808.546002163, 678126.4235450614 7182735.779784815, 678118.6129231829 7182642.67976257, 678112.2809065438 7182572.335945862, 678107.1618922394 7182511.467931333, 678098.7958714417 7182424.065310694, 678086.0334315092 7182252.309069378, 678084.4140203388 7182201.941456815)
R. SYLVIO ZENY;OUTRAS VIAS;LEI Nº 15511 / 2019;LINESTRING (671525.5239268036 7182056.5299948575, 671482.941121027 7182080.91440986, 671354.6224938477 7182106.917242903)
R. SÃO JOSÉ DOS PINHAIS;COLETORA 1;LEI Nº 15511 / 2019;LINESTRING (673797.2745568827 7174644.571259914, 673852.7219412513 7174504.673613793, 673899.3113281147 7174387.18337507, 673926.8517204708 7174318.346952339, 673953.9133128001 7174249.961529821, 673972.9015075181 7174202.468114148, 673983.9289044491 7174174.886105045, 673992.8695029432 7174157.2340988275, 673999.1527025485 7174148.000295239, 674020.2207032978 7174126.978485657, 674039.1207050454 7174113.278478334, 674071.8207088432 7174093.278466575, 674101.8159121232 7174073.961055546, 674190.1119220908 7174018.647423465, 674278.2651321517 7173963.988191567, 674370.0207425636 7173906.878158307, 674477.1747550602 7173841.86291987, 674478.7517552434 7173840.906119304, 674533.3291613567 7173806.624099437, 674589.2161675614 7173771.279279031, 674698.1327801367 7173704.759239836, 674698.9205802274 7173704.278239552, 674751.7523863292 7173672.0512205465, 674793.8069906756 7173643.97600482, 674826.484194121 7173622.495992683, 674922.7692044608 7173560.152157147, 675012.0836139577 7173501.930524083, 675103.0944239812 7173444.308490803, 675218.9424362945 7173368.934847934, 675262.3024409057 7173340.756031895, 675306.1828457823 7173313.261215912, 675350.9510510247 7173286.484999917, 675398.6730566504 7173258.138182914, 675442.4264617085 7173231.689167211, 675487.8032670168 7173204.565150999, 675534.7250726398 7173177.174134393, 675556.9108748822 7173162.253326058)
R. SÃO JOÃO;EXTERNA;LEI Nº 15511 / 2019;LINESTRING (677970.9917379671 7191322.215468368, 678063.3293778556 7191394.62386802, 678156.565617796 7191466.080267223, 678249.3178579941 7191539.271066988, 678343.041298539 7191612.797866631, 678435.2795382887 7191684.381866068, 678528.4129785404 7191757.120065618, 678617.6138170848 7191826.679465158, 678709.4780568093 7191898.385064697, 678798.7818954692 7191968.214064276, 678847.7899166518 7192006.352663996, 678877.4037292957 7192028.661663627, 678891.3001353167 7192039.542063566, 678903.266340183 7192047.417063111, 678915.9357449444 7192053.938062144, 678924.1933477301 7192056.696061112, 678932.2853502372 7192058.374059828, 678944.5793537735 7192059.64145753, 678990.4873658956 7192059.328647599, 679027.6587759021 7192059.970239796)
R. SÃO LUIZ;EXTERNA;LEI Nº 15511 / 2019;LINESTRING (675368.7053075539 7188744.940334765, 675371.0665096872 7188752.150936173, 675375.3225127354 7188761.353137709, 675381.9941168992 7188772.855539344, 675393.3817236985 7188791.029741751, 675407.1239314049 7188810.581744026, 675422.0653390132 7188828.173945531, 675446.5805507896 7188853.6691471115, 675531.7291941481 7188953.836155671, 675575.1390164039 7189005.588360218, 675581.7534196572 7189012.812960736, 675590.5464237552 7189021.347161142, 675600.5030281593 7189029.8815613035, 675610.2012321678 7189036.864161108)
R. SÃO MARCELINO CHAMPAGNAT;COLETORA 1;LEI Nº 15511 / 2019;LINESTRING (671852.5228627444 7187165.7822511615, 671831.0322475631 7187119.175243374, 671757.9975918315 7186940.603011634, 671750.4631855944 7186919.8106077425, 671741.680580237 7186904.847805634, 671687.3359539071 7186845.395001258, 671586.0283039896 7186730.401992015, 671579.1227002207 7186720.782190919, 671573.0700969014 7186712.265989937, 671567.5898926933 7186698.709787518, 671562.3882876596 7186680.796783902, 671556.1876787196 7186645.142975853, 671547.5226594355 7186562.307155977, 671540.1192295452 7186426.313521959, 671539.9226287464 7186422.6821210515)
R. SÃO PEDRO;OUTRAS VIAS;LEI Nº 15511 / 2019;LINESTRING (675368.7053075539 7188744.940334765, 675443.1959141046 7188683.480902869, 675525.3409205728 7188612.179866765, 675569.133124073 7188574.434647584, 675610.9223276272 7188539.457629557)
R. SÃO SALVADOR;COLETORA 1;LEI Nº 15511 / 2019;LINESTRING (673072.8870283759 7191256.612881385, 673066.9084275232 7191260.123483562, 673058.2210259801 7191263.762886336, 673049.6508242245 7191266.228088772, 673037.6762214721 7191268.223891788, 673024.0580180155 7191268.928294802, 673012.3180148866 7191268.810897205, 673006.1238132 7191268.582898429, 672983.0238066554 7191266.482902657, 672966.3522017472 7191264.079905473, 672861.0657705797 7191248.062123017, 672831.0101617465 7191243.7895281045, 672803.9605539393 7191240.637532865, 672721.4347294417 7191227.726346506, 672690.1225200882 7191222.542151604, 672669.4853138514 7191218.77615487, 672647.0169071944 7191215.320958598, 672638.6045046558 7191213.805159935, 672630.4701023186 7191212.901361377, 672619.3230993708 7191212.901363683, 672609.8996973151 7191215.012966197)
R. SÃO SEBASTIÃO;COLETORA 1;LEI Nº 15511 / 2019;LINESTRING (675318.9475358609 7188941.508797165, 675259.4001231313 7188955.09421327, 675197.1689098326 7188969.332830107, 675133.1434962502 7188984.4626475535, 674996.7466671948 7189016.158484563, 674951.9900575433 7189026.018096558, 674869.3298399085 7189045.130118947, 674739.1768121948 7189075.518554259, 674630.4455890028 7189100.755783707)
R. SÃO THIAGO;COLETORA 1;LEI Nº 15511 / 2019;LINESTRING (677780.8760746681 7184693.638563858, 677793.3586792441 7184700.068962864, 677832.1214966599 7184735.078763676)
R. SÃO VICENTE DE PAULO;OUTRAS VIAS;LEI Nº 15511 / 2019;LINESTRING (670275.5741680756 7185768.298009483, 670194.1863403723 7185735.404817533, 670090.4919052717 7185694.395628012)
R. SÃO VICENTE PALLOTTI;COLETORA 2;LEI Nº 15511 / 2019;LINESTRING (678139.3202341404 7184073.352126769, 678151.1536380062 7184077.270525252, 678172.2528461659 7184090.186324085, 678255.4022826749 7184161.4133247305, 678327.1513148467 7184225.940726079, 678344.98392266 7184241.117326193, 678370.0977337707 7184262.981126477, 678409.9195514959 7184298.1525270585, 678413.6891542645 7184306.579528434, 678440.4989726229 7184360.265736593, 678467.3223909725 7184413.877944731)
R. SÉRGIO CARLOS DE MATTOS;OUTRAS VIAS;LEI Nº 15511 / 2019;LINESTRING (670488.9490270854 7185787.789370963, 670523.6586289171 7185752.970354797)
R. TABAJARAS;COLETORA 2;LEI Nº 15511 / 2019;LINESTRING (671273.7647885834 7183641.324253807, 671259.2327699524 7183568.692238063, 671232.5005368191 7183440.5912105385, 671208.3805074728 7183327.640186399, 671205.3317045058 7183316.986384282, 671181.3616745896 7183201.046559358, 671154.4568418245 7183074.841532412, 671128.0136087021 7182946.285504784, 671116.9183938459 7182887.664691995, 671104.0111787242 7182829.986679825, 671079.3539477829 7182709.769854009, 671042.3217024687 7182534.791816697, 671030.0970880437 7182479.613605051, 671003.2992562142 7182357.621379268, 670983.1386323713 7182266.316360004, 670976.5374246498 7182236.828553801)
R. TAMOIOS;COLETORA 2;LEI Nº 15511 / 2019;LINESTRING (671423.2456393127 7183702.424238846, 671412.0220265279 7183654.18142871, 671387.5411972995 7183542.405204923, 671359.8667642742 7183416.09117806, 671334.0269321523 7183291.856351374, 671309.1269018282 7183175.176526458, 671281.6918687151 7183048.021299385, 671254.9056357873 7182920.925472211, 671230.1838054678 7182803.939047229, 671201.1733694533 7182664.492217377, 671112.6256594156 7182238.033926191, 671110.5972563484 7182225.600723421, 671095.6992383145 7182156.144308688)
R. TAPAJÓS;PRIORITÁRIA;LEI Nº 15511 / 2019;LINESTRING (672772.8204917222 7187117.961448479, 672786.642907043 7187174.591860461, 672793.1635136148 7187198.136865282, 672803.9909257329 7187243.05767482, 672831.0635545538 7187348.202496791, 672846.1895712032 7187409.577509763, 672849.0035744393 7187421.660912352, 672861.4547880064 7187471.502122854, 672869.3767972474 7187506.146530308, 672895.1708255116 7187610.136952274, 672922.4276549751 7187718.038574975, 672946.5050810724 7187813.670195125, 672954.4230901267 7187847.39280235, 673005.2873457164 7188051.519845508, 673040.4329865043 7188203.953678358, 673055.9670018728 7188258.496489506)
R. TARQUÍNIO MARCHIORATO;OUTRAS VIAS;LEI Nº 15511 / 2019;LINESTRING (669931.98166633 7185703.819462782, 669997.3220669606 7185624.292228762)
R. TEIXEIRA COELHO;PRIORITÁRIA;LEI Nº 15511 / 2019;LINESTRING (672384.5045612105 7185039.1745865885, 672380.1479632278 7185054.350791428, 672281.2327591561 7185157.699438708, 672209.6541560498 7185231.789672742, 672179.5131548487 7185263.521887211, 672122.5619522586 7185321.958114156, 672019.5295483758 7185431.6745639425, 672019.5225483757 7185431.681763946)
R. TEN. ANTÔNIO PUPO;COLETORA 2;LEI Nº 15511 / 2019;LINESTRING (674743.0898265336 7176734.691181163, 674469.3137442709 7176664.873821103, 674458.8961414907 7176663.881623036, 674184.401259236 7176594.729263207, 673912.8595777984 7176525.764702722, 673852.3767596647 7176510.403711513)
R. TEN. FRANCISCO FERREIRA DE SOUZA;SETORIAL 1;LEI Nº 15511 / 2019;LINESTRING (675727.6226416056 7181343.779937493, 675781.3076282907 7181216.325093659, 675835.3226151832 7181089.536249941, 675889.0114022442 7180964.01360663, 675944.3323892026 7180836.136162391, 675997.6001758106 7180709.136118824, 676052.5113624963 7180580.613674538, 676138.5565414171 7180378.36840496, 676225.9225199614 7180172.979534345, 676226.2599198791 7180172.189134073, 676315.4084992533 7179968.8104636315, 676402.1822777597 7179764.353793459, 676489.3104562415 7179559.56972317, 676577.4244347753 7179354.0608525295, 676665.0248131999 7179148.851982115, 676750.0127921446 7178949.389513746, 676839.5607700178 7178739.70224187, 676927.1667484246 7178535.0233717095, 677002.7965296754 7178357.978911089, 677013.5539265192 7178330.504901892, 677027.1483237444 7178301.505091709, 677102.2491052916 7178126.678831797)
R. TEN. MIGUEL AFONSO RIBEIRO CUBAS;OUTRAS VIAS;LEI Nº 15511 / 2019;LINESTRING (671257.9871176125 7178448.16873406, 671385.9387525336 7178462.988511486, 671388.7209532871 7178463.280110987)
R. TEÓFILO WISNIEWSKI;OUTRAS VIAS;LEI Nº 15511 / 2019;LINESTRING (665420.842228319 7184316.994610066, 665479.3996317083 7184258.515583324)
R. THEODORO LOCKER;COLETORA 1;LEI Nº 15511 / 2019;LINESTRING (666336.7307339172 7182668.153003054, 666317.0401288306 7182667.734206876, 665844.2103944905 7182596.4448827775, 665613.6375285826 7182559.521319143, 665557.4869128423 7182552.076128384, 665498.6554959031 7182542.019537488, 665450.0088819604 7182534.02034509, 665241.3986244226 7182511.010380564)
R. THEODORO MAKIOLKA;SETORIAL 2;LEI Nº 15511 / 2019;LINESTRING (678765.2841823853 7192415.325791426, 678716.3633727628 7192431.134806152, 678668.5873631218 7192445.44662023, 678626.5255545119 7192457.482032469, 678558.9911408531 7192477.590852327, 678499.2949287078 7192495.04046979, 678457.195320122 7192507.261082077, 678451.2861191498 7192510.068284097, 678444.6487182993 7192514.349686667, 678438.4667175595 7192518.579489125, 678421.5779156463 7192530.64309598, 678405.074913878 7192542.899702802, 678370.9325103336 7192568.817517068, 678346.4821078073 7192587.444127301, 678320.6841054033 7192608.3119384255, 678300.0459035872 7192625.510547459, 678282.5033020367 7192640.110355133, 678264.7313004904 7192655.015762938, 678250.0550990826 7192666.710769217, 678230.7212954247 7192673.679775222, 678203.3110901726 7192683.254583652, 678132.1572757568 7192704.469204552, 678069.9722631149 7192722.812022759, 678039.3254568882 7192731.882231738, 678011.8926513344 7192740.088839799, 677990.176246852 7192746.185646072, 677970.9060426934 7192750.749051411, 677948.482837466 7192754.241257133, 677925.1406319943 7192757.733463051, 677902.1660266983 7192761.593068985, 677884.8086231202 7192766.492474006, 677850.5340169603 7192780.425685061, 677813.6156109207 7192798.218897717, 677780.9978055824 7192813.9411088955, 677752.956000674 7192825.967518107, 677744.5081990227 7192828.783320665, 677734.8283969316 7192831.071323343, 677703.8533896535 7192835.647131173, 677676.3979830134 7192838.815137871, 677657.3905784748 7192841.278942581, 677641.3749750691 7192845.326947082, 677627.0607722541 7192850.020151392, 677609.5755694039 7192858.5139574, 677594.7979673373 7192867.305162911, 677582.9417663061 7192877.298168124, 677569.900165534 7192890.00117432, 677560.9973653207 7192900.142378943, 677548.4213652529 7192915.576585773, 677532.4595656274 7192937.327595025, 677516.8473653776 7192955.710603296, 677499.8527647766 7192974.175811882, 677486.5257638411 7192986.486018032, 677439.4471598117 7193026.553638835, 677362.7139561151 7193105.417076392, 677325.9277530685 7193137.242492786, 677297.9753509633 7193162.428905513, 677282.6887502257 7193178.152112998, 677269.4405499697 7193193.58431997, 677261.578949943 7193203.338524271, 677256.192150177 7193211.200127535, 677248.815950872 7193223.740332481, 677226.7009521137 7193257.367946243, 677220.5573527896 7193268.27595049, 677211.4521534477 7193282.815156342, 677204.6957537078 7193292.531760398, 677195.3361533952 7193302.827365162, 677186.5115526583 7193310.44856909, 677170.1991508871 7193322.615975836, 677153.084548475 7193332.77778221, 677139.1791463511 7193340.265387181, 677119.6577430116 7193349.090193706, 677091.3337381043 7193361.603603093, 677072.4111348509 7193370.085209397, 677038.3637293051 7193386.795621128, 677003.8671240628 7193405.514633497, 676984.746921339 7193416.746040583, 676970.8653194037 7193425.105445782, 676970.8375194 7193425.122045793, 676963.4029188595 7193431.94164921, 676959.0267188199 7193437.264251573, 676952.757919328 7193447.554455678, 676922.7153234661 7193504.919277528, 676901.1887253127 7193540.757691765, 676865.1481270756 7193594.512713916, 676842.2565278737 7193627.156527583, 676832.0443282403 7193641.767933693, 676820.2609280866 7193655.907940008, 676806.4351271864 7193669.105346503, 676783.496725613 7193690.629757177, 676760.7155236489 7193710.111567264, 676745.1615223496 7193723.623174209, 676734.3207217129 7193734.306779392, 676725.6795216313 7193744.833384066, 676711.0683217488 7193763.843792297, 676699.9133228905 7193783.325799923, 676686.0875241159 7193806.578209133, 676666.3003266465 7193843.536223313, 676658.2787275856 7193858.111028949, 676651.4967280515 7193868.883033296, 676642.1537281534 7193881.176438599, 676632.512327275 7193889.219042813, 676620.8861254606 7193895.346446931, 676608.7885228853 7193898.488650341, 676597.6335203324 7193900.531053253, 676577.8375153659 7193902.102257868, 676565.7399124595 7193903.673460852, 676555.3705100496 7193905.401663515, 676547.1493083787 7193907.9028659295, 676539.0309074052 7193913.57146918, 676533.2107068285 7193918.206071664, 676520.9161058303 7193929.053677199, 676504.4969040125 7193941.235683966, 676492.7361023478 7193948.251088351, 676484.3699009193 7193952.093691159, 676473.6444988037 7193955.668894394, 676456.165895272 7193961.097899559, 676436.8334909633 7193965.202704757, 676406.6432841402 7193971.1613127515, 676367.978475606 7193979.768123253, 676346.792271137 7193985.46192927, 676323.0054660119 7193991.359735893, 676294.3694602601 7194000.430744395, 676274.2116562705 7194007.095750457, 676241.2114496976 7194017.82496033, 676232.758247744 7194019.287962511, 676222.1916449473 7194019.450564787, 676215.6890430345 7194018.63776594, 676208.8816408142 7194016.754366867, 676193.1432350198 7194009.277768169, 676151.4598194894 7193988.594571377, 676140.0344154761 7193984.082372568, 676126.3106114012 7193982.182174951, 676092.107002198 7193981.971182112, 676071.8381968146 7193982.182186447, 676049.0357903072 7193980.281990743, 676028.9781839562 7193975.63719372, 676012.378378455 7193970.626595866, 675983.854168778 7193960.957799268, 675960.9329610568 7193953.449202072, 675945.2571555539 7193947.257803704, 675936.145751951 7193941.739804133, 675929.5885486649 7193934.4800035525, 675924.6705454721 7193925.580802184, 675921.8603427937 7193916.447600307, 675917.176535911 7193889.750194076, 675912.4829284811 7193860.46678715, 675908.4431250298 7193849.225784964, 675901.9445211056 7193838.862983534, 675894.9481175054 7193830.666382792, 675880.7017117352 7193821.376983285, 675854.4727014258 7193805.764384596, 675805.7614824054 7193777.349587182, 675779.1458726174 7193764.689789369, 675767.4316687832 7193761.365390938, 675755.9234651518 7193758.743792655, 675742.8764613762 7193757.378395033, 675727.8572573893 7193757.530198237, 675700.3978502341 7193758.440404265, 675684.0132456911 7193757.682007511, 675673.6968425172 7193755.70960915, 675662.4280386899 7193751.842410477, 675649.9178337761 7193744.4040111005, 675638.5348287618 7193735.049610971, 675622.4390211739 7193719.451210145, 675613.4630165406 7193708.84860917, 675607.0430122858 7193696.787007264, 675602.7630080299 7193682.0016041715, 675601.2068046643 7193667.994600717, 675600.428595203 7193624.027589008, 675599.8449900935 7193600.487982776, 675598.2885864836 7193585.313579006, 675595.7595835146 7193574.418976598, 675592.8413811787 7193567.026375217, 675587.3941782492 7193560.022774472, 675580.3905753951 7193555.353774686, 675570.2743718723 7193551.462975765, 675558.9907686518 7193550.490177877, 675548.4853660081 7193551.2683802955, 675534.0891628971 7193554.770184271, 675517.9419595229 7193559.244588875, 675501.7949562301 7193564.108193584, 675477.5073510043 7193570.127000317, 675466.3453484809 7193572.315603256, 675458.4663465824 7193573.300405178, 675449.930744416 7193573.84760712, 675442.9271425674 7193573.957008621, 675433.1879399412 7193573.84761064, 675423.3937372385 7193573.446412592, 675414.8339348275 7193572.862814235, 675404.7177318786 7193571.695416046, 675394.6013286443 7193569.166417489, 675381.956124363 7193564.886418991, 675365.0307181235 7193556.7156203445, 675342.9301092916 7193542.799621233, 675324.9745019616 7193530.754821755, 675312.4640966065 7193521.181021799, 675264.9052751146 7193479.366020506, 675258.7588727232 7193475.7972208345, 675249.751469576 7193472.271021776, 675163.2678409365 7193445.908232824, 675101.98742109 7193429.345041217, 675038.8994004637 7193411.353449602)
R. TIBAGI;OUTRAS VIAS;LEI Nº 15511 / 2019;LINESTRING (674785.5231466368 7185841.9814955825, 674846.8589290858 7185682.807441259, 674848.6567263567 7185667.5846369155, 674913.9843098938 7185508.806581888)
R. TIJUCAS DO SUL;COLETORA 2;LEI Nº 15511 / 2019;LINESTRING (673382.8449001223 7174858.860199228, 673396.6252964078 7174824.799187938, 673397.0420957401 7174821.102586936, 673412.9138923197 7174786.005974956, 673440.3466851081 7174719.10815271, 673477.3204758661 7174631.278523309)
R. TIJUCAS DO SUL;SETORIAL 2;LEI Nº 15511 / 2019;LINESTRING (673477.3204758661 7174631.278523309, 673516.7204665072 7174540.078492578, 673516.8440664806 7174539.805492487, 673517.3964663601 7174538.582292068, 673572.8958543112 7174415.628450155, 673627.0466389189 7174278.290204989, 673666.0030285565 7174182.955573365, 673676.0970257216 7174157.541564996, 673704.2600178848 7174086.990741739, 673725.28421164 7174032.4543239195, 673751.309604922 7173969.816103064, 673789.4949934853 7173870.371870617, 673817.9019967363 7173852.780260361, 673902.9944064602 7173800.050629629, 673991.5286165397 7173745.068197617, 674080.5790266651 7173689.765165414, 674159.1650355933 7173640.960936988, 674271.7700483787 7173571.077696262, 674327.7798547461 7173536.39067602, 674390.4146618622 7173497.60105338, 674494.2572736458 7173433.291215839, 674544.0206792878 7173402.478197847, 674590.3380845344 7173373.788181096, 674632.1206892368 7173347.778165953, 674735.8549010289 7173283.807728497, 674826.7857113269 7173227.613095632, 674918.3099216786 7173171.051862542, 674947.8291250147 7173152.809251869, 675028.003134605 7173105.8046234995, 675119.7525455676 7173052.013591031, 675212.4843566362 7172997.646358205, 675253.5143573106 7172953.538738767)
R. TOBIAS DE MACEDO JÚNIOR;COLETORA 2;LEI Nº 15511 / 2019;LINESTRING (668809.5347072942 7186347.599058615, 668748.6578994219 7186386.479681088, 668712.2550905418 7186389.121889144, 668684.9528827091 7186385.305493671, 668656.4764748699 7186382.956898818, 668641.5044712351 7186384.131102151, 668618.5030663724 7186389.490308204, 668582.5844573149 7186390.633915763, 668543.0620473862 7186392.086924132, 668529.0218440378 7186393.482727334, 668516.1218423579 7186401.682732083, 668508.189441833 7186409.232735656, 668494.8578411004 7186422.673141861, 668488.0526406199 7186429.009944892, 668480.8664426116 7186448.068951322, 668472.7294457335 7186473.932959722, 668456.2218540781 7186536.382779375, 668454.2398562916 7186549.877383301, 668436.2948611651 7186597.004599247, 668414.0758636545 7186637.811014401, 668397.2808647089 7186664.5704247905, 668375.2676672828 7186705.54583995, 668365.4596665036 7186714.264044212, 668354.7798650132 7186720.58464802, 668333.4202600536 7186723.418053074, 668305.5222530477 7186724.507858988, 668288.9576474805 7186718.187260678, 668276.6398427892 7186710.744461218, 668266.2904383559 7186702.058661034, 668256.4824334413 7186690.289059934, 668246.6744292732 7186682.224659805, 668235.3408254611 7186677.8656609515, 668223.135421817 7186675.468262786, 668196.2392145457 7186673.956067816, 668185.4604118762 7186674.559870148, 668170.9120083076 7186675.540673338, 668144.9210029603 7186682.406280375, 668111.9929967873 7186694.082890066, 668089.6695916848 7186697.445295446, 668070.5441863367 7186695.483698787, 668027.8929735424 7186686.809905114, 668020.8505717216 7186686.819906535, 667992.5217657877 7186693.782914063, 667947.1295574701 7186710.848327668, 667938.6271557278 7186713.137929981, 667891.743543786 7186714.124939678, 667822.5483257156 7186713.388753414, 667796.7579193256 7186714.82675898, 667787.2145174912 7186717.989561725, 667700.3524960664 7186723.326380594, 667653.7928848595 7186727.558991063, 667627.492478299 7186728.8121966785, 667585.7016679621 7186731.239605712, 667549.2638565644 7186721.486210482, 667508.5932438129 7186710.444415765, 667475.8358345894 7186706.763821382, 667447.3112274618 7186708.052027446, 667398.543215939 7186713.572838681, 667358.9768070953 7186720.566048451, 667334.132801142 7186722.958454061, 667314.9937949653 7186716.885456312, 667297.5695879322 7186704.322656523, 667269.7223747883 7186674.742654374, 667252.2395658696 7186652.843052154, 667245.9823609272 7186636.28024908, 667240.6455544877 7186611.068243558, 667231.0759480253 7186591.193040283, 667220.1589411194 7186570.841437152, 667215.6175389693 7186565.980836792, 667183.3067202978 7186514.557229832)
R. TOMAZINA;COLETORA 1;LEI Nº 15511 / 2019;LINESTRING (674818.0911596419 7189680.413897941, 674829.3771624144 7189679.504895335, 674841.4717650614 7189676.977492128, 674860.2455685544 7189670.117886374, 674876.2083714462 7189663.919881383, 674902.3963766703 7189656.0374738015, 674921.8923807679 7189651.1634684205, 675007.4460001965 7189636.69724664, 675103.1626218478 7189620.120622156, 675217.5914467217 7189595.5107916035)
R. TRAJANO REIS;COLETORA 1;LEI Nº 15511 / 2019;MULTILINESTRING ((673561.2160754818 7187017.781658525, 673535.6485102884 7187216.9251160445), (673532.8635131947 7187234.368921198, 673527.5515166721 7187257.7075284235, 673523.8441227999 7187291.788338136, 673520.3843273642 7187318.042945743, 673517.6595306585 7187337.276951356, 673516.5633334761 7187352.183355495, 673516.8029343858 7187356.257356515, 673517.9077361489 7187363.353158147, 673519.4873377171 7187368.920759279))
R. TREZE DE MAIO;PRIORITÁRIA;LEI Nº 15511 / 2019;LINESTRING (674388.9231914737 7186545.681362294, 674130.8095358184 7186599.1128302, 674032.7369145086 7186618.668255787, 673930.737092648 7186640.491082773, 673924.2104912293 7186641.796484476, 673917.3356896497 7186642.753686159, 673906.6458870472 7186643.550088598, 673802.391865053 7186667.559916611, 673638.5508302096 7186704.007960277, 673600.5862221379 7186712.471170394, 673443.47478837 7186745.794011803, 673292.6099561437 7186778.802051805, 673217.9979401685 7186794.973271538, 673202.7887366719 7186797.120475259, 673192.9475341595 7186797.299477349, 673185.5405321105 7186796.673478723)
R. TUNÍSIA;SETORIAL 1;LEI Nº 15511 / 2019;LINESTRING (680916.1239473106 7182241.578857273, 680963.5239180286 7182051.278798224, 680979.374707546 7181984.490777679)
R. UBALDINO DO AMARAL;PRIORITÁRIA;LEI Nº 15511 / 2019;LINESTRING (674858.3720650204 7187270.739853878, 674954.023638601 7187026.381369752, 674954.3872384994 7187025.455769433, 675012.7224226852 7186877.982518565, 675038.7298142212 7186805.537094139, 675075.0508028306 7186706.4398605805, 675100.2707939798 7186633.176036119, 675134.5405796466 7186522.670200026, 675164.4961661402 7186421.461167282, 675171.9785624186 7186394.523958672, 675179.4897590529 7186369.258750494, 675185.9045564639 7186349.034743862, 675213.1255441614 7186256.978114102, 675214.774943672 7186252.619312617, 675217.2095433483 7186248.090310924, 675225.3187430496 7186236.687106241, 675230.1793429409 7186230.187503524, 675236.058542528 7186220.994899888, 675248.7815410639 7186198.376091311, 675280.0031374971 7186143.0218703, 675308.8893346629 7186094.045451447, 675323.2233330931 7186068.966441892, 675357.1719293746 7186009.581019265, 675396.5877255066 7185942.809193561, 675414.2469240203 7185914.074182355, 675440.5315207305 7185866.189964345, 675459.3173186737 7185833.377351839, 675481.3593157153 7185792.299136499, 675516.9245105562 7185724.203111273, 675525.7255095262 7185708.529905338, 675536.3801088821 7185692.4180989, 675547.294508578 7185677.605692744, 675559.3907085684 7185662.742086329)
R. UBIRAJARA FERNANDES DA SILVA - DR. BIRA;COLETORA 2;LEI Nº 15511 / 2019;LINESTRING (668232.4949032213 7171213.636161828, 668239.487925259 7171314.428984899)
R. ULISSES AURÉLIO VISINONI;COLETORA 2;LEI Nº 15511 / 2019;LINESTRING (665349.1953715844 7180090.086141917, 665350.038568437 7180073.152137458, 665350.6583667672 7180063.948735001, 665351.5837656494 7180057.1421330925, 665356.5157637337 7180041.245528084, 665361.5643621176 7180026.7119234)
R. URBANO LOPES;OUTRAS VIAS;LEI Nº 15511 / 2019;LINESTRING (677506.8926591331 7184950.974488987, 677467.0238654052 7185028.58031762, 677418.0236731512 7185124.180352876, 677394.6236791105 7185180.480372483, 677388.8236865541 7185222.48038463, 677380.0428961834 7185278.364401024, 677374.3943037542 7185320.786013255, 677355.696927693 7185455.969852392)
R. URIEL NOGUEIRA DOS SANTOS;COLETORA 2;LEI Nº 15511 / 2019;LINESTRING (668255.4675504044 7167459.966854151, 668238.3485487731 7167471.874660447, 668204.9649449122 7167491.751871929, 668178.4619432396 7167514.432282688, 668098.9529431011 7167606.683120737, 668064.2487420725 7167642.172736206, 668027.1721409642 7167680.066752726, 667965.9033353908 7167724.16497561, 667956.9275337431 7167726.506377977, 667712.2418783843 7167738.604230179)
R. VALENTIN DEDA;OUTRAS VIAS;LEI Nº 15511 / 2019;LINESTRING (671356.4389773619 7177646.789112564, 671266.3243550485 7177647.028131149, 671110.8207164964 7177647.202363135)
R. VALENTIN NICHELE;OUTRAS VIAS;LEI Nº 15511 / 2019;LINESTRING (671201.6908506335 7176243.379593788, 671201.9822296863 7176141.071968263, 671160.6418048692 7176069.832359032, 671133.309788465 7176022.732752931)
R. VELCY BOLIVAR GRANDÓ;COLETORA 1;LEI Nº 15511 / 2019;LINESTRING (680141.8695056203 7179256.019264987, 680077.9990474452 7179060.718429454, 680050.8458227211 7178977.690014359, 679970.5287498236 7178733.022769986, 679930.0411130677 7178609.568747614)
R. VER. ADEODATO VOLPI;OUTRAS VIAS;LEI Nº 15511 / 2019;LINESTRING (671296.4698033712 7178818.775019487, 671314.7146074459 7178816.447415151, 671418.8628343465 7178820.8793948535)
R. VER. ANTÔNIO DOS REIS CAVALHEIRO;OUTRAS VIAS;LEI Nº 15511 / 2019;LINESTRING (676189.8330210894 7189212.692085393, 676116.1242196115 7189297.181723326, 676043.9696174677 7189376.649559604)
R. VER. CONSTANTE PINTO;OUTRAS VIAS;LEI Nº 15511 / 2019;LINESTRING (676829.1619476454 7189962.740148978, 676750.9815414688 7190030.609983578)
R. VER. ELIAS KARAM;COLETORA 1;LEI Nº 15511 / 2019;LINESTRING (668121.3504333886 7180912.552796335, 668074.4608185259 7180897.458001949, 668026.1754036256 7180883.911408234, 667882.4205595797 7180845.081427317, 667791.1005317133 7180820.944639564, 667700.8803039949 7180796.14645141, 667608.7038756644 7180770.725063482, 667578.6608664778 7180762.66206747, 667506.0478443387 7180743.495877191, 667468.6120329916 7180733.9434822835, 667432.7228221146 7180724.785887165, 667358.0625992619 7180704.597297024)
R. VER. GARCIA RODRIGUES VELHO;OUTRAS VIAS;LEI Nº 15511 / 2019;LINESTRING (676077.8301642659 7189082.565074611, 675996.1035586137 7189157.223111613, 675917.93715361 7189230.597547522)
R. VER. ÂNGELO BURBELLO;COLETORA 1;LEI Nº 15511 / 2019;LINESTRING (668983.1023745155 7169689.852041239, 669401.4312810199 7169722.7999642, 669439.0524906538 7169726.024557324, 669472.852699179 7169728.290750994, 669574.0621247897 7169735.459732123, 669622.8639370285 7169738.366122885, 669737.895164918 7169740.52009997, 669773.7401738588 7169742.417693121, 669846.4331925962 7169749.233679944, 669897.721806068 7169755.27987094, 669925.0068132696 7169758.656466189, 669962.0116243279 7169769.56806127, 670026.5326460878 7169800.721655613, 670075.3978629506 7169826.182051776, 670098.841271317 7169839.737450259, 670132.9608839953 7169861.92164864, 670179.9285008006 7169889.279845645, 670192.7377056043 7169897.8194450885, 670202.7007095999 7169905.72644496, 670243.0263246614 7169932.29384313, 670262.635730963 7169940.20084103, 670316.4031483342 7169962.340435378, 670355.7801617518 7169981.949832059, 670391.2033729337 7169995.233628022, 670404.4871773382 7170001.242826752, 670412.8685809264 7170008.99182691, 670434.2173908813 7170032.712828268, 670462.4556035546 7170061.658829479, 670575.5718476243 7170144.819426406, 670611.0178612543 7170169.978225226, 670630.3110684595 7170182.62942433, 670670.478484289 7170212.992223436, 670687.7158906491 7170223.903822542, 670722.506501792 7170237.662018737, 670754.188311466 7170247.876014711, 670874.3209472287 7170282.099398347, 670903.4187580873 7170301.076196965, 670935.3629709241 7170326.378396529, 670980.2745889137 7170361.643595838, 670996.2467949771 7170372.555395199, 671036.8888116244 7170406.239195002, 671072.3140261935 7170435.8737948965, 671105.8378413224 7170470.443996374, 671116.1168459305 7170480.881196789, 671149.3262623013 7170521.839399878, 671194.3960838587 7170574.183603287, 671211.9496919338 7170593.002404236, 671230.6103027774 7170623.997807906, 671245.4703099052 7170641.338609051, 671274.4149281073 7170696.109616366, 671309.3423491817 7170757.857624145, 671328.5305599911 7170788.0300275115, 671335.8459648693 7170803.208229685, 671357.5183771609 7170837.683633584, 671384.4021934717 7170885.600039671, 671400.3744025119 7170910.9024425205, 671414.1326099157 7170930.828044523, 671442.7558244038 7170967.832847608, 671473.2768391223 7171003.730650035, 671507.5932536499 7171034.251650376, 671527.6770622509 7171052.595850693, 671547.2864706432 7171070.465650991, 671566.4212791476 7171089.442451656, 671595.3608915103 7171115.693652067, 671659.09131872 7171173.414652952, 671683.4449295289 7171197.451853771, 671693.565934081 7171207.73105418, 671717.4449441244 7171228.605454329, 671737.1441520832 7171244.232454063, 671762.3567610866 7171258.49385233, 671783.7055691886 7171272.884651424, 671802.5241757048 7171282.531249886, 671892.1282079421 7171334.321643986)
R. VIA VÊNETO;COLETORA 1;LEI Nº 15511 / 2019;LINESTRING (668787.3291719408 7188671.773273248, 668754.689967601 7188692.48948532, 668738.2857659898 7188705.7186921295, 668726.6665659177 7188720.373298349, 668697.6221733146 7188794.4831237905, 668684.4221800361 7188844.783139745, 668675.8221830841 7188870.9831484035, 668667.222187023 7188901.583158229, 668666.8019871459 7188902.734958618, 668656.4221901828 7188931.183168232, 668642.4221915948 7188956.283177695, 668604.9221933447 7189013.483200395, 668584.3221945618 7189046.183213202, 668563.6171956523 7189078.401025904, 668543.7491975365 7189113.468039192, 668505.0394019621 7189185.55606608, 668468.1382059751 7189253.2832914535, 668439.9478088396 7189304.044110579, 668420.2510107302 7189338.975123804, 668412.2492111492 7189351.439328719, 668403.7324111162 7189362.335733322, 668380.703810086 7189387.13974454, 668358.2372077361 7189404.682153719, 668337.2222044055 7189415.48336082, 668319.6130013334 7189423.147766404, 668296.1773969342 7189431.797973424, 668283.4145944186 7189435.923377093, 668036.7475468494 7189520.911849331, 668025.1331448285 7189526.011253023, 668006.9383421623 7189536.4644594565, 667869.3221284375 7189647.683516638, 667841.711524643 7189664.847126745, 667786.8399153803 7189690.412344562, 667749.9847082736 7189703.189955363, 667641.2280850493 7189729.727784264, 667571.194872039 7189756.511005439, 667535.9220654211 7189769.683616018, 667473.9220540549 7189794.183634967, 667409.4220438161 7189827.583656774, 667304.0220288018 7189890.783694689, 667240.0220195018 7189928.283717476, 667181.7220092884 7189953.783735929, 667144.3688023272 7189968.047347201, 667038.31798252 7190008.362179149, 666955.8009671716 7190040.07600409)
R. VICENTE DE CARVALHO;COLETORA 2;LEI Nº 15511 / 2019;LINESTRING (678381.1032223969 7183729.25338619, 678481.2118550548 7183762.318973303, 678592.4504912078 7183798.391158797, 678650.426109996 7183816.915551158, 678707.9995286751 7183835.402343594, 678823.3193664077 7183873.876128806, 678935.2374030357 7183911.210114439, 678991.4240214119 7183929.879907202, 679048.4570400553 7183948.766499837)
R. VICENTE GERONASSO;COLETORA 2;LEI Nº 15511 / 2019;LINESTRING (675890.6200397054 7191569.826975789, 675981.3286861761 7191676.216585128, 676074.6657331294 7191781.480193615, 676129.1023611029 7191845.618999304, 676143.7741686555 7191862.9566008495, 676218.1606062984 7191947.756007861, 676261.6240287822 7191999.584012571, 676351.7168748226 7192104.2718216, 676446.7065224752 7192210.321629964, 676587.6445947314 7192374.79204429, 676643.811422903 7192437.329049196)
R. VICENTE MICHELOTTO;COLETORA 1;LEI Nº 15511 / 2019;LINESTRING (668228.719016895 7176733.457321424, 668190.4910034467 7176713.613724189, 668162.0655924056 7176693.694524957, 668142.3531842055 7176677.177324815, 668122.1821754846 7176658.639924262, 668081.9739567211 7176614.846521452, 668081.6491565793 7176614.537321439, 668046.371136323 7176557.2789142765, 667990.222105023 7176470.754304035, 667989.5517045866 7176469.417503836, 667940.613675848 7176386.728093099)
R. VICTÓRIO VIEZZER;COLETORA 1;LEI Nº 15511 / 2019;LINESTRING (671606.5518996159 7187655.247630267, 671603.5209075792 7187697.783042068, 671599.5627332736 7187827.662277024, 671596.4299438704 7187883.129892254, 671595.5829474222 7187901.468497252, 671593.1225498413 7187916.33510167, 671588.6247512284 7187928.770505866, 671571.8457544749 7187965.797919059, 671561.6233563065 7187987.649526911, 671537.8185610486 7188040.861145811, 671532.4005632214 7188058.284351513, 671528.034966082 7188077.73135753, 671528.2995690065 7188091.621961132, 671530.9453730711 7188108.026164906, 671536.1047786332 7188128.531569244, 671542.1901829136 7188141.628371442, 671550.0237878009 7188155.461973472, 671555.8325911642 7188164.440774643, 671568.2267984513 7188184.152977284, 671572.1706011182 7188192.124978572, 671576.2714049609 7188205.60538128, 671586.4614182402 7188257.225192782, 671587.3998202769 7188265.940194884, 671587.6862224367 7188276.071397496, 671585.6568258085 7188295.03500291, 671582.3050279676 7188309.783607485, 671577.3440294584 7188323.325412075, 671566.4838305409 7188342.364419326, 671548.9134313519 7188368.595029855, 671537.2228303128 7188378.382434839, 671527.6228288767 7188383.582438185, 671511.0266255906 7188388.669842938, 671489.9354208324 7188392.301248232, 671435.6202079195 7188398.459461022, 671415.776403935 7188404.280266635, 671388.524199104 7188415.392875166, 671351.0227932993 7188434.782487983, 671334.6227911322 7188445.082494068)
R. VIRGÍNIA DALABONA;COLETORA 2;LEI Nº 15511 / 2019;LINESTRING (665751.4651340798 7186435.368694967, 665737.2211308958 7186437.883298455, 665702.7155228964 7186442.5417065285, 665649.0911096662 7186445.754318021, 665618.6957019495 7186446.4957242515, 665564.0854879261 7186447.006535229, 665550.9866849068 7186448.854738312, 665444.7252569518 7186446.495758784, 665419.2722504673 7186446.989963964, 665386.6526423243 7186448.47257082, 665317.979825903 7186455.236386204, 665183.0209943309 7186472.083417348, 665146.7209858327 7186476.583425712, 665126.9209811462 7186478.7834302075, 665101.5209749914 7186480.883435785, 665082.9457703744 7186481.8334397115, 665065.4003656391 7186480.845042925, 665037.7231575511 7186476.149847178, 665021.1663532673 7186476.149850453, 664994.2305473259 7186481.339257139, 664952.4677382817 7186490.2354677245, 664935.9209342692 7186491.583471349, 664923.8209310395 7186491.083473612, 664904.7209258019 7186489.583476998, 664872.401916544 7186485.046082202, 664847.4431094538 7186481.845486302, 664836.3869062406 7186480.056488019, 664815.8190995143 7186472.947890226, 664797.3364926553 7186462.426891132, 664779.0434862181 7186453.801692493, 664764.4468815629 7186449.346894214, 664744.8268762816 7186448.304297819, 664731.7306731816 7186449.752300784, 664671.4820584763 7186454.203113845, 664632.3052486177 7186455.593321943, 664599.5736397774 7186453.697727909, 664439.5467961865 7186442.540756566)
R. VISC. DO SERRO FRIO;OUTRAS VIAS;LEI Nº 15511 / 2019;LINESTRING (671458.2265067184 7180097.143109454, 671336.1912761317 7180097.408134615, 671205.3300433094 7180097.576761546, 671195.3962423413 7180105.004765471)
R. VITAL BRASIL;COLETORA 1;LEI Nº 15511 / 2019;LINESTRING (671749.0258856307 7182552.517075956, 671665.7822679029 7182569.1216973625, 671586.2832510168 7182585.200917853, 671457.1704238633 7182612.68115147, 671330.170396915 7182638.581184227, 671201.1733694533 7182664.492217377, 671089.2617497838 7182707.241851326, 671079.3773477892 7182709.764654003, 671079.3539477829 7182709.769854009, 670985.640328051 7182729.722478358, 670862.426102173 7182756.296710443, 670853.619500501 7182759.067712959, 670777.5280845 7182775.407932745)
R. VITAL BRASIL;OUTRAS VIAS;LEI Nº 15511 / 2019;LINESTRING (671804.3238964026 7182536.617260482, 671749.0258856307 7182552.517075956)
R. WACÍLIO ZACACHUKA;COLETORA 1;LEI Nº 15511 / 2019;LINESTRING (667197.7296743221 7172308.945036868, 666907.8257771987 7172173.927462051, 666862.8353620977 7172152.784865906)
R. WACÍLIO ZACACHUKA;COLETORA 2;LEI Nº 15511 / 2019;LINESTRING (666862.8353620977 7172152.784865906, 666778.6289343276 7172115.655873713)
R. WALDEMAR LOUREIRO CAMPOS;COLETORA 2;LEI Nº 15511 / 2019;LINESTRING (673815.1060337006 7176909.449818876, 673805.6856318789 7176911.878021447, 673746.3490140785 7176896.877230074, 673733.4138112314 7176898.564433191)
R. WALDEMAR LOUREIRO CAMPOS;SETORIAL 2;LEI Nº 15511 / 2019;LINESTRING (678518.9691877603 7178733.64968232, 678455.4355660155 7178706.129888991, 678416.812152897 7178689.863893159, 678361.3377340471 7178666.444699131, 678298.1037124727 7178639.329705828, 678270.4037030567 7178627.608508801, 678151.1248623871 7178576.512721433, 678031.2886215762 7178525.329734148, 677911.6737805795 7178472.950946503, 677791.5375395613 7178421.012759065, 677672.5906991337 7178370.380971689, 677552.7054583516 7178319.112784339, 677433.3054176627 7178267.646796822, 677322.956380234 7178220.8448085375, 677212.007342325 7178172.432619965, 677102.2491052916 7178126.678831797, 676992.1222678351 7178079.315443289, 676872.6392270578 7178027.205655562, 676753.2955866695 7177976.688668193, 676633.9855462094 7177925.735280694, 676514.8025058219 7177874.898693183, 676395.0558651573 7177823.3451056, 676275.9680247409 7177772.124917944, 676158.1031848096 7177721.690530216, 676101.444765626 7177697.478336116, 676078.1781579694 7177688.578538801, 676045.9671469822 7177674.417742054, 675944.8071124377 7177629.734552216, 675835.6930756335 7177583.640163689, 675739.9846434353 7177543.55797383, 675531.3733727986 7177453.882195329, 675240.3526740463 7177327.419624908, 675212.6440647319 7177315.781827821, 675042.3740075206 7177244.266645704, 674946.5895750027 7177202.387055339, 674929.6589695755 7177196.502657422, 674916.0095650785 7177191.188658956, 674834.0959396759 7177166.784270042, 674527.4214474845 7177089.156114911, 674362.1957977772 7177047.0329389665, 674192.8213469904 7177004.579163777, 674088.1009153684 7176977.230578825, 673899.3448587585 7176929.702806361, 673815.1060337006 7176909.449818876)
R. WALDOMIRO DOMBECK;OUTRAS VIAS;LEI Nº 15511 / 2019;LINESTRING (676768.3251504144 7190051.296185399, 676703.4239526745 7190142.566223405)
R. WIEGANDO OLSEN;COLETORA 1;LEI Nº 15511 / 2019;LINESTRING (667417.7078438093 7172887.725534199, 667199.5503734113 7172800.449956648, 667146.0811560607 7172778.540762015, 667061.834339571 7172798.084583698, 666983.7765234027 7172811.780602699)
R. WILSON DACHEUX PEREIRA;SETORIAL 1;LEI Nº 15511 / 2019;MULTILINESTRING ((676065.3728449154 7175275.446139852, 676127.3214635022 7175291.478330735, 676230.4016940789 7175316.4597151335, 676254.5679014378 7175323.214711696, 676272.6971067376 7175327.236508858, 676311.0117181957 7175336.9509031605, 676325.6403225537 7175340.578300964, 676366.6215346984 7175350.442094738, 676378.6315382442 7175353.260892892, 676423.1765515485 7175364.46068624, 676430.8227537838 7175366.160685042, 676483.2765695209 7175379.669477284, 676535.927585375 7175393.501269562, 676606.8228064121 7175410.638658789, 676633.822214458 7175417.326454725, 676718.6854397631 7175438.397041958, 676844.9306775879 7175470.557223152), (677093.2743516808 7175532.205785706, 677152.9677694947 7175547.024176696, 677205.192985083 7175559.988568809, 677250.9995987557 7175571.3595618885, 677295.8828121551 7175582.501355106, 677351.0664286304 7175596.2001467645, 677401.6180437248 7175608.748939117, 677455.1774597199 7175622.0447310135, 677508.3072755869 7175635.233522973, 677533.818483207 7175641.56651911), (677603.1881039278 7175658.786908605, 677730.8965420824 7175690.488889247, 677862.5399793154 7175713.293266824, 677906.2047899485 7175712.8114573825, 677959.942404922 7175721.045447953, 677996.825016221 7175731.483442669, 678061.7836370016 7175753.981434379, 678108.1248524716 7175773.036829211, 678190.0602802273 7175808.585620528, 678217.5644920963 7175832.441220577))
R. WILSON DE FRANÇA;OUTRAS VIAS;LEI Nº 15511 / 2019;LINESTRING (671773.5178004106 7181138.148709213, 671837.9160162285 7181136.047295405, 671877.0306242717 7181127.187885083, 671981.3990483782 7181116.387460804, 671992.8090514949 7181117.5366587415)
R. WILSON LOIS KOEHLER JUNIOR;SETORIAL 1;LEI Nº 15511 / 2019;LINESTRING (674253.2494275832 7180188.190152929, 674284.5612205133 7180116.7667282615, 674336.5278086672 7179997.7302872045, 674394.3963951494 7179863.709241129)
R. XV DE NOVEMBRO;SETORIAL 2;LEI Nº 15511 / 2019;LINESTRING (674771.4116975276 7186579.299291013, 674867.8139309323 7186619.582081338, 675075.0508028306 7186706.4398605805, 675080.6488046043 7186707.98785981, 675085.5622060397 7186708.76365898, 675090.9928073941 7186708.505057774, 675241.0596426092 7186691.0924216965, 675380.0972758541 7186677.9177890215, 675482.4035001132 7186667.271164715, 675629.6785346398 7186650.089729217, 675738.962160628 7186639.103903322, 675855.5215883447 7186627.394475687, 675972.5776159039 7186614.345847584, 676036.4664311399 7186608.159632482, 676100.9236463374 7186601.081017021, 676125.2546520516 7186598.302811156, 676228.5596765252 7186587.544986519, 676353.8237063653 7186575.280956833, 676468.222533351 7186562.844129381, 676469.7239337063 7186562.681929021, 676469.7363337085 7186562.681129018, 676494.6919395354 7186559.686522951, 676520.5237455023 7186556.279716594, 676638.0729736518 7186545.506688889, 676756.4462012536 7186531.158660056, 676805.6088130538 7186526.781848488, 676834.3026200421 7186524.718241867)
R. ZACARIAS GOMES DE SOUZA;COLETORA 1;LEI Nº 15511 / 2019;LINESTRING (680040.7294230305 7180842.598089348, 680071.8445915559 7180660.609236304, 680093.6127703027 7180536.857200123, 680111.4763519234 7180431.002369354, 680121.1445422268 7180374.869352998, 680128.8933341869 7180328.653939583, 680171.2986924585 7180086.283868884, 680179.4050839128 7180037.32745471, 680183.0452800753 7180015.344448347, 680188.2044745726 7179983.901439257, 680196.2016660431 7179935.163425169, 680207.359655737 7179874.549407389, 680216.206046369 7179820.955391893, 680233.0900295435 7179723.5631635655, 680253.8238076365 7179598.225727344, 680249.4288034455 7179583.944724679, 680202.3737606603 7179440.579498574, 680174.9195357028 7179356.932683354, 680162.7691246588 7179319.913676621, 680141.8695056203 7179256.019264987)
R. ZEILA MOURA DOS SANTOS;OUTRAS VIAS;LEI Nº 15511 / 2019;LINESTRING (675830.9434221573 7185869.42488296, 675820.8820151854 7185848.6718796715, 675808.9338074382 7185826.554876426, 675799.5278016893 7185810.793274302, 675778.1735898559 7185780.795670989, 675767.9793845947 7185768.312469884, 675740.238771704 7185741.096868642, 675720.9745632627 7185724.613668408, 675695.5527527964 7185706.05566893, 675664.7923405808 7185685.718270114, 675632.9987280042 7185664.925871396)
R. ÁLVARO ANDRADE;OUTRAS VIAS;LEI Nº 15511 / 2019;LINESTRING (671692.0994723527 7181587.178840555, 671733.1992624586 7181488.7032069415, 671777.5660511169 7181379.247769865, 671815.5606418393 7181287.667538671)
R. ÂNGELO DOMINGOS DURIGAN;COLETORA 2;LEI Nº 15511 / 2019;LINESTRING (669923.2633581036 7188128.344299347, 669907.9477615844 7188165.0265121255, 669901.2223620416 7188175.882716354, 669879.5321624612 7188205.712528629, 669829.3445631412 7188273.328556661, 669790.3223636005 7188325.582778375, 669767.7223683276 7188377.782796731, 669754.5223730844 7188418.082810041, 669754.7223755788 7188430.082813164, 669759.3223790191 7188441.082815127, 669774.0223872953 7188462.882817884, 669782.322392576 7188478.182820229, 669793.9224022008 7188510.582826412, 669796.8792097652 7188543.946034611, 669794.2334120359 7188558.498038987, 669784.5350142248 7188581.687047079, 669760.5224185352 7188633.682865687, 669739.2000237771 7188686.82128405, 669733.0516257539 7188704.430889951, 669706.6562341674 7188779.690315191, 669695.0144356983 7188802.179923499, 669676.9128376521 7188835.054335863, 669649.893840567 7188884.123154322, 669643.3524421672 7188900.402959953, 669636.3024526832 7188961.182977447, 669621.7554764643 7189096.833616268, 669620.0524792464 7189112.713020813, 669618.5498853825 7189144.81622961, 669620.9310945072 7189186.620440183, 669626.3097025269 7189219.134247692, 669629.3977058182 7189231.335050292, 669633.676709171 7189242.307852326, 669641.0601142865 7189257.947454963, 669647.9187189046 7189271.816457239, 669657.7083248602 7189288.485259659, 669686.0187409486 7189331.083265175, 669714.3293562288 7189369.712469644, 669727.3057626707 7189384.651470959, 669734.1817660852 7189392.567471655, 669849.9718158608 7189487.900673335)
R. ÂNGELO GAI;COLETORA 2;LEI Nº 15511 / 2019;LINESTRING (671245.4703099052 7170641.338609051, 671241.2057020338 7170608.02560186, 671238.8334982139 7170592.211598517, 671236.4614956304 7170582.406996632, 671237.3598795278 7170503.038377235, 671240.2300619778 7170414.332755179, 671244.9092485759 7170343.698937133, 671247.1374450333 7170323.868131879, 671249.3656400687 7170297.129724955, 671250.9252326532 7170259.250515478, 671253.3502312874 7170249.787312691, 671253.5224289926 7170238.423909909, 671254.5906258179 7170221.742305658, 671256.6170224374 7170202.942300696, 671258.2334150544 7170165.156691235, 671260.5950066953 7170121.757680263, 671262.4291938572 7170057.187664291, 671261.430581363 7169997.591650106, 671263.6031750444 7169964.336041632, 671285.8293761625 7169943.948032141, 671298.864177179 7169933.754026998, 671304.5461771617 7169927.069424217, 671314.7401763311 7169911.19361829, 671323.5971740811 7169889.970211346, 671330.2817711737 7169868.07820469, 671334.125370133 7169858.5526016, 671339.0909671064 7169838.08139564, 671336.7343649777 7169830.464994288, 671334.5619563458 7169791.025985222, 671334.2277515207 7169767.96417973, 671338.572746062 7169736.37957122, 671355.4415411189 7169692.795357242, 671360.7989396397 7169679.393552911, 671366.3137372769 7169661.512347465, 671367.6061358759 7169653.202945196, 671368.8205347114 7169646.1379432455, 671371.9771287332 7169613.423134711, 671365.7375218451 7169587.177729672, 671361.6769182272 7169574.302527405, 671351.5697126935 7169559.118325828, 671342.0671095365 7169554.79172674, 671328.3007054614 7169550.929328641, 671294.1172959147 7169544.140534037, 671281.7102923356 7169541.122535861, 671268.7444884166 7169537.098737558, 671251.754683401 7169532.404139921, 671236.7884781844 7169524.386741068, 671226.4178735848 7169514.040340709, 671222.6256704706 7169503.291338898, 671217.0026628491 7169472.735132697, 671211.5486559429 7169445.465527253, 671207.3654449361 7169396.76931639, 671204.2768378686 7169365.970309613, 671203.4504297224 7169327.296900477, 671204.0704273314 7169314.944297376, 671206.7558258893 7169304.82009439, 671224.6050217808 7169264.163480939, 671225.1008184666 7169247.471276825, 671223.9440148612 7169231.274673165, 671220.4732108067 7169215.573870104, 671211.383403276 7169189.4612656925, 671191.8813882729 7169139.053657583, 671170.2309723205 7169086.4974494, 671136.6809483083 7169008.489837555, 671118.6665346532 7168962.875030298, 671094.0411164395 7168902.716620913, 671092.4627134167 7168889.82121814, 671075.3654962496 7168826.03100634, 671039.5018799236 7168788.018604584, 671016.6364702762 7168767.489404355, 671002.7244642369 7168754.163004014, 670990.2758587187 7168741.682003576, 670983.2460545911 7168729.712402148, 670978.496051123 7168718.312600387, 670975.2662479375 7168706.532798225, 670963.486431061 7168637.944184194, 670959.4964256294 7168616.094779776, 670952.0866168499 7168581.895373099, 670934.6069966748 7168503.807157972, 670929.8569911025 7168482.147553757, 670926.5293857278 7168459.803149087, 670925.4871823837 7168444.718345687, 670926.0571801404 7168433.128542794, 670930.046975236 7168404.6291351495, 670930.9969721865 7168388.669531135, 670931.1869686043 7168370.999926862, 670930.236959683 7168328.630716913, 670930.6169556777 7168308.68111206, 670932.1369529581 7168293.671508155, 670934.2269506056 7168279.8019044055, 670947.526545449 7168239.332691992, 670952.6565424124 7168218.623085983, 670956.2663393294 7168199.43348065, 670957.2163360431 7168182.333876364, 670956.8363322468 7168164.284272126, 670954.3665279574 7168146.234668316, 670948.476522587 7168126.855064889, 670940.3067169462 7168108.8054622505, 670934.6573128564 7168095.398660204, 670930.0469086287 7168080.116057496, 670926.6271042319 7168062.63645402, 670921.3070933024 7168015.517443846, 670915.7972784275 7167949.398829177, 670912.894473359 7167928.047224671)
R. ÂNGELO NABOSNE;OUTRAS VIAS;LEI Nº 15511 / 2019;LINESTRING (665575.4402251557 7185108.8455845425, 665672.4356265499 7184990.378134536, 665693.4766265876 7184963.370923348, 665768.5208318917 7184893.082890203)
R. ÂNGELO PIOTTO;OUTRAS VIAS;LEI Nº 15511 / 2019;LINESTRING (666044.0197723571 7185243.195326252, 665964.0719409824 7185188.881128063, 665840.5208927843 7185106.2829312, 665780.6642683044 7185060.547331232)
R. ÂNGELO STIVAL;COLETORA 1;LEI Nº 15511 / 2019;LINESTRING (666894.8707195211 7189882.000574321, 666918.1291377066 7189942.3411856815, 666925.1117431668 7189960.456389092, 666955.8009671716 7190040.07600409)
R. ÂNGELO TOZIM;COLETORA 2;LEI Nº 15511 / 2019;LINESTRING (668907.4030657444 7169242.572548917, 668890.8148621356 7169244.242952682, 668725.1692354488 7169307.141201384, 668713.8664337075 7169311.834804802, 668680.4024285758 7169325.8432149505, 668664.7780264383 7169333.655419994, 668635.5384228637 7169350.395629943, 668580.6948157491 7169379.771048114, 668568.3660143734 7169387.487252465, 668535.7538104173 7169406.324063599, 668535.2342103025 7169406.364263712, 668516.2620060783 7169407.8306679055, 668484.5207988268 7169409.359074695, 668453.2659913952 7169409.431481035, 668416.4843822916 7169407.741688065, 668354.8085667448 7169403.522099521, 668347.3469644329 7169400.878300392, 668301.3111528916 7169398.0323090125, 668276.535346584 7169396.023513535, 668180.6135234293 7169394.516932548, 668168.7277200571 7169391.838534303, 668159.0185161561 7169383.970534371, 668109.4670942841 7169334.084332371, 668086.9512835906 7169307.668330561, 668045.6866639961 7169259.255527245, 668006.1796454398 7169213.889124308, 667978.8518329753 7169184.3369227145, 667958.2784245806 7169166.984922692, 667855.7886517104 7169422.586404832, 667688.504220137 7169463.71544843, 667676.640018346 7169468.856652056, 667549.2981946841 7169502.076285683, 667362.2401249888 7169377.107293213)
ROD. BR-277 - CURITIBA / PONTA GROSSA;SETORIAL 2;LEI Nº 15511 / 2019;LINESTRING (669565.2962615492 7186145.186052453, 669444.5064415245 7186200.201691361, 669243.8836080185 7186290.522555675, 669181.6919978478 7186319.636975896, 669130.6105891076 7186341.654992006, 669098.0241834206 7186355.159202142, 669065.4375769593 7186364.847011277, 669041.6765718367 7186369.8928174125, 669018.7229667044 7186373.8560231, 668991.0725601707 7186376.898429498, 668968.8525544778 7186377.158634068, 668947.0549487742 7186376.8284383975, 668916.9917404641 7186374.1808437975, 668883.5815306209 7186368.241449012, 668841.8027177445 7186358.003254799, 668809.5347072942 7186347.599058615)
ROD. PR-092 - CURITIBA / RIO BRANCO DO SUL;SETORIAL 2;LEI Nº 15511 / 2019;LINESTRING (673737.3753199218 7191812.620691967, 673731.9291204632 7191822.153495654, 673725.7125218614 7191836.788300867, 673722.0861235441 7191849.480505023, 673719.7549258916 7191863.726909324, 673716.185130424 7191890.041717116, 673702.8431487175 7191994.898147989, 673682.434374291 7192143.746392143, 673670.8081884342 7192226.520416766, 673659.4430023357 7192307.808040943, 673648.4008171305 7192392.983866107, 673642.7538240777 7192433.579078182, 673639.2656278781 7192456.297485009, 673638.1164290151 7192463.227287108, 673634.6228338163 7192490.76149523, 673629.1116413912 7192534.197108047, 673625.6242461833 7192561.683116157, 673624.1278479466 7192572.068919258, 673622.8378494666 7192581.020721933, 673606.8112715618 7192707.697559316, 673599.0570800689 7192758.503574591, 673585.2398977014 7192860.9350050185, 673571.1937162433 7192968.048236766, 673562.1793276869 7193034.611256561, 673557.8295309565 7193055.902263199, 673551.6483344042 7193080.398471082, 673531.2811421312 7193143.664492359, 673524.8757438457 7193160.123098124, 673509.1867477169 7193198.863711825, 673507.0423482988 7193204.414513765, 673454.4807512985 7193286.301346764, 673151.0345622083 7193729.162929285, 673135.5071628744 7193752.38773878, 673100.6827639542 7193802.486159539, 672986.758768114 7193969.568828323, 672965.7569696892 7194004.286042063, 672955.041771394 7194026.359450255, 672945.6123745553 7194053.790259628, 672938.968977973 7194078.863867787, 672934.4685832972 7194110.366677241, 672933.3969858078 7194123.867681117, 672933.8255900538 7194143.79808642, 672934.897192828 7194155.799089446, 672937.624598468 7194179.48389529, 672941.4692075932 7194218.542505063, 672957.973442612 7194366.139741607, 672967.5610631774 7194452.945363135, 672973.9098812741 7194532.016983248, 672990.3591190717 7194693.046023501, 672998.1507418074 7194792.607048898)
TRAV. AUGUSTO MARACH;OUTRAS VIAS;LEI Nº 15511 / 2019;LINESTRING (671467.1188523328 7179821.917837869, 671546.8454721987 7179821.30822131, 671706.1879093464 7179807.673985046)
TRAV. CAP. CLEMENTINO PARANÁ;OUTRAS VIAS;LEI Nº 15511 / 2019;LINESTRING (672329.5638677087 7183687.4620481515, 672391.6446515942 7183532.843395447)
TRAV. DA LAPA;OUTRAS VIAS;LEI Nº 15511 / 2019;LINESTRING (674495.5704085033 7185539.381077504, 674432.9422247089 7185693.983330853)
TRAV. DR. FLÁVIO LUZ;CENTRAL;LEI Nº 15511 / 2019;LINESTRING (675419.3800504486 7188410.430035829, 675415.0030503038 7188415.169637999, 675410.4778500034 7188419.363640056, 675380.6114474656 7188444.3816529345)
TRAV. DR. FLÁVIO LUZ;OUTRAS VIAS;LEI Nº 15511 / 2019;LINESTRING (675524.9274424011 7188241.245969025, 675419.3800504486 7188410.430035829)
TRAV. ERNESTO RONCHI;COLETORA 2;LEI Nº 15511 / 2019;LINESTRING (669068.5244980209 7172168.569025017, 669045.1170980518 7172196.581036603)
TRAV. FERREIRA DO AMARAL;OUTRAS VIAS;LEI Nº 15511 / 2019;LINESTRING (671941.1252019698 7182879.981120447, 672074.4044241472 7182823.139878343)
TRAV. JOÃO DUDEQUE;OUTRAS VIAS;LEI Nº 15511 / 2019;LINESTRING (671777.9721242597 7180763.162812805, 671727.9764988597 7180700.999007292, 671706.8726885547 7180676.768605478)
TRAV. JOÃO TURIN;OUTRAS VIAS;LEI Nº 15511 / 2019;LINESTRING (672672.7065850091 7184796.397663968, 672705.6419580567 7184625.452412838)
TRAV. LANGE;OUTRAS VIAS;LEI Nº 15511 / 2019;LINESTRING (672518.1521241766 7184694.164669457, 672418.9468851252 7184628.429272942, 672321.0216465872 7184563.504876366, 672239.4474146995 7184510.414479472, 672187.6713946243 7184477.480881637)
TRAV. NEY AZEVEDO;OUTRAS VIAS;LEI Nº 15511 / 2019;LINESTRING (671483.2238229909 7179659.677993478, 671672.5314755684 7179684.64956083)
TRAV. PERCY WITHERS;OUTRAS VIAS;LEI Nº 15511 / 2019;LINESTRING (672339.26627801 7183725.30765591, 672281.560693721 7183872.675505871)
TRAV. RAFAEL FRANCISCO GRECA;OUTRAS VIAS;LEI Nº 15511 / 2019;LINESTRING (672103.9265724281 7183505.054847726, 672351.6122299323 7183477.481189454, 672368.4758351031 7183481.679587049)
VIADUTO DO CAPANEMA;PRIORITÁRIA;LEI Nº 15511 / 2019;LINESTRING (675559.3907085684 7185662.742086329, 675573.0665089523 7185647.829079565, 675588.6989096915 7185632.196672203, 675605.0639108748 7185617.785665005, 675623.7575125005 7185602.628457123, 675640.2369143836 7185591.405850731, 675657.8233165495 7185580.170244101, 675700.3237220986 7185554.523228472, 675718.1545241699 7185542.5546216, 675735.7409255602 7185527.655014016, 675753.0831265807 7185511.289806103, 675786.203728037 7185477.726190388)
R. FRANCISCO NUNES;SETORIAL 1;LEI Nº 15511 / 2019;LINESTRING (675464.8902137232 7183427.0783270765, 675470.3401859971 7183288.733890291)
R. ERNESTO BISCARDI;COLETORA 2;LEI Nº 15511 / 2019;LINESTRING (670078.2359561457 7178116.976892385, 669984.1099230023 7178069.2516996, 669849.0620752266 7177999.588909643, 669712.4008272161 7177930.633520174)
R. JOSÉ ZALESKI;COLETORA 2;LEI Nº 15511 / 2019;LINESTRING (670007.1015934958 7178386.797174722, 669860.0363415569 7178311.640585807, 669725.3228938994 7178242.29579582, 669656.3740697918 7178208.1558012795, 669588.1426458197 7178173.775606526)
R. DES. ERNANI GUARITA CARTAXO;COLETORA 2;LEI Nº 15511 / 2019;LINESTRING (670162.553916386 7177819.552400511, 669986.5832543947 7177729.882813934, 669919.1468305569 7177695.067418959, 669851.4478065143 7177659.544623854)
R. DES. ERNANI GUARITA CARTAXO;COLETORA 2;LEI Nº 15511 / 2019;LINESTRING (671110.9407559242 7177839.080011226, 670936.7207125592 7177838.620046865, 670755.1006673626 7177838.2000839915, 670574.260622468 7177838.30012105, 670479.5149987667 7177837.467140228, 670402.1531794139 7177836.786955878, 670393.3405773914 7177837.599957885, 670280.6005491664 7177836.499980653, 670213.4205322801 7177835.5199941285)
;OUTRAS VIAS;LEI Nº 15511 / 2019;LINESTRING (668947.2217424856 7185358.438973034, 668943.4561335254 7185318.995563546)
;OUTRAS VIAS;LEI Nº 15511 / 2019;LINESTRING (674398.9183753636 7185499.988887474, 674425.8165823608 7185500.320881935, 674463.2363920973 7185500.782874227, 674473.3999937477 7185496.1630708985, 674478.9435938235 7185489.695468055, 674490.0309851749 7185434.720451434, 674484.0253809213 7185421.785249326, 674423.9685603348 7185397.3004555255, 674428.3031589817 7185385.491251545)
;OUTRAS VIAS;LEI Nº 15511 / 2019;LINESTRING (671715.2950178378 7181294.05956096, 671659.4145988433 7181270.349566422, 671642.2201930966 7181263.527168224, 671626.9597890209 7181262.445771089, 671614.2691864687 7181265.609974509)
;OUTRAS VIAS;LEI Nº 15511 / 2019;LINESTRING (672195.0802064643 7184525.612492571, 672181.4728036319 7184528.798696205, 672168.9696013621 7184533.328899961, 672157.3723996219 7184539.308703904, 672147.1451984271 7184546.218507804, 672139.5233980702 7184553.956111382, 672132.2751981065 7184563.137115259, 672126.555198885 7184574.014319256)
;SETORIAL 2;LEI Nº 15511 / 2019;LINESTRING (670209.8985390638 7178852.280650544, 670301.8873607798 7178846.197230219)
;COLETORA 1;LEI Nº 15511 / 2019;LINESTRING (668121.3504333886 7180912.552796335, 668146.5872391302 7180909.491790467, 668164.1368404577 7180894.142583018)
R. MÁRIO ZANLORENZI;COLETORA 1;LEI Nº 15511 / 2019;LINESTRING (668379.8403504053 7183149.713116653, 668282.1819252528 7183148.3407360185, 668194.5853014701 7183141.055151821, 668183.2392987648 7183141.971954347, 668172.2092961867 7183143.118156867, 668089.271473791 7183136.81497197)
R. MÁRIO ZANLORENZI;COLETORA 1;LEI Nº 15511 / 2019;LINESTRING (667873.2502168803 7183127.435013082, 667845.9758100576 7183128.046618732, 667815.7670022987 7183127.723224729)
R. AYRTON GREIFFO;COLETORA 1;LEI Nº 15511 / 2019;LINESTRING (667328.1460124108 7182800.400638612, 667323.0470111968 7182800.81063974, 667250.7003941368 7182807.471855968, 667248.8813937071 7182807.639256375)
;COLETORA 1;LEI Nº 15511 / 2019;LINESTRING (666887.5717036712 7182816.859331149, 666905.3059099398 7182825.647329856, 666924.0135154235 7182829.271527041, 666993.7337360363 7182843.660116773)
;COLETORA 1;LEI Nº 15511 / 2019;LINESTRING (667328.1460124108 7182800.400638612, 667335.7088142124 7182799.792436938, 667349.8548175802 7182798.654833807, 667473.9828533042 7182819.356414197, 667563.9438801405 7182839.050201179)
;COLETORA 1;LEI Nº 15511 / 2019;LINESTRING (667682.8381163509 7182868.728184897, 667825.8517432064 7182821.42154397, 667978.9355745268 7182783.638903435, 667996.0673780311 7182779.4104988985)
;COLETORA 1;LEI Nº 15511 / 2019;LINESTRING (667081.2998108878 7183106.009766659, 667182.2396387416 7183116.725949179, 667297.3486713328 7183133.05293029, 667379.7792923269 7183133.052913744, 667553.4009370271 7183135.442079484, 667815.7670022987 7183127.723224729)
;COLETORA 1;LEI Nº 15511 / 2019;LINESTRING (669024.4114579499 7182870.3233143985, 668986.8608465722 7182861.321919696, 668894.1716174204 7182833.814931413, 668836.9249998399 7182818.890739175, 668721.3983681174 7182807.331559595, 668635.5893489461 7182820.438180322, 668555.233130084 7182828.21779857, 668434.1877016629 7182839.9364260435, 668362.2184848099 7182847.126842428, 668275.813464575 7182855.75946209, 668248.3408579268 7182857.45166807, 668217.6932484921 7182849.320872165)
;COLETORA 1;LEI Nº 15511 / 2019;LINESTRING (668859.4450950841 7183260.861648256, 668901.5705054497 7183259.029239252, 668934.1469142342 7183261.412833266, 669119.6571655674 7183281.394800799, 669168.6535791897 7183286.981992297, 669280.4000122107 7183309.331375368, 669324.6566248533 7183316.024568105, 669403.9564500167 7183340.381758268)
R. ERNESTO BISCARDI;COLETORA 2;LEI Nº 15511 / 2019;LINESTRING (670120.3275692475 7178129.875887033, 670108.9447644236 7178120.113086904, 670108.8415643986 7178120.119086929, 670086.9977592304 7178121.419491712, 670078.2359561457 7178116.976892385)
R. JOSÉ ZALESKI;COLETORA 2;LEI Nº 15511 / 2019;LINESTRING (670043.0426075588 7178411.853573693, 670039.5610051502 7178404.2945725005, 670007.1015934958 7178386.797174722)
R. DES. ERNANI GUARITA CARTAXO;COLETORA 2;LEI Nº 15511 / 2019;LINESTRING (670213.4205322801 7177835.5199941285, 670195.3157279314 7177836.246798011, 670162.553916386 7177819.552400511)
R. LUIZ RONALDO CANALLI;COLETORA 1;LEI Nº 15511 / 2019;LINESTRING (667563.9438801405 7182839.050201179, 667602.3724895705 7182837.336193015, 667629.4932969201 7182839.577588137, 667650.5619033604 7182844.956585282, 667669.8379108767 7182857.956584746, 667682.8379163508 7182868.727984898)
R. MANOEL DAS CHAGAS LIMA;COLETORA 2;LEI Nº 15511 / 2019;LINESTRING (666103.8212143584 7187384.983273422, 666104.3438144707 7187384.863473289, 666135.4058211194 7187377.736665232, 666162.5088265879 7187369.845857762, 666165.0127269921 7187368.608256938, 666169.1125276524 7187366.581955589)
AV. VER. TOALDO TÚLIO;SETORIAL 1;LEI Nº 15511 / 2019;LINESTRING (665674.2097192503 7186964.648448722, 665673.2072185276 7186962.322648312, 665654.1024030136 7186909.159038191, 665616.5211716021 7186800.0400171, 665579.2155403821 7186691.483596116, 665577.0667378984 7186681.772194005, 665567.9425062897 7186534.467957312, 665564.9786966481 7186489.772346223, 665564.0854879261 7186447.006535229, 665569.6598855366 7186427.705929082, 665587.5652801291 7186377.1495123245, 665599.8034778207 7186349.5959027)
AV. VER. TOALDO TÚLIO;SETORIAL 1;LEI Nº 15511 / 2019;LINESTRING (667505.624182096 7189394.3883226495, 667483.4861738286 7189382.123923847, 667469.0899681898 7189372.83532428, 667452.2063601778 7189354.980322943, 667445.6143562966 7189344.252121424, 667440.1857519147 7189329.5169186145, 667436.9543482659 7189315.557315569, 667431.0219357756 7189261.083502343, 667420.8965115445 7189153.585675938, 667412.0218919399 7189067.48345495, 667408.8218876887 7189050.483451099, 667401.2218818457 7189031.28344755, 667388.8218743259 7189009.983444408, 667377.5218686594 7188996.483443107, 667360.1218603532 7188977.783641657, 667348.9166554366 7188967.898041293, 667319.4220448071 7188953.383643376, 667168.0625939213 7188897.113058858, 667128.0327804391 7188882.087862909, 666904.011705162 7188798.754885759, 666702.7216373101 7188722.613505915, 666672.8982272524 7188711.292108886, 666590.2417982903 7188674.459115679, 666437.6387443044 7188603.769727494, 666414.0863359747 7188592.859729314, 666385.3313263291 7188582.167332232, 666353.5031160687 7188572.408536006, 666060.691225457 7188501.456975644, 666028.2932154349 7188493.606580025, 665998.2768061034 7188486.0991840195, 665985.9648020201 7188481.73378532, 665980.2359999062 7188478.633385642, 665974.7199978728 7188475.648385953, 665956.6005904486 7188462.112985989, 665944.3015848508 7188450.115785275, 665932.7401789096 7188435.423783701, 665923.0017726684 7188416.832580738, 665917.2287688109 7188405.016378773, 665885.6599406516 7188304.862558663, 665841.416901198 7188164.498530496, 665839.6444990153 7188155.84532857, 665839.0100977714 7188150.424527269, 665838.2212962258 7188143.683525652, 665838.9140921728 7188122.391719909, 665841.3866907388 7188111.938316667, 665842.4400901278 7188107.484915286, 665844.4652894927 7188101.634313342)
R. ÂNGELO MASSIGNAN;COLETORA 2;DECRETO EST Nº 5063 / 2001 - LEI Nº 15511 / 2019;LINESTRING (665483.021306225 7187652.783667129, 665495.1211304865 7187759.183492679, 665503.3211473257 7187833.283510527, 665511.1211640413 7187907.283528434, 665514.6633713165 7187939.296136149, 665516.846173814 7187949.019538272, 665520.4163761035 7187955.8715393655, 665551.121197305 7188022.383550767, 665580.1212185993 7188091.58356322, 665609.0212396141 7188159.483575354, 665613.3212429192 7188170.483577396, 665620.3212493714 7188193.783582142, 665646.9114878956 7188352.8456187565, 665653.3212970647 7188390.583627426, 665660.3180071333 7188432.0849369755, 665662.2167098655 7188443.347239567, 665663.2062112897 7188449.216440918)
AV. VER. TOALDO TÚLIO;SETORIAL 1;DECRETO EST Nº 5063 / 2001 - LEI Nº 15511 / 2019;LINESTRING (665844.4652894927 7188101.634313342, 665849.1212880309 7188088.183508877, 665858.9212868069 7188069.183501928, 665895.6212841186 7188007.583478421, 665908.086083227 7187986.774570467, 665936.0216812247 7187940.1384526435, 665940.4999808996 7187932.642149782, 665947.5496803864 7187920.841645276, 665988.0978774378 7187852.967419361, 666035.5738739774 7187773.496789022, 666081.5446706167 7187696.54555965, 666097.8290691206 7187667.763748847, 666106.1634677842 7187650.168942565, 666109.3151664664 7187639.430739116, 666112.919064957 7187627.151935175, 666113.9136631256 7187616.6587322205, 666103.8290143985 7187385.175673474, 666103.8212143584 7187384.983273422, 666099.0928082297 7187360.377867911, 666092.6272031348 7187343.229864701, 666086.1615992717 7187332.266463114, 666075.4791933633 7187316.524261111, 666048.2113814683 7187292.348460203, 666019.5377697691 7187270.98406031, 665919.6211275314 7187189.083258724, 665845.6076971171 7187132.7408586815, 665736.4574515198 7187045.813057609, 665718.4662437246 7187030.0706570605, 665697.6640339732 7187008.143855451, 665684.9104269554 7186989.472853096, 665676.934721212 7186970.970149836, 665674.2097192503 7186964.648448722)
R. ÂNGELO MASSIGNAN;COLETORA 2;LEI Nº 15511 / 2019;LINESTRING (665663.2062112897 7188449.216440918, 665665.0861139973 7188460.367243483, 665686.9213454244 7188589.883673299, 665690.4147512611 7188614.667279142)
R. BRASÍLIO CUMAN;COLETORA 2;LEI Nº 15511 / 2019;LINESTRING (665956.6005904486 7188462.112985989, 665920.7449827795 7188470.621195367, 665890.0531762675 7188478.162003459, 665869.1521721992 7188485.144209458, 665810.8103635994 7188518.511029854, 665798.1103618859 7188526.580834508, 665763.4497578572 7188551.848648061, 665733.0227545102 7188574.999660214, 665698.4945515629 7188605.559075135, 665690.4147512611 7188614.667279142, 665683.9423510191 7188621.963282353, 665658.8795496944 7188648.26069427, 665649.9765489644 7188656.290698156, 665641.4463481754 7188663.541501763, 665630.8921467502 7188670.258305632, 665625.9389459016 7188672.502307206, 665562.1579336214 7188694.607925704, 665540.113129205 7188701.377931866, 665509.7422227471 7188708.8296398595)
R. LUIZ PELEGRINO TOALDO;COLETORA 2;LEI Nº 15511 / 2019;LINESTRING (666249.895111222 7189687.275851473, 666268.4841214401 7189714.054854868, 666305.9217411267 7189763.48386051, 666372.5479761172 7189851.184570487)
R. LUIZ PELEGRINO TOALDO;COLETORA 2;DECRETO EST Nº 5063 / 2001 - LEI Nº 15511 / 2019;LINESTRING (666372.5479761172 7189851.184570487, 666374.3531770662 7189853.5607707575, 666376.937778423 7189856.9628711445, 666409.3288956555 7189900.676576283)
AV. MANOEL RIBAS;SETORIAL 2;DECRETO EST Nº 5063 / 2001 - LEI Nº 15511 / 2019;LINESTRING (666441.2454463671 7190112.78842623, 666440.1092462182 7190113.539426655, 666406.2596417752 7190135.911139352, 666385.6212393543 7190150.989747474, 666377.3516383842 7190157.031550728, 666277.9248270581 7190231.445390327, 666274.4942266663 7190234.012991693, 666274.4876266653 7190234.017791696, 666266.9658258078 7190239.647394691, 666195.7306176798 7190292.961823059, 666194.5966175472 7190293.792023505, 666042.3637996507 7190405.223683449, 666017.8701968049 7190423.343893144, 665973.7505925088 7190460.161111718, 665938.2453897498 7190493.3207276035, 665937.9691897264 7190493.565127725, 665914.4763878996 7190515.505938236, 665888.3201858645 7190539.934549938, 665871.5909847216 7190556.361357636, 665849.2577834174 7190579.409968212, 665833.238782862 7190597.859976308, 665799.9079820549 7190638.008393623, 665748.1779807959 7190700.319620494, 665739.0595805738 7190711.30362523, 665725.7105799186 7190725.731031725, 665712.6565789498 7190738.191637638, 665688.9335769976 7190759.862448122, 665672.3341755844 7190774.8048554, 665654.5049738978 7190789.996262988, 665620.9843703291 7190816.572676724, 665423.893348868 7190970.628956895, 665418.2419482518 7190975.0463591935, 665342.2079399525 7191034.478390116, 665307.1915361255 7191061.849004356, 665179.9303227694 7191164.1852568695, 665008.1437043565 7191300.641127293, 664992.5689026841 7191313.012933678, 664978.8913012157 7191323.877339283, 664954.590498606 7191343.180349245, 664952.607098392 7191344.755950057)
R. ARNAUD FERREIRA VELLOSO;COLETORA 2;DECRETO EST Nº 5063 / 2001 - LEI Nº 15511 / 2019;LINESTRING (665434.6767512249 7180383.227799322, 665385.7832352843 7180364.839204358, 665338.4198193224 7180344.38180856, 665316.31981117 7180331.28180962, 665282.789797329 7180303.980209339)
R. RAUL POMPÉIA;COLETORA 1;DECRETO EST Nº 5063 / 2001 - LEI Nº 15511 / 2019;LINESTRING (665407.3615189949 7180255.420372308, 665387.6196125014 7180247.681574261, 665378.219608889 7180241.381574527, 665369.2196050212 7180233.281574259, 665365.5196031205 7180228.38157375)
R. RAUL POMPÉIA;COLETORA 2;DECRETO EST Nº 5063 / 2001 - LEI Nº 15511 / 2019;LINESTRING (665365.5198031206 7180228.381773748, 665357.2355972764 7180209.4143705815, 665347.3997891431 7180180.866565293, 665345.9664854072 7180163.84656126)
R. CAETÊ;OUTRAS VIAS;LEI Nº 15511 / 2019;LINESTRING (675002.7109784328 7183344.275502883, 675108.0338146598 7183388.87709226)
AV. PRES. AFFONSO CAMARGO;CENTRAL;LEI Nº 15511 / 2019;LINESTRING (678031.5559039363 7184997.724089269, 678042.5133084914 7185005.867289042, 678058.7843156423 7185019.769689179, 678083.4485266674 7185041.704089608, 678123.6105449456 7185078.932090698, 678163.2067629485 7185115.541891748, 678202.28798091 7185152.563293015, 678252.5912039828 7185199.961694581, 678276.3826148101 7185221.9722952135, 678284.8270186007 7185229.541495376, 678296.8406237762 7185239.290095342, 678303.1060263753 7185243.907295203, 678312.0654300461 7185250.292094946, 678322.7754342123 7185256.88289437, 678333.7942383485 7185262.958693592, 678343.2686418206 7185267.798692824, 678357.7374468885 7185274.080691364, 678373.8022523001 7185280.053489478, 678393.6776586059 7185285.614486673, 678407.1684628096 7185289.031084675, 678420.6070668243 7185291.638882479, 678437.4958716128 7185293.698479401, 678451.8616755094 7185294.625276566, 678467.1028794977 7185294.9342733845, 678479.9754827012 7185294.419270495, 678484.296683764 7185294.18986951, 678491.6122855649 7185293.801467843, 678507.9346894344 7185292.256663949, 678514.6724909396 7185291.187262228, 678520.9102923333 7185290.197060635, 678522.6140926883 7185289.806060169, 678533.4738949479 7185287.313657196, 678546.3980975264 7185283.812253518, 678558.7556998245 7185279.6930498015, 678567.4061013352 7185276.346047079, 678570.0069017609 7185275.216446226, 678577.6013030107 7185271.918043744, 678593.4403055267 7185264.637838459, 678593.558105546 7185264.58363842, 678614.2623086284 7185254.102231261, 678672.4979173811 7185225.010211222, 678753.1833292779 7185183.663383184, 678765.7187328282 7185185.17698089, 678907.386153906 7185113.5603319, 678913.5137532061 7185102.9531278275, 679074.4039772 7185022.020872273, 679154.9539891693 7184981.353244411, 679159.0315897871 7184979.359443016, 679235.6980011966 7184940.765616521, 679337.050616134 7184889.122381324, 679394.4834246048 7184859.919961393, 679395.3670247365 7184859.470961085, 679395.4932247538 7184859.406561043, 679477.3372367779 7184817.595332581, 679481.5624373985 7184815.436731111, 679519.607643704 7184799.340718746, 679522.3366442167 7184798.46351793, 679560.9698515977 7184786.669106552, 679584.431656224 7184780.171699815, 679609.5992612985 7184773.733292724, 679669.2278744027 7184763.490277221, 679744.658091018 7184750.726257653, 679857.9909160836 7184732.029828366, 679929.7879321425 7184721.032610025, 680001.8179482069 7184709.793591564, 680009.4401499096 7184708.617389614, 680014.8937512664 7184708.415388383, 680025.6899539515 7184708.01558595, 680058.8257621927 7184706.788178476, 680086.6281696442 7184708.251572851, 680123.7267803556 7184713.747566264, 680129.5041822082 7184715.4591654595, 680129.6175822447 7184715.492765443, 680132.47118316 7184716.338165047, 680163.5159931171 7184725.535360724, 680180.7719986511 7184730.647558322)
R. JORGE BATISTA CROCETTI;OUTRAS VIAS;LEI Nº 15511 / 2019;LINESTRING (678031.5559039363 7184997.724089269, 678006.3239319591 7185159.366936639, 677984.3239599862 7185317.180382354)
R. ANTÔNIO SIMM;OUTRAS VIAS;LEI Nº 15511 / 2019;LINESTRING (678115.7313789561 7185247.636136217, 678096.6238015594 7185376.480173798)
R. ALBERTO SLUD;OUTRAS VIAS;LEI Nº 15511 / 2019;LINESTRING (678172.9340048166 7185299.77053755, 678252.5912039828 7185199.961694581)
R. NOSSA SENHORA DE FÁTIMA;OUTRAS VIAS;LEI Nº 15511 / 2019;LINESTRING (678296.8406237762 7185239.290095342, 678265.0112276447 7185295.6957168095, 678233.5238312501 7185350.480137786, 678220.2238319735 7185369.880145675, 678213.923833963 7185386.780151416, 678214.1238433551 7185430.480162743, 678207.9238475934 7185457.780171169)
R. SÉTIMO SIMIONATO;OUTRAS VIAS;LEI Nº 15511 / 2019;LINESTRING (678407.1684628096 7185289.031084675, 678393.8168729804 7185352.641704073, 678380.1890833114 7185417.325323813, 678372.1308910905 7185463.390337521, 678360.1143000112 7185519.574954712)
R. NICOLAU GULBINO;OUTRAS VIAS;LEI Nº 15511 / 2019;LINESTRING (678448.6557021253 7185422.846310599, 678495.7697387192 7185537.114930252)
R. OCTÁVIO SCHIAVON;OUTRAS VIAS;LEI Nº 15511 / 2019;LINESTRING (678593.558105546 7185264.58363842, 678594.0471058763 7185265.539038564, 678621.5257246543 7185320.182246885, 678648.1595430865 7185374.216255233, 678694.4261741727 7185463.6838685945)
R. ANTÔNIO ZENI;OUTRAS VIAS;LEI Nº 15511 / 2019;LINESTRING (678727.6687549248 7185333.932827718, 678777.7309889948 7185432.726042683)
R. RONALD JOSÉ CARBONI;OUTRAS VIAS;LEI Nº 15511 / 2019;LINESTRING (678753.1833292779 7185183.663383184, 678753.6801296105 7185184.619783326, 678781.3249483767 7185238.980191529, 678808.0263668287 7185292.982399843, 678862.324603757 7185399.979216024)
R. JOSÉ BASSANI;OUTRAS VIAS;LEI Nº 15511 / 2019;LINESTRING (679154.9539891693 7184981.353244411, 679209.704626596 7185090.016660864, 679263.7252634033 7185196.61167695)
R. HAYTON DA SILVA PEREIRA;OUTRAS VIAS;LEI Nº 15511 / 2019;LINESTRING (679235.6978011957 7184940.76561652, 679263.0364199586 7184995.355424818, 679289.4836383592 7185049.317233144, 679344.0722754882 7185156.690049298)
R. TAMBOARA;OUTRAS VIAS;LEI Nº 15511 / 2019;LINESTRING (679369.255250112 7185008.618205419, 679424.4218873907 7185115.947821427)
R. RAUL CARON;OUTRAS VIAS;LEI Nº 15511 / 2019;LINESTRING (679394.4834246048 7184859.919961393, 679422.7332437271 7184915.057969623, 679449.8282621144 7184968.145777574, 679477.4812807125 7185021.532385485, 679504.6242991758 7185074.879993496)
R. DEL. LEOPOLDO BELCZAK;OUTRAS VIAS;LEI Nº 15511 / 2019;LINESTRING (680180.7721986519 7184730.647758322, 680188.3443996259 7184726.164155523, 680202.1526011967 7184717.0263501685, 680210.0412017842 7184710.377346739, 680235.5440034838 7184687.947135411)
R. JOSÉ FERREIRA;OUTRAS VIAS;LEI Nº 15511 / 2019;LINESTRING (678997.1158094896 7185264.984151995, 679156.3612328954 7185183.179096533)
R. IRINEU LISSA;OUTRAS VIAS;LEI Nº 15511 / 2019;LINESTRING (679477.4812807125 7185021.532385485, 679638.0089044283 7184940.064529765, 679798.5065282664 7184859.348274224)
R. PR. MANOEL VIRGÍNIO DE SOUZA;OUTRAS VIAS;LEI Nº 15511 / 2019;LINESTRING (679560.9698515977 7184786.669106552, 679611.4404860504 7184886.44212157, 679638.0089044283 7184940.064529765, 679664.439922646 7184993.087737837)
R. FRANCISCO MOTA MACHADO;OUTRAS VIAS;LEI Nº 15511 / 2019;LINESTRING (678006.3239319591 7185159.366936639, 678025.8045375405 7185162.038933174, 678115.7315789562 7185247.636336216, 678172.9340048166 7185299.77053755, 678233.524031251 7185350.4803377865, 678277.7240484033 7185377.48033536, 678324.4240642983 7185395.580330083, 678380.1890833114 7185417.325323813, 678391.4892863773 7185418.0569215845, 678448.6557021253 7185422.846310599, 678481.0755104375 7185422.672303615, 678511.4335176989 7185420.07049644, 678542.0589244445 7185414.744288499, 678573.7495307246 7185405.956079425, 678609.4347371764 7185393.173268458, 678648.1595430865 7185374.216255233, 678727.6687549248 7185333.932827718, 678808.0263668287 7185292.982399843, 678969.5163908817 7185211.384143985, 679129.4600145743 7185130.111688523, 679209.704626596 7185090.016660864, 679289.4836383592 7185049.317233144, 679369.255250112 7185008.618205419, 679449.8282621144 7184968.145777574, 679611.4404860504 7184886.44212157, 679771.5885097403 7184805.488666053, 679851.8111215557 7184764.757638188, 679931.494333264 7184724.199810477)
R. ESTEFANO TRATZ;OUTRAS VIAS;LEI Nº 15511 / 2019;LINESTRING (678265.0112276447 7185295.6957168095, 678331.2084514617 7185327.390310897, 678393.8168729804 7185352.641704073)
R. JOÃO BIENTINEZ;OUTRAS VIAS;LEI Nº 15511 / 2019;LINESTRING (678465.7256926238 7185357.918290056, 678501.6773014097 7185355.721281791, 678529.4399075746 7185351.127474653, 678558.8003136367 7185344.136866549, 678583.7667183524 7185336.147659125, 678608.9329226923 7185326.161051137, 678621.5257246543 7185320.182246885, 678781.3249483767 7185238.980191529, 678941.8783722881 7185157.877736012, 679102.1261959816 7185076.27948041)
R. EMMA ELVIRA BIANCOLINI BINI;OUTRAS VIAS;LEI Nº 15511 / 2019;LINESTRING (679263.0364199586 7184995.355424818, 679422.7330437276 7184915.057769623)
R. JOÃO PONCIANO BORGES;OUTRAS VIAS;LEI Nº 15511 / 2019;LINESTRING (679744.658091018 7184750.726257653, 679771.5885097403 7184805.488666053, 679798.5065282664 7184859.348274224, 679824.716146453 7184912.452082355)
R. BERNARDO MILANO;OUTRAS VIAS;LEI Nº 15511 / 2019;LINESTRING (679851.8111215557 7184764.757638188, 679905.354358339 7184871.513454335)
R. ARAGUAIA;OUTRAS VIAS;LEI Nº 15511 / 2019;LINESTRING (679929.7879321425 7184721.032610025, 679931.494333264 7184724.199810477, 679986.0575703192 7184830.972026398)
R. PAULO KISSULA;OUTRAS VIAS;LEI Nº 15511 / 2019;LINESTRING (680173.513383632 7184669.765544103, 680163.415582099 7184674.668947555, 680142.5895800863 7184690.086756052, 680142.4157800834 7184690.281956142, 680138.4185800253 7184694.768758169, 680133.9121803648 7184701.693960937, 680131.8149811667 7184707.890162997, 680129.6175822447 7184715.492765443, 680129.6145823369 7184715.919565555, 680129.6089825088 7184716.721765764, 680129.8119836777 7184721.899767064, 680144.3801935812 7184750.4215713125)
LG. JÚLIO SZYMANSKI;OUTRAS VIAS;LEI Nº 15511 / 2019;LINESTRING (674647.122818447 7183968.180738389, 674665.4320182924 7183945.087528586)
AV. PREF. MAURÍCIO FRUET;CENTRAL;LEI Nº 15511 / 2019;LINESTRING (678011.4242828436 7184923.163074212, 678026.1986879446 7184929.2734726425, 678040.5684932126 7184936.657871491, 678055.3372988834 7184945.439470618, 678076.8917074922 7184959.809069745, 678097.4483163551 7184976.573669707, 678134.9303334344 7185011.436670751, 678178.5059536645 7185053.683672413, 678244.5661837291 7185114.878474189, 678310.9312141698 7185177.416476248, 678325.3008205139 7185189.7902763905, 678340.6684269423 7185201.365876113, 678356.8342332367 7185211.34487525, 678375.1956398394 7185220.126273604, 678388.2248443402 7185225.493672211, 678399.5442480686 7185229.306870781, 678416.3088533644 7185233.897268387, 678435.6678590714 7185237.2900651265, 678456.8232648999 7185239.086261067, 678477.3800701457 7185238.886656614, 678491.3058734735 7185237.688853323, 678502.9260761216 7185236.092650419, 678521.0876798972 7185231.901445443, 678540.6464836486 7185225.914039699, 678565.1946877015 7185215.336431693, 678602.2820931531 7185196.247618789, 678744.8513145241 7185124.834569685, 678816.3509252236 7185088.982345041, 678886.9551354907 7185052.208520345, 678911.7655390762 7185039.194111643, 678924.0969407588 7185032.257707195, 678931.4187415164 7185027.016704263, 678937.4303422341 7185023.163101973, 678943.2877429456 7185019.463699756, 678949.2993437955 7185016.226697625, 679026.8079551238 7184976.189870592, 679103.4179665961 7184937.930644207, 679170.9715766128 7184903.759820826, 679280.6303927761 7184847.902182762, 679311.3871973741 7184832.545972163, 679379.0578074155 7184798.431948757, 679399.7180103797 7184787.552341491, 679431.8448151976 7184771.6013304405, 679441.4100165017 7184766.253126996, 679473.4398220647 7184753.881716892, 679504.7916277419 7184742.866307287, 679536.9906337813 7184732.528697674, 679576.3074416851 7184722.36048657, 679612.9044494734 7184714.903076755, 679693.5118673107 7184701.6544559505, 679825.9420966868 7184680.241221849, 679956.7743255624 7184658.446587972, 679980.3325309337 7184655.321182078, 679998.380935181 7184653.541777721, 680019.9591403729 7184651.936772646, 680039.6891453986 7184651.762368342, 680069.1767531848 7184652.779162237, 680083.205556914 7184653.374959361, 680111.7451649057 7184656.464953999, 680147.833375517 7184662.713547823, 680173.513383632 7184669.765544103, 680201.3123923993 7184677.319540054, 680235.5440034838 7184687.947135411, 680316.2616296386 7184713.092124481, 680327.4992337318 7184718.6775234975, 680348.3470399221 7184722.559319995, 680369.6258456969 7184723.997115767, 680376.7558474464 7184723.625114128, 680392.7500515138 7184723.446110621, 680442.3846633262 7184719.148898766, 680504.9616782272 7184713.776083831, 680568.0464931923 7184708.094468697)
R. BALTAZAR CARRASCO DOS REIS;OUTRAS VIAS;LEI Nº 15511 / 2019;LINESTRING (674701.3303139498 7184357.804227778, 674592.8784766133 7184312.208438696, 674408.730413603 7184236.495657647)
;OUTRAS VIAS;LEI Nº 15511 / 2019;LINESTRING (674365.2038670548 7184545.3905467065, 674335.1440739087 7184615.040771036, 674377.8256886835 7184633.3327668505)
AV. MAL. FLORIANO PEIXOTO;CENTRAL;LEI Nº 15511 / 2019;MULTILINESTRING ((677980.9488500281 7176376.204906492, 678000.3210453797 7176332.078091357, 678087.9550234507 7176128.345221892), (677911.8946669744 7176535.360760919, 677980.6482499536 7176376.204906555), (675837.3375794559 7181391.816826616, 675892.1801662256 7181263.44298229, 675945.9801531337 7181137.053738705, 675999.4429400011 7181010.948295279, 676053.7745266188 7180882.711251142, 676107.637513726 7180757.41660787, 676148.8991034424 7180659.564974254, 676162.6225002217 7180627.979563321, 676162.3833001218 7180627.788363323, 676155.8842960016 7180616.036161708, 676235.7740762341 7180427.4166968735, 676248.4664789009 7180424.927493557, 676249.7224792279 7180424.979493305, 676296.137467978 7180316.596055957, 676337.1502578198 7180219.850022718, 676378.6280475383 7180122.006989111, 676425.7336368761 7180015.742352188, 676511.6650152976 7179811.9792823475, 676600.2943941166 7179607.107411693, 676687.8223722694 7179400.608340902, 676774.8223506984 7179196.236470804, 676860.2661295615 7178995.948002106, 676949.4933073694 7178786.436130318, 677035.5986852085 7178580.949860252, 677076.0830758763 7178489.518028626, 677173.0576521811 7178264.384151366, 677212.0072423245 7178172.432519967, 677302.2966214317 7177968.6252495535, 677388.6629995429 7177764.925180042, 677476.1023775988 7177559.925110018, 677561.3827549184 7177354.178440307, 677648.862133093 7177150.098570587, 677737.5025114152 7176945.558700544, 677825.3426892352 7176739.797830408, 677851.8520893962 7176709.856817275, 677885.0146809709 7176632.01119077, 677908.3100749046 7176576.644971982, 677912.1952670487 7176535.360760855), (674345.5535344087 7184891.6020405665, 674412.0247191702 7184737.1285866015, 674474.7313044752 7184589.984935348, 674537.991689828 7184442.499683909, 674592.8784766133 7184312.208438696, 674672.403458072 7184126.4577739965, 674723.5316446745 7184000.07713062, 674828.9482189934 7183749.012643691, 674869.6348092182 7183652.848410347, 674917.8603982911 7183542.055771658, 675002.7111784328 7183344.275502884, 675042.023769223 7183252.659671036, 675088.458558203 7183143.828633271, 675135.0363470204 7183034.103395259, 675180.8535363231 7182927.676958263, 675229.9065244703 7182811.881918194, 675270.5523148596 7182716.988685272, 675316.4227035139 7182607.580247534, 675329.652100626 7182577.857037122, 675361.1746933035 7182504.970611788, 675405.6294825933 7182400.396975611, 675440.7524743758 7182318.980747345, 675446.8950733729 7182306.806542931, 675456.3344718299 7182288.098336148, 675472.72266864 7182253.181923751))
R. JAIME COSTA;OUTRAS VIAS;LEI Nº 15511 / 2019;LINESTRING (675299.4335475895 7182837.722910218, 675337.2363387053 7182749.750879666, 675397.7883241127 7182607.201630322)
R. DAVID DE SOUZA CAMARGO;OUTRAS VIAS;LEI Nº 15511 / 2019;LINESTRING (675329.652100626 7182577.857037122, 675397.7883241127 7182607.201630322, 675452.597943018 7182630.848224861)
R. SANTO ANTÔNIO;OUTRAS VIAS;LEI Nº 15511 / 2019;LINESTRING (674460.5229736485 7184938.0030285595, 674525.3647579551 7184783.439174894, 674587.1755430314 7184636.376323831, 674648.2995278505 7184489.034072861, 674701.3303139498 7184357.804227778, 674779.3150951703 7184172.888763599, 674831.1496820344 7184046.96812018)
R. PIAUÍ;OUTRAS VIAS;LEI Nº 15511 / 2019;LINESTRING (674693.3131995583 7183821.652490872, 674618.8705653519 7183749.174887759, 674609.6131606448 7183737.990486811)
R. CEARÁ;OUTRAS VIAS;LEI Nº 15511 / 2019;LINESTRING (674828.9484189935 7183749.012843692, 674741.3927885054 7183710.280652052, 674730.2145838382 7183701.634452163, 674654.865749366 7183628.963249203)
R. JOÃO BATISTA BERNO;OUTRAS VIAS;LEI Nº 15511 / 2019;LINESTRING (674869.6348092182 7183652.848410347, 674782.0829789437 7183615.090218967, 674678.1515432872 7183571.564629523)
R. JOÃO VIANA SEILER;OUTRAS VIAS;LEI Nº 15511 / 2019;LINESTRING (675018.1982354227 7183596.936564753, 675017.6728351954 7183596.4987647515, 674972.2814178267 7183568.961167177, 674934.0228039523 7183549.3805701565, 674917.8603982911 7183542.055771658, 674828.8431677546 7183504.790180722, 674723.23553139 7183459.876391284)
R. ACÁCIO CÔRREA;OUTRAS VIAS;LEI Nº 15511 / 2019;LINESTRING (674882.2335552516 7183380.229937425, 674774.4565181895 7183334.572148263)
R. PROF. RUBENS ELKE BRAGA;OUTRAS VIAS;LEI Nº 15511 / 2019;LINESTRING (675088.458558203 7183143.828633271, 675000.0431276887 7183105.769642041, 674894.2438911297 7183059.967852458)
R. CHANC. LAURO MULLER;OUTRAS VIAS;LEI Nº 15511 / 2019;LINESTRING (675135.0363470204 7183034.103395259, 675045.743316223 7182995.720204138, 674941.4490804551 7182951.802614736)
R. EUGÊNIO PAROLIN;OUTRAS VIAS;LEI Nº 15511 / 2019;LINESTRING (675180.8535363231 7182927.676958263, 675090.3669048842 7182887.638166979, 674989.2354701965 7182844.980377248)
R. ANTÔNIO PAROLIN JÚNIOR;OUTRAS VIAS;LEI Nº 15511 / 2019;LINESTRING (675354.4593665312 7182861.218904684, 675299.4335475895 7182837.722910218, 675245.6697291685 7182815.158515722, 675229.9065244703 7182811.881918194, 675210.1969187156 7182808.351921429, 675136.8828933648 7182776.459928639, 675037.8354592503 7182733.954938522)
R. FRANCISCO PAROLIN;OUTRAS VIAS;LEI Nº 15511 / 2019;LINESTRING (675391.7673574234 7182772.8064741185, 675337.2363387053 7182749.750879666, 675286.4527213145 7182728.464684878, 675270.5523148596 7182716.988685272, 675254.4317081765 7182704.696685504, 675180.8828828204 7182673.020092827, 675084.5100494667 7182630.859102245)
R. PROF. PORTHOS VELOZO;OUTRAS VIAS;LEI Nº 15511 / 2019;LINESTRING (675316.4227035139 7182607.580247534, 675309.5431011539 7182604.671648235, 675225.7828722965 7182568.650256598, 675129.3312391634 7182527.584666325)
R. PROF. PLÁCIDO E SILVA;OUTRAS VIAS;LEI Nº 15511 / 2019;LINESTRING (675361.1746933035 7182504.970611788, 675269.8226621221 7182467.030821266, 675261.364058375 7182459.42362109, 675171.652827938 7182422.994230602)
R. PROF. LEÔNIDAS FERREIRA DA COSTA;OUTRAS VIAS;LEI Nº 15511 / 2019;LINESTRING (675405.6292825921 7182400.39697561, 675314.3388511882 7182361.27198478)
R. TONI BUSO;OUTRAS VIAS;LEI Nº 15511 / 2019;LINESTRING (674640.3880068226 7183920.910927589, 674693.3131995583 7183821.652490872, 674717.1955946463 7183769.083472297)
R. DR. CARVALHO CHAVES;OUTRAS VIAS;LEI Nº 15511 / 2019;LINESTRING (674741.3927885054 7183710.280652052, 674782.0829789437 7183615.090218967, 674828.8431677546 7183504.790180722, 674882.2335552516 7183380.229937425, 674953.0529385612 7183214.620279918, 675000.0431276887 7183105.769642041, 675001.8963259455 7183095.219038937, 675039.5291164018 7183004.108207601, 675045.743316223 7182995.720204138, 675086.7349063049 7182898.802370612, 675090.3669048842 7182887.638166979, 675136.8828933648 7182776.459928639, 675180.8828828204 7182673.020092827, 675185.4382824495 7182665.743490001, 675223.4010735737 7182577.603659396, 675225.7828722965 7182568.650256598, 675269.8226621221 7182467.030821266, 675273.2480606289 7182455.792417661, 675314.3388511882 7182361.27198478)
R. MAJ. FABRICIANO DO RÊGO BARROS;OUTRAS VIAS;LEI Nº 15511 / 2019;LINESTRING (675946.6226169824 7181438.779815547, 675837.3375794559 7181391.816826616, 675727.622541607 7181343.779837491)
R. CEL. ANTÔNIO RICARDO DOS SANTOS;OUTRAS VIAS;LEI Nº 15511 / 2019;LINESTRING (676001.0226038328 7181311.379771546, 675892.1801662256 7181263.44298229, 675781.3075282914 7181216.324993659)
R. PRES. PÁDUA FLEURY;OUTRAS VIAS;LEI Nº 15511 / 2019;LINESTRING (676055.5783909019 7181184.909127768, 675945.9801531337 7181137.053738705, 675835.3225151836 7181089.53614994)
R. VER. ANTÔNIO CARNASCIALI;OUTRAS VIAS;LEI Nº 15511 / 2019;LINESTRING (676343.7854417904 7180136.199800085, 676325.3014067336 7179992.429767528, 676315.4083992542 7179968.810363632)
R. SÃO BENTO;OUTRAS VIAS;LEI Nº 15511 / 2019;LINESTRING (676109.7357778045 7181058.207684027, 675999.4429400011 7181010.948295279, 675889.0113022438 7180964.01350663)
R. FR. HENRIQUE DE COIMBRA;OUTRAS VIAS;LEI Nº 15511 / 2019;LINESTRING (676163.7877645101 7180930.779640142, 676053.7745266188 7180882.711251142, 675944.3322892024 7180836.13606239)
R. ALCINO GUANABARA;OUTRAS VIAS;LEI Nº 15511 / 2019;LINESTRING (676273.375138387 7180676.5963522745, 676206.1709152195 7180647.059358969, 676162.6227002225 7180627.979763322)
R. WALDEMAR KOST;OUTRAS VIAS;LEI Nº 15511 / 2019;LINESTRING (676359.2917169281 7180472.909682309, 676293.3578943205 7180444.446489021, 676249.7226792275 7180424.979693305, 676138.5564414166 7180378.368304961)
R. IRMÃ MARIA LÚCIA ROLAND;OUTRAS VIAS;LEI Nº 15511 / 2019;LINESTRING (676447.6676958144 7180268.141411591, 676434.6760913039 7180262.259012848)
R. EVARISTO DA VEIGA;OUTRAS VIAS;LEI Nº 15511 / 2019;LINESTRING (676534.2224741373 7180063.079341225, 676425.7336368761 7180015.742352188, 676315.4083992542 7179968.810363632)
R. HIPÓLITO DA COSTA;OUTRAS VIAS;LEI Nº 15511 / 2019;LINESTRING (676709.7942315281 7179654.164600398, 676600.2943941166 7179607.107411693, 676489.310356243 7179559.56962317)
R. NICOLAU KRESKO;OUTRAS VIAS;LEI Nº 15511 / 2019;LINESTRING (676296.137467978 7180316.596055957, 676242.0724268612 7180186.421434342, 676225.9224199617 7180172.979434345)
R. ANTÔNIO SPRADA;OUTRAS VIAS;LEI Nº 15511 / 2019;LINESTRING (676378.6280475383 7180122.006989111, 676343.7854417904 7180136.199800085, 676246.7132255743 7180174.819230417, 676225.9224199617 7180172.979434345)
R. ZONARDY RIBAS;OUTRAS VIAS;LEI Nº 15511 / 2019;LINESTRING (677452.748918032 7177307.405251736, 677540.0662962133 7177103.438182101, 677627.4904741657 7176898.473112235, 677709.4696537782 7176707.812247142, 677716.0288524241 7176693.856242259, 677804.0216306081 7176489.734772564)
R. TEN. TITO TEIXEIRA DE CASTRO;OUTRAS VIAS;LEI Nº 15511 / 2019;LINESTRING (676797.649409896 7179448.3959297, 676687.8223722694 7179400.608340902, 676577.4243347757 7179354.06075253)
R. MIGUEL POHOLINK;OUTRAS VIAS;LEI Nº 15511 / 2019;LINESTRING (676434.6760913039 7180262.259012848, 676296.137467978 7180316.596055957)
R. MARIA LÍCIA BARAUCE AYRES;OUTRAS VIAS;LEI Nº 15511 / 2019;LINESTRING (676434.6760913039 7180262.259012848, 676392.8224584195 7180156.579394881, 676378.6280475383 7180122.006989111)
R. GEN. DJALMA DA ROCHA LIMA;OUTRAS VIAS;LEI Nº 15511 / 2019;LINESTRING (678010.7049005725 7176578.4511505645, 677905.6024841168 7176622.934584109)
R. GEN. DJALMA DA ROCHA LIMA;OUTRAS VIAS;LEI Nº 15511 / 2019;LINESTRING (677905.6024841168 7176622.934584109, 677885.0146809709 7176632.01119077)
R. PROF. JOSÉ MAURÍCIO HIGGINS;OUTRAS VIAS;LEI Nº 15511 / 2019;LINESTRING (676885.5223885102 7179243.965059376, 676774.8223506984 7179196.236470804, 676665.0247131991 7179148.851882116)
R. JOSÉ PEIXOTO DE LACERDA WERNECK;OUTRAS VIAS;LEI Nº 15511 / 2019;LINESTRING (676392.8222584206 7180156.579194881, 676512.3864700875 7180069.846347565, 676534.2222741375 7180063.079141224)
AV. NOSSA SENHORA DA PAZ;OUTRAS VIAS;LEI Nº 15511 / 2019;LINESTRING (677936.4301269786 7176787.999218731, 677926.2185199013 7176766.6744155865, 677905.6024841168 7176622.934584109)
R. SALVADOR FERRANTE;OUTRAS VIAS;LEI Nº 15511 / 2019;LINESTRING (677060.5955453832 7178834.852118931, 676949.4933073694 7178786.436130318, 676839.5606700184 7178739.702141871)
R. ANTÔNIO SCHIEBEL;OUTRAS VIAS;LEI Nº 15511 / 2019;LINESTRING (677147.6351234205 7178629.304448627, 677035.5986852085 7178580.949860252, 676927.1666484252 7178535.023271711)
R. JOSEPHA DEREN DESTEFANI;OUTRAS VIAS;LEI Nº 15511 / 2019;LINESTRING (677222.2477048939 7178454.68558879, 677204.3187037177 7178470.1631964985, 677186.3959015514 7178480.9770030305, 677168.7658988832 7178489.0926088225, 677148.6146952284 7178495.527414726, 677126.7700903014 7178497.954619979, 677110.0224860234 7178497.469223417, 677095.9446820512 7178495.284825858, 677076.0830758763 7178489.518028626, 677058.5590693946 7178479.565029844, 677042.395062564 7178466.374829957, 677028.7004559085 7178451.105829023, 677018.1538497034 7178434.262827024, 677006.9776413684 7178408.132622819, 677002.4126353837 7178385.3080180455, 677002.7964296754 7178357.978811087)
R. ITALINO PERUFFO;OUTRAS VIAS;LEI Nº 15511 / 2019;LINESTRING (677247.3072985514 7178395.495768564, 677244.7616919804 7178367.5841620825, 677240.392686052 7178344.829357286, 677234.3854808009 7178327.171554119, 677226.5578756771 7178312.24435203, 677212.3586681929 7178293.676350379, 677192.33445957 7178276.5647503305, 677173.0576521811 7178264.384151366, 677151.9534455952 7178258.1195542775, 677125.9804389307 7178257.1751595605, 677100.4798330837 7178259.536365574, 677080.9608294294 7178265.203171146, 677061.7566265884 7178274.332977522, 677043.6544245894 7178286.138784336, 677027.1482237445 7178301.504991708)
R. DR. SIMÃO KOSSOBUDSKI;OUTRAS VIAS;LEI Nº 15511 / 2019;LINESTRING (677411.0984585702 7178016.031238306, 677302.2966214317 7177968.6252495535)
R. PROFA. JOANITA BERNETT PASSOS;OUTRAS VIAS;LEI Nº 15511 / 2019;LINESTRING (677585.835414845 7177606.952298431, 677476.1023775988 7177559.925110018)
R. DIOGO MUGIATTI;OUTRAS VIAS;LEI Nº 15511 / 2019;LINESTRING (677760.4275706755 7177196.776558474, 677648.862133093 7177150.098570587, 677540.0662962133 7177103.438182101)
R. DR. BLEY ZORNIG;OUTRAS VIAS;LEI Nº 15511 / 2019;LINESTRING (677848.8113490605 7176992.94048864, 677737.5025114152 7176945.558700544, 677627.4904741657 7176898.473112235)
R. PR. CARLOS FRANK;OUTRAS VIAS;LEI Nº 15511 / 2019;LINESTRING (677936.4301269786 7176787.999218731, 677825.3426892352 7176739.797830408, 677716.0288524241 7176693.856242259)
R. JOAQUIM DE FREITAS;OUTRAS VIAS;LEI Nº 15511 / 2019;LINESTRING (678110.8406827401 7176379.341079521, 678000.3210453797 7176332.078091357)
R. PE. ESTANISLAU TRZEBIATOWSKI;OUTRAS VIAS;LEI Nº 15511 / 2019;LINESTRING (677980.9488500281 7176376.204906492, 677870.8164127117 7176328.661918159)
R. SÃO THIAGO;OUTRAS VIAS;LEI Nº 15511 / 2019;LINESTRING (677832.1213966602 7184735.078663676, 678023.62308312 7184909.777668133)
R. BINE GERSTEN REISS;OUTRAS VIAS;LEI Nº 15511 / 2019;LINESTRING (678491.3058734735 7185237.688853323, 678484.0282467348 7185121.525624694)
R. CAP. JOÃO BUSSE;OUTRAS VIAS;LEI Nº 15511 / 2019;LINESTRING (678548.4262564137 7185089.380202557, 678602.2820931531 7185196.247618789)
R. VIDAL NATIVIDADE DA SILVA;OUTRAS VIAS;LEI Nº 15511 / 2019;LINESTRING (678691.3500775472 7185016.499353013, 678744.8513145241 7185124.834569685)
R. LUIZ FRANÇA;OUTRAS VIAS;LEI Nº 15511 / 2019;LINESTRING (678011.4242828436 7184923.163074212, 678023.62308312 7184909.777668133, 678106.1242855617 7184821.976027733)
R. PROFA. OLGA BALSTER;OUTRAS VIAS;LEI Nº 15511 / 2019;LINESTRING (678974.4937194107 7184872.449654896, 679026.8079551238 7184976.189870592, 679052.6059670891 7185001.031071503, 679074.4039772 7185022.020872273, 679102.1261959816 7185076.27948041, 679129.4600145743 7185130.111688523, 679156.3612328954 7185183.179096533, 679184.2600517344 7185237.4453046415)
R. EROS JOSÉ ALVES;OUTRAS VIAS;LEI Nº 15511 / 2019;LINESTRING (679050.1937306108 7184834.044428678, 679103.4179665961 7184937.930644207)
R. DR. ESTEVAM RIBEIRO DE SOUZA NETTO;OUTRAS VIAS;LEI Nº 15511 / 2019;LINESTRING (679116.8597403289 7184799.578405419, 679170.9715766128 7184903.759820826)
R. GERMÂNIA;OUTRAS VIAS;LEI Nº 15511 / 2019;LINESTRING (679259.4421617253 7184728.787356418, 679311.3871973741 7184832.545972163)
R. DES. MERCER JÚNIOR;OUTRAS VIAS;LEI Nº 15511 / 2019;LINESTRING (679402.7117830219 7184656.829106947, 679406.8903858673 7184665.071908185, 679410.9575898771 7184678.855510883, 679412.9911942411 7184696.706115074, 679412.0873974115 7184712.523319369, 679408.9239991767 7184724.499123156, 679393.332806016 7184774.88793958, 679379.0578074155 7184798.431948757)
R. SANTA ANASTÁSIA;OUTRAS VIAS;LEI Nº 15511 / 2019;LINESTRING (679549.3694049745 7184583.993656501, 679612.9044494734 7184714.903076755)
R. ANTÔNIO MEIRELLES SOBRINHO;OUTRAS VIAS;LEI Nº 15511 / 2019;LINESTRING (678134.9303334344 7185011.436670751, 678217.1579359636 7184924.378630581)
R. RAIMUNDO NINA RODRIGUES;OUTRAS VIAS;LEI Nº 15511 / 2019;LINESTRING (679740.9158479812 7184555.54240786, 679855.7962848898 7184590.031992026, 679967.8855212172 7184625.101976931)
R. RITA MARGARIDA DE JESUS;OUTRAS VIAS;LEI Nº 15511 / 2019;LINESTRING (679883.2982736762 7184505.353764151, 679996.1763102876 7184540.849948989)
R. SEBASTIÃO FRANCISCO CORTIANO;OUTRAS VIAS;LEI Nº 15511 / 2019;LINESTRING (678244.5661837291 7185114.878474189, 678327.6269863552 7185027.277233677)
R. EMÍLIO BERTOLINI;OUTRAS VIAS;LEI Nº 15511 / 2019;LINESTRING (679796.257424867 7184382.524351113, 679910.585462227 7184419.8629361205, 680024.5430992269 7184455.923720863, 680081.3207181629 7184476.200113855, 680137.9747367834 7184495.145306526, 680146.5001392469 7184496.418705013, 680196.6271555703 7184512.476098342, 680252.6169739257 7184530.957291029, 680363.3244104598 7184568.579676839, 680420.7244290583 7184586.479669059, 680477.4576476408 7184605.088061604, 680534.6742663417 7184623.654854031, 680590.090884418 7184641.454846645, 680635.707299501 7184657.046440806)
R. TOUFIC RAAD;OUTRAS VIAS;LEI Nº 15511 / 2019;LINESTRING (679337.050616134 7184889.122381324, 679337.8666160677 7184887.840380817, 679365.5166138269 7184844.400363596, 679367.1260136967 7184841.871962594, 679381.8242125036 7184818.779953442, 679397.4932112007 7184794.021943647, 679399.7180103797 7184787.552341491, 679408.2090093854 7184772.799935836, 679458.5387909381 7184627.045687214)
R. GUILHERME NUNES NOGUEIRA;OUTRAS VIAS;LEI Nº 15511 / 2019;LINESTRING (678388.2248443402 7185225.493672211, 678423.3628293771 7185113.316835545)
R. NATAL;OUTRAS VIAS;LEI Nº 15511 / 2019;LINESTRING (679693.5118673107 7184701.6544559505, 679740.9158479812 7184555.54240786)
R. ESPER JORGE CHUERI;OUTRAS VIAS;LEI Nº 15511 / 2019;LINESTRING (679825.9420966868 7184680.241221849, 679855.7962848898 7184590.031992026, 679883.2982736762 7184505.353764151, 679910.585462227 7184419.8629361205)
R. FORTALEZA;OUTRAS VIAS;LEI Nº 15511 / 2019;LINESTRING (679956.7743255624 7184658.446587972, 679967.8855212172 7184625.101976931, 679996.1763102876 7184540.849948989, 680024.5430992269 7184455.923720863)
R. ARNALDO MONTI BERTOLINI;OUTRAS VIAS;LEI Nº 15511 / 2019;LINESTRING (680019.9591403729 7184651.936772646, 680081.3207181629 7184476.200113855)
R. DANTE MELARA;OUTRAS VIAS;LEI Nº 15511 / 2019;LINESTRING (680083.205556914 7184653.374959361, 680137.9747367834 7184495.145306526)
R. TEREZINA;OUTRAS VIAS;LEI Nº 15511 / 2019;LINESTRING (680201.3123923993 7184677.319540054, 680252.6169739257 7184530.957291029)
R. DR. URBANO TONIOLO;OUTRAS VIAS;LEI Nº 15511 / 2019;LINESTRING (680376.7558474464 7184723.625114128, 680420.7244290583 7184586.479669059)
R. PROF. DAVID JORGE CURI;OUTRAS VIAS;LEI Nº 15511 / 2019;LINESTRING (680442.3846633262 7184719.148898766, 680477.4576476408 7184605.088061604)
R. WENCESLAU TEIXEIRA ALVES;OUTRAS VIAS;LEI Nº 15511 / 2019;LINESTRING (680504.9616782272 7184713.776083831, 680534.6742663417 7184623.654854031)
R. ADALBERTO TADEU VOROBI;OUTRAS VIAS;LEI Nº 15511 / 2019;LINESTRING (680568.0464931923 7184708.094468697, 680590.090884418 7184641.454846645)
R. PRES. CARLOS CAVALCANTI;PRIORITÁRIA;LEI Nº 16054 / 2022;LINESTRING (674421.6187183785 7186633.847478511, 674351.523103578 7186649.881297363, 674120.0772552539 7186705.50636027, 674025.8674354049 7186727.329985645, 673930.7018154112 7186749.666211342, 673825.9783934008 7186774.249439611, 673662.4383587812 7186811.494083431, 673585.1783426804 7186830.336904447, 673469.4827183085 7186857.329335587, 673339.5934908346 7186887.135370399, 673206.0350627634 7186918.684006409, 673107.23124198 7186941.975633023, 673085.4228374665 7186947.481638992, 673032.4964261346 7186959.012652995)
R. LUIZ LEÃO;PRIORITÁRIA;LEI Nº 16054 / 2022;LINESTRING (674470.4963343329 7186649.606072409, 674448.858133282 7186671.374282629, 674444.992533478 7186677.095284934, 674441.7453339634 7186683.434887273, 674389.3697527454 7186838.1207387075, 674381.9979550778 7186858.418745564, 674377.8191562124 7186869.026549215, 674370.1045572045 7186883.330754574, 674364.47915719 7186890.241757559, 674350.3355560437 7186902.295963673, 674328.6381540799 7186919.814772798, 674199.5685424475 7187024.339427147, 674198.6231422945 7187024.78142746)
R. BR. DE ANTONINA;PRIORITÁRIA;LEI Nº 16054 / 2022;LINESTRING (673532.8634131948 7187234.368821198, 673745.7726583931 7187185.948564172, 673909.226292956 7187148.197920205, 674019.3909162185 7187122.645290527, 674086.4463304236 7187107.324472517, 674098.5715328159 7187103.708269037, 674107.5059344235 7187100.304666281, 674117.7167359188 7187094.773862698, 674131.986337465 7187084.449057014, 674198.6231422945 7187024.78142746)
R. JOÃO MANOEL;PRIORITÁRIA;LEI Nº 16054 / 2022;LINESTRING (673292.609856143 7186778.801951805, 673339.5934908346 7186887.135370399, 673367.8269124813 7186956.051982578, 673406.4599414908 7187047.382798472, 673447.8377725271 7187144.988015449, 673457.0877790123 7187164.620218672, 673459.7985805047 7187168.415219104, 673464.6779825601 7187172.210219083, 673535.6484102879 7187216.925016044)
R. ENGS. REBOUÇAS;PRIORITÁRIA;LEI Nº 16054 / 2022;LINESTRING (676327.825375254 7185514.163185516, 676269.0977550872 7185490.32859173, 676174.1645224924 7185451.807201771, 676076.2166888096 7185411.763612041, 675966.667451281 7185367.59942368, 675898.1816277637 7185339.702230875)
R. BRASÍLIO ITIBERÊ;PRIORITÁRIA;LEI Nº 16054 / 2022;LINESTRING (676531.0836110347 7185435.815522127, 676445.0927812039 7185399.504330883, 676326.9541399018 7185348.042342488, 676233.0189073416 7185308.40235204, 676135.4482734466 7185266.824561847, 676026.4736355231 7185220.018972693, 676001.4032268127 7185209.310975201)
AV. PREF. OMAR SABBAG;PRIORITÁRIA;LEI Nº 16054 / 2022;LINESTRING (676001.403226813 7185209.310775202, 676052.945421811 7185122.818341849, 676021.4726088499 7185099.762542506, 676062.9286042968 7185027.714915046, 676086.3728092961 7185022.854508832, 676111.6942169818 7185028.429304932, 676161.7612126626 7184947.062273234, 676171.51241279 7184935.810868254, 676218.302220962 7184917.5954536395, 676294.008834135 7184887.910029935, 676461.7448632102 7184821.689777273, 676474.8590646766 7184812.714572169)
R. CEL. JOÃO DA SILVA SAMPAIO;PRIORITÁRIA;LEI Nº 16054 / 2022;LINESTRING (676086.9894337723 7185138.000538606, 676140.1898284659 7185048.122504028)
AV. PREF. LOTHÁRIO MEISSNER;PRIORITÁRIA;LEI Nº 16054 / 2022;LINESTRING (676474.8590646766 7184812.714572169, 676492.0852653307 7184794.9057639055, 676507.7336659462 7184778.830756423, 676533.6244691298 7184762.4711467, 676572.9074759876 7184747.228334429, 676608.6398822402 7184733.441923287, 676666.8122923127 7184710.500505015, 676672.3746933938 7184708.873703416, 676687.1446968832 7184707.446499917, 676861.8943413482 7184705.621462395, 677017.2557807289 7184703.289628823, 677063.463392589 7184703.289619012, 677098.3184016382 7184703.772611735, 677530.567921126 7184743.900930223, 677562.064129685 7184746.1217240915, 677574.5817328987 7184746.121721425, 677585.1367354391 7184745.325118971, 677598.6637384263 7184743.0503155)
R. BRIG. FRANCO;SETORIAL 1;LEI Nº 16054 / 2022;LINESTRING (673375.9447855158 7184892.381342938, 673445.7227679334 7184721.698284164, 673512.8109498924 7184552.264226301, 673575.0939337584 7184398.043973405, 673624.3725207221 7184274.798131254, 673635.2685181517 7184249.052322324)
R. GUGLIELMO MARCONI;COLETORA 2;LEI Nº 15511 / 2019;LINESTRING (680720.0358188743 7187415.074642188, 680831.5802577627 7187460.697029991, 680941.9484963401 7187506.235018015, 681053.1143349153 7187550.758005587, 681166.4251743428 7187596.580193024, 681277.4492134033 7187643.381181201)
R. DR. ROBERTO BARROZO;PRIORITÁRIA;LEI Nº 15511 / 2019;LINESTRING (673868.0240819308 7187626.268554267, 673716.8698497005 7187660.309394708, 673554.7168154689 7187698.547038516)
R. JOÃO HAVRO;COLETORA 2;LEI Nº 16054 / 2022;LINESTRING (676876.9213409388 7190343.472940065, 676793.4987340878 7190414.835376739, 676710.4077273188 7190486.237613351, 676645.8107220165 7190541.608641775, 676580.7245166639 7190597.38187041, 676505.5035106835 7190662.879503777)
R. TRAJANO REIS;PRIORITÁRIA;LEI Nº 15511 / 2019 E LEI Nº 16054 / 2022;LINESTRING (673535.6485102884 7187216.9251160445, 673532.8635131947 7187234.368921198)
R. TEN. JOÃO GOMES DA SILVA;COLETORA 1;LEI Nº 15511 / 2019 E LEI Nº 16054 / 2022;LINESTRING (672217.0255638364 7187197.1479841955, 672237.9557855615 7187276.029600559, 672264.5998134167 7187377.383221646, 672298.7052495944 7187509.599649306, 672332.326485569 7187641.396676976, 672361.2229150014 7187747.434498873, 672387.9085433929 7187851.1863206355, 672417.572574781 7187965.648344614, 672419.1635766524 7187972.694546139, 672419.8197776924 7187976.894547108, 672420.1131792265 7187983.949548904)
R. ALBERTO BOLLIGER;COLETORA 1;LEI Nº 16054 / 2022;LINESTRING (675436.781993122 7187165.557304818, 675396.3021996272 7187246.447134547, 675353.4236064511 7187331.862365972)
R. ALBERTO BOLLIGER;PRIORITÁRIA;LEI Nº 15511 / 2019;LINESTRING (675037.0758441729 7187903.181582538, 674984.9156481149 7187986.724415468)
