[2025-09-04T12:09:53.155+0000] {processor.py:161} INFO - Started process (PID=51) to work on /opt/airflow/dags/tcc_pipeline_dag.py
[2025-09-04T12:09:53.157+0000] {processor.py:830} INFO - Processing file /opt/airflow/dags/tcc_pipeline_dag.py for tasks to queue
[2025-09-04T12:09:53.160+0000] {logging_mixin.py:188} INFO - [2025-09-04T12:09:53.160+0000] {dagbag.py:545} INFO - Filling up the DagBag from /opt/airflow/dags/tcc_pipeline_dag.py
[2025-09-04T12:09:53.235+0000] {processor.py:840} INFO - DAG(s) 'tcc_transito_pipeline' retrieved from /opt/airflow/dags/tcc_pipeline_dag.py
[2025-09-04T12:09:53.618+0000] {logging_mixin.py:188} INFO - [2025-09-04T12:09:53.617+0000] {override.py:1829} INFO - Created Permission View: can edit on DAG:tcc_transito_pipeline
[2025-09-04T12:09:53.632+0000] {logging_mixin.py:188} INFO - [2025-09-04T12:09:53.631+0000] {override.py:1829} INFO - Created Permission View: can delete on DAG:tcc_transito_pipeline
[2025-09-04T12:09:53.643+0000] {logging_mixin.py:188} INFO - [2025-09-04T12:09:53.642+0000] {override.py:1829} INFO - Created Permission View: can read on DAG:tcc_transito_pipeline
[2025-09-04T12:09:53.644+0000] {logging_mixin.py:188} INFO - [2025-09-04T12:09:53.644+0000] {dag.py:3096} INFO - Sync 1 DAGs
[2025-09-04T12:09:53.655+0000] {logging_mixin.py:188} INFO - [2025-09-04T12:09:53.654+0000] {dag.py:3118} INFO - Creating ORM DAG for tcc_transito_pipeline
[2025-09-04T12:09:53.667+0000] {logging_mixin.py:188} INFO - [2025-09-04T12:09:53.666+0000] {dag.py:3954} INFO - Setting next_dagrun for tcc_transito_pipeline to 2025-09-03 08:00:00+00:00, run_after=2025-09-04 08:00:00+00:00
[2025-09-04T12:09:53.694+0000] {processor.py:183} INFO - Processing /opt/airflow/dags/tcc_pipeline_dag.py took 0.546 seconds
[2025-09-04T12:10:23.962+0000] {processor.py:161} INFO - Started process (PID=62) to work on /opt/airflow/dags/tcc_pipeline_dag.py
[2025-09-04T12:10:23.963+0000] {processor.py:830} INFO - Processing file /opt/airflow/dags/tcc_pipeline_dag.py for tasks to queue
[2025-09-04T12:10:23.965+0000] {logging_mixin.py:188} INFO - [2025-09-04T12:10:23.965+0000] {dagbag.py:545} INFO - Filling up the DagBag from /opt/airflow/dags/tcc_pipeline_dag.py
[2025-09-04T12:10:24.001+0000] {processor.py:840} INFO - DAG(s) 'tcc_transito_pipeline' retrieved from /opt/airflow/dags/tcc_pipeline_dag.py
[2025-09-04T12:10:24.029+0000] {logging_mixin.py:188} INFO - [2025-09-04T12:10:24.029+0000] {dag.py:3096} INFO - Sync 1 DAGs
[2025-09-04T12:10:24.052+0000] {logging_mixin.py:188} INFO - [2025-09-04T12:10:24.051+0000] {dag.py:3954} INFO - Setting next_dagrun for tcc_transito_pipeline to 2025-09-04 08:00:00+00:00, run_after=2025-09-05 08:00:00+00:00
[2025-09-04T12:10:24.078+0000] {processor.py:183} INFO - Processing /opt/airflow/dags/tcc_pipeline_dag.py took 0.121 seconds
[2025-09-04T12:10:54.283+0000] {processor.py:161} INFO - Started process (PID=69) to work on /opt/airflow/dags/tcc_pipeline_dag.py
[2025-09-04T12:10:54.285+0000] {processor.py:830} INFO - Processing file /opt/airflow/dags/tcc_pipeline_dag.py for tasks to queue
[2025-09-04T12:10:54.288+0000] {logging_mixin.py:188} INFO - [2025-09-04T12:10:54.288+0000] {dagbag.py:545} INFO - Filling up the DagBag from /opt/airflow/dags/tcc_pipeline_dag.py
[2025-09-04T12:10:54.323+0000] {processor.py:840} INFO - DAG(s) 'tcc_transito_pipeline' retrieved from /opt/airflow/dags/tcc_pipeline_dag.py
[2025-09-04T12:10:54.353+0000] {logging_mixin.py:188} INFO - [2025-09-04T12:10:54.352+0000] {dag.py:3096} INFO - Sync 1 DAGs
[2025-09-04T12:10:54.379+0000] {logging_mixin.py:188} INFO - [2025-09-04T12:10:54.379+0000] {dag.py:3954} INFO - Setting next_dagrun for tcc_transito_pipeline to 2025-09-04 08:00:00+00:00, run_after=2025-09-05 08:00:00+00:00
[2025-09-04T12:10:54.405+0000] {processor.py:183} INFO - Processing /opt/airflow/dags/tcc_pipeline_dag.py took 0.126 seconds
[2025-09-04T12:11:24.706+0000] {processor.py:161} INFO - Started process (PID=76) to work on /opt/airflow/dags/tcc_pipeline_dag.py
[2025-09-04T12:11:24.707+0000] {processor.py:830} INFO - Processing file /opt/airflow/dags/tcc_pipeline_dag.py for tasks to queue
[2025-09-04T12:11:24.710+0000] {logging_mixin.py:188} INFO - [2025-09-04T12:11:24.709+0000] {dagbag.py:545} INFO - Filling up the DagBag from /opt/airflow/dags/tcc_pipeline_dag.py
[2025-09-04T12:11:24.736+0000] {processor.py:840} INFO - DAG(s) 'tcc_transito_pipeline' retrieved from /opt/airflow/dags/tcc_pipeline_dag.py
[2025-09-04T12:11:24.759+0000] {logging_mixin.py:188} INFO - [2025-09-04T12:11:24.759+0000] {dag.py:3096} INFO - Sync 1 DAGs
[2025-09-04T12:11:24.778+0000] {logging_mixin.py:188} INFO - [2025-09-04T12:11:24.778+0000] {dag.py:3954} INFO - Setting next_dagrun for tcc_transito_pipeline to 2025-09-04 08:00:00+00:00, run_after=2025-09-05 08:00:00+00:00
[2025-09-04T12:11:24.796+0000] {processor.py:183} INFO - Processing /opt/airflow/dags/tcc_pipeline_dag.py took 0.098 seconds
[2025-09-04T12:11:55.054+0000] {processor.py:161} INFO - Started process (PID=83) to work on /opt/airflow/dags/tcc_pipeline_dag.py
[2025-09-04T12:11:55.056+0000] {processor.py:830} INFO - Processing file /opt/airflow/dags/tcc_pipeline_dag.py for tasks to queue
[2025-09-04T12:11:55.059+0000] {logging_mixin.py:188} INFO - [2025-09-04T12:11:55.058+0000] {dagbag.py:545} INFO - Filling up the DagBag from /opt/airflow/dags/tcc_pipeline_dag.py
[2025-09-04T12:11:55.124+0000] {processor.py:840} INFO - DAG(s) 'tcc_transito_pipeline' retrieved from /opt/airflow/dags/tcc_pipeline_dag.py
[2025-09-04T12:11:55.173+0000] {logging_mixin.py:188} INFO - [2025-09-04T12:11:55.173+0000] {dag.py:3096} INFO - Sync 1 DAGs
[2025-09-04T12:11:55.208+0000] {logging_mixin.py:188} INFO - [2025-09-04T12:11:55.207+0000] {dag.py:3954} INFO - Setting next_dagrun for tcc_transito_pipeline to 2025-09-04 08:00:00+00:00, run_after=2025-09-05 08:00:00+00:00
[2025-09-04T12:11:55.226+0000] {processor.py:183} INFO - Processing /opt/airflow/dags/tcc_pipeline_dag.py took 0.183 seconds
[2025-09-04T12:12:25.335+0000] {processor.py:161} INFO - Started process (PID=90) to work on /opt/airflow/dags/tcc_pipeline_dag.py
[2025-09-04T12:12:25.338+0000] {processor.py:830} INFO - Processing file /opt/airflow/dags/tcc_pipeline_dag.py for tasks to queue
[2025-09-04T12:12:25.340+0000] {logging_mixin.py:188} INFO - [2025-09-04T12:12:25.340+0000] {dagbag.py:545} INFO - Filling up the DagBag from /opt/airflow/dags/tcc_pipeline_dag.py
[2025-09-04T12:12:25.383+0000] {processor.py:840} INFO - DAG(s) 'tcc_transito_pipeline' retrieved from /opt/airflow/dags/tcc_pipeline_dag.py
[2025-09-04T12:12:25.408+0000] {logging_mixin.py:188} INFO - [2025-09-04T12:12:25.408+0000] {dag.py:3096} INFO - Sync 1 DAGs
[2025-09-04T12:12:25.425+0000] {logging_mixin.py:188} INFO - [2025-09-04T12:12:25.425+0000] {dag.py:3954} INFO - Setting next_dagrun for tcc_transito_pipeline to 2025-09-04 08:00:00+00:00, run_after=2025-09-05 08:00:00+00:00
[2025-09-04T12:12:25.442+0000] {processor.py:183} INFO - Processing /opt/airflow/dags/tcc_pipeline_dag.py took 0.114 seconds
[2025-09-04T12:12:55.641+0000] {processor.py:161} INFO - Started process (PID=97) to work on /opt/airflow/dags/tcc_pipeline_dag.py
[2025-09-04T12:12:55.642+0000] {processor.py:830} INFO - Processing file /opt/airflow/dags/tcc_pipeline_dag.py for tasks to queue
[2025-09-04T12:12:55.645+0000] {logging_mixin.py:188} INFO - [2025-09-04T12:12:55.645+0000] {dagbag.py:545} INFO - Filling up the DagBag from /opt/airflow/dags/tcc_pipeline_dag.py
[2025-09-04T12:12:55.677+0000] {processor.py:840} INFO - DAG(s) 'tcc_transito_pipeline' retrieved from /opt/airflow/dags/tcc_pipeline_dag.py
[2025-09-04T12:12:55.703+0000] {logging_mixin.py:188} INFO - [2025-09-04T12:12:55.703+0000] {dag.py:3096} INFO - Sync 1 DAGs
[2025-09-04T12:12:55.725+0000] {logging_mixin.py:188} INFO - [2025-09-04T12:12:55.725+0000] {dag.py:3954} INFO - Setting next_dagrun for tcc_transito_pipeline to 2025-09-04 08:00:00+00:00, run_after=2025-09-05 08:00:00+00:00
[2025-09-04T12:12:55.750+0000] {processor.py:183} INFO - Processing /opt/airflow/dags/tcc_pipeline_dag.py took 0.117 seconds
[2025-09-04T12:13:25.991+0000] {processor.py:161} INFO - Started process (PID=104) to work on /opt/airflow/dags/tcc_pipeline_dag.py
[2025-09-04T12:13:25.993+0000] {processor.py:830} INFO - Processing file /opt/airflow/dags/tcc_pipeline_dag.py for tasks to queue
[2025-09-04T12:13:25.996+0000] {logging_mixin.py:188} INFO - [2025-09-04T12:13:25.996+0000] {dagbag.py:545} INFO - Filling up the DagBag from /opt/airflow/dags/tcc_pipeline_dag.py
[2025-09-04T12:13:26.033+0000] {processor.py:840} INFO - DAG(s) 'tcc_transito_pipeline' retrieved from /opt/airflow/dags/tcc_pipeline_dag.py
[2025-09-04T12:13:26.059+0000] {logging_mixin.py:188} INFO - [2025-09-04T12:13:26.059+0000] {dag.py:3096} INFO - Sync 1 DAGs
[2025-09-04T12:13:26.077+0000] {logging_mixin.py:188} INFO - [2025-09-04T12:13:26.077+0000] {dag.py:3954} INFO - Setting next_dagrun for tcc_transito_pipeline to 2025-09-04 08:00:00+00:00, run_after=2025-09-05 08:00:00+00:00
[2025-09-04T12:13:26.094+0000] {processor.py:183} INFO - Processing /opt/airflow/dags/tcc_pipeline_dag.py took 0.112 seconds
[2025-09-04T12:13:56.387+0000] {processor.py:161} INFO - Started process (PID=111) to work on /opt/airflow/dags/tcc_pipeline_dag.py
[2025-09-04T12:13:56.388+0000] {processor.py:830} INFO - Processing file /opt/airflow/dags/tcc_pipeline_dag.py for tasks to queue
[2025-09-04T12:13:56.391+0000] {logging_mixin.py:188} INFO - [2025-09-04T12:13:56.391+0000] {dagbag.py:545} INFO - Filling up the DagBag from /opt/airflow/dags/tcc_pipeline_dag.py
[2025-09-04T12:13:56.422+0000] {processor.py:840} INFO - DAG(s) 'tcc_transito_pipeline' retrieved from /opt/airflow/dags/tcc_pipeline_dag.py
[2025-09-04T12:13:56.448+0000] {logging_mixin.py:188} INFO - [2025-09-04T12:13:56.448+0000] {dag.py:3096} INFO - Sync 1 DAGs
[2025-09-04T12:13:56.469+0000] {logging_mixin.py:188} INFO - [2025-09-04T12:13:56.469+0000] {dag.py:3954} INFO - Setting next_dagrun for tcc_transito_pipeline to 2025-09-04 08:00:00+00:00, run_after=2025-09-05 08:00:00+00:00
[2025-09-04T12:13:56.493+0000] {processor.py:183} INFO - Processing /opt/airflow/dags/tcc_pipeline_dag.py took 0.118 seconds
[2025-09-04T12:14:26.606+0000] {processor.py:161} INFO - Started process (PID=118) to work on /opt/airflow/dags/tcc_pipeline_dag.py
[2025-09-04T12:14:26.607+0000] {processor.py:830} INFO - Processing file /opt/airflow/dags/tcc_pipeline_dag.py for tasks to queue
[2025-09-04T12:14:26.609+0000] {logging_mixin.py:188} INFO - [2025-09-04T12:14:26.608+0000] {dagbag.py:545} INFO - Filling up the DagBag from /opt/airflow/dags/tcc_pipeline_dag.py
[2025-09-04T12:14:26.633+0000] {processor.py:840} INFO - DAG(s) 'tcc_transito_pipeline' retrieved from /opt/airflow/dags/tcc_pipeline_dag.py
[2025-09-04T12:14:26.660+0000] {logging_mixin.py:188} INFO - [2025-09-04T12:14:26.660+0000] {dag.py:3096} INFO - Sync 1 DAGs
[2025-09-04T12:14:26.681+0000] {logging_mixin.py:188} INFO - [2025-09-04T12:14:26.680+0000] {dag.py:3954} INFO - Setting next_dagrun for tcc_transito_pipeline to 2025-09-04 08:00:00+00:00, run_after=2025-09-05 08:00:00+00:00
[2025-09-04T12:14:26.700+0000] {processor.py:183} INFO - Processing /opt/airflow/dags/tcc_pipeline_dag.py took 0.100 seconds
[2025-09-04T12:14:56.987+0000] {processor.py:161} INFO - Started process (PID=125) to work on /opt/airflow/dags/tcc_pipeline_dag.py
[2025-09-04T12:14:56.988+0000] {processor.py:830} INFO - Processing file /opt/airflow/dags/tcc_pipeline_dag.py for tasks to queue
[2025-09-04T12:14:56.990+0000] {logging_mixin.py:188} INFO - [2025-09-04T12:14:56.990+0000] {dagbag.py:545} INFO - Filling up the DagBag from /opt/airflow/dags/tcc_pipeline_dag.py
[2025-09-04T12:14:57.020+0000] {processor.py:840} INFO - DAG(s) 'tcc_transito_pipeline' retrieved from /opt/airflow/dags/tcc_pipeline_dag.py
[2025-09-04T12:14:57.044+0000] {logging_mixin.py:188} INFO - [2025-09-04T12:14:57.044+0000] {dag.py:3096} INFO - Sync 1 DAGs
[2025-09-04T12:14:57.066+0000] {logging_mixin.py:188} INFO - [2025-09-04T12:14:57.066+0000] {dag.py:3954} INFO - Setting next_dagrun for tcc_transito_pipeline to 2025-09-04 08:00:00+00:00, run_after=2025-09-05 08:00:00+00:00
[2025-09-04T12:14:57.090+0000] {processor.py:183} INFO - Processing /opt/airflow/dags/tcc_pipeline_dag.py took 0.109 seconds
[2025-09-04T12:15:27.246+0000] {processor.py:161} INFO - Started process (PID=132) to work on /opt/airflow/dags/tcc_pipeline_dag.py
[2025-09-04T12:15:27.247+0000] {processor.py:830} INFO - Processing file /opt/airflow/dags/tcc_pipeline_dag.py for tasks to queue
[2025-09-04T12:15:27.250+0000] {logging_mixin.py:188} INFO - [2025-09-04T12:15:27.250+0000] {dagbag.py:545} INFO - Filling up the DagBag from /opt/airflow/dags/tcc_pipeline_dag.py
[2025-09-04T12:15:27.280+0000] {processor.py:840} INFO - DAG(s) 'tcc_transito_pipeline' retrieved from /opt/airflow/dags/tcc_pipeline_dag.py
[2025-09-04T12:15:27.327+0000] {logging_mixin.py:188} INFO - [2025-09-04T12:15:27.327+0000] {dag.py:3096} INFO - Sync 1 DAGs
[2025-09-04T12:15:27.357+0000] {logging_mixin.py:188} INFO - [2025-09-04T12:15:27.356+0000] {dag.py:3954} INFO - Setting next_dagrun for tcc_transito_pipeline to 2025-09-04 08:00:00+00:00, run_after=2025-09-05 08:00:00+00:00
[2025-09-04T12:15:27.377+0000] {processor.py:183} INFO - Processing /opt/airflow/dags/tcc_pipeline_dag.py took 0.136 seconds
[2025-09-04T12:15:57.707+0000] {processor.py:161} INFO - Started process (PID=139) to work on /opt/airflow/dags/tcc_pipeline_dag.py
[2025-09-04T12:15:57.709+0000] {processor.py:830} INFO - Processing file /opt/airflow/dags/tcc_pipeline_dag.py for tasks to queue
[2025-09-04T12:15:57.714+0000] {logging_mixin.py:188} INFO - [2025-09-04T12:15:57.714+0000] {dagbag.py:545} INFO - Filling up the DagBag from /opt/airflow/dags/tcc_pipeline_dag.py
[2025-09-04T12:15:57.754+0000] {processor.py:840} INFO - DAG(s) 'tcc_transito_pipeline' retrieved from /opt/airflow/dags/tcc_pipeline_dag.py
[2025-09-04T12:15:57.788+0000] {logging_mixin.py:188} INFO - [2025-09-04T12:15:57.788+0000] {dag.py:3096} INFO - Sync 1 DAGs
[2025-09-04T12:15:57.812+0000] {logging_mixin.py:188} INFO - [2025-09-04T12:15:57.811+0000] {dag.py:3954} INFO - Setting next_dagrun for tcc_transito_pipeline to 2025-09-04 08:00:00+00:00, run_after=2025-09-05 08:00:00+00:00
[2025-09-04T12:15:57.834+0000] {processor.py:183} INFO - Processing /opt/airflow/dags/tcc_pipeline_dag.py took 0.134 seconds
[2025-09-04T12:16:28.099+0000] {processor.py:161} INFO - Started process (PID=146) to work on /opt/airflow/dags/tcc_pipeline_dag.py
[2025-09-04T12:16:28.101+0000] {processor.py:830} INFO - Processing file /opt/airflow/dags/tcc_pipeline_dag.py for tasks to queue
[2025-09-04T12:16:28.107+0000] {logging_mixin.py:188} INFO - [2025-09-04T12:16:28.106+0000] {dagbag.py:545} INFO - Filling up the DagBag from /opt/airflow/dags/tcc_pipeline_dag.py
[2025-09-04T12:16:28.156+0000] {processor.py:840} INFO - DAG(s) 'tcc_transito_pipeline' retrieved from /opt/airflow/dags/tcc_pipeline_dag.py
[2025-09-04T12:16:28.185+0000] {logging_mixin.py:188} INFO - [2025-09-04T12:16:28.185+0000] {dag.py:3096} INFO - Sync 1 DAGs
[2025-09-04T12:16:28.206+0000] {logging_mixin.py:188} INFO - [2025-09-04T12:16:28.206+0000] {dag.py:3954} INFO - Setting next_dagrun for tcc_transito_pipeline to 2025-09-04 08:00:00+00:00, run_after=2025-09-05 08:00:00+00:00
[2025-09-04T12:16:28.229+0000] {processor.py:183} INFO - Processing /opt/airflow/dags/tcc_pipeline_dag.py took 0.141 seconds
[2025-09-04T12:16:58.449+0000] {processor.py:161} INFO - Started process (PID=153) to work on /opt/airflow/dags/tcc_pipeline_dag.py
[2025-09-04T12:16:58.450+0000] {processor.py:830} INFO - Processing file /opt/airflow/dags/tcc_pipeline_dag.py for tasks to queue
[2025-09-04T12:16:58.455+0000] {logging_mixin.py:188} INFO - [2025-09-04T12:16:58.454+0000] {dagbag.py:545} INFO - Filling up the DagBag from /opt/airflow/dags/tcc_pipeline_dag.py
[2025-09-04T12:16:58.518+0000] {processor.py:840} INFO - DAG(s) 'tcc_transito_pipeline' retrieved from /opt/airflow/dags/tcc_pipeline_dag.py
[2025-09-04T12:16:58.584+0000] {logging_mixin.py:188} INFO - [2025-09-04T12:16:58.584+0000] {dag.py:3096} INFO - Sync 1 DAGs
[2025-09-04T12:16:58.613+0000] {logging_mixin.py:188} INFO - [2025-09-04T12:16:58.613+0000] {dag.py:3954} INFO - Setting next_dagrun for tcc_transito_pipeline to 2025-09-04 08:00:00+00:00, run_after=2025-09-05 08:00:00+00:00
[2025-09-04T12:16:58.646+0000] {processor.py:183} INFO - Processing /opt/airflow/dags/tcc_pipeline_dag.py took 0.207 seconds
[2025-09-04T12:17:28.800+0000] {processor.py:161} INFO - Started process (PID=160) to work on /opt/airflow/dags/tcc_pipeline_dag.py
[2025-09-04T12:17:28.803+0000] {processor.py:830} INFO - Processing file /opt/airflow/dags/tcc_pipeline_dag.py for tasks to queue
[2025-09-04T12:17:28.811+0000] {logging_mixin.py:188} INFO - [2025-09-04T12:17:28.810+0000] {dagbag.py:545} INFO - Filling up the DagBag from /opt/airflow/dags/tcc_pipeline_dag.py
[2025-09-04T12:17:28.887+0000] {processor.py:840} INFO - DAG(s) 'tcc_transito_pipeline' retrieved from /opt/airflow/dags/tcc_pipeline_dag.py
[2025-09-04T12:17:28.951+0000] {logging_mixin.py:188} INFO - [2025-09-04T12:17:28.950+0000] {dag.py:3096} INFO - Sync 1 DAGs
[2025-09-04T12:17:28.979+0000] {logging_mixin.py:188} INFO - [2025-09-04T12:17:28.979+0000] {dag.py:3954} INFO - Setting next_dagrun for tcc_transito_pipeline to 2025-09-04 08:00:00+00:00, run_after=2025-09-05 08:00:00+00:00
[2025-09-04T12:17:29.033+0000] {processor.py:183} INFO - Processing /opt/airflow/dags/tcc_pipeline_dag.py took 0.248 seconds
[2025-09-04T12:17:59.234+0000] {processor.py:161} INFO - Started process (PID=167) to work on /opt/airflow/dags/tcc_pipeline_dag.py
[2025-09-04T12:17:59.236+0000] {processor.py:830} INFO - Processing file /opt/airflow/dags/tcc_pipeline_dag.py for tasks to queue
[2025-09-04T12:17:59.239+0000] {logging_mixin.py:188} INFO - [2025-09-04T12:17:59.238+0000] {dagbag.py:545} INFO - Filling up the DagBag from /opt/airflow/dags/tcc_pipeline_dag.py
[2025-09-04T12:17:59.275+0000] {processor.py:840} INFO - DAG(s) 'tcc_transito_pipeline' retrieved from /opt/airflow/dags/tcc_pipeline_dag.py
[2025-09-04T12:17:59.304+0000] {logging_mixin.py:188} INFO - [2025-09-04T12:17:59.304+0000] {dag.py:3096} INFO - Sync 1 DAGs
[2025-09-04T12:17:59.326+0000] {logging_mixin.py:188} INFO - [2025-09-04T12:17:59.326+0000] {dag.py:3954} INFO - Setting next_dagrun for tcc_transito_pipeline to 2025-09-04 08:00:00+00:00, run_after=2025-09-05 08:00:00+00:00
[2025-09-04T12:17:59.346+0000] {processor.py:183} INFO - Processing /opt/airflow/dags/tcc_pipeline_dag.py took 0.119 seconds
[2025-09-04T12:18:29.604+0000] {processor.py:161} INFO - Started process (PID=174) to work on /opt/airflow/dags/tcc_pipeline_dag.py
[2025-09-04T12:18:29.606+0000] {processor.py:830} INFO - Processing file /opt/airflow/dags/tcc_pipeline_dag.py for tasks to queue
[2025-09-04T12:18:29.607+0000] {logging_mixin.py:188} INFO - [2025-09-04T12:18:29.607+0000] {dagbag.py:545} INFO - Filling up the DagBag from /opt/airflow/dags/tcc_pipeline_dag.py
[2025-09-04T12:18:29.640+0000] {processor.py:840} INFO - DAG(s) 'tcc_transito_pipeline' retrieved from /opt/airflow/dags/tcc_pipeline_dag.py
[2025-09-04T12:18:29.679+0000] {logging_mixin.py:188} INFO - [2025-09-04T12:18:29.678+0000] {dag.py:3096} INFO - Sync 1 DAGs
[2025-09-04T12:18:29.697+0000] {logging_mixin.py:188} INFO - [2025-09-04T12:18:29.697+0000] {dag.py:3954} INFO - Setting next_dagrun for tcc_transito_pipeline to 2025-09-04 08:00:00+00:00, run_after=2025-09-05 08:00:00+00:00
[2025-09-04T12:18:29.715+0000] {processor.py:183} INFO - Processing /opt/airflow/dags/tcc_pipeline_dag.py took 0.120 seconds
[2025-09-04T12:18:59.898+0000] {processor.py:161} INFO - Started process (PID=181) to work on /opt/airflow/dags/tcc_pipeline_dag.py
[2025-09-04T12:18:59.899+0000] {processor.py:830} INFO - Processing file /opt/airflow/dags/tcc_pipeline_dag.py for tasks to queue
[2025-09-04T12:18:59.903+0000] {logging_mixin.py:188} INFO - [2025-09-04T12:18:59.902+0000] {dagbag.py:545} INFO - Filling up the DagBag from /opt/airflow/dags/tcc_pipeline_dag.py
[2025-09-04T12:18:59.940+0000] {processor.py:840} INFO - DAG(s) 'tcc_transito_pipeline' retrieved from /opt/airflow/dags/tcc_pipeline_dag.py
[2025-09-04T12:19:00.019+0000] {logging_mixin.py:188} INFO - [2025-09-04T12:19:00.018+0000] {dag.py:3096} INFO - Sync 1 DAGs
[2025-09-04T12:19:00.056+0000] {logging_mixin.py:188} INFO - [2025-09-04T12:19:00.056+0000] {dag.py:3954} INFO - Setting next_dagrun for tcc_transito_pipeline to 2025-09-04 08:00:00+00:00, run_after=2025-09-05 08:00:00+00:00
[2025-09-04T12:19:00.078+0000] {processor.py:183} INFO - Processing /opt/airflow/dags/tcc_pipeline_dag.py took 0.189 seconds
[2025-09-04T12:19:30.305+0000] {processor.py:161} INFO - Started process (PID=188) to work on /opt/airflow/dags/tcc_pipeline_dag.py
[2025-09-04T12:19:30.306+0000] {processor.py:830} INFO - Processing file /opt/airflow/dags/tcc_pipeline_dag.py for tasks to queue
[2025-09-04T12:19:30.309+0000] {logging_mixin.py:188} INFO - [2025-09-04T12:19:30.309+0000] {dagbag.py:545} INFO - Filling up the DagBag from /opt/airflow/dags/tcc_pipeline_dag.py
[2025-09-04T12:19:30.342+0000] {processor.py:840} INFO - DAG(s) 'tcc_transito_pipeline' retrieved from /opt/airflow/dags/tcc_pipeline_dag.py
[2025-09-04T12:19:30.382+0000] {logging_mixin.py:188} INFO - [2025-09-04T12:19:30.381+0000] {dag.py:3096} INFO - Sync 1 DAGs
[2025-09-04T12:19:30.406+0000] {logging_mixin.py:188} INFO - [2025-09-04T12:19:30.406+0000] {dag.py:3954} INFO - Setting next_dagrun for tcc_transito_pipeline to 2025-09-04 08:00:00+00:00, run_after=2025-09-05 08:00:00+00:00
[2025-09-04T12:19:30.428+0000] {processor.py:183} INFO - Processing /opt/airflow/dags/tcc_pipeline_dag.py took 0.132 seconds
[2025-09-04T12:20:00.788+0000] {processor.py:161} INFO - Started process (PID=195) to work on /opt/airflow/dags/tcc_pipeline_dag.py
[2025-09-04T12:20:00.790+0000] {processor.py:830} INFO - Processing file /opt/airflow/dags/tcc_pipeline_dag.py for tasks to queue
[2025-09-04T12:20:00.792+0000] {logging_mixin.py:188} INFO - [2025-09-04T12:20:00.792+0000] {dagbag.py:545} INFO - Filling up the DagBag from /opt/airflow/dags/tcc_pipeline_dag.py
[2025-09-04T12:20:00.825+0000] {processor.py:840} INFO - DAG(s) 'tcc_transito_pipeline' retrieved from /opt/airflow/dags/tcc_pipeline_dag.py
[2025-09-04T12:20:00.851+0000] {logging_mixin.py:188} INFO - [2025-09-04T12:20:00.851+0000] {dag.py:3096} INFO - Sync 1 DAGs
[2025-09-04T12:20:00.875+0000] {logging_mixin.py:188} INFO - [2025-09-04T12:20:00.874+0000] {dag.py:3954} INFO - Setting next_dagrun for tcc_transito_pipeline to 2025-09-04 08:00:00+00:00, run_after=2025-09-05 08:00:00+00:00
[2025-09-04T12:20:00.895+0000] {processor.py:183} INFO - Processing /opt/airflow/dags/tcc_pipeline_dag.py took 0.115 seconds
[2025-09-04T12:20:31.076+0000] {processor.py:161} INFO - Started process (PID=202) to work on /opt/airflow/dags/tcc_pipeline_dag.py
[2025-09-04T12:20:31.077+0000] {processor.py:830} INFO - Processing file /opt/airflow/dags/tcc_pipeline_dag.py for tasks to queue
[2025-09-04T12:20:31.080+0000] {logging_mixin.py:188} INFO - [2025-09-04T12:20:31.079+0000] {dagbag.py:545} INFO - Filling up the DagBag from /opt/airflow/dags/tcc_pipeline_dag.py
[2025-09-04T12:20:31.114+0000] {processor.py:840} INFO - DAG(s) 'tcc_transito_pipeline' retrieved from /opt/airflow/dags/tcc_pipeline_dag.py
[2025-09-04T12:20:31.153+0000] {logging_mixin.py:188} INFO - [2025-09-04T12:20:31.153+0000] {dag.py:3096} INFO - Sync 1 DAGs
[2025-09-04T12:20:31.184+0000] {logging_mixin.py:188} INFO - [2025-09-04T12:20:31.183+0000] {dag.py:3954} INFO - Setting next_dagrun for tcc_transito_pipeline to 2025-09-04 08:00:00+00:00, run_after=2025-09-05 08:00:00+00:00
[2025-09-04T12:20:31.212+0000] {processor.py:183} INFO - Processing /opt/airflow/dags/tcc_pipeline_dag.py took 0.143 seconds
[2025-09-04T12:21:01.616+0000] {processor.py:161} INFO - Started process (PID=209) to work on /opt/airflow/dags/tcc_pipeline_dag.py
[2025-09-04T12:21:01.617+0000] {processor.py:830} INFO - Processing file /opt/airflow/dags/tcc_pipeline_dag.py for tasks to queue
[2025-09-04T12:21:01.621+0000] {logging_mixin.py:188} INFO - [2025-09-04T12:21:01.620+0000] {dagbag.py:545} INFO - Filling up the DagBag from /opt/airflow/dags/tcc_pipeline_dag.py
[2025-09-04T12:21:01.671+0000] {processor.py:840} INFO - DAG(s) 'tcc_transito_pipeline' retrieved from /opt/airflow/dags/tcc_pipeline_dag.py
[2025-09-04T12:21:01.705+0000] {logging_mixin.py:188} INFO - [2025-09-04T12:21:01.705+0000] {dag.py:3096} INFO - Sync 1 DAGs
[2025-09-04T12:21:01.729+0000] {logging_mixin.py:188} INFO - [2025-09-04T12:21:01.729+0000] {dag.py:3954} INFO - Setting next_dagrun for tcc_transito_pipeline to 2025-09-04 08:00:00+00:00, run_after=2025-09-05 08:00:00+00:00
[2025-09-04T12:21:01.756+0000] {processor.py:183} INFO - Processing /opt/airflow/dags/tcc_pipeline_dag.py took 0.145 seconds
[2025-09-04T12:21:31.934+0000] {processor.py:161} INFO - Started process (PID=217) to work on /opt/airflow/dags/tcc_pipeline_dag.py
[2025-09-04T12:21:31.937+0000] {processor.py:830} INFO - Processing file /opt/airflow/dags/tcc_pipeline_dag.py for tasks to queue
[2025-09-04T12:21:31.940+0000] {logging_mixin.py:188} INFO - [2025-09-04T12:21:31.940+0000] {dagbag.py:545} INFO - Filling up the DagBag from /opt/airflow/dags/tcc_pipeline_dag.py
[2025-09-04T12:21:32.048+0000] {processor.py:840} INFO - DAG(s) 'tcc_transito_pipeline' retrieved from /opt/airflow/dags/tcc_pipeline_dag.py
[2025-09-04T12:21:32.079+0000] {logging_mixin.py:188} INFO - [2025-09-04T12:21:32.078+0000] {dag.py:3096} INFO - Sync 1 DAGs
[2025-09-04T12:21:32.111+0000] {logging_mixin.py:188} INFO - [2025-09-04T12:21:32.111+0000] {dag.py:3954} INFO - Setting next_dagrun for tcc_transito_pipeline to 2025-09-04 08:00:00+00:00, run_after=2025-09-05 08:00:00+00:00
[2025-09-04T12:21:32.135+0000] {processor.py:183} INFO - Processing /opt/airflow/dags/tcc_pipeline_dag.py took 0.208 seconds
[2025-09-04T12:22:02.357+0000] {processor.py:161} INFO - Started process (PID=224) to work on /opt/airflow/dags/tcc_pipeline_dag.py
[2025-09-04T12:22:02.358+0000] {processor.py:830} INFO - Processing file /opt/airflow/dags/tcc_pipeline_dag.py for tasks to queue
[2025-09-04T12:22:02.361+0000] {logging_mixin.py:188} INFO - [2025-09-04T12:22:02.361+0000] {dagbag.py:545} INFO - Filling up the DagBag from /opt/airflow/dags/tcc_pipeline_dag.py
[2025-09-04T12:22:02.394+0000] {processor.py:840} INFO - DAG(s) 'tcc_transito_pipeline' retrieved from /opt/airflow/dags/tcc_pipeline_dag.py
[2025-09-04T12:22:02.419+0000] {logging_mixin.py:188} INFO - [2025-09-04T12:22:02.419+0000] {dag.py:3096} INFO - Sync 1 DAGs
[2025-09-04T12:22:02.437+0000] {logging_mixin.py:188} INFO - [2025-09-04T12:22:02.437+0000] {dag.py:3954} INFO - Setting next_dagrun for tcc_transito_pipeline to 2025-09-04 08:00:00+00:00, run_after=2025-09-05 08:00:00+00:00
[2025-09-04T12:22:02.455+0000] {processor.py:183} INFO - Processing /opt/airflow/dags/tcc_pipeline_dag.py took 0.102 seconds
[2025-09-04T12:22:32.764+0000] {processor.py:161} INFO - Started process (PID=232) to work on /opt/airflow/dags/tcc_pipeline_dag.py
[2025-09-04T12:22:32.765+0000] {processor.py:830} INFO - Processing file /opt/airflow/dags/tcc_pipeline_dag.py for tasks to queue
[2025-09-04T12:22:32.767+0000] {logging_mixin.py:188} INFO - [2025-09-04T12:22:32.767+0000] {dagbag.py:545} INFO - Filling up the DagBag from /opt/airflow/dags/tcc_pipeline_dag.py
[2025-09-04T12:22:32.805+0000] {processor.py:840} INFO - DAG(s) 'tcc_transito_pipeline' retrieved from /opt/airflow/dags/tcc_pipeline_dag.py
[2025-09-04T12:22:32.828+0000] {logging_mixin.py:188} INFO - [2025-09-04T12:22:32.828+0000] {dag.py:3096} INFO - Sync 1 DAGs
[2025-09-04T12:22:32.846+0000] {logging_mixin.py:188} INFO - [2025-09-04T12:22:32.846+0000] {dag.py:3954} INFO - Setting next_dagrun for tcc_transito_pipeline to 2025-09-04 08:00:00+00:00, run_after=2025-09-05 08:00:00+00:00
[2025-09-04T12:22:32.864+0000] {processor.py:183} INFO - Processing /opt/airflow/dags/tcc_pipeline_dag.py took 0.112 seconds
[2025-09-04T12:23:03.117+0000] {processor.py:161} INFO - Started process (PID=239) to work on /opt/airflow/dags/tcc_pipeline_dag.py
[2025-09-04T12:23:03.118+0000] {processor.py:830} INFO - Processing file /opt/airflow/dags/tcc_pipeline_dag.py for tasks to queue
[2025-09-04T12:23:03.122+0000] {logging_mixin.py:188} INFO - [2025-09-04T12:23:03.122+0000] {dagbag.py:545} INFO - Filling up the DagBag from /opt/airflow/dags/tcc_pipeline_dag.py
[2025-09-04T12:23:03.166+0000] {processor.py:840} INFO - DAG(s) 'tcc_transito_pipeline' retrieved from /opt/airflow/dags/tcc_pipeline_dag.py
[2025-09-04T12:23:03.191+0000] {logging_mixin.py:188} INFO - [2025-09-04T12:23:03.191+0000] {dag.py:3096} INFO - Sync 1 DAGs
[2025-09-04T12:23:03.212+0000] {logging_mixin.py:188} INFO - [2025-09-04T12:23:03.212+0000] {dag.py:3954} INFO - Setting next_dagrun for tcc_transito_pipeline to 2025-09-04 08:00:00+00:00, run_after=2025-09-05 08:00:00+00:00
[2025-09-04T12:23:03.239+0000] {processor.py:183} INFO - Processing /opt/airflow/dags/tcc_pipeline_dag.py took 0.129 seconds
[2025-09-04T12:23:33.392+0000] {processor.py:161} INFO - Started process (PID=246) to work on /opt/airflow/dags/tcc_pipeline_dag.py
[2025-09-04T12:23:33.393+0000] {processor.py:830} INFO - Processing file /opt/airflow/dags/tcc_pipeline_dag.py for tasks to queue
[2025-09-04T12:23:33.395+0000] {logging_mixin.py:188} INFO - [2025-09-04T12:23:33.395+0000] {dagbag.py:545} INFO - Filling up the DagBag from /opt/airflow/dags/tcc_pipeline_dag.py
[2025-09-04T12:23:33.440+0000] {processor.py:840} INFO - DAG(s) 'tcc_transito_pipeline' retrieved from /opt/airflow/dags/tcc_pipeline_dag.py
[2025-09-04T12:23:33.465+0000] {logging_mixin.py:188} INFO - [2025-09-04T12:23:33.465+0000] {dag.py:3096} INFO - Sync 1 DAGs
[2025-09-04T12:23:33.484+0000] {logging_mixin.py:188} INFO - [2025-09-04T12:23:33.483+0000] {dag.py:3954} INFO - Setting next_dagrun for tcc_transito_pipeline to 2025-09-04 08:00:00+00:00, run_after=2025-09-05 08:00:00+00:00
[2025-09-04T12:23:33.502+0000] {processor.py:183} INFO - Processing /opt/airflow/dags/tcc_pipeline_dag.py took 0.116 seconds
[2025-09-04T12:24:03.829+0000] {processor.py:161} INFO - Started process (PID=253) to work on /opt/airflow/dags/tcc_pipeline_dag.py
[2025-09-04T12:24:03.832+0000] {processor.py:830} INFO - Processing file /opt/airflow/dags/tcc_pipeline_dag.py for tasks to queue
[2025-09-04T12:24:03.835+0000] {logging_mixin.py:188} INFO - [2025-09-04T12:24:03.834+0000] {dagbag.py:545} INFO - Filling up the DagBag from /opt/airflow/dags/tcc_pipeline_dag.py
[2025-09-04T12:24:03.876+0000] {processor.py:840} INFO - DAG(s) 'tcc_transito_pipeline' retrieved from /opt/airflow/dags/tcc_pipeline_dag.py
[2025-09-04T12:24:03.926+0000] {logging_mixin.py:188} INFO - [2025-09-04T12:24:03.925+0000] {dag.py:3096} INFO - Sync 1 DAGs
[2025-09-04T12:24:03.947+0000] {logging_mixin.py:188} INFO - [2025-09-04T12:24:03.947+0000] {dag.py:3954} INFO - Setting next_dagrun for tcc_transito_pipeline to 2025-09-04 08:00:00+00:00, run_after=2025-09-05 08:00:00+00:00
[2025-09-04T12:24:03.971+0000] {processor.py:183} INFO - Processing /opt/airflow/dags/tcc_pipeline_dag.py took 0.152 seconds
[2025-09-04T12:24:34.150+0000] {processor.py:161} INFO - Started process (PID=260) to work on /opt/airflow/dags/tcc_pipeline_dag.py
[2025-09-04T12:24:34.151+0000] {processor.py:830} INFO - Processing file /opt/airflow/dags/tcc_pipeline_dag.py for tasks to queue
[2025-09-04T12:24:34.154+0000] {logging_mixin.py:188} INFO - [2025-09-04T12:24:34.154+0000] {dagbag.py:545} INFO - Filling up the DagBag from /opt/airflow/dags/tcc_pipeline_dag.py
[2025-09-04T12:24:34.190+0000] {processor.py:840} INFO - DAG(s) 'tcc_transito_pipeline' retrieved from /opt/airflow/dags/tcc_pipeline_dag.py
[2025-09-04T12:24:34.217+0000] {logging_mixin.py:188} INFO - [2025-09-04T12:24:34.217+0000] {dag.py:3096} INFO - Sync 1 DAGs
[2025-09-04T12:24:34.236+0000] {logging_mixin.py:188} INFO - [2025-09-04T12:24:34.236+0000] {dag.py:3954} INFO - Setting next_dagrun for tcc_transito_pipeline to 2025-09-04 08:00:00+00:00, run_after=2025-09-05 08:00:00+00:00
[2025-09-04T12:24:34.257+0000] {processor.py:183} INFO - Processing /opt/airflow/dags/tcc_pipeline_dag.py took 0.116 seconds
[2025-09-04T12:25:04.605+0000] {processor.py:161} INFO - Started process (PID=268) to work on /opt/airflow/dags/tcc_pipeline_dag.py
[2025-09-04T12:25:04.606+0000] {processor.py:830} INFO - Processing file /opt/airflow/dags/tcc_pipeline_dag.py for tasks to queue
[2025-09-04T12:25:04.608+0000] {logging_mixin.py:188} INFO - [2025-09-04T12:25:04.608+0000] {dagbag.py:545} INFO - Filling up the DagBag from /opt/airflow/dags/tcc_pipeline_dag.py
[2025-09-04T12:25:04.643+0000] {processor.py:840} INFO - DAG(s) 'tcc_transito_pipeline' retrieved from /opt/airflow/dags/tcc_pipeline_dag.py
[2025-09-04T12:25:04.670+0000] {logging_mixin.py:188} INFO - [2025-09-04T12:25:04.670+0000] {dag.py:3096} INFO - Sync 1 DAGs
[2025-09-04T12:25:04.689+0000] {logging_mixin.py:188} INFO - [2025-09-04T12:25:04.689+0000] {dag.py:3954} INFO - Setting next_dagrun for tcc_transito_pipeline to 2025-09-04 08:00:00+00:00, run_after=2025-09-05 08:00:00+00:00
[2025-09-04T12:25:04.711+0000] {processor.py:183} INFO - Processing /opt/airflow/dags/tcc_pipeline_dag.py took 0.110 seconds
[2025-09-04T12:25:34.883+0000] {processor.py:161} INFO - Started process (PID=275) to work on /opt/airflow/dags/tcc_pipeline_dag.py
[2025-09-04T12:25:34.884+0000] {processor.py:830} INFO - Processing file /opt/airflow/dags/tcc_pipeline_dag.py for tasks to queue
[2025-09-04T12:25:34.886+0000] {logging_mixin.py:188} INFO - [2025-09-04T12:25:34.885+0000] {dagbag.py:545} INFO - Filling up the DagBag from /opt/airflow/dags/tcc_pipeline_dag.py
[2025-09-04T12:25:34.916+0000] {processor.py:840} INFO - DAG(s) 'tcc_transito_pipeline' retrieved from /opt/airflow/dags/tcc_pipeline_dag.py
[2025-09-04T12:25:34.943+0000] {logging_mixin.py:188} INFO - [2025-09-04T12:25:34.943+0000] {dag.py:3096} INFO - Sync 1 DAGs
[2025-09-04T12:25:34.965+0000] {logging_mixin.py:188} INFO - [2025-09-04T12:25:34.965+0000] {dag.py:3954} INFO - Setting next_dagrun for tcc_transito_pipeline to 2025-09-04 08:00:00+00:00, run_after=2025-09-05 08:00:00+00:00
[2025-09-04T12:25:34.984+0000] {processor.py:183} INFO - Processing /opt/airflow/dags/tcc_pipeline_dag.py took 0.108 seconds
[2025-09-04T12:26:05.241+0000] {processor.py:161} INFO - Started process (PID=281) to work on /opt/airflow/dags/tcc_pipeline_dag.py
[2025-09-04T12:26:05.242+0000] {processor.py:830} INFO - Processing file /opt/airflow/dags/tcc_pipeline_dag.py for tasks to queue
[2025-09-04T12:26:05.244+0000] {logging_mixin.py:188} INFO - [2025-09-04T12:26:05.243+0000] {dagbag.py:545} INFO - Filling up the DagBag from /opt/airflow/dags/tcc_pipeline_dag.py
[2025-09-04T12:26:05.268+0000] {processor.py:840} INFO - DAG(s) 'tcc_transito_pipeline' retrieved from /opt/airflow/dags/tcc_pipeline_dag.py
[2025-09-04T12:26:05.293+0000] {logging_mixin.py:188} INFO - [2025-09-04T12:26:05.293+0000] {dag.py:3096} INFO - Sync 1 DAGs
[2025-09-04T12:26:05.314+0000] {logging_mixin.py:188} INFO - [2025-09-04T12:26:05.314+0000] {dag.py:3954} INFO - Setting next_dagrun for tcc_transito_pipeline to 2025-09-04 08:00:00+00:00, run_after=2025-09-05 08:00:00+00:00
[2025-09-04T12:26:05.337+0000] {processor.py:183} INFO - Processing /opt/airflow/dags/tcc_pipeline_dag.py took 0.100 seconds
[2025-09-04T12:26:35.547+0000] {processor.py:161} INFO - Started process (PID=288) to work on /opt/airflow/dags/tcc_pipeline_dag.py
[2025-09-04T12:26:35.549+0000] {processor.py:830} INFO - Processing file /opt/airflow/dags/tcc_pipeline_dag.py for tasks to queue
[2025-09-04T12:26:35.551+0000] {logging_mixin.py:188} INFO - [2025-09-04T12:26:35.551+0000] {dagbag.py:545} INFO - Filling up the DagBag from /opt/airflow/dags/tcc_pipeline_dag.py
[2025-09-04T12:26:35.592+0000] {processor.py:840} INFO - DAG(s) 'tcc_transito_pipeline' retrieved from /opt/airflow/dags/tcc_pipeline_dag.py
[2025-09-04T12:26:35.620+0000] {logging_mixin.py:188} INFO - [2025-09-04T12:26:35.620+0000] {dag.py:3096} INFO - Sync 1 DAGs
[2025-09-04T12:26:35.644+0000] {logging_mixin.py:188} INFO - [2025-09-04T12:26:35.644+0000] {dag.py:3954} INFO - Setting next_dagrun for tcc_transito_pipeline to 2025-09-04 08:00:00+00:00, run_after=2025-09-05 08:00:00+00:00
[2025-09-04T12:26:35.683+0000] {processor.py:183} INFO - Processing /opt/airflow/dags/tcc_pipeline_dag.py took 0.140 seconds
[2025-09-04T12:27:05.893+0000] {processor.py:161} INFO - Started process (PID=295) to work on /opt/airflow/dags/tcc_pipeline_dag.py
[2025-09-04T12:27:05.895+0000] {processor.py:830} INFO - Processing file /opt/airflow/dags/tcc_pipeline_dag.py for tasks to queue
[2025-09-04T12:27:05.897+0000] {logging_mixin.py:188} INFO - [2025-09-04T12:27:05.897+0000] {dagbag.py:545} INFO - Filling up the DagBag from /opt/airflow/dags/tcc_pipeline_dag.py
[2025-09-04T12:27:05.929+0000] {processor.py:840} INFO - DAG(s) 'tcc_transito_pipeline' retrieved from /opt/airflow/dags/tcc_pipeline_dag.py
[2025-09-04T12:27:05.963+0000] {logging_mixin.py:188} INFO - [2025-09-04T12:27:05.962+0000] {dag.py:3096} INFO - Sync 1 DAGs
[2025-09-04T12:27:05.982+0000] {logging_mixin.py:188} INFO - [2025-09-04T12:27:05.982+0000] {dag.py:3954} INFO - Setting next_dagrun for tcc_transito_pipeline to 2025-09-04 08:00:00+00:00, run_after=2025-09-05 08:00:00+00:00
[2025-09-04T12:27:06.007+0000] {processor.py:183} INFO - Processing /opt/airflow/dags/tcc_pipeline_dag.py took 0.120 seconds
[2025-09-04T12:27:36.276+0000] {processor.py:161} INFO - Started process (PID=302) to work on /opt/airflow/dags/tcc_pipeline_dag.py
[2025-09-04T12:27:36.278+0000] {processor.py:830} INFO - Processing file /opt/airflow/dags/tcc_pipeline_dag.py for tasks to queue
[2025-09-04T12:27:36.281+0000] {logging_mixin.py:188} INFO - [2025-09-04T12:27:36.281+0000] {dagbag.py:545} INFO - Filling up the DagBag from /opt/airflow/dags/tcc_pipeline_dag.py
[2025-09-04T12:27:36.325+0000] {processor.py:840} INFO - DAG(s) 'tcc_transito_pipeline' retrieved from /opt/airflow/dags/tcc_pipeline_dag.py
[2025-09-04T12:27:36.357+0000] {logging_mixin.py:188} INFO - [2025-09-04T12:27:36.357+0000] {dag.py:3096} INFO - Sync 1 DAGs
[2025-09-04T12:27:36.379+0000] {logging_mixin.py:188} INFO - [2025-09-04T12:27:36.378+0000] {dag.py:3954} INFO - Setting next_dagrun for tcc_transito_pipeline to 2025-09-04 08:00:00+00:00, run_after=2025-09-05 08:00:00+00:00
[2025-09-04T12:27:36.401+0000] {processor.py:183} INFO - Processing /opt/airflow/dags/tcc_pipeline_dag.py took 0.133 seconds
[2025-09-04T12:28:06.565+0000] {processor.py:161} INFO - Started process (PID=309) to work on /opt/airflow/dags/tcc_pipeline_dag.py
[2025-09-04T12:28:06.569+0000] {processor.py:830} INFO - Processing file /opt/airflow/dags/tcc_pipeline_dag.py for tasks to queue
[2025-09-04T12:28:06.573+0000] {logging_mixin.py:188} INFO - [2025-09-04T12:28:06.572+0000] {dagbag.py:545} INFO - Filling up the DagBag from /opt/airflow/dags/tcc_pipeline_dag.py
[2025-09-04T12:28:06.604+0000] {processor.py:840} INFO - DAG(s) 'tcc_transito_pipeline' retrieved from /opt/airflow/dags/tcc_pipeline_dag.py
[2025-09-04T12:28:06.632+0000] {logging_mixin.py:188} INFO - [2025-09-04T12:28:06.631+0000] {dag.py:3096} INFO - Sync 1 DAGs
[2025-09-04T12:28:06.652+0000] {logging_mixin.py:188} INFO - [2025-09-04T12:28:06.652+0000] {dag.py:3954} INFO - Setting next_dagrun for tcc_transito_pipeline to 2025-09-04 08:00:00+00:00, run_after=2025-09-05 08:00:00+00:00
[2025-09-04T12:28:06.685+0000] {processor.py:183} INFO - Processing /opt/airflow/dags/tcc_pipeline_dag.py took 0.127 seconds
[2025-09-04T12:28:36.941+0000] {processor.py:161} INFO - Started process (PID=316) to work on /opt/airflow/dags/tcc_pipeline_dag.py
[2025-09-04T12:28:36.942+0000] {processor.py:830} INFO - Processing file /opt/airflow/dags/tcc_pipeline_dag.py for tasks to queue
[2025-09-04T12:28:36.946+0000] {logging_mixin.py:188} INFO - [2025-09-04T12:28:36.945+0000] {dagbag.py:545} INFO - Filling up the DagBag from /opt/airflow/dags/tcc_pipeline_dag.py
[2025-09-04T12:28:37.009+0000] {processor.py:840} INFO - DAG(s) 'tcc_transito_pipeline' retrieved from /opt/airflow/dags/tcc_pipeline_dag.py
[2025-09-04T12:28:37.065+0000] {logging_mixin.py:188} INFO - [2025-09-04T12:28:37.065+0000] {dag.py:3096} INFO - Sync 1 DAGs
[2025-09-04T12:28:37.115+0000] {logging_mixin.py:188} INFO - [2025-09-04T12:28:37.114+0000] {dag.py:3954} INFO - Setting next_dagrun for tcc_transito_pipeline to 2025-09-04 08:00:00+00:00, run_after=2025-09-05 08:00:00+00:00
[2025-09-04T12:28:37.141+0000] {processor.py:183} INFO - Processing /opt/airflow/dags/tcc_pipeline_dag.py took 0.205 seconds
[2025-09-04T12:29:07.294+0000] {processor.py:161} INFO - Started process (PID=323) to work on /opt/airflow/dags/tcc_pipeline_dag.py
[2025-09-04T12:29:07.296+0000] {processor.py:830} INFO - Processing file /opt/airflow/dags/tcc_pipeline_dag.py for tasks to queue
[2025-09-04T12:29:07.298+0000] {logging_mixin.py:188} INFO - [2025-09-04T12:29:07.298+0000] {dagbag.py:545} INFO - Filling up the DagBag from /opt/airflow/dags/tcc_pipeline_dag.py
[2025-09-04T12:29:07.367+0000] {processor.py:840} INFO - DAG(s) 'tcc_transito_pipeline' retrieved from /opt/airflow/dags/tcc_pipeline_dag.py
[2025-09-04T12:29:07.398+0000] {logging_mixin.py:188} INFO - [2025-09-04T12:29:07.398+0000] {dag.py:3096} INFO - Sync 1 DAGs
[2025-09-04T12:29:07.416+0000] {logging_mixin.py:188} INFO - [2025-09-04T12:29:07.416+0000] {dag.py:3954} INFO - Setting next_dagrun for tcc_transito_pipeline to 2025-09-04 08:00:00+00:00, run_after=2025-09-05 08:00:00+00:00
[2025-09-04T12:29:07.434+0000] {processor.py:183} INFO - Processing /opt/airflow/dags/tcc_pipeline_dag.py took 0.146 seconds
[2025-09-04T12:29:37.731+0000] {processor.py:161} INFO - Started process (PID=330) to work on /opt/airflow/dags/tcc_pipeline_dag.py
[2025-09-04T12:29:37.732+0000] {processor.py:830} INFO - Processing file /opt/airflow/dags/tcc_pipeline_dag.py for tasks to queue
[2025-09-04T12:29:37.736+0000] {logging_mixin.py:188} INFO - [2025-09-04T12:29:37.736+0000] {dagbag.py:545} INFO - Filling up the DagBag from /opt/airflow/dags/tcc_pipeline_dag.py
[2025-09-04T12:29:37.815+0000] {processor.py:840} INFO - DAG(s) 'tcc_transito_pipeline' retrieved from /opt/airflow/dags/tcc_pipeline_dag.py
[2025-09-04T12:29:37.894+0000] {logging_mixin.py:188} INFO - [2025-09-04T12:29:37.894+0000] {dag.py:3096} INFO - Sync 1 DAGs
[2025-09-04T12:29:37.932+0000] {logging_mixin.py:188} INFO - [2025-09-04T12:29:37.931+0000] {dag.py:3954} INFO - Setting next_dagrun for tcc_transito_pipeline to 2025-09-04 08:00:00+00:00, run_after=2025-09-05 08:00:00+00:00
[2025-09-04T12:29:37.961+0000] {processor.py:183} INFO - Processing /opt/airflow/dags/tcc_pipeline_dag.py took 0.239 seconds
[2025-09-04T12:30:24.729+0000] {processor.py:161} INFO - Started process (PID=52) to work on /opt/airflow/dags/tcc_pipeline_dag.py
[2025-09-04T12:30:24.731+0000] {processor.py:830} INFO - Processing file /opt/airflow/dags/tcc_pipeline_dag.py for tasks to queue
[2025-09-04T12:30:24.735+0000] {logging_mixin.py:188} INFO - [2025-09-04T12:30:24.734+0000] {dagbag.py:545} INFO - Filling up the DagBag from /opt/airflow/dags/tcc_pipeline_dag.py
[2025-09-04T12:30:24.779+0000] {processor.py:840} INFO - DAG(s) 'tcc_transito_pipeline' retrieved from /opt/airflow/dags/tcc_pipeline_dag.py
[2025-09-04T12:30:25.081+0000] {logging_mixin.py:188} INFO - [2025-09-04T12:30:25.081+0000] {dag.py:3096} INFO - Sync 1 DAGs
[2025-09-04T12:30:25.102+0000] {logging_mixin.py:188} INFO - [2025-09-04T12:30:25.102+0000] {dag.py:3954} INFO - Setting next_dagrun for tcc_transito_pipeline to 2025-09-04 08:00:00+00:00, run_after=2025-09-05 08:00:00+00:00
[2025-09-04T12:30:25.132+0000] {processor.py:183} INFO - Processing /opt/airflow/dags/tcc_pipeline_dag.py took 0.412 seconds
[2025-09-04T12:30:55.405+0000] {processor.py:161} INFO - Started process (PID=59) to work on /opt/airflow/dags/tcc_pipeline_dag.py
[2025-09-04T12:30:55.407+0000] {processor.py:830} INFO - Processing file /opt/airflow/dags/tcc_pipeline_dag.py for tasks to queue
[2025-09-04T12:30:55.410+0000] {logging_mixin.py:188} INFO - [2025-09-04T12:30:55.409+0000] {dagbag.py:545} INFO - Filling up the DagBag from /opt/airflow/dags/tcc_pipeline_dag.py
[2025-09-04T12:30:55.432+0000] {processor.py:840} INFO - DAG(s) 'tcc_transito_pipeline' retrieved from /opt/airflow/dags/tcc_pipeline_dag.py
[2025-09-04T12:30:55.463+0000] {logging_mixin.py:188} INFO - [2025-09-04T12:30:55.462+0000] {dag.py:3096} INFO - Sync 1 DAGs
[2025-09-04T12:30:55.485+0000] {logging_mixin.py:188} INFO - [2025-09-04T12:30:55.485+0000] {dag.py:3954} INFO - Setting next_dagrun for tcc_transito_pipeline to 2025-09-04 08:00:00+00:00, run_after=2025-09-05 08:00:00+00:00
[2025-09-04T12:30:55.526+0000] {processor.py:183} INFO - Processing /opt/airflow/dags/tcc_pipeline_dag.py took 0.127 seconds
[2025-09-04T12:31:25.687+0000] {processor.py:161} INFO - Started process (PID=70) to work on /opt/airflow/dags/tcc_pipeline_dag.py
[2025-09-04T12:31:25.689+0000] {processor.py:830} INFO - Processing file /opt/airflow/dags/tcc_pipeline_dag.py for tasks to queue
[2025-09-04T12:31:25.692+0000] {logging_mixin.py:188} INFO - [2025-09-04T12:31:25.691+0000] {dagbag.py:545} INFO - Filling up the DagBag from /opt/airflow/dags/tcc_pipeline_dag.py
[2025-09-04T12:31:25.726+0000] {processor.py:840} INFO - DAG(s) 'tcc_transito_pipeline' retrieved from /opt/airflow/dags/tcc_pipeline_dag.py
[2025-09-04T12:31:25.759+0000] {logging_mixin.py:188} INFO - [2025-09-04T12:31:25.759+0000] {dag.py:3096} INFO - Sync 1 DAGs
[2025-09-04T12:31:25.782+0000] {logging_mixin.py:188} INFO - [2025-09-04T12:31:25.782+0000] {dag.py:3954} INFO - Setting next_dagrun for tcc_transito_pipeline to 2025-09-04 08:00:00+00:00, run_after=2025-09-05 08:00:00+00:00
[2025-09-04T12:31:25.801+0000] {processor.py:183} INFO - Processing /opt/airflow/dags/tcc_pipeline_dag.py took 0.123 seconds
[2025-09-04T12:31:56.088+0000] {processor.py:161} INFO - Started process (PID=77) to work on /opt/airflow/dags/tcc_pipeline_dag.py
[2025-09-04T12:31:56.089+0000] {processor.py:830} INFO - Processing file /opt/airflow/dags/tcc_pipeline_dag.py for tasks to queue
[2025-09-04T12:31:56.094+0000] {logging_mixin.py:188} INFO - [2025-09-04T12:31:56.093+0000] {dagbag.py:545} INFO - Filling up the DagBag from /opt/airflow/dags/tcc_pipeline_dag.py
[2025-09-04T12:31:56.148+0000] {processor.py:840} INFO - DAG(s) 'tcc_transito_pipeline' retrieved from /opt/airflow/dags/tcc_pipeline_dag.py
[2025-09-04T12:31:56.179+0000] {logging_mixin.py:188} INFO - [2025-09-04T12:31:56.179+0000] {dag.py:3096} INFO - Sync 1 DAGs
[2025-09-04T12:31:56.207+0000] {logging_mixin.py:188} INFO - [2025-09-04T12:31:56.207+0000] {dag.py:3954} INFO - Setting next_dagrun for tcc_transito_pipeline to 2025-09-04 08:00:00+00:00, run_after=2025-09-05 08:00:00+00:00
[2025-09-04T12:31:56.237+0000] {processor.py:183} INFO - Processing /opt/airflow/dags/tcc_pipeline_dag.py took 0.161 seconds
[2025-09-04T12:32:26.394+0000] {processor.py:161} INFO - Started process (PID=84) to work on /opt/airflow/dags/tcc_pipeline_dag.py
[2025-09-04T12:32:26.395+0000] {processor.py:830} INFO - Processing file /opt/airflow/dags/tcc_pipeline_dag.py for tasks to queue
[2025-09-04T12:32:26.398+0000] {logging_mixin.py:188} INFO - [2025-09-04T12:32:26.397+0000] {dagbag.py:545} INFO - Filling up the DagBag from /opt/airflow/dags/tcc_pipeline_dag.py
[2025-09-04T12:32:26.439+0000] {processor.py:840} INFO - DAG(s) 'tcc_transito_pipeline' retrieved from /opt/airflow/dags/tcc_pipeline_dag.py
[2025-09-04T12:32:26.475+0000] {logging_mixin.py:188} INFO - [2025-09-04T12:32:26.474+0000] {dag.py:3096} INFO - Sync 1 DAGs
[2025-09-04T12:32:26.499+0000] {logging_mixin.py:188} INFO - [2025-09-04T12:32:26.499+0000] {dag.py:3954} INFO - Setting next_dagrun for tcc_transito_pipeline to 2025-09-04 08:00:00+00:00, run_after=2025-09-05 08:00:00+00:00
[2025-09-04T12:32:26.529+0000] {processor.py:183} INFO - Processing /opt/airflow/dags/tcc_pipeline_dag.py took 0.141 seconds
[2025-09-04T12:32:56.771+0000] {processor.py:161} INFO - Started process (PID=91) to work on /opt/airflow/dags/tcc_pipeline_dag.py
[2025-09-04T12:32:56.773+0000] {processor.py:830} INFO - Processing file /opt/airflow/dags/tcc_pipeline_dag.py for tasks to queue
[2025-09-04T12:32:56.775+0000] {logging_mixin.py:188} INFO - [2025-09-04T12:32:56.774+0000] {dagbag.py:545} INFO - Filling up the DagBag from /opt/airflow/dags/tcc_pipeline_dag.py
[2025-09-04T12:32:56.826+0000] {processor.py:840} INFO - DAG(s) 'tcc_transito_pipeline' retrieved from /opt/airflow/dags/tcc_pipeline_dag.py
[2025-09-04T12:32:56.859+0000] {logging_mixin.py:188} INFO - [2025-09-04T12:32:56.859+0000] {dag.py:3096} INFO - Sync 1 DAGs
[2025-09-04T12:32:56.887+0000] {logging_mixin.py:188} INFO - [2025-09-04T12:32:56.887+0000] {dag.py:3954} INFO - Setting next_dagrun for tcc_transito_pipeline to 2025-09-04 08:00:00+00:00, run_after=2025-09-05 08:00:00+00:00
[2025-09-04T12:32:56.932+0000] {processor.py:183} INFO - Processing /opt/airflow/dags/tcc_pipeline_dag.py took 0.167 seconds
[2025-09-04T12:33:27.090+0000] {processor.py:161} INFO - Started process (PID=98) to work on /opt/airflow/dags/tcc_pipeline_dag.py
[2025-09-04T12:33:27.092+0000] {processor.py:830} INFO - Processing file /opt/airflow/dags/tcc_pipeline_dag.py for tasks to queue
[2025-09-04T12:33:27.095+0000] {logging_mixin.py:188} INFO - [2025-09-04T12:33:27.095+0000] {dagbag.py:545} INFO - Filling up the DagBag from /opt/airflow/dags/tcc_pipeline_dag.py
[2025-09-04T12:33:27.135+0000] {processor.py:840} INFO - DAG(s) 'tcc_transito_pipeline' retrieved from /opt/airflow/dags/tcc_pipeline_dag.py
[2025-09-04T12:33:27.159+0000] {logging_mixin.py:188} INFO - [2025-09-04T12:33:27.159+0000] {dag.py:3096} INFO - Sync 1 DAGs
[2025-09-04T12:33:27.186+0000] {logging_mixin.py:188} INFO - [2025-09-04T12:33:27.186+0000] {dag.py:3954} INFO - Setting next_dagrun for tcc_transito_pipeline to 2025-09-04 08:00:00+00:00, run_after=2025-09-05 08:00:00+00:00
[2025-09-04T12:33:27.210+0000] {processor.py:183} INFO - Processing /opt/airflow/dags/tcc_pipeline_dag.py took 0.126 seconds
[2025-09-04T12:33:57.444+0000] {processor.py:161} INFO - Started process (PID=105) to work on /opt/airflow/dags/tcc_pipeline_dag.py
[2025-09-04T12:33:57.445+0000] {processor.py:830} INFO - Processing file /opt/airflow/dags/tcc_pipeline_dag.py for tasks to queue
[2025-09-04T12:33:57.447+0000] {logging_mixin.py:188} INFO - [2025-09-04T12:33:57.447+0000] {dagbag.py:545} INFO - Filling up the DagBag from /opt/airflow/dags/tcc_pipeline_dag.py
[2025-09-04T12:33:57.474+0000] {processor.py:840} INFO - DAG(s) 'tcc_transito_pipeline' retrieved from /opt/airflow/dags/tcc_pipeline_dag.py
[2025-09-04T12:33:57.502+0000] {logging_mixin.py:188} INFO - [2025-09-04T12:33:57.502+0000] {dag.py:3096} INFO - Sync 1 DAGs
[2025-09-04T12:33:57.526+0000] {logging_mixin.py:188} INFO - [2025-09-04T12:33:57.526+0000] {dag.py:3954} INFO - Setting next_dagrun for tcc_transito_pipeline to 2025-09-04 08:00:00+00:00, run_after=2025-09-05 08:00:00+00:00
[2025-09-04T12:33:57.559+0000] {processor.py:183} INFO - Processing /opt/airflow/dags/tcc_pipeline_dag.py took 0.121 seconds
[2025-09-04T12:34:27.707+0000] {processor.py:161} INFO - Started process (PID=112) to work on /opt/airflow/dags/tcc_pipeline_dag.py
[2025-09-04T12:34:27.708+0000] {processor.py:830} INFO - Processing file /opt/airflow/dags/tcc_pipeline_dag.py for tasks to queue
[2025-09-04T12:34:27.710+0000] {logging_mixin.py:188} INFO - [2025-09-04T12:34:27.709+0000] {dagbag.py:545} INFO - Filling up the DagBag from /opt/airflow/dags/tcc_pipeline_dag.py
[2025-09-04T12:34:27.731+0000] {processor.py:840} INFO - DAG(s) 'tcc_transito_pipeline' retrieved from /opt/airflow/dags/tcc_pipeline_dag.py
[2025-09-04T12:34:27.773+0000] {logging_mixin.py:188} INFO - [2025-09-04T12:34:27.773+0000] {dag.py:3096} INFO - Sync 1 DAGs
[2025-09-04T12:34:27.800+0000] {logging_mixin.py:188} INFO - [2025-09-04T12:34:27.799+0000] {dag.py:3954} INFO - Setting next_dagrun for tcc_transito_pipeline to 2025-09-04 08:00:00+00:00, run_after=2025-09-05 08:00:00+00:00
[2025-09-04T12:34:27.823+0000] {processor.py:183} INFO - Processing /opt/airflow/dags/tcc_pipeline_dag.py took 0.121 seconds
[2025-09-04T12:34:58.102+0000] {processor.py:161} INFO - Started process (PID=119) to work on /opt/airflow/dags/tcc_pipeline_dag.py
[2025-09-04T12:34:58.104+0000] {processor.py:830} INFO - Processing file /opt/airflow/dags/tcc_pipeline_dag.py for tasks to queue
[2025-09-04T12:34:58.107+0000] {logging_mixin.py:188} INFO - [2025-09-04T12:34:58.107+0000] {dagbag.py:545} INFO - Filling up the DagBag from /opt/airflow/dags/tcc_pipeline_dag.py
[2025-09-04T12:34:58.154+0000] {processor.py:840} INFO - DAG(s) 'tcc_transito_pipeline' retrieved from /opt/airflow/dags/tcc_pipeline_dag.py
[2025-09-04T12:34:58.185+0000] {logging_mixin.py:188} INFO - [2025-09-04T12:34:58.184+0000] {dag.py:3096} INFO - Sync 1 DAGs
[2025-09-04T12:34:58.222+0000] {logging_mixin.py:188} INFO - [2025-09-04T12:34:58.222+0000] {dag.py:3954} INFO - Setting next_dagrun for tcc_transito_pipeline to 2025-09-04 08:00:00+00:00, run_after=2025-09-05 08:00:00+00:00
[2025-09-04T12:34:58.242+0000] {processor.py:183} INFO - Processing /opt/airflow/dags/tcc_pipeline_dag.py took 0.145 seconds
[2025-09-04T12:35:28.531+0000] {processor.py:161} INFO - Started process (PID=126) to work on /opt/airflow/dags/tcc_pipeline_dag.py
[2025-09-04T12:35:28.533+0000] {processor.py:830} INFO - Processing file /opt/airflow/dags/tcc_pipeline_dag.py for tasks to queue
[2025-09-04T12:35:28.538+0000] {logging_mixin.py:188} INFO - [2025-09-04T12:35:28.537+0000] {dagbag.py:545} INFO - Filling up the DagBag from /opt/airflow/dags/tcc_pipeline_dag.py
[2025-09-04T12:35:28.572+0000] {processor.py:840} INFO - DAG(s) 'tcc_transito_pipeline' retrieved from /opt/airflow/dags/tcc_pipeline_dag.py
[2025-09-04T12:35:28.595+0000] {logging_mixin.py:188} INFO - [2025-09-04T12:35:28.595+0000] {dag.py:3096} INFO - Sync 1 DAGs
[2025-09-04T12:35:28.615+0000] {logging_mixin.py:188} INFO - [2025-09-04T12:35:28.615+0000] {dag.py:3954} INFO - Setting next_dagrun for tcc_transito_pipeline to 2025-09-04 08:00:00+00:00, run_after=2025-09-05 08:00:00+00:00
[2025-09-04T12:35:28.639+0000] {processor.py:183} INFO - Processing /opt/airflow/dags/tcc_pipeline_dag.py took 0.123 seconds
[2025-09-04T12:36:31.997+0000] {processor.py:161} INFO - Started process (PID=52) to work on /opt/airflow/dags/tcc_pipeline_dag.py
[2025-09-04T12:36:31.999+0000] {processor.py:830} INFO - Processing file /opt/airflow/dags/tcc_pipeline_dag.py for tasks to queue
[2025-09-04T12:36:32.002+0000] {logging_mixin.py:188} INFO - [2025-09-04T12:36:32.001+0000] {dagbag.py:545} INFO - Filling up the DagBag from /opt/airflow/dags/tcc_pipeline_dag.py
[2025-09-04T12:36:32.043+0000] {processor.py:840} INFO - DAG(s) 'tcc_transito_pipeline' retrieved from /opt/airflow/dags/tcc_pipeline_dag.py
[2025-09-04T12:36:32.300+0000] {logging_mixin.py:188} INFO - [2025-09-04T12:36:32.299+0000] {dag.py:3096} INFO - Sync 1 DAGs
[2025-09-04T12:36:32.323+0000] {logging_mixin.py:188} INFO - [2025-09-04T12:36:32.323+0000] {dag.py:3954} INFO - Setting next_dagrun for tcc_transito_pipeline to 2025-09-04 08:00:00+00:00, run_after=2025-09-05 08:00:00+00:00
[2025-09-04T12:36:32.353+0000] {processor.py:183} INFO - Processing /opt/airflow/dags/tcc_pipeline_dag.py took 0.366 seconds
[2025-09-04T12:37:02.625+0000] {processor.py:161} INFO - Started process (PID=59) to work on /opt/airflow/dags/tcc_pipeline_dag.py
[2025-09-04T12:37:02.627+0000] {processor.py:830} INFO - Processing file /opt/airflow/dags/tcc_pipeline_dag.py for tasks to queue
[2025-09-04T12:37:02.629+0000] {logging_mixin.py:188} INFO - [2025-09-04T12:37:02.629+0000] {dagbag.py:545} INFO - Filling up the DagBag from /opt/airflow/dags/tcc_pipeline_dag.py
[2025-09-04T12:37:02.656+0000] {processor.py:840} INFO - DAG(s) 'tcc_transito_pipeline' retrieved from /opt/airflow/dags/tcc_pipeline_dag.py
[2025-09-04T12:37:02.682+0000] {logging_mixin.py:188} INFO - [2025-09-04T12:37:02.682+0000] {dag.py:3096} INFO - Sync 1 DAGs
[2025-09-04T12:37:02.703+0000] {logging_mixin.py:188} INFO - [2025-09-04T12:37:02.703+0000] {dag.py:3954} INFO - Setting next_dagrun for tcc_transito_pipeline to 2025-09-04 08:00:00+00:00, run_after=2025-09-05 08:00:00+00:00
[2025-09-04T12:37:02.727+0000] {processor.py:183} INFO - Processing /opt/airflow/dags/tcc_pipeline_dag.py took 0.107 seconds
[2025-09-04T12:37:32.898+0000] {processor.py:161} INFO - Started process (PID=70) to work on /opt/airflow/dags/tcc_pipeline_dag.py
[2025-09-04T12:37:32.899+0000] {processor.py:830} INFO - Processing file /opt/airflow/dags/tcc_pipeline_dag.py for tasks to queue
[2025-09-04T12:37:32.901+0000] {logging_mixin.py:188} INFO - [2025-09-04T12:37:32.901+0000] {dagbag.py:545} INFO - Filling up the DagBag from /opt/airflow/dags/tcc_pipeline_dag.py
[2025-09-04T12:37:32.941+0000] {processor.py:840} INFO - DAG(s) 'tcc_transito_pipeline' retrieved from /opt/airflow/dags/tcc_pipeline_dag.py
[2025-09-04T12:37:32.969+0000] {logging_mixin.py:188} INFO - [2025-09-04T12:37:32.969+0000] {dag.py:3096} INFO - Sync 1 DAGs
[2025-09-04T12:37:32.996+0000] {logging_mixin.py:188} INFO - [2025-09-04T12:37:32.996+0000] {dag.py:3954} INFO - Setting next_dagrun for tcc_transito_pipeline to 2025-09-04 08:00:00+00:00, run_after=2025-09-05 08:00:00+00:00
[2025-09-04T12:37:33.018+0000] {processor.py:183} INFO - Processing /opt/airflow/dags/tcc_pipeline_dag.py took 0.127 seconds
[2025-09-04T12:38:03.249+0000] {processor.py:161} INFO - Started process (PID=77) to work on /opt/airflow/dags/tcc_pipeline_dag.py
[2025-09-04T12:38:03.250+0000] {processor.py:830} INFO - Processing file /opt/airflow/dags/tcc_pipeline_dag.py for tasks to queue
[2025-09-04T12:38:03.252+0000] {logging_mixin.py:188} INFO - [2025-09-04T12:38:03.252+0000] {dagbag.py:545} INFO - Filling up the DagBag from /opt/airflow/dags/tcc_pipeline_dag.py
[2025-09-04T12:38:03.286+0000] {processor.py:840} INFO - DAG(s) 'tcc_transito_pipeline' retrieved from /opt/airflow/dags/tcc_pipeline_dag.py
[2025-09-04T12:38:03.310+0000] {logging_mixin.py:188} INFO - [2025-09-04T12:38:03.309+0000] {dag.py:3096} INFO - Sync 1 DAGs
[2025-09-04T12:38:03.351+0000] {logging_mixin.py:188} INFO - [2025-09-04T12:38:03.350+0000] {dag.py:3954} INFO - Setting next_dagrun for tcc_transito_pipeline to 2025-09-04 08:00:00+00:00, run_after=2025-09-05 08:00:00+00:00
[2025-09-04T12:38:03.381+0000] {processor.py:183} INFO - Processing /opt/airflow/dags/tcc_pipeline_dag.py took 0.137 seconds
[2025-09-04T12:38:33.537+0000] {processor.py:161} INFO - Started process (PID=84) to work on /opt/airflow/dags/tcc_pipeline_dag.py
[2025-09-04T12:38:33.540+0000] {processor.py:830} INFO - Processing file /opt/airflow/dags/tcc_pipeline_dag.py for tasks to queue
[2025-09-04T12:38:33.544+0000] {logging_mixin.py:188} INFO - [2025-09-04T12:38:33.543+0000] {dagbag.py:545} INFO - Filling up the DagBag from /opt/airflow/dags/tcc_pipeline_dag.py
[2025-09-04T12:38:33.581+0000] {processor.py:840} INFO - DAG(s) 'tcc_transito_pipeline' retrieved from /opt/airflow/dags/tcc_pipeline_dag.py
[2025-09-04T12:38:33.611+0000] {logging_mixin.py:188} INFO - [2025-09-04T12:38:33.611+0000] {dag.py:3096} INFO - Sync 1 DAGs
[2025-09-04T12:38:33.646+0000] {logging_mixin.py:188} INFO - [2025-09-04T12:38:33.646+0000] {dag.py:3954} INFO - Setting next_dagrun for tcc_transito_pipeline to 2025-09-04 08:00:00+00:00, run_after=2025-09-05 08:00:00+00:00
[2025-09-04T12:38:33.675+0000] {processor.py:183} INFO - Processing /opt/airflow/dags/tcc_pipeline_dag.py took 0.145 seconds
[2025-09-04T12:39:03.980+0000] {processor.py:161} INFO - Started process (PID=91) to work on /opt/airflow/dags/tcc_pipeline_dag.py
[2025-09-04T12:39:03.982+0000] {processor.py:830} INFO - Processing file /opt/airflow/dags/tcc_pipeline_dag.py for tasks to queue
[2025-09-04T12:39:03.984+0000] {logging_mixin.py:188} INFO - [2025-09-04T12:39:03.984+0000] {dagbag.py:545} INFO - Filling up the DagBag from /opt/airflow/dags/tcc_pipeline_dag.py
[2025-09-04T12:39:04.033+0000] {processor.py:840} INFO - DAG(s) 'tcc_transito_pipeline' retrieved from /opt/airflow/dags/tcc_pipeline_dag.py
[2025-09-04T12:39:04.064+0000] {logging_mixin.py:188} INFO - [2025-09-04T12:39:04.063+0000] {dag.py:3096} INFO - Sync 1 DAGs
[2025-09-04T12:39:04.089+0000] {logging_mixin.py:188} INFO - [2025-09-04T12:39:04.089+0000] {dag.py:3954} INFO - Setting next_dagrun for tcc_transito_pipeline to 2025-09-04 08:00:00+00:00, run_after=2025-09-05 08:00:00+00:00
[2025-09-04T12:39:04.114+0000] {processor.py:183} INFO - Processing /opt/airflow/dags/tcc_pipeline_dag.py took 0.140 seconds
[2025-09-04T12:39:34.362+0000] {processor.py:161} INFO - Started process (PID=98) to work on /opt/airflow/dags/tcc_pipeline_dag.py
[2025-09-04T12:39:34.365+0000] {processor.py:830} INFO - Processing file /opt/airflow/dags/tcc_pipeline_dag.py for tasks to queue
[2025-09-04T12:39:34.370+0000] {logging_mixin.py:188} INFO - [2025-09-04T12:39:34.369+0000] {dagbag.py:545} INFO - Filling up the DagBag from /opt/airflow/dags/tcc_pipeline_dag.py
[2025-09-04T12:39:34.443+0000] {processor.py:840} INFO - DAG(s) 'tcc_transito_pipeline' retrieved from /opt/airflow/dags/tcc_pipeline_dag.py
[2025-09-04T12:39:34.486+0000] {logging_mixin.py:188} INFO - [2025-09-04T12:39:34.486+0000] {dag.py:3096} INFO - Sync 1 DAGs
[2025-09-04T12:39:34.510+0000] {logging_mixin.py:188} INFO - [2025-09-04T12:39:34.510+0000] {dag.py:3954} INFO - Setting next_dagrun for tcc_transito_pipeline to 2025-09-04 08:00:00+00:00, run_after=2025-09-05 08:00:00+00:00
[2025-09-04T12:39:34.552+0000] {processor.py:183} INFO - Processing /opt/airflow/dags/tcc_pipeline_dag.py took 0.209 seconds
[2025-09-04T12:40:04.670+0000] {processor.py:161} INFO - Started process (PID=105) to work on /opt/airflow/dags/tcc_pipeline_dag.py
[2025-09-04T12:40:04.671+0000] {processor.py:830} INFO - Processing file /opt/airflow/dags/tcc_pipeline_dag.py for tasks to queue
[2025-09-04T12:40:04.673+0000] {logging_mixin.py:188} INFO - [2025-09-04T12:40:04.673+0000] {dagbag.py:545} INFO - Filling up the DagBag from /opt/airflow/dags/tcc_pipeline_dag.py
[2025-09-04T12:40:04.693+0000] {processor.py:840} INFO - DAG(s) 'tcc_transito_pipeline' retrieved from /opt/airflow/dags/tcc_pipeline_dag.py
[2025-09-04T12:40:04.722+0000] {logging_mixin.py:188} INFO - [2025-09-04T12:40:04.722+0000] {dag.py:3096} INFO - Sync 1 DAGs
[2025-09-04T12:40:04.745+0000] {logging_mixin.py:188} INFO - [2025-09-04T12:40:04.745+0000] {dag.py:3954} INFO - Setting next_dagrun for tcc_transito_pipeline to 2025-09-04 08:00:00+00:00, run_after=2025-09-05 08:00:00+00:00
[2025-09-04T12:40:04.769+0000] {processor.py:183} INFO - Processing /opt/airflow/dags/tcc_pipeline_dag.py took 0.103 seconds
[2025-09-04T12:40:34.929+0000] {processor.py:161} INFO - Started process (PID=112) to work on /opt/airflow/dags/tcc_pipeline_dag.py
[2025-09-04T12:40:34.931+0000] {processor.py:830} INFO - Processing file /opt/airflow/dags/tcc_pipeline_dag.py for tasks to queue
[2025-09-04T12:40:34.933+0000] {logging_mixin.py:188} INFO - [2025-09-04T12:40:34.933+0000] {dagbag.py:545} INFO - Filling up the DagBag from /opt/airflow/dags/tcc_pipeline_dag.py
[2025-09-04T12:40:34.975+0000] {processor.py:840} INFO - DAG(s) 'tcc_transito_pipeline' retrieved from /opt/airflow/dags/tcc_pipeline_dag.py
[2025-09-04T12:40:34.998+0000] {logging_mixin.py:188} INFO - [2025-09-04T12:40:34.998+0000] {dag.py:3096} INFO - Sync 1 DAGs
[2025-09-04T12:40:35.024+0000] {logging_mixin.py:188} INFO - [2025-09-04T12:40:35.024+0000] {dag.py:3954} INFO - Setting next_dagrun for tcc_transito_pipeline to 2025-09-04 08:00:00+00:00, run_after=2025-09-05 08:00:00+00:00
[2025-09-04T12:40:35.050+0000] {processor.py:183} INFO - Processing /opt/airflow/dags/tcc_pipeline_dag.py took 0.125 seconds
[2025-09-04T12:41:05.258+0000] {processor.py:161} INFO - Started process (PID=119) to work on /opt/airflow/dags/tcc_pipeline_dag.py
[2025-09-04T12:41:05.259+0000] {processor.py:830} INFO - Processing file /opt/airflow/dags/tcc_pipeline_dag.py for tasks to queue
[2025-09-04T12:41:05.262+0000] {logging_mixin.py:188} INFO - [2025-09-04T12:41:05.261+0000] {dagbag.py:545} INFO - Filling up the DagBag from /opt/airflow/dags/tcc_pipeline_dag.py
[2025-09-04T12:41:05.298+0000] {processor.py:840} INFO - DAG(s) 'tcc_transito_pipeline' retrieved from /opt/airflow/dags/tcc_pipeline_dag.py
[2025-09-04T12:41:05.326+0000] {logging_mixin.py:188} INFO - [2025-09-04T12:41:05.326+0000] {dag.py:3096} INFO - Sync 1 DAGs
[2025-09-04T12:41:05.351+0000] {logging_mixin.py:188} INFO - [2025-09-04T12:41:05.350+0000] {dag.py:3954} INFO - Setting next_dagrun for tcc_transito_pipeline to 2025-09-04 08:00:00+00:00, run_after=2025-09-05 08:00:00+00:00
[2025-09-04T12:41:05.373+0000] {processor.py:183} INFO - Processing /opt/airflow/dags/tcc_pipeline_dag.py took 0.121 seconds
[2025-09-04T12:41:35.586+0000] {processor.py:161} INFO - Started process (PID=126) to work on /opt/airflow/dags/tcc_pipeline_dag.py
[2025-09-04T12:41:35.587+0000] {processor.py:830} INFO - Processing file /opt/airflow/dags/tcc_pipeline_dag.py for tasks to queue
[2025-09-04T12:41:35.589+0000] {logging_mixin.py:188} INFO - [2025-09-04T12:41:35.588+0000] {dagbag.py:545} INFO - Filling up the DagBag from /opt/airflow/dags/tcc_pipeline_dag.py
[2025-09-04T12:41:35.609+0000] {processor.py:840} INFO - DAG(s) 'tcc_transito_pipeline' retrieved from /opt/airflow/dags/tcc_pipeline_dag.py
[2025-09-04T12:41:35.633+0000] {logging_mixin.py:188} INFO - [2025-09-04T12:41:35.633+0000] {dag.py:3096} INFO - Sync 1 DAGs
[2025-09-04T12:41:35.653+0000] {logging_mixin.py:188} INFO - [2025-09-04T12:41:35.653+0000] {dag.py:3954} INFO - Setting next_dagrun for tcc_transito_pipeline to 2025-09-04 08:00:00+00:00, run_after=2025-09-05 08:00:00+00:00
[2025-09-04T12:41:35.670+0000] {processor.py:183} INFO - Processing /opt/airflow/dags/tcc_pipeline_dag.py took 0.089 seconds
[2025-09-04T12:42:05.866+0000] {processor.py:161} INFO - Started process (PID=133) to work on /opt/airflow/dags/tcc_pipeline_dag.py
[2025-09-04T12:42:05.867+0000] {processor.py:830} INFO - Processing file /opt/airflow/dags/tcc_pipeline_dag.py for tasks to queue
[2025-09-04T12:42:05.869+0000] {logging_mixin.py:188} INFO - [2025-09-04T12:42:05.869+0000] {dagbag.py:545} INFO - Filling up the DagBag from /opt/airflow/dags/tcc_pipeline_dag.py
[2025-09-04T12:42:05.888+0000] {processor.py:840} INFO - DAG(s) 'tcc_transito_pipeline' retrieved from /opt/airflow/dags/tcc_pipeline_dag.py
[2025-09-04T12:42:05.912+0000] {logging_mixin.py:188} INFO - [2025-09-04T12:42:05.912+0000] {dag.py:3096} INFO - Sync 1 DAGs
[2025-09-04T12:42:05.930+0000] {logging_mixin.py:188} INFO - [2025-09-04T12:42:05.930+0000] {dag.py:3954} INFO - Setting next_dagrun for tcc_transito_pipeline to 2025-09-04 08:00:00+00:00, run_after=2025-09-05 08:00:00+00:00
[2025-09-04T12:42:05.947+0000] {processor.py:183} INFO - Processing /opt/airflow/dags/tcc_pipeline_dag.py took 0.087 seconds
[2025-09-04T12:42:36.198+0000] {processor.py:161} INFO - Started process (PID=140) to work on /opt/airflow/dags/tcc_pipeline_dag.py
[2025-09-04T12:42:36.200+0000] {processor.py:830} INFO - Processing file /opt/airflow/dags/tcc_pipeline_dag.py for tasks to queue
[2025-09-04T12:42:36.203+0000] {logging_mixin.py:188} INFO - [2025-09-04T12:42:36.202+0000] {dagbag.py:545} INFO - Filling up the DagBag from /opt/airflow/dags/tcc_pipeline_dag.py
[2025-09-04T12:42:36.239+0000] {processor.py:840} INFO - DAG(s) 'tcc_transito_pipeline' retrieved from /opt/airflow/dags/tcc_pipeline_dag.py
[2025-09-04T12:42:36.271+0000] {logging_mixin.py:188} INFO - [2025-09-04T12:42:36.271+0000] {dag.py:3096} INFO - Sync 1 DAGs
[2025-09-04T12:42:36.293+0000] {logging_mixin.py:188} INFO - [2025-09-04T12:42:36.293+0000] {dag.py:3954} INFO - Setting next_dagrun for tcc_transito_pipeline to 2025-09-04 08:00:00+00:00, run_after=2025-09-05 08:00:00+00:00
[2025-09-04T12:42:36.312+0000] {processor.py:183} INFO - Processing /opt/airflow/dags/tcc_pipeline_dag.py took 0.119 seconds
[2025-09-04T12:43:06.488+0000] {processor.py:161} INFO - Started process (PID=153) to work on /opt/airflow/dags/tcc_pipeline_dag.py
[2025-09-04T12:43:06.489+0000] {processor.py:830} INFO - Processing file /opt/airflow/dags/tcc_pipeline_dag.py for tasks to queue
[2025-09-04T12:43:06.492+0000] {logging_mixin.py:188} INFO - [2025-09-04T12:43:06.492+0000] {dagbag.py:545} INFO - Filling up the DagBag from /opt/airflow/dags/tcc_pipeline_dag.py
[2025-09-04T12:43:06.522+0000] {processor.py:840} INFO - DAG(s) 'tcc_transito_pipeline' retrieved from /opt/airflow/dags/tcc_pipeline_dag.py
[2025-09-04T12:43:06.556+0000] {logging_mixin.py:188} INFO - [2025-09-04T12:43:06.556+0000] {dag.py:3096} INFO - Sync 1 DAGs
[2025-09-04T12:43:06.582+0000] {logging_mixin.py:188} INFO - [2025-09-04T12:43:06.582+0000] {dag.py:3954} INFO - Setting next_dagrun for tcc_transito_pipeline to 2025-09-04 08:00:00+00:00, run_after=2025-09-05 08:00:00+00:00
[2025-09-04T12:43:06.608+0000] {processor.py:183} INFO - Processing /opt/airflow/dags/tcc_pipeline_dag.py took 0.126 seconds
[2025-09-04T12:43:37.018+0000] {processor.py:161} INFO - Started process (PID=160) to work on /opt/airflow/dags/tcc_pipeline_dag.py
[2025-09-04T12:43:37.020+0000] {processor.py:830} INFO - Processing file /opt/airflow/dags/tcc_pipeline_dag.py for tasks to queue
[2025-09-04T12:43:37.023+0000] {logging_mixin.py:188} INFO - [2025-09-04T12:43:37.022+0000] {dagbag.py:545} INFO - Filling up the DagBag from /opt/airflow/dags/tcc_pipeline_dag.py
[2025-09-04T12:43:37.056+0000] {processor.py:840} INFO - DAG(s) 'tcc_transito_pipeline' retrieved from /opt/airflow/dags/tcc_pipeline_dag.py
[2025-09-04T12:43:37.092+0000] {logging_mixin.py:188} INFO - [2025-09-04T12:43:37.092+0000] {dag.py:3096} INFO - Sync 1 DAGs
[2025-09-04T12:43:37.123+0000] {logging_mixin.py:188} INFO - [2025-09-04T12:43:37.123+0000] {dag.py:3954} INFO - Setting next_dagrun for tcc_transito_pipeline to 2025-09-04 08:00:00+00:00, run_after=2025-09-05 08:00:00+00:00
[2025-09-04T12:43:37.157+0000] {processor.py:183} INFO - Processing /opt/airflow/dags/tcc_pipeline_dag.py took 0.148 seconds
[2025-09-04T12:44:07.377+0000] {processor.py:161} INFO - Started process (PID=167) to work on /opt/airflow/dags/tcc_pipeline_dag.py
[2025-09-04T12:44:07.378+0000] {processor.py:830} INFO - Processing file /opt/airflow/dags/tcc_pipeline_dag.py for tasks to queue
[2025-09-04T12:44:07.380+0000] {logging_mixin.py:188} INFO - [2025-09-04T12:44:07.380+0000] {dagbag.py:545} INFO - Filling up the DagBag from /opt/airflow/dags/tcc_pipeline_dag.py
[2025-09-04T12:44:07.411+0000] {processor.py:840} INFO - DAG(s) 'tcc_transito_pipeline' retrieved from /opt/airflow/dags/tcc_pipeline_dag.py
[2025-09-04T12:44:07.447+0000] {logging_mixin.py:188} INFO - [2025-09-04T12:44:07.446+0000] {dag.py:3096} INFO - Sync 1 DAGs
[2025-09-04T12:44:07.474+0000] {logging_mixin.py:188} INFO - [2025-09-04T12:44:07.474+0000] {dag.py:3954} INFO - Setting next_dagrun for tcc_transito_pipeline to 2025-09-04 08:00:00+00:00, run_after=2025-09-05 08:00:00+00:00
[2025-09-04T12:44:07.501+0000] {processor.py:183} INFO - Processing /opt/airflow/dags/tcc_pipeline_dag.py took 0.130 seconds
[2025-09-04T12:44:37.691+0000] {processor.py:161} INFO - Started process (PID=175) to work on /opt/airflow/dags/tcc_pipeline_dag.py
[2025-09-04T12:44:37.692+0000] {processor.py:830} INFO - Processing file /opt/airflow/dags/tcc_pipeline_dag.py for tasks to queue
[2025-09-04T12:44:37.696+0000] {logging_mixin.py:188} INFO - [2025-09-04T12:44:37.695+0000] {dagbag.py:545} INFO - Filling up the DagBag from /opt/airflow/dags/tcc_pipeline_dag.py
[2025-09-04T12:44:37.732+0000] {processor.py:840} INFO - DAG(s) 'tcc_transito_pipeline' retrieved from /opt/airflow/dags/tcc_pipeline_dag.py
[2025-09-04T12:44:37.779+0000] {logging_mixin.py:188} INFO - [2025-09-04T12:44:37.779+0000] {dag.py:3096} INFO - Sync 1 DAGs
[2025-09-04T12:44:37.815+0000] {logging_mixin.py:188} INFO - [2025-09-04T12:44:37.815+0000] {dag.py:3954} INFO - Setting next_dagrun for tcc_transito_pipeline to 2025-09-04 08:00:00+00:00, run_after=2025-09-05 08:00:00+00:00
[2025-09-04T12:44:37.847+0000] {processor.py:183} INFO - Processing /opt/airflow/dags/tcc_pipeline_dag.py took 0.168 seconds
[2025-09-04T12:45:07.970+0000] {processor.py:161} INFO - Started process (PID=182) to work on /opt/airflow/dags/tcc_pipeline_dag.py
[2025-09-04T12:45:07.972+0000] {processor.py:830} INFO - Processing file /opt/airflow/dags/tcc_pipeline_dag.py for tasks to queue
[2025-09-04T12:45:07.979+0000] {logging_mixin.py:188} INFO - [2025-09-04T12:45:07.974+0000] {dagbag.py:545} INFO - Filling up the DagBag from /opt/airflow/dags/tcc_pipeline_dag.py
[2025-09-04T12:45:08.018+0000] {processor.py:840} INFO - DAG(s) 'tcc_transito_pipeline' retrieved from /opt/airflow/dags/tcc_pipeline_dag.py
[2025-09-04T12:45:08.058+0000] {logging_mixin.py:188} INFO - [2025-09-04T12:45:08.058+0000] {dag.py:3096} INFO - Sync 1 DAGs
[2025-09-04T12:45:08.091+0000] {logging_mixin.py:188} INFO - [2025-09-04T12:45:08.091+0000] {dag.py:3954} INFO - Setting next_dagrun for tcc_transito_pipeline to 2025-09-04 08:00:00+00:00, run_after=2025-09-05 08:00:00+00:00
[2025-09-04T12:45:08.120+0000] {processor.py:183} INFO - Processing /opt/airflow/dags/tcc_pipeline_dag.py took 0.164 seconds
[2025-09-04T12:45:38.393+0000] {processor.py:161} INFO - Started process (PID=189) to work on /opt/airflow/dags/tcc_pipeline_dag.py
[2025-09-04T12:45:38.395+0000] {processor.py:830} INFO - Processing file /opt/airflow/dags/tcc_pipeline_dag.py for tasks to queue
[2025-09-04T12:45:38.398+0000] {logging_mixin.py:188} INFO - [2025-09-04T12:45:38.397+0000] {dagbag.py:545} INFO - Filling up the DagBag from /opt/airflow/dags/tcc_pipeline_dag.py
[2025-09-04T12:45:38.440+0000] {processor.py:840} INFO - DAG(s) 'tcc_transito_pipeline' retrieved from /opt/airflow/dags/tcc_pipeline_dag.py
[2025-09-04T12:45:38.478+0000] {logging_mixin.py:188} INFO - [2025-09-04T12:45:38.477+0000] {dag.py:3096} INFO - Sync 1 DAGs
[2025-09-04T12:45:38.518+0000] {logging_mixin.py:188} INFO - [2025-09-04T12:45:38.517+0000] {dag.py:3954} INFO - Setting next_dagrun for tcc_transito_pipeline to 2025-09-04 08:00:00+00:00, run_after=2025-09-05 08:00:00+00:00
[2025-09-04T12:45:38.582+0000] {processor.py:183} INFO - Processing /opt/airflow/dags/tcc_pipeline_dag.py took 0.197 seconds
[2025-09-04T12:46:08.812+0000] {processor.py:161} INFO - Started process (PID=196) to work on /opt/airflow/dags/tcc_pipeline_dag.py
[2025-09-04T12:46:08.813+0000] {processor.py:830} INFO - Processing file /opt/airflow/dags/tcc_pipeline_dag.py for tasks to queue
[2025-09-04T12:46:08.816+0000] {logging_mixin.py:188} INFO - [2025-09-04T12:46:08.815+0000] {dagbag.py:545} INFO - Filling up the DagBag from /opt/airflow/dags/tcc_pipeline_dag.py
[2025-09-04T12:46:08.858+0000] {processor.py:840} INFO - DAG(s) 'tcc_transito_pipeline' retrieved from /opt/airflow/dags/tcc_pipeline_dag.py
[2025-09-04T12:46:08.893+0000] {logging_mixin.py:188} INFO - [2025-09-04T12:46:08.893+0000] {dag.py:3096} INFO - Sync 1 DAGs
[2025-09-04T12:46:08.928+0000] {logging_mixin.py:188} INFO - [2025-09-04T12:46:08.928+0000] {dag.py:3954} INFO - Setting next_dagrun for tcc_transito_pipeline to 2025-09-04 08:00:00+00:00, run_after=2025-09-05 08:00:00+00:00
[2025-09-04T12:46:08.961+0000] {processor.py:183} INFO - Processing /opt/airflow/dags/tcc_pipeline_dag.py took 0.159 seconds
[2025-09-04T12:46:39.317+0000] {processor.py:161} INFO - Started process (PID=204) to work on /opt/airflow/dags/tcc_pipeline_dag.py
[2025-09-04T12:46:39.319+0000] {processor.py:830} INFO - Processing file /opt/airflow/dags/tcc_pipeline_dag.py for tasks to queue
[2025-09-04T12:46:39.324+0000] {logging_mixin.py:188} INFO - [2025-09-04T12:46:39.323+0000] {dagbag.py:545} INFO - Filling up the DagBag from /opt/airflow/dags/tcc_pipeline_dag.py
[2025-09-04T12:46:39.363+0000] {processor.py:840} INFO - DAG(s) 'tcc_transito_pipeline' retrieved from /opt/airflow/dags/tcc_pipeline_dag.py
[2025-09-04T12:46:39.394+0000] {logging_mixin.py:188} INFO - [2025-09-04T12:46:39.394+0000] {dag.py:3096} INFO - Sync 1 DAGs
[2025-09-04T12:46:39.423+0000] {logging_mixin.py:188} INFO - [2025-09-04T12:46:39.423+0000] {dag.py:3954} INFO - Setting next_dagrun for tcc_transito_pipeline to 2025-09-04 08:00:00+00:00, run_after=2025-09-05 08:00:00+00:00
[2025-09-04T12:46:39.453+0000] {processor.py:183} INFO - Processing /opt/airflow/dags/tcc_pipeline_dag.py took 0.145 seconds
[2025-09-04T12:47:09.612+0000] {processor.py:161} INFO - Started process (PID=211) to work on /opt/airflow/dags/tcc_pipeline_dag.py
[2025-09-04T12:47:09.613+0000] {processor.py:830} INFO - Processing file /opt/airflow/dags/tcc_pipeline_dag.py for tasks to queue
[2025-09-04T12:47:09.616+0000] {logging_mixin.py:188} INFO - [2025-09-04T12:47:09.615+0000] {dagbag.py:545} INFO - Filling up the DagBag from /opt/airflow/dags/tcc_pipeline_dag.py
[2025-09-04T12:47:09.638+0000] {processor.py:840} INFO - DAG(s) 'tcc_transito_pipeline' retrieved from /opt/airflow/dags/tcc_pipeline_dag.py
[2025-09-04T12:47:09.668+0000] {logging_mixin.py:188} INFO - [2025-09-04T12:47:09.668+0000] {dag.py:3096} INFO - Sync 1 DAGs
[2025-09-04T12:47:09.694+0000] {logging_mixin.py:188} INFO - [2025-09-04T12:47:09.694+0000] {dag.py:3954} INFO - Setting next_dagrun for tcc_transito_pipeline to 2025-09-04 08:00:00+00:00, run_after=2025-09-05 08:00:00+00:00
[2025-09-04T12:47:09.715+0000] {processor.py:183} INFO - Processing /opt/airflow/dags/tcc_pipeline_dag.py took 0.109 seconds
[2025-09-04T12:47:40.053+0000] {processor.py:161} INFO - Started process (PID=218) to work on /opt/airflow/dags/tcc_pipeline_dag.py
[2025-09-04T12:47:40.054+0000] {processor.py:830} INFO - Processing file /opt/airflow/dags/tcc_pipeline_dag.py for tasks to queue
[2025-09-04T12:47:40.057+0000] {logging_mixin.py:188} INFO - [2025-09-04T12:47:40.057+0000] {dagbag.py:545} INFO - Filling up the DagBag from /opt/airflow/dags/tcc_pipeline_dag.py
[2025-09-04T12:47:40.113+0000] {processor.py:840} INFO - DAG(s) 'tcc_transito_pipeline' retrieved from /opt/airflow/dags/tcc_pipeline_dag.py
[2025-09-04T12:47:40.174+0000] {logging_mixin.py:188} INFO - [2025-09-04T12:47:40.174+0000] {dag.py:3096} INFO - Sync 1 DAGs
[2025-09-04T12:47:40.210+0000] {logging_mixin.py:188} INFO - [2025-09-04T12:47:40.210+0000] {dag.py:3954} INFO - Setting next_dagrun for tcc_transito_pipeline to 2025-09-04 08:00:00+00:00, run_after=2025-09-05 08:00:00+00:00
[2025-09-04T12:47:40.238+0000] {processor.py:183} INFO - Processing /opt/airflow/dags/tcc_pipeline_dag.py took 0.191 seconds
[2025-09-04T12:48:10.458+0000] {processor.py:161} INFO - Started process (PID=225) to work on /opt/airflow/dags/tcc_pipeline_dag.py
[2025-09-04T12:48:10.459+0000] {processor.py:830} INFO - Processing file /opt/airflow/dags/tcc_pipeline_dag.py for tasks to queue
[2025-09-04T12:48:10.462+0000] {logging_mixin.py:188} INFO - [2025-09-04T12:48:10.461+0000] {dagbag.py:545} INFO - Filling up the DagBag from /opt/airflow/dags/tcc_pipeline_dag.py
[2025-09-04T12:48:10.512+0000] {processor.py:840} INFO - DAG(s) 'tcc_transito_pipeline' retrieved from /opt/airflow/dags/tcc_pipeline_dag.py
[2025-09-04T12:48:10.542+0000] {logging_mixin.py:188} INFO - [2025-09-04T12:48:10.542+0000] {dag.py:3096} INFO - Sync 1 DAGs
[2025-09-04T12:48:10.576+0000] {logging_mixin.py:188} INFO - [2025-09-04T12:48:10.576+0000] {dag.py:3954} INFO - Setting next_dagrun for tcc_transito_pipeline to 2025-09-04 08:00:00+00:00, run_after=2025-09-05 08:00:00+00:00
[2025-09-04T12:48:10.603+0000] {processor.py:183} INFO - Processing /opt/airflow/dags/tcc_pipeline_dag.py took 0.151 seconds
[2025-09-04T12:48:40.986+0000] {processor.py:161} INFO - Started process (PID=232) to work on /opt/airflow/dags/tcc_pipeline_dag.py
[2025-09-04T12:48:40.987+0000] {processor.py:830} INFO - Processing file /opt/airflow/dags/tcc_pipeline_dag.py for tasks to queue
[2025-09-04T12:48:40.989+0000] {logging_mixin.py:188} INFO - [2025-09-04T12:48:40.989+0000] {dagbag.py:545} INFO - Filling up the DagBag from /opt/airflow/dags/tcc_pipeline_dag.py
[2025-09-04T12:48:41.028+0000] {processor.py:840} INFO - DAG(s) 'tcc_transito_pipeline' retrieved from /opt/airflow/dags/tcc_pipeline_dag.py
[2025-09-04T12:48:41.064+0000] {logging_mixin.py:188} INFO - [2025-09-04T12:48:41.064+0000] {dag.py:3096} INFO - Sync 1 DAGs
[2025-09-04T12:48:41.092+0000] {logging_mixin.py:188} INFO - [2025-09-04T12:48:41.092+0000] {dag.py:3954} INFO - Setting next_dagrun for tcc_transito_pipeline to 2025-09-04 08:00:00+00:00, run_after=2025-09-05 08:00:00+00:00
[2025-09-04T12:48:41.116+0000] {processor.py:183} INFO - Processing /opt/airflow/dags/tcc_pipeline_dag.py took 0.138 seconds
[2025-09-04T12:49:11.291+0000] {processor.py:161} INFO - Started process (PID=239) to work on /opt/airflow/dags/tcc_pipeline_dag.py
[2025-09-04T12:49:11.299+0000] {processor.py:830} INFO - Processing file /opt/airflow/dags/tcc_pipeline_dag.py for tasks to queue
[2025-09-04T12:49:11.302+0000] {logging_mixin.py:188} INFO - [2025-09-04T12:49:11.302+0000] {dagbag.py:545} INFO - Filling up the DagBag from /opt/airflow/dags/tcc_pipeline_dag.py
[2025-09-04T12:49:11.390+0000] {processor.py:840} INFO - DAG(s) 'tcc_transito_pipeline' retrieved from /opt/airflow/dags/tcc_pipeline_dag.py
[2025-09-04T12:49:11.466+0000] {logging_mixin.py:188} INFO - [2025-09-04T12:49:11.466+0000] {dag.py:3096} INFO - Sync 1 DAGs
[2025-09-04T12:49:11.520+0000] {logging_mixin.py:188} INFO - [2025-09-04T12:49:11.520+0000] {dag.py:3954} INFO - Setting next_dagrun for tcc_transito_pipeline to 2025-09-04 08:00:00+00:00, run_after=2025-09-05 08:00:00+00:00
[2025-09-04T12:49:11.664+0000] {processor.py:183} INFO - Processing /opt/airflow/dags/tcc_pipeline_dag.py took 0.382 seconds
[2025-09-04T12:49:41.945+0000] {processor.py:161} INFO - Started process (PID=246) to work on /opt/airflow/dags/tcc_pipeline_dag.py
[2025-09-04T12:49:41.947+0000] {processor.py:830} INFO - Processing file /opt/airflow/dags/tcc_pipeline_dag.py for tasks to queue
[2025-09-04T12:49:41.959+0000] {logging_mixin.py:188} INFO - [2025-09-04T12:49:41.959+0000] {dagbag.py:545} INFO - Filling up the DagBag from /opt/airflow/dags/tcc_pipeline_dag.py
[2025-09-04T12:49:41.997+0000] {processor.py:840} INFO - DAG(s) 'tcc_transito_pipeline' retrieved from /opt/airflow/dags/tcc_pipeline_dag.py
[2025-09-04T12:49:42.064+0000] {logging_mixin.py:188} INFO - [2025-09-04T12:49:42.064+0000] {dag.py:3096} INFO - Sync 1 DAGs
[2025-09-04T12:49:42.100+0000] {logging_mixin.py:188} INFO - [2025-09-04T12:49:42.099+0000] {dag.py:3954} INFO - Setting next_dagrun for tcc_transito_pipeline to 2025-09-04 08:00:00+00:00, run_after=2025-09-05 08:00:00+00:00
[2025-09-04T12:49:42.148+0000] {processor.py:183} INFO - Processing /opt/airflow/dags/tcc_pipeline_dag.py took 0.211 seconds
[2025-09-04T12:50:12.470+0000] {processor.py:161} INFO - Started process (PID=253) to work on /opt/airflow/dags/tcc_pipeline_dag.py
[2025-09-04T12:50:12.472+0000] {processor.py:830} INFO - Processing file /opt/airflow/dags/tcc_pipeline_dag.py for tasks to queue
[2025-09-04T12:50:12.476+0000] {logging_mixin.py:188} INFO - [2025-09-04T12:50:12.474+0000] {dagbag.py:545} INFO - Filling up the DagBag from /opt/airflow/dags/tcc_pipeline_dag.py
[2025-09-04T12:50:12.512+0000] {processor.py:840} INFO - DAG(s) 'tcc_transito_pipeline' retrieved from /opt/airflow/dags/tcc_pipeline_dag.py
[2025-09-04T12:50:12.639+0000] {logging_mixin.py:188} INFO - [2025-09-04T12:50:12.639+0000] {dag.py:3096} INFO - Sync 1 DAGs
[2025-09-04T12:50:12.697+0000] {logging_mixin.py:188} INFO - [2025-09-04T12:50:12.696+0000] {dag.py:3954} INFO - Setting next_dagrun for tcc_transito_pipeline to 2025-09-04 08:00:00+00:00, run_after=2025-09-05 08:00:00+00:00
[2025-09-04T12:50:12.753+0000] {processor.py:183} INFO - Processing /opt/airflow/dags/tcc_pipeline_dag.py took 0.291 seconds
[2025-09-04T12:50:43.035+0000] {processor.py:161} INFO - Started process (PID=260) to work on /opt/airflow/dags/tcc_pipeline_dag.py
[2025-09-04T12:50:43.037+0000] {processor.py:830} INFO - Processing file /opt/airflow/dags/tcc_pipeline_dag.py for tasks to queue
[2025-09-04T12:50:43.040+0000] {logging_mixin.py:188} INFO - [2025-09-04T12:50:43.040+0000] {dagbag.py:545} INFO - Filling up the DagBag from /opt/airflow/dags/tcc_pipeline_dag.py
[2025-09-04T12:50:43.092+0000] {processor.py:840} INFO - DAG(s) 'tcc_transito_pipeline' retrieved from /opt/airflow/dags/tcc_pipeline_dag.py
[2025-09-04T12:50:43.150+0000] {logging_mixin.py:188} INFO - [2025-09-04T12:50:43.150+0000] {dag.py:3096} INFO - Sync 1 DAGs
[2025-09-04T12:50:43.183+0000] {logging_mixin.py:188} INFO - [2025-09-04T12:50:43.182+0000] {dag.py:3954} INFO - Setting next_dagrun for tcc_transito_pipeline to 2025-09-04 08:00:00+00:00, run_after=2025-09-05 08:00:00+00:00
[2025-09-04T12:50:43.212+0000] {processor.py:183} INFO - Processing /opt/airflow/dags/tcc_pipeline_dag.py took 0.189 seconds
[2025-09-04T12:51:13.322+0000] {processor.py:161} INFO - Started process (PID=267) to work on /opt/airflow/dags/tcc_pipeline_dag.py
[2025-09-04T12:51:13.323+0000] {processor.py:830} INFO - Processing file /opt/airflow/dags/tcc_pipeline_dag.py for tasks to queue
[2025-09-04T12:51:13.326+0000] {logging_mixin.py:188} INFO - [2025-09-04T12:51:13.325+0000] {dagbag.py:545} INFO - Filling up the DagBag from /opt/airflow/dags/tcc_pipeline_dag.py
[2025-09-04T12:51:13.383+0000] {processor.py:840} INFO - DAG(s) 'tcc_transito_pipeline' retrieved from /opt/airflow/dags/tcc_pipeline_dag.py
[2025-09-04T12:51:13.421+0000] {logging_mixin.py:188} INFO - [2025-09-04T12:51:13.421+0000] {dag.py:3096} INFO - Sync 1 DAGs
[2025-09-04T12:51:13.444+0000] {logging_mixin.py:188} INFO - [2025-09-04T12:51:13.444+0000] {dag.py:3954} INFO - Setting next_dagrun for tcc_transito_pipeline to 2025-09-04 08:00:00+00:00, run_after=2025-09-05 08:00:00+00:00
[2025-09-04T12:51:13.467+0000] {processor.py:183} INFO - Processing /opt/airflow/dags/tcc_pipeline_dag.py took 0.155 seconds
[2025-09-04T12:51:43.937+0000] {processor.py:161} INFO - Started process (PID=274) to work on /opt/airflow/dags/tcc_pipeline_dag.py
[2025-09-04T12:51:43.939+0000] {processor.py:830} INFO - Processing file /opt/airflow/dags/tcc_pipeline_dag.py for tasks to queue
[2025-09-04T12:51:43.944+0000] {logging_mixin.py:188} INFO - [2025-09-04T12:51:43.943+0000] {dagbag.py:545} INFO - Filling up the DagBag from /opt/airflow/dags/tcc_pipeline_dag.py
[2025-09-04T12:51:44.009+0000] {processor.py:840} INFO - DAG(s) 'tcc_transito_pipeline' retrieved from /opt/airflow/dags/tcc_pipeline_dag.py
[2025-09-04T12:51:44.051+0000] {logging_mixin.py:188} INFO - [2025-09-04T12:51:44.051+0000] {dag.py:3096} INFO - Sync 1 DAGs
[2025-09-04T12:51:44.074+0000] {logging_mixin.py:188} INFO - [2025-09-04T12:51:44.074+0000] {dag.py:3954} INFO - Setting next_dagrun for tcc_transito_pipeline to 2025-09-04 08:00:00+00:00, run_after=2025-09-05 08:00:00+00:00
[2025-09-04T12:51:44.100+0000] {processor.py:183} INFO - Processing /opt/airflow/dags/tcc_pipeline_dag.py took 0.171 seconds
[2025-09-04T12:52:14.319+0000] {processor.py:161} INFO - Started process (PID=281) to work on /opt/airflow/dags/tcc_pipeline_dag.py
[2025-09-04T12:52:14.320+0000] {processor.py:830} INFO - Processing file /opt/airflow/dags/tcc_pipeline_dag.py for tasks to queue
[2025-09-04T12:52:14.323+0000] {logging_mixin.py:188} INFO - [2025-09-04T12:52:14.323+0000] {dagbag.py:545} INFO - Filling up the DagBag from /opt/airflow/dags/tcc_pipeline_dag.py
[2025-09-04T12:52:14.357+0000] {processor.py:840} INFO - DAG(s) 'tcc_transito_pipeline' retrieved from /opt/airflow/dags/tcc_pipeline_dag.py
[2025-09-04T12:52:14.392+0000] {logging_mixin.py:188} INFO - [2025-09-04T12:52:14.392+0000] {dag.py:3096} INFO - Sync 1 DAGs
[2025-09-04T12:52:14.417+0000] {logging_mixin.py:188} INFO - [2025-09-04T12:52:14.417+0000] {dag.py:3954} INFO - Setting next_dagrun for tcc_transito_pipeline to 2025-09-04 08:00:00+00:00, run_after=2025-09-05 08:00:00+00:00
[2025-09-04T12:52:14.445+0000] {processor.py:183} INFO - Processing /opt/airflow/dags/tcc_pipeline_dag.py took 0.141 seconds
[2025-09-04T12:52:44.720+0000] {processor.py:161} INFO - Started process (PID=288) to work on /opt/airflow/dags/tcc_pipeline_dag.py
[2025-09-04T12:52:44.723+0000] {processor.py:830} INFO - Processing file /opt/airflow/dags/tcc_pipeline_dag.py for tasks to queue
[2025-09-04T12:52:44.727+0000] {logging_mixin.py:188} INFO - [2025-09-04T12:52:44.726+0000] {dagbag.py:545} INFO - Filling up the DagBag from /opt/airflow/dags/tcc_pipeline_dag.py
[2025-09-04T12:52:44.765+0000] {processor.py:840} INFO - DAG(s) 'tcc_transito_pipeline' retrieved from /opt/airflow/dags/tcc_pipeline_dag.py
[2025-09-04T12:52:44.836+0000] {logging_mixin.py:188} INFO - [2025-09-04T12:52:44.827+0000] {dag.py:3096} INFO - Sync 1 DAGs
[2025-09-04T12:52:44.880+0000] {logging_mixin.py:188} INFO - [2025-09-04T12:52:44.880+0000] {dag.py:3954} INFO - Setting next_dagrun for tcc_transito_pipeline to 2025-09-04 08:00:00+00:00, run_after=2025-09-05 08:00:00+00:00
[2025-09-04T12:52:44.910+0000] {processor.py:183} INFO - Processing /opt/airflow/dags/tcc_pipeline_dag.py took 0.198 seconds
[2025-09-04T12:53:15.161+0000] {processor.py:161} INFO - Started process (PID=295) to work on /opt/airflow/dags/tcc_pipeline_dag.py
[2025-09-04T12:53:15.162+0000] {processor.py:830} INFO - Processing file /opt/airflow/dags/tcc_pipeline_dag.py for tasks to queue
[2025-09-04T12:53:15.165+0000] {logging_mixin.py:188} INFO - [2025-09-04T12:53:15.164+0000] {dagbag.py:545} INFO - Filling up the DagBag from /opt/airflow/dags/tcc_pipeline_dag.py
[2025-09-04T12:53:15.204+0000] {processor.py:840} INFO - DAG(s) 'tcc_transito_pipeline' retrieved from /opt/airflow/dags/tcc_pipeline_dag.py
[2025-09-04T12:53:15.238+0000] {logging_mixin.py:188} INFO - [2025-09-04T12:53:15.238+0000] {dag.py:3096} INFO - Sync 1 DAGs
[2025-09-04T12:53:15.264+0000] {logging_mixin.py:188} INFO - [2025-09-04T12:53:15.264+0000] {dag.py:3954} INFO - Setting next_dagrun for tcc_transito_pipeline to 2025-09-04 08:00:00+00:00, run_after=2025-09-05 08:00:00+00:00
[2025-09-04T12:53:15.287+0000] {processor.py:183} INFO - Processing /opt/airflow/dags/tcc_pipeline_dag.py took 0.145 seconds
[2025-09-04T12:53:45.648+0000] {processor.py:161} INFO - Started process (PID=303) to work on /opt/airflow/dags/tcc_pipeline_dag.py
[2025-09-04T12:53:45.649+0000] {processor.py:830} INFO - Processing file /opt/airflow/dags/tcc_pipeline_dag.py for tasks to queue
[2025-09-04T12:53:45.654+0000] {logging_mixin.py:188} INFO - [2025-09-04T12:53:45.652+0000] {dagbag.py:545} INFO - Filling up the DagBag from /opt/airflow/dags/tcc_pipeline_dag.py
[2025-09-04T12:53:45.694+0000] {processor.py:840} INFO - DAG(s) 'tcc_transito_pipeline' retrieved from /opt/airflow/dags/tcc_pipeline_dag.py
[2025-09-04T12:53:45.741+0000] {logging_mixin.py:188} INFO - [2025-09-04T12:53:45.741+0000] {dag.py:3096} INFO - Sync 1 DAGs
[2025-09-04T12:53:45.777+0000] {logging_mixin.py:188} INFO - [2025-09-04T12:53:45.777+0000] {dag.py:3954} INFO - Setting next_dagrun for tcc_transito_pipeline to 2025-09-04 08:00:00+00:00, run_after=2025-09-05 08:00:00+00:00
[2025-09-04T12:53:45.805+0000] {processor.py:183} INFO - Processing /opt/airflow/dags/tcc_pipeline_dag.py took 0.164 seconds
[2025-09-04T12:54:15.912+0000] {processor.py:161} INFO - Started process (PID=310) to work on /opt/airflow/dags/tcc_pipeline_dag.py
[2025-09-04T12:54:15.913+0000] {processor.py:830} INFO - Processing file /opt/airflow/dags/tcc_pipeline_dag.py for tasks to queue
[2025-09-04T12:54:15.916+0000] {logging_mixin.py:188} INFO - [2025-09-04T12:54:15.915+0000] {dagbag.py:545} INFO - Filling up the DagBag from /opt/airflow/dags/tcc_pipeline_dag.py
[2025-09-04T12:54:15.945+0000] {processor.py:840} INFO - DAG(s) 'tcc_transito_pipeline' retrieved from /opt/airflow/dags/tcc_pipeline_dag.py
[2025-09-04T12:54:15.999+0000] {logging_mixin.py:188} INFO - [2025-09-04T12:54:15.999+0000] {dag.py:3096} INFO - Sync 1 DAGs
[2025-09-04T12:54:16.055+0000] {logging_mixin.py:188} INFO - [2025-09-04T12:54:16.054+0000] {dag.py:3954} INFO - Setting next_dagrun for tcc_transito_pipeline to 2025-09-04 08:00:00+00:00, run_after=2025-09-05 08:00:00+00:00
[2025-09-04T12:54:16.100+0000] {processor.py:183} INFO - Processing /opt/airflow/dags/tcc_pipeline_dag.py took 0.196 seconds
[2025-09-04T12:54:46.336+0000] {processor.py:161} INFO - Started process (PID=317) to work on /opt/airflow/dags/tcc_pipeline_dag.py
[2025-09-04T12:54:46.337+0000] {processor.py:830} INFO - Processing file /opt/airflow/dags/tcc_pipeline_dag.py for tasks to queue
[2025-09-04T12:54:46.341+0000] {logging_mixin.py:188} INFO - [2025-09-04T12:54:46.340+0000] {dagbag.py:545} INFO - Filling up the DagBag from /opt/airflow/dags/tcc_pipeline_dag.py
[2025-09-04T12:54:46.385+0000] {processor.py:840} INFO - DAG(s) 'tcc_transito_pipeline' retrieved from /opt/airflow/dags/tcc_pipeline_dag.py
[2025-09-04T12:54:46.436+0000] {logging_mixin.py:188} INFO - [2025-09-04T12:54:46.435+0000] {dag.py:3096} INFO - Sync 1 DAGs
[2025-09-04T12:54:46.466+0000] {logging_mixin.py:188} INFO - [2025-09-04T12:54:46.465+0000] {dag.py:3954} INFO - Setting next_dagrun for tcc_transito_pipeline to 2025-09-04 08:00:00+00:00, run_after=2025-09-05 08:00:00+00:00
[2025-09-04T12:54:46.496+0000] {processor.py:183} INFO - Processing /opt/airflow/dags/tcc_pipeline_dag.py took 0.171 seconds
[2025-09-04T12:55:16.873+0000] {processor.py:161} INFO - Started process (PID=324) to work on /opt/airflow/dags/tcc_pipeline_dag.py
[2025-09-04T12:55:16.875+0000] {processor.py:830} INFO - Processing file /opt/airflow/dags/tcc_pipeline_dag.py for tasks to queue
[2025-09-04T12:55:16.878+0000] {logging_mixin.py:188} INFO - [2025-09-04T12:55:16.878+0000] {dagbag.py:545} INFO - Filling up the DagBag from /opt/airflow/dags/tcc_pipeline_dag.py
[2025-09-04T12:55:16.921+0000] {processor.py:840} INFO - DAG(s) 'tcc_transito_pipeline' retrieved from /opt/airflow/dags/tcc_pipeline_dag.py
[2025-09-04T12:55:16.959+0000] {logging_mixin.py:188} INFO - [2025-09-04T12:55:16.959+0000] {dag.py:3096} INFO - Sync 1 DAGs
[2025-09-04T12:55:16.987+0000] {logging_mixin.py:188} INFO - [2025-09-04T12:55:16.987+0000] {dag.py:3954} INFO - Setting next_dagrun for tcc_transito_pipeline to 2025-09-04 08:00:00+00:00, run_after=2025-09-05 08:00:00+00:00
[2025-09-04T12:55:17.014+0000] {processor.py:183} INFO - Processing /opt/airflow/dags/tcc_pipeline_dag.py took 0.150 seconds
[2025-09-04T12:55:47.383+0000] {processor.py:161} INFO - Started process (PID=331) to work on /opt/airflow/dags/tcc_pipeline_dag.py
[2025-09-04T12:55:47.387+0000] {processor.py:830} INFO - Processing file /opt/airflow/dags/tcc_pipeline_dag.py for tasks to queue
[2025-09-04T12:55:47.390+0000] {logging_mixin.py:188} INFO - [2025-09-04T12:55:47.390+0000] {dagbag.py:545} INFO - Filling up the DagBag from /opt/airflow/dags/tcc_pipeline_dag.py
[2025-09-04T12:55:47.431+0000] {processor.py:840} INFO - DAG(s) 'tcc_transito_pipeline' retrieved from /opt/airflow/dags/tcc_pipeline_dag.py
[2025-09-04T12:55:47.465+0000] {logging_mixin.py:188} INFO - [2025-09-04T12:55:47.465+0000] {dag.py:3096} INFO - Sync 1 DAGs
[2025-09-04T12:55:47.496+0000] {logging_mixin.py:188} INFO - [2025-09-04T12:55:47.495+0000] {dag.py:3954} INFO - Setting next_dagrun for tcc_transito_pipeline to 2025-09-04 08:00:00+00:00, run_after=2025-09-05 08:00:00+00:00
[2025-09-04T12:55:47.526+0000] {processor.py:183} INFO - Processing /opt/airflow/dags/tcc_pipeline_dag.py took 0.153 seconds
[2025-09-04T12:56:17.719+0000] {processor.py:161} INFO - Started process (PID=338) to work on /opt/airflow/dags/tcc_pipeline_dag.py
[2025-09-04T12:56:17.721+0000] {processor.py:830} INFO - Processing file /opt/airflow/dags/tcc_pipeline_dag.py for tasks to queue
[2025-09-04T12:56:17.723+0000] {logging_mixin.py:188} INFO - [2025-09-04T12:56:17.723+0000] {dagbag.py:545} INFO - Filling up the DagBag from /opt/airflow/dags/tcc_pipeline_dag.py
[2025-09-04T12:56:17.763+0000] {processor.py:840} INFO - DAG(s) 'tcc_transito_pipeline' retrieved from /opt/airflow/dags/tcc_pipeline_dag.py
[2025-09-04T12:56:17.797+0000] {logging_mixin.py:188} INFO - [2025-09-04T12:56:17.797+0000] {dag.py:3096} INFO - Sync 1 DAGs
[2025-09-04T12:56:17.835+0000] {logging_mixin.py:188} INFO - [2025-09-04T12:56:17.833+0000] {dag.py:3954} INFO - Setting next_dagrun for tcc_transito_pipeline to 2025-09-04 08:00:00+00:00, run_after=2025-09-05 08:00:00+00:00
[2025-09-04T12:56:17.870+0000] {processor.py:183} INFO - Processing /opt/airflow/dags/tcc_pipeline_dag.py took 0.157 seconds
[2025-09-04T12:56:48.125+0000] {processor.py:161} INFO - Started process (PID=345) to work on /opt/airflow/dags/tcc_pipeline_dag.py
[2025-09-04T12:56:48.128+0000] {processor.py:830} INFO - Processing file /opt/airflow/dags/tcc_pipeline_dag.py for tasks to queue
[2025-09-04T12:56:48.136+0000] {logging_mixin.py:188} INFO - [2025-09-04T12:56:48.136+0000] {dagbag.py:545} INFO - Filling up the DagBag from /opt/airflow/dags/tcc_pipeline_dag.py
[2025-09-04T12:56:48.182+0000] {processor.py:840} INFO - DAG(s) 'tcc_transito_pipeline' retrieved from /opt/airflow/dags/tcc_pipeline_dag.py
[2025-09-04T12:56:48.232+0000] {logging_mixin.py:188} INFO - [2025-09-04T12:56:48.232+0000] {dag.py:3096} INFO - Sync 1 DAGs
[2025-09-04T12:56:48.278+0000] {logging_mixin.py:188} INFO - [2025-09-04T12:56:48.277+0000] {dag.py:3954} INFO - Setting next_dagrun for tcc_transito_pipeline to 2025-09-04 08:00:00+00:00, run_after=2025-09-05 08:00:00+00:00
[2025-09-04T12:56:48.314+0000] {processor.py:183} INFO - Processing /opt/airflow/dags/tcc_pipeline_dag.py took 0.195 seconds
[2025-09-04T12:57:18.415+0000] {processor.py:161} INFO - Started process (PID=352) to work on /opt/airflow/dags/tcc_pipeline_dag.py
[2025-09-04T12:57:18.417+0000] {processor.py:830} INFO - Processing file /opt/airflow/dags/tcc_pipeline_dag.py for tasks to queue
[2025-09-04T12:57:18.421+0000] {logging_mixin.py:188} INFO - [2025-09-04T12:57:18.420+0000] {dagbag.py:545} INFO - Filling up the DagBag from /opt/airflow/dags/tcc_pipeline_dag.py
[2025-09-04T12:57:18.462+0000] {processor.py:840} INFO - DAG(s) 'tcc_transito_pipeline' retrieved from /opt/airflow/dags/tcc_pipeline_dag.py
[2025-09-04T12:57:18.505+0000] {logging_mixin.py:188} INFO - [2025-09-04T12:57:18.505+0000] {dag.py:3096} INFO - Sync 1 DAGs
[2025-09-04T12:57:18.585+0000] {logging_mixin.py:188} INFO - [2025-09-04T12:57:18.585+0000] {dag.py:3954} INFO - Setting next_dagrun for tcc_transito_pipeline to 2025-09-04 08:00:00+00:00, run_after=2025-09-05 08:00:00+00:00
[2025-09-04T12:57:18.620+0000] {processor.py:183} INFO - Processing /opt/airflow/dags/tcc_pipeline_dag.py took 0.214 seconds
[2025-09-04T12:57:48.845+0000] {processor.py:161} INFO - Started process (PID=359) to work on /opt/airflow/dags/tcc_pipeline_dag.py
[2025-09-04T12:57:48.847+0000] {processor.py:830} INFO - Processing file /opt/airflow/dags/tcc_pipeline_dag.py for tasks to queue
[2025-09-04T12:57:48.852+0000] {logging_mixin.py:188} INFO - [2025-09-04T12:57:48.851+0000] {dagbag.py:545} INFO - Filling up the DagBag from /opt/airflow/dags/tcc_pipeline_dag.py
[2025-09-04T12:57:48.890+0000] {processor.py:840} INFO - DAG(s) 'tcc_transito_pipeline' retrieved from /opt/airflow/dags/tcc_pipeline_dag.py
[2025-09-04T12:57:48.934+0000] {logging_mixin.py:188} INFO - [2025-09-04T12:57:48.933+0000] {dag.py:3096} INFO - Sync 1 DAGs
[2025-09-04T12:57:48.984+0000] {logging_mixin.py:188} INFO - [2025-09-04T12:57:48.983+0000] {dag.py:3954} INFO - Setting next_dagrun for tcc_transito_pipeline to 2025-09-04 08:00:00+00:00, run_after=2025-09-05 08:00:00+00:00
[2025-09-04T12:57:49.026+0000] {processor.py:183} INFO - Processing /opt/airflow/dags/tcc_pipeline_dag.py took 0.190 seconds
[2025-09-04T12:58:19.167+0000] {processor.py:161} INFO - Started process (PID=366) to work on /opt/airflow/dags/tcc_pipeline_dag.py
[2025-09-04T12:58:19.169+0000] {processor.py:830} INFO - Processing file /opt/airflow/dags/tcc_pipeline_dag.py for tasks to queue
[2025-09-04T12:58:19.173+0000] {logging_mixin.py:188} INFO - [2025-09-04T12:58:19.173+0000] {dagbag.py:545} INFO - Filling up the DagBag from /opt/airflow/dags/tcc_pipeline_dag.py
[2025-09-04T12:58:19.250+0000] {processor.py:840} INFO - DAG(s) 'tcc_transito_pipeline' retrieved from /opt/airflow/dags/tcc_pipeline_dag.py
[2025-09-04T12:58:19.292+0000] {logging_mixin.py:188} INFO - [2025-09-04T12:58:19.291+0000] {dag.py:3096} INFO - Sync 1 DAGs
[2025-09-04T12:58:19.323+0000] {logging_mixin.py:188} INFO - [2025-09-04T12:58:19.323+0000] {dag.py:3954} INFO - Setting next_dagrun for tcc_transito_pipeline to 2025-09-04 08:00:00+00:00, run_after=2025-09-05 08:00:00+00:00
[2025-09-04T12:58:19.354+0000] {processor.py:183} INFO - Processing /opt/airflow/dags/tcc_pipeline_dag.py took 0.198 seconds
[2025-09-04T12:58:49.578+0000] {processor.py:161} INFO - Started process (PID=373) to work on /opt/airflow/dags/tcc_pipeline_dag.py
[2025-09-04T12:58:49.580+0000] {processor.py:830} INFO - Processing file /opt/airflow/dags/tcc_pipeline_dag.py for tasks to queue
[2025-09-04T12:58:49.583+0000] {logging_mixin.py:188} INFO - [2025-09-04T12:58:49.582+0000] {dagbag.py:545} INFO - Filling up the DagBag from /opt/airflow/dags/tcc_pipeline_dag.py
[2025-09-04T12:58:49.615+0000] {processor.py:840} INFO - DAG(s) 'tcc_transito_pipeline' retrieved from /opt/airflow/dags/tcc_pipeline_dag.py
[2025-09-04T12:58:49.650+0000] {logging_mixin.py:188} INFO - [2025-09-04T12:58:49.650+0000] {dag.py:3096} INFO - Sync 1 DAGs
[2025-09-04T12:58:49.674+0000] {logging_mixin.py:188} INFO - [2025-09-04T12:58:49.673+0000] {dag.py:3954} INFO - Setting next_dagrun for tcc_transito_pipeline to 2025-09-04 08:00:00+00:00, run_after=2025-09-05 08:00:00+00:00
[2025-09-04T12:58:49.697+0000] {processor.py:183} INFO - Processing /opt/airflow/dags/tcc_pipeline_dag.py took 0.126 seconds
[2025-09-04T12:59:19.955+0000] {processor.py:161} INFO - Started process (PID=380) to work on /opt/airflow/dags/tcc_pipeline_dag.py
[2025-09-04T12:59:19.957+0000] {processor.py:830} INFO - Processing file /opt/airflow/dags/tcc_pipeline_dag.py for tasks to queue
[2025-09-04T12:59:19.961+0000] {logging_mixin.py:188} INFO - [2025-09-04T12:59:19.960+0000] {dagbag.py:545} INFO - Filling up the DagBag from /opt/airflow/dags/tcc_pipeline_dag.py
[2025-09-04T12:59:20.014+0000] {processor.py:840} INFO - DAG(s) 'tcc_transito_pipeline' retrieved from /opt/airflow/dags/tcc_pipeline_dag.py
[2025-09-04T12:59:20.069+0000] {logging_mixin.py:188} INFO - [2025-09-04T12:59:20.069+0000] {dag.py:3096} INFO - Sync 1 DAGs
[2025-09-04T12:59:20.102+0000] {logging_mixin.py:188} INFO - [2025-09-04T12:59:20.101+0000] {dag.py:3954} INFO - Setting next_dagrun for tcc_transito_pipeline to 2025-09-04 08:00:00+00:00, run_after=2025-09-05 08:00:00+00:00
[2025-09-04T12:59:20.126+0000] {processor.py:183} INFO - Processing /opt/airflow/dags/tcc_pipeline_dag.py took 0.183 seconds
[2025-09-04T12:59:50.399+0000] {processor.py:161} INFO - Started process (PID=387) to work on /opt/airflow/dags/tcc_pipeline_dag.py
[2025-09-04T12:59:50.401+0000] {processor.py:830} INFO - Processing file /opt/airflow/dags/tcc_pipeline_dag.py for tasks to queue
[2025-09-04T12:59:50.405+0000] {logging_mixin.py:188} INFO - [2025-09-04T12:59:50.404+0000] {dagbag.py:545} INFO - Filling up the DagBag from /opt/airflow/dags/tcc_pipeline_dag.py
[2025-09-04T12:59:50.447+0000] {processor.py:840} INFO - DAG(s) 'tcc_transito_pipeline' retrieved from /opt/airflow/dags/tcc_pipeline_dag.py
[2025-09-04T12:59:50.489+0000] {logging_mixin.py:188} INFO - [2025-09-04T12:59:50.489+0000] {dag.py:3096} INFO - Sync 1 DAGs
[2025-09-04T12:59:50.522+0000] {logging_mixin.py:188} INFO - [2025-09-04T12:59:50.522+0000] {dag.py:3954} INFO - Setting next_dagrun for tcc_transito_pipeline to 2025-09-04 08:00:00+00:00, run_after=2025-09-05 08:00:00+00:00
[2025-09-04T12:59:50.553+0000] {processor.py:183} INFO - Processing /opt/airflow/dags/tcc_pipeline_dag.py took 0.162 seconds
[2025-09-04T13:00:20.874+0000] {processor.py:161} INFO - Started process (PID=394) to work on /opt/airflow/dags/tcc_pipeline_dag.py
[2025-09-04T13:00:20.877+0000] {processor.py:830} INFO - Processing file /opt/airflow/dags/tcc_pipeline_dag.py for tasks to queue
[2025-09-04T13:00:20.880+0000] {logging_mixin.py:188} INFO - [2025-09-04T13:00:20.879+0000] {dagbag.py:545} INFO - Filling up the DagBag from /opt/airflow/dags/tcc_pipeline_dag.py
[2025-09-04T13:00:20.958+0000] {processor.py:840} INFO - DAG(s) 'tcc_transito_pipeline' retrieved from /opt/airflow/dags/tcc_pipeline_dag.py
[2025-09-04T13:00:21.006+0000] {logging_mixin.py:188} INFO - [2025-09-04T13:00:21.005+0000] {dag.py:3096} INFO - Sync 1 DAGs
[2025-09-04T13:00:21.038+0000] {logging_mixin.py:188} INFO - [2025-09-04T13:00:21.037+0000] {dag.py:3954} INFO - Setting next_dagrun for tcc_transito_pipeline to 2025-09-04 08:00:00+00:00, run_after=2025-09-05 08:00:00+00:00
[2025-09-04T13:00:21.068+0000] {processor.py:183} INFO - Processing /opt/airflow/dags/tcc_pipeline_dag.py took 0.218 seconds
[2025-09-04T13:01:46.568+0000] {processor.py:161} INFO - Started process (PID=64) to work on /opt/airflow/dags/tcc_pipeline_dag.py
[2025-09-04T13:01:46.572+0000] {processor.py:830} INFO - Processing file /opt/airflow/dags/tcc_pipeline_dag.py for tasks to queue
[2025-09-04T13:01:46.575+0000] {logging_mixin.py:188} INFO - [2025-09-04T13:01:46.575+0000] {dagbag.py:545} INFO - Filling up the DagBag from /opt/airflow/dags/tcc_pipeline_dag.py
[2025-09-04T13:01:46.649+0000] {processor.py:840} INFO - DAG(s) 'tcc_transito_pipeline' retrieved from /opt/airflow/dags/tcc_pipeline_dag.py
[2025-09-04T13:01:47.016+0000] {logging_mixin.py:188} INFO - [2025-09-04T13:01:47.016+0000] {dag.py:3096} INFO - Sync 1 DAGs
[2025-09-04T13:01:47.043+0000] {logging_mixin.py:188} INFO - [2025-09-04T13:01:47.043+0000] {dag.py:3954} INFO - Setting next_dagrun for tcc_transito_pipeline to 2025-09-04 08:00:00+00:00, run_after=2025-09-05 08:00:00+00:00
[2025-09-04T13:01:47.071+0000] {processor.py:183} INFO - Processing /opt/airflow/dags/tcc_pipeline_dag.py took 0.510 seconds
[2025-09-04T13:02:17.340+0000] {processor.py:161} INFO - Started process (PID=76) to work on /opt/airflow/dags/tcc_pipeline_dag.py
[2025-09-04T13:02:17.341+0000] {processor.py:830} INFO - Processing file /opt/airflow/dags/tcc_pipeline_dag.py for tasks to queue
[2025-09-04T13:02:17.344+0000] {logging_mixin.py:188} INFO - [2025-09-04T13:02:17.343+0000] {dagbag.py:545} INFO - Filling up the DagBag from /opt/airflow/dags/tcc_pipeline_dag.py
[2025-09-04T13:02:17.366+0000] {processor.py:840} INFO - DAG(s) 'tcc_transito_pipeline' retrieved from /opt/airflow/dags/tcc_pipeline_dag.py
[2025-09-04T13:02:17.398+0000] {logging_mixin.py:188} INFO - [2025-09-04T13:02:17.398+0000] {dag.py:3096} INFO - Sync 1 DAGs
[2025-09-04T13:02:17.423+0000] {logging_mixin.py:188} INFO - [2025-09-04T13:02:17.423+0000] {dag.py:3954} INFO - Setting next_dagrun for tcc_transito_pipeline to 2025-09-04 08:00:00+00:00, run_after=2025-09-05 08:00:00+00:00
[2025-09-04T13:02:17.450+0000] {processor.py:183} INFO - Processing /opt/airflow/dags/tcc_pipeline_dag.py took 0.117 seconds
[2025-09-04T13:02:47.668+0000] {processor.py:161} INFO - Started process (PID=83) to work on /opt/airflow/dags/tcc_pipeline_dag.py
[2025-09-04T13:02:47.669+0000] {processor.py:830} INFO - Processing file /opt/airflow/dags/tcc_pipeline_dag.py for tasks to queue
[2025-09-04T13:02:47.672+0000] {logging_mixin.py:188} INFO - [2025-09-04T13:02:47.671+0000] {dagbag.py:545} INFO - Filling up the DagBag from /opt/airflow/dags/tcc_pipeline_dag.py
[2025-09-04T13:02:47.710+0000] {processor.py:840} INFO - DAG(s) 'tcc_transito_pipeline' retrieved from /opt/airflow/dags/tcc_pipeline_dag.py
[2025-09-04T13:02:47.748+0000] {logging_mixin.py:188} INFO - [2025-09-04T13:02:47.747+0000] {dag.py:3096} INFO - Sync 1 DAGs
[2025-09-04T13:02:47.779+0000] {logging_mixin.py:188} INFO - [2025-09-04T13:02:47.779+0000] {dag.py:3954} INFO - Setting next_dagrun for tcc_transito_pipeline to 2025-09-04 08:00:00+00:00, run_after=2025-09-05 08:00:00+00:00
[2025-09-04T13:02:47.804+0000] {processor.py:183} INFO - Processing /opt/airflow/dags/tcc_pipeline_dag.py took 0.144 seconds
[2025-09-04T13:03:18.136+0000] {processor.py:161} INFO - Started process (PID=90) to work on /opt/airflow/dags/tcc_pipeline_dag.py
[2025-09-04T13:03:18.141+0000] {processor.py:830} INFO - Processing file /opt/airflow/dags/tcc_pipeline_dag.py for tasks to queue
[2025-09-04T13:03:18.144+0000] {logging_mixin.py:188} INFO - [2025-09-04T13:03:18.144+0000] {dagbag.py:545} INFO - Filling up the DagBag from /opt/airflow/dags/tcc_pipeline_dag.py
[2025-09-04T13:03:18.190+0000] {processor.py:840} INFO - DAG(s) 'tcc_transito_pipeline' retrieved from /opt/airflow/dags/tcc_pipeline_dag.py
[2025-09-04T13:03:18.239+0000] {logging_mixin.py:188} INFO - [2025-09-04T13:03:18.238+0000] {dag.py:3096} INFO - Sync 1 DAGs
[2025-09-04T13:03:18.274+0000] {logging_mixin.py:188} INFO - [2025-09-04T13:03:18.274+0000] {dag.py:3954} INFO - Setting next_dagrun for tcc_transito_pipeline to 2025-09-04 08:00:00+00:00, run_after=2025-09-05 08:00:00+00:00
[2025-09-04T13:03:18.303+0000] {processor.py:183} INFO - Processing /opt/airflow/dags/tcc_pipeline_dag.py took 0.177 seconds
[2025-09-04T13:03:48.445+0000] {processor.py:161} INFO - Started process (PID=97) to work on /opt/airflow/dags/tcc_pipeline_dag.py
[2025-09-04T13:03:48.447+0000] {processor.py:830} INFO - Processing file /opt/airflow/dags/tcc_pipeline_dag.py for tasks to queue
[2025-09-04T13:03:48.456+0000] {logging_mixin.py:188} INFO - [2025-09-04T13:03:48.455+0000] {dagbag.py:545} INFO - Filling up the DagBag from /opt/airflow/dags/tcc_pipeline_dag.py
[2025-09-04T13:03:48.497+0000] {processor.py:840} INFO - DAG(s) 'tcc_transito_pipeline' retrieved from /opt/airflow/dags/tcc_pipeline_dag.py
[2025-09-04T13:03:48.531+0000] {logging_mixin.py:188} INFO - [2025-09-04T13:03:48.531+0000] {dag.py:3096} INFO - Sync 1 DAGs
[2025-09-04T13:03:48.555+0000] {logging_mixin.py:188} INFO - [2025-09-04T13:03:48.555+0000] {dag.py:3954} INFO - Setting next_dagrun for tcc_transito_pipeline to 2025-09-04 08:00:00+00:00, run_after=2025-09-05 08:00:00+00:00
[2025-09-04T13:03:48.583+0000] {processor.py:183} INFO - Processing /opt/airflow/dags/tcc_pipeline_dag.py took 0.159 seconds
[2025-09-04T13:04:18.779+0000] {processor.py:161} INFO - Started process (PID=104) to work on /opt/airflow/dags/tcc_pipeline_dag.py
[2025-09-04T13:04:18.781+0000] {processor.py:830} INFO - Processing file /opt/airflow/dags/tcc_pipeline_dag.py for tasks to queue
[2025-09-04T13:04:18.786+0000] {logging_mixin.py:188} INFO - [2025-09-04T13:04:18.785+0000] {dagbag.py:545} INFO - Filling up the DagBag from /opt/airflow/dags/tcc_pipeline_dag.py
[2025-09-04T13:04:18.820+0000] {processor.py:840} INFO - DAG(s) 'tcc_transito_pipeline' retrieved from /opt/airflow/dags/tcc_pipeline_dag.py
[2025-09-04T13:04:18.852+0000] {logging_mixin.py:188} INFO - [2025-09-04T13:04:18.852+0000] {dag.py:3096} INFO - Sync 1 DAGs
[2025-09-04T13:04:18.891+0000] {logging_mixin.py:188} INFO - [2025-09-04T13:04:18.891+0000] {dag.py:3954} INFO - Setting next_dagrun for tcc_transito_pipeline to 2025-09-04 08:00:00+00:00, run_after=2025-09-05 08:00:00+00:00
[2025-09-04T13:04:18.918+0000] {processor.py:183} INFO - Processing /opt/airflow/dags/tcc_pipeline_dag.py took 0.148 seconds
[2025-09-04T13:04:49.147+0000] {processor.py:161} INFO - Started process (PID=111) to work on /opt/airflow/dags/tcc_pipeline_dag.py
[2025-09-04T13:04:49.148+0000] {processor.py:830} INFO - Processing file /opt/airflow/dags/tcc_pipeline_dag.py for tasks to queue
[2025-09-04T13:04:49.151+0000] {logging_mixin.py:188} INFO - [2025-09-04T13:04:49.150+0000] {dagbag.py:545} INFO - Filling up the DagBag from /opt/airflow/dags/tcc_pipeline_dag.py
[2025-09-04T13:04:49.187+0000] {processor.py:840} INFO - DAG(s) 'tcc_transito_pipeline' retrieved from /opt/airflow/dags/tcc_pipeline_dag.py
[2025-09-04T13:04:49.227+0000] {logging_mixin.py:188} INFO - [2025-09-04T13:04:49.227+0000] {dag.py:3096} INFO - Sync 1 DAGs
[2025-09-04T13:04:49.254+0000] {logging_mixin.py:188} INFO - [2025-09-04T13:04:49.254+0000] {dag.py:3954} INFO - Setting next_dagrun for tcc_transito_pipeline to 2025-09-04 08:00:00+00:00, run_after=2025-09-05 08:00:00+00:00
[2025-09-04T13:04:49.277+0000] {processor.py:183} INFO - Processing /opt/airflow/dags/tcc_pipeline_dag.py took 0.137 seconds
[2025-09-04T13:05:19.578+0000] {processor.py:161} INFO - Started process (PID=118) to work on /opt/airflow/dags/tcc_pipeline_dag.py
[2025-09-04T13:05:19.579+0000] {processor.py:830} INFO - Processing file /opt/airflow/dags/tcc_pipeline_dag.py for tasks to queue
[2025-09-04T13:05:19.591+0000] {logging_mixin.py:188} INFO - [2025-09-04T13:05:19.590+0000] {dagbag.py:545} INFO - Filling up the DagBag from /opt/airflow/dags/tcc_pipeline_dag.py
[2025-09-04T13:05:19.631+0000] {processor.py:840} INFO - DAG(s) 'tcc_transito_pipeline' retrieved from /opt/airflow/dags/tcc_pipeline_dag.py
[2025-09-04T13:05:19.671+0000] {logging_mixin.py:188} INFO - [2025-09-04T13:05:19.671+0000] {dag.py:3096} INFO - Sync 1 DAGs
[2025-09-04T13:05:19.695+0000] {logging_mixin.py:188} INFO - [2025-09-04T13:05:19.695+0000] {dag.py:3954} INFO - Setting next_dagrun for tcc_transito_pipeline to 2025-09-04 08:00:00+00:00, run_after=2025-09-05 08:00:00+00:00
[2025-09-04T13:05:19.726+0000] {processor.py:183} INFO - Processing /opt/airflow/dags/tcc_pipeline_dag.py took 0.154 seconds
[2025-09-04T13:05:49.907+0000] {processor.py:161} INFO - Started process (PID=125) to work on /opt/airflow/dags/tcc_pipeline_dag.py
[2025-09-04T13:05:49.909+0000] {processor.py:830} INFO - Processing file /opt/airflow/dags/tcc_pipeline_dag.py for tasks to queue
[2025-09-04T13:05:49.914+0000] {logging_mixin.py:188} INFO - [2025-09-04T13:05:49.913+0000] {dagbag.py:545} INFO - Filling up the DagBag from /opt/airflow/dags/tcc_pipeline_dag.py
[2025-09-04T13:05:49.941+0000] {processor.py:840} INFO - DAG(s) 'tcc_transito_pipeline' retrieved from /opt/airflow/dags/tcc_pipeline_dag.py
[2025-09-04T13:05:49.984+0000] {logging_mixin.py:188} INFO - [2025-09-04T13:05:49.984+0000] {dag.py:3096} INFO - Sync 1 DAGs
[2025-09-04T13:05:50.018+0000] {logging_mixin.py:188} INFO - [2025-09-04T13:05:50.017+0000] {dag.py:3954} INFO - Setting next_dagrun for tcc_transito_pipeline to 2025-09-04 08:00:00+00:00, run_after=2025-09-05 08:00:00+00:00
[2025-09-04T13:05:50.042+0000] {processor.py:183} INFO - Processing /opt/airflow/dags/tcc_pipeline_dag.py took 0.142 seconds
[2025-09-04T13:06:20.238+0000] {processor.py:161} INFO - Started process (PID=132) to work on /opt/airflow/dags/tcc_pipeline_dag.py
[2025-09-04T13:06:20.240+0000] {processor.py:830} INFO - Processing file /opt/airflow/dags/tcc_pipeline_dag.py for tasks to queue
[2025-09-04T13:06:20.242+0000] {logging_mixin.py:188} INFO - [2025-09-04T13:06:20.242+0000] {dagbag.py:545} INFO - Filling up the DagBag from /opt/airflow/dags/tcc_pipeline_dag.py
[2025-09-04T13:06:20.269+0000] {processor.py:840} INFO - DAG(s) 'tcc_transito_pipeline' retrieved from /opt/airflow/dags/tcc_pipeline_dag.py
[2025-09-04T13:06:20.304+0000] {logging_mixin.py:188} INFO - [2025-09-04T13:06:20.303+0000] {dag.py:3096} INFO - Sync 1 DAGs
[2025-09-04T13:06:20.329+0000] {logging_mixin.py:188} INFO - [2025-09-04T13:06:20.329+0000] {dag.py:3954} INFO - Setting next_dagrun for tcc_transito_pipeline to 2025-09-04 08:00:00+00:00, run_after=2025-09-05 08:00:00+00:00
[2025-09-04T13:06:20.354+0000] {processor.py:183} INFO - Processing /opt/airflow/dags/tcc_pipeline_dag.py took 0.122 seconds
[2025-09-04T13:06:50.523+0000] {processor.py:161} INFO - Started process (PID=138) to work on /opt/airflow/dags/tcc_pipeline_dag.py
[2025-09-04T13:06:50.525+0000] {processor.py:830} INFO - Processing file /opt/airflow/dags/tcc_pipeline_dag.py for tasks to queue
[2025-09-04T13:06:50.529+0000] {logging_mixin.py:188} INFO - [2025-09-04T13:06:50.528+0000] {dagbag.py:545} INFO - Filling up the DagBag from /opt/airflow/dags/tcc_pipeline_dag.py
[2025-09-04T13:06:50.561+0000] {processor.py:840} INFO - DAG(s) 'tcc_transito_pipeline' retrieved from /opt/airflow/dags/tcc_pipeline_dag.py
[2025-09-04T13:06:50.605+0000] {logging_mixin.py:188} INFO - [2025-09-04T13:06:50.605+0000] {dag.py:3096} INFO - Sync 1 DAGs
[2025-09-04T13:06:50.641+0000] {logging_mixin.py:188} INFO - [2025-09-04T13:06:50.641+0000] {dag.py:3954} INFO - Setting next_dagrun for tcc_transito_pipeline to 2025-09-04 08:00:00+00:00, run_after=2025-09-05 08:00:00+00:00
[2025-09-04T13:06:50.676+0000] {processor.py:183} INFO - Processing /opt/airflow/dags/tcc_pipeline_dag.py took 0.160 seconds
[2025-09-04T13:07:21.018+0000] {processor.py:161} INFO - Started process (PID=144) to work on /opt/airflow/dags/tcc_pipeline_dag.py
[2025-09-04T13:07:21.020+0000] {processor.py:830} INFO - Processing file /opt/airflow/dags/tcc_pipeline_dag.py for tasks to queue
[2025-09-04T13:07:21.023+0000] {logging_mixin.py:188} INFO - [2025-09-04T13:07:21.022+0000] {dagbag.py:545} INFO - Filling up the DagBag from /opt/airflow/dags/tcc_pipeline_dag.py
[2025-09-04T13:07:21.062+0000] {processor.py:840} INFO - DAG(s) 'tcc_transito_pipeline' retrieved from /opt/airflow/dags/tcc_pipeline_dag.py
[2025-09-04T13:07:21.096+0000] {logging_mixin.py:188} INFO - [2025-09-04T13:07:21.096+0000] {dag.py:3096} INFO - Sync 1 DAGs
[2025-09-04T13:07:21.128+0000] {logging_mixin.py:188} INFO - [2025-09-04T13:07:21.128+0000] {dag.py:3954} INFO - Setting next_dagrun for tcc_transito_pipeline to 2025-09-04 08:00:00+00:00, run_after=2025-09-05 08:00:00+00:00
[2025-09-04T13:07:21.163+0000] {processor.py:183} INFO - Processing /opt/airflow/dags/tcc_pipeline_dag.py took 0.152 seconds
[2025-09-04T13:07:51.441+0000] {processor.py:161} INFO - Started process (PID=151) to work on /opt/airflow/dags/tcc_pipeline_dag.py
[2025-09-04T13:07:51.442+0000] {processor.py:830} INFO - Processing file /opt/airflow/dags/tcc_pipeline_dag.py for tasks to queue
[2025-09-04T13:07:51.446+0000] {logging_mixin.py:188} INFO - [2025-09-04T13:07:51.445+0000] {dagbag.py:545} INFO - Filling up the DagBag from /opt/airflow/dags/tcc_pipeline_dag.py
[2025-09-04T13:07:51.479+0000] {processor.py:840} INFO - DAG(s) 'tcc_transito_pipeline' retrieved from /opt/airflow/dags/tcc_pipeline_dag.py
[2025-09-04T13:07:51.530+0000] {logging_mixin.py:188} INFO - [2025-09-04T13:07:51.530+0000] {dag.py:3096} INFO - Sync 1 DAGs
[2025-09-04T13:07:51.574+0000] {logging_mixin.py:188} INFO - [2025-09-04T13:07:51.574+0000] {dag.py:3954} INFO - Setting next_dagrun for tcc_transito_pipeline to 2025-09-04 08:00:00+00:00, run_after=2025-09-05 08:00:00+00:00
[2025-09-04T13:07:51.601+0000] {processor.py:183} INFO - Processing /opt/airflow/dags/tcc_pipeline_dag.py took 0.170 seconds
[2025-09-04T13:08:21.849+0000] {processor.py:161} INFO - Started process (PID=158) to work on /opt/airflow/dags/tcc_pipeline_dag.py
[2025-09-04T13:08:21.852+0000] {processor.py:830} INFO - Processing file /opt/airflow/dags/tcc_pipeline_dag.py for tasks to queue
[2025-09-04T13:08:21.856+0000] {logging_mixin.py:188} INFO - [2025-09-04T13:08:21.855+0000] {dagbag.py:545} INFO - Filling up the DagBag from /opt/airflow/dags/tcc_pipeline_dag.py
[2025-09-04T13:08:21.898+0000] {processor.py:840} INFO - DAG(s) 'tcc_transito_pipeline' retrieved from /opt/airflow/dags/tcc_pipeline_dag.py
[2025-09-04T13:08:21.935+0000] {logging_mixin.py:188} INFO - [2025-09-04T13:08:21.935+0000] {dag.py:3096} INFO - Sync 1 DAGs
[2025-09-04T13:08:21.965+0000] {logging_mixin.py:188} INFO - [2025-09-04T13:08:21.965+0000] {dag.py:3954} INFO - Setting next_dagrun for tcc_transito_pipeline to 2025-09-04 08:00:00+00:00, run_after=2025-09-05 08:00:00+00:00
[2025-09-04T13:08:21.992+0000] {processor.py:183} INFO - Processing /opt/airflow/dags/tcc_pipeline_dag.py took 0.151 seconds
[2025-09-04T13:08:52.218+0000] {processor.py:161} INFO - Started process (PID=165) to work on /opt/airflow/dags/tcc_pipeline_dag.py
[2025-09-04T13:08:52.220+0000] {processor.py:830} INFO - Processing file /opt/airflow/dags/tcc_pipeline_dag.py for tasks to queue
[2025-09-04T13:08:52.223+0000] {logging_mixin.py:188} INFO - [2025-09-04T13:08:52.223+0000] {dagbag.py:545} INFO - Filling up the DagBag from /opt/airflow/dags/tcc_pipeline_dag.py
[2025-09-04T13:08:52.278+0000] {processor.py:840} INFO - DAG(s) 'tcc_transito_pipeline' retrieved from /opt/airflow/dags/tcc_pipeline_dag.py
[2025-09-04T13:08:52.322+0000] {logging_mixin.py:188} INFO - [2025-09-04T13:08:52.321+0000] {dag.py:3096} INFO - Sync 1 DAGs
[2025-09-04T13:08:52.363+0000] {logging_mixin.py:188} INFO - [2025-09-04T13:08:52.363+0000] {dag.py:3954} INFO - Setting next_dagrun for tcc_transito_pipeline to 2025-09-04 08:00:00+00:00, run_after=2025-09-05 08:00:00+00:00
[2025-09-04T13:08:52.392+0000] {processor.py:183} INFO - Processing /opt/airflow/dags/tcc_pipeline_dag.py took 0.181 seconds
[2025-09-04T13:09:22.615+0000] {processor.py:161} INFO - Started process (PID=178) to work on /opt/airflow/dags/tcc_pipeline_dag.py
[2025-09-04T13:09:22.618+0000] {processor.py:830} INFO - Processing file /opt/airflow/dags/tcc_pipeline_dag.py for tasks to queue
[2025-09-04T13:09:22.622+0000] {logging_mixin.py:188} INFO - [2025-09-04T13:09:22.621+0000] {dagbag.py:545} INFO - Filling up the DagBag from /opt/airflow/dags/tcc_pipeline_dag.py
[2025-09-04T13:09:22.670+0000] {processor.py:840} INFO - DAG(s) 'tcc_transito_pipeline' retrieved from /opt/airflow/dags/tcc_pipeline_dag.py
[2025-09-04T13:09:22.702+0000] {logging_mixin.py:188} INFO - [2025-09-04T13:09:22.701+0000] {dag.py:3096} INFO - Sync 1 DAGs
[2025-09-04T13:09:22.732+0000] {logging_mixin.py:188} INFO - [2025-09-04T13:09:22.732+0000] {dag.py:3954} INFO - Setting next_dagrun for tcc_transito_pipeline to 2025-09-04 08:00:00+00:00, run_after=2025-09-05 08:00:00+00:00
[2025-09-04T13:09:22.775+0000] {processor.py:183} INFO - Processing /opt/airflow/dags/tcc_pipeline_dag.py took 0.172 seconds
[2025-09-04T13:09:52.905+0000] {processor.py:161} INFO - Started process (PID=185) to work on /opt/airflow/dags/tcc_pipeline_dag.py
[2025-09-04T13:09:52.906+0000] {processor.py:830} INFO - Processing file /opt/airflow/dags/tcc_pipeline_dag.py for tasks to queue
[2025-09-04T13:09:52.909+0000] {logging_mixin.py:188} INFO - [2025-09-04T13:09:52.909+0000] {dagbag.py:545} INFO - Filling up the DagBag from /opt/airflow/dags/tcc_pipeline_dag.py
[2025-09-04T13:09:52.942+0000] {processor.py:840} INFO - DAG(s) 'tcc_transito_pipeline' retrieved from /opt/airflow/dags/tcc_pipeline_dag.py
[2025-09-04T13:09:52.978+0000] {logging_mixin.py:188} INFO - [2025-09-04T13:09:52.977+0000] {dag.py:3096} INFO - Sync 1 DAGs
[2025-09-04T13:09:53.004+0000] {logging_mixin.py:188} INFO - [2025-09-04T13:09:53.004+0000] {dag.py:3954} INFO - Setting next_dagrun for tcc_transito_pipeline to 2025-09-04 08:00:00+00:00, run_after=2025-09-05 08:00:00+00:00
[2025-09-04T13:09:53.031+0000] {processor.py:183} INFO - Processing /opt/airflow/dags/tcc_pipeline_dag.py took 0.134 seconds
[2025-09-04T13:10:23.143+0000] {processor.py:161} INFO - Started process (PID=193) to work on /opt/airflow/dags/tcc_pipeline_dag.py
[2025-09-04T13:10:23.144+0000] {processor.py:830} INFO - Processing file /opt/airflow/dags/tcc_pipeline_dag.py for tasks to queue
[2025-09-04T13:10:23.148+0000] {logging_mixin.py:188} INFO - [2025-09-04T13:10:23.148+0000] {dagbag.py:545} INFO - Filling up the DagBag from /opt/airflow/dags/tcc_pipeline_dag.py
[2025-09-04T13:10:23.182+0000] {processor.py:840} INFO - DAG(s) 'tcc_transito_pipeline' retrieved from /opt/airflow/dags/tcc_pipeline_dag.py
[2025-09-04T13:10:23.219+0000] {logging_mixin.py:188} INFO - [2025-09-04T13:10:23.219+0000] {dag.py:3096} INFO - Sync 1 DAGs
[2025-09-04T13:10:23.260+0000] {logging_mixin.py:188} INFO - [2025-09-04T13:10:23.260+0000] {dag.py:3954} INFO - Setting next_dagrun for tcc_transito_pipeline to 2025-09-04 08:00:00+00:00, run_after=2025-09-05 08:00:00+00:00
[2025-09-04T13:10:23.302+0000] {processor.py:183} INFO - Processing /opt/airflow/dags/tcc_pipeline_dag.py took 0.167 seconds
[2025-09-04T13:10:53.565+0000] {processor.py:161} INFO - Started process (PID=200) to work on /opt/airflow/dags/tcc_pipeline_dag.py
[2025-09-04T13:10:53.566+0000] {processor.py:830} INFO - Processing file /opt/airflow/dags/tcc_pipeline_dag.py for tasks to queue
[2025-09-04T13:10:53.569+0000] {logging_mixin.py:188} INFO - [2025-09-04T13:10:53.568+0000] {dagbag.py:545} INFO - Filling up the DagBag from /opt/airflow/dags/tcc_pipeline_dag.py
[2025-09-04T13:10:53.596+0000] {processor.py:840} INFO - DAG(s) 'tcc_transito_pipeline' retrieved from /opt/airflow/dags/tcc_pipeline_dag.py
[2025-09-04T13:10:53.625+0000] {logging_mixin.py:188} INFO - [2025-09-04T13:10:53.625+0000] {dag.py:3096} INFO - Sync 1 DAGs
[2025-09-04T13:10:53.647+0000] {logging_mixin.py:188} INFO - [2025-09-04T13:10:53.647+0000] {dag.py:3954} INFO - Setting next_dagrun for tcc_transito_pipeline to 2025-09-04 08:00:00+00:00, run_after=2025-09-05 08:00:00+00:00
[2025-09-04T13:10:53.673+0000] {processor.py:183} INFO - Processing /opt/airflow/dags/tcc_pipeline_dag.py took 0.115 seconds
[2025-09-04T13:11:23.859+0000] {processor.py:161} INFO - Started process (PID=207) to work on /opt/airflow/dags/tcc_pipeline_dag.py
[2025-09-04T13:11:23.861+0000] {processor.py:830} INFO - Processing file /opt/airflow/dags/tcc_pipeline_dag.py for tasks to queue
[2025-09-04T13:11:23.864+0000] {logging_mixin.py:188} INFO - [2025-09-04T13:11:23.864+0000] {dagbag.py:545} INFO - Filling up the DagBag from /opt/airflow/dags/tcc_pipeline_dag.py
[2025-09-04T13:11:23.901+0000] {processor.py:840} INFO - DAG(s) 'tcc_transito_pipeline' retrieved from /opt/airflow/dags/tcc_pipeline_dag.py
[2025-09-04T13:11:23.940+0000] {logging_mixin.py:188} INFO - [2025-09-04T13:11:23.940+0000] {dag.py:3096} INFO - Sync 1 DAGs
[2025-09-04T13:11:23.974+0000] {logging_mixin.py:188} INFO - [2025-09-04T13:11:23.973+0000] {dag.py:3954} INFO - Setting next_dagrun for tcc_transito_pipeline to 2025-09-04 08:00:00+00:00, run_after=2025-09-05 08:00:00+00:00
[2025-09-04T13:11:24.004+0000] {processor.py:183} INFO - Processing /opt/airflow/dags/tcc_pipeline_dag.py took 0.151 seconds
[2025-09-04T13:11:54.251+0000] {processor.py:161} INFO - Started process (PID=214) to work on /opt/airflow/dags/tcc_pipeline_dag.py
[2025-09-04T13:11:54.252+0000] {processor.py:830} INFO - Processing file /opt/airflow/dags/tcc_pipeline_dag.py for tasks to queue
[2025-09-04T13:11:54.256+0000] {logging_mixin.py:188} INFO - [2025-09-04T13:11:54.256+0000] {dagbag.py:545} INFO - Filling up the DagBag from /opt/airflow/dags/tcc_pipeline_dag.py
[2025-09-04T13:11:54.296+0000] {processor.py:840} INFO - DAG(s) 'tcc_transito_pipeline' retrieved from /opt/airflow/dags/tcc_pipeline_dag.py
[2025-09-04T13:11:54.331+0000] {logging_mixin.py:188} INFO - [2025-09-04T13:11:54.331+0000] {dag.py:3096} INFO - Sync 1 DAGs
[2025-09-04T13:11:54.367+0000] {logging_mixin.py:188} INFO - [2025-09-04T13:11:54.367+0000] {dag.py:3954} INFO - Setting next_dagrun for tcc_transito_pipeline to 2025-09-04 08:00:00+00:00, run_after=2025-09-05 08:00:00+00:00
[2025-09-04T13:11:54.394+0000] {processor.py:183} INFO - Processing /opt/airflow/dags/tcc_pipeline_dag.py took 0.155 seconds
[2025-09-04T13:12:24.728+0000] {processor.py:161} INFO - Started process (PID=221) to work on /opt/airflow/dags/tcc_pipeline_dag.py
[2025-09-04T13:12:24.730+0000] {processor.py:830} INFO - Processing file /opt/airflow/dags/tcc_pipeline_dag.py for tasks to queue
[2025-09-04T13:12:24.740+0000] {logging_mixin.py:188} INFO - [2025-09-04T13:12:24.740+0000] {dagbag.py:545} INFO - Filling up the DagBag from /opt/airflow/dags/tcc_pipeline_dag.py
[2025-09-04T13:12:24.772+0000] {processor.py:840} INFO - DAG(s) 'tcc_transito_pipeline' retrieved from /opt/airflow/dags/tcc_pipeline_dag.py
[2025-09-04T13:12:24.806+0000] {logging_mixin.py:188} INFO - [2025-09-04T13:12:24.806+0000] {dag.py:3096} INFO - Sync 1 DAGs
[2025-09-04T13:12:24.835+0000] {logging_mixin.py:188} INFO - [2025-09-04T13:12:24.835+0000] {dag.py:3954} INFO - Setting next_dagrun for tcc_transito_pipeline to 2025-09-04 08:00:00+00:00, run_after=2025-09-05 08:00:00+00:00
[2025-09-04T13:12:24.865+0000] {processor.py:183} INFO - Processing /opt/airflow/dags/tcc_pipeline_dag.py took 0.146 seconds
[2025-09-04T13:12:55.158+0000] {processor.py:161} INFO - Started process (PID=228) to work on /opt/airflow/dags/tcc_pipeline_dag.py
[2025-09-04T13:12:55.160+0000] {processor.py:830} INFO - Processing file /opt/airflow/dags/tcc_pipeline_dag.py for tasks to queue
[2025-09-04T13:12:55.163+0000] {logging_mixin.py:188} INFO - [2025-09-04T13:12:55.163+0000] {dagbag.py:545} INFO - Filling up the DagBag from /opt/airflow/dags/tcc_pipeline_dag.py
[2025-09-04T13:12:55.197+0000] {processor.py:840} INFO - DAG(s) 'tcc_transito_pipeline' retrieved from /opt/airflow/dags/tcc_pipeline_dag.py
[2025-09-04T13:12:55.232+0000] {logging_mixin.py:188} INFO - [2025-09-04T13:12:55.232+0000] {dag.py:3096} INFO - Sync 1 DAGs
[2025-09-04T13:12:55.262+0000] {logging_mixin.py:188} INFO - [2025-09-04T13:12:55.261+0000] {dag.py:3954} INFO - Setting next_dagrun for tcc_transito_pipeline to 2025-09-04 08:00:00+00:00, run_after=2025-09-05 08:00:00+00:00
[2025-09-04T13:12:55.285+0000] {processor.py:183} INFO - Processing /opt/airflow/dags/tcc_pipeline_dag.py took 0.137 seconds
[2025-09-04T13:13:25.616+0000] {processor.py:161} INFO - Started process (PID=235) to work on /opt/airflow/dags/tcc_pipeline_dag.py
[2025-09-04T13:13:25.619+0000] {processor.py:830} INFO - Processing file /opt/airflow/dags/tcc_pipeline_dag.py for tasks to queue
[2025-09-04T13:13:25.630+0000] {logging_mixin.py:188} INFO - [2025-09-04T13:13:25.629+0000] {dagbag.py:545} INFO - Filling up the DagBag from /opt/airflow/dags/tcc_pipeline_dag.py
[2025-09-04T13:13:25.674+0000] {processor.py:840} INFO - DAG(s) 'tcc_transito_pipeline' retrieved from /opt/airflow/dags/tcc_pipeline_dag.py
[2025-09-04T13:13:25.708+0000] {logging_mixin.py:188} INFO - [2025-09-04T13:13:25.708+0000] {dag.py:3096} INFO - Sync 1 DAGs
[2025-09-04T13:13:25.735+0000] {logging_mixin.py:188} INFO - [2025-09-04T13:13:25.735+0000] {dag.py:3954} INFO - Setting next_dagrun for tcc_transito_pipeline to 2025-09-04 08:00:00+00:00, run_after=2025-09-05 08:00:00+00:00
[2025-09-04T13:13:25.763+0000] {processor.py:183} INFO - Processing /opt/airflow/dags/tcc_pipeline_dag.py took 0.155 seconds
[2025-09-04T13:13:55.201+0000] {processor.py:161} INFO - Started process (PID=242) to work on /opt/airflow/dags/tcc_pipeline_dag.py
[2025-09-04T13:13:55.203+0000] {processor.py:830} INFO - Processing file /opt/airflow/dags/tcc_pipeline_dag.py for tasks to queue
[2025-09-04T13:13:55.205+0000] {logging_mixin.py:188} INFO - [2025-09-04T13:13:55.205+0000] {dagbag.py:545} INFO - Filling up the DagBag from /opt/airflow/dags/tcc_pipeline_dag.py
[2025-09-04T13:13:55.327+0000] {processor.py:840} INFO - DAG(s) 'pipeline_dados_transito_tcc' retrieved from /opt/airflow/dags/tcc_pipeline_dag.py
[2025-09-04T13:13:55.598+0000] {logging_mixin.py:188} INFO - [2025-09-04T13:13:55.597+0000] {override.py:1829} INFO - Created Permission View: can edit on DAG:pipeline_dados_transito_tcc
[2025-09-04T13:13:55.616+0000] {logging_mixin.py:188} INFO - [2025-09-04T13:13:55.615+0000] {override.py:1829} INFO - Created Permission View: can read on DAG:pipeline_dados_transito_tcc
[2025-09-04T13:13:55.628+0000] {logging_mixin.py:188} INFO - [2025-09-04T13:13:55.627+0000] {override.py:1829} INFO - Created Permission View: can delete on DAG:pipeline_dados_transito_tcc
[2025-09-04T13:13:55.629+0000] {logging_mixin.py:188} INFO - [2025-09-04T13:13:55.629+0000] {dag.py:3096} INFO - Sync 1 DAGs
[2025-09-04T13:13:55.643+0000] {logging_mixin.py:188} INFO - [2025-09-04T13:13:55.642+0000] {dag.py:3118} INFO - Creating ORM DAG for pipeline_dados_transito_tcc
[2025-09-04T13:13:55.657+0000] {logging_mixin.py:188} INFO - [2025-09-04T13:13:55.657+0000] {dag.py:3954} INFO - Setting next_dagrun for pipeline_dados_transito_tcc to 2025-09-04 08:00:00+00:00, run_after=2025-09-05 08:00:00+00:00
[2025-09-04T13:13:55.687+0000] {processor.py:183} INFO - Processing /opt/airflow/dags/tcc_pipeline_dag.py took 0.495 seconds
[2025-09-04T13:15:25.488+0000] {processor.py:161} INFO - Started process (PID=57) to work on /opt/airflow/dags/tcc_pipeline_dag.py
[2025-09-04T13:15:25.490+0000] {processor.py:830} INFO - Processing file /opt/airflow/dags/tcc_pipeline_dag.py for tasks to queue
[2025-09-04T13:15:25.494+0000] {logging_mixin.py:188} INFO - [2025-09-04T13:15:25.493+0000] {dagbag.py:545} INFO - Filling up the DagBag from /opt/airflow/dags/tcc_pipeline_dag.py
[2025-09-04T13:15:25.547+0000] {processor.py:840} INFO - DAG(s) 'pipeline_dados_transito_tcc' retrieved from /opt/airflow/dags/tcc_pipeline_dag.py
[2025-09-04T13:15:25.897+0000] {logging_mixin.py:188} INFO - [2025-09-04T13:15:25.897+0000] {dag.py:3096} INFO - Sync 1 DAGs
[2025-09-04T13:15:25.923+0000] {logging_mixin.py:188} INFO - [2025-09-04T13:15:25.922+0000] {dag.py:3954} INFO - Setting next_dagrun for pipeline_dados_transito_tcc to 2025-09-04 08:00:00+00:00, run_after=2025-09-05 08:00:00+00:00
[2025-09-04T13:15:25.955+0000] {processor.py:183} INFO - Processing /opt/airflow/dags/tcc_pipeline_dag.py took 0.475 seconds
[2025-09-04T13:15:56.287+0000] {processor.py:161} INFO - Started process (PID=64) to work on /opt/airflow/dags/tcc_pipeline_dag.py
[2025-09-04T13:15:56.290+0000] {processor.py:830} INFO - Processing file /opt/airflow/dags/tcc_pipeline_dag.py for tasks to queue
[2025-09-04T13:15:56.294+0000] {logging_mixin.py:188} INFO - [2025-09-04T13:15:56.293+0000] {dagbag.py:545} INFO - Filling up the DagBag from /opt/airflow/dags/tcc_pipeline_dag.py
[2025-09-04T13:15:56.362+0000] {processor.py:840} INFO - DAG(s) 'pipeline_dados_transito_tcc' retrieved from /opt/airflow/dags/tcc_pipeline_dag.py
[2025-09-04T13:15:56.417+0000] {logging_mixin.py:188} INFO - [2025-09-04T13:15:56.416+0000] {dag.py:3096} INFO - Sync 1 DAGs
[2025-09-04T13:15:56.449+0000] {logging_mixin.py:188} INFO - [2025-09-04T13:15:56.449+0000] {dag.py:3954} INFO - Setting next_dagrun for pipeline_dados_transito_tcc to 2025-09-04 08:00:00+00:00, run_after=2025-09-05 08:00:00+00:00
[2025-09-04T13:15:56.474+0000] {processor.py:183} INFO - Processing /opt/airflow/dags/tcc_pipeline_dag.py took 0.197 seconds
[2025-09-04T13:16:26.561+0000] {processor.py:161} INFO - Started process (PID=71) to work on /opt/airflow/dags/tcc_pipeline_dag.py
[2025-09-04T13:16:26.563+0000] {processor.py:830} INFO - Processing file /opt/airflow/dags/tcc_pipeline_dag.py for tasks to queue
[2025-09-04T13:16:26.564+0000] {logging_mixin.py:188} INFO - [2025-09-04T13:16:26.564+0000] {dagbag.py:545} INFO - Filling up the DagBag from /opt/airflow/dags/tcc_pipeline_dag.py
[2025-09-04T13:16:26.609+0000] {processor.py:840} INFO - DAG(s) 'pipeline_dados_transito_tcc' retrieved from /opt/airflow/dags/tcc_pipeline_dag.py
[2025-09-04T13:16:26.666+0000] {logging_mixin.py:188} INFO - [2025-09-04T13:16:26.665+0000] {dag.py:3096} INFO - Sync 1 DAGs
[2025-09-04T13:16:26.700+0000] {logging_mixin.py:188} INFO - [2025-09-04T13:16:26.699+0000] {dag.py:3954} INFO - Setting next_dagrun for pipeline_dados_transito_tcc to 2025-09-04 08:00:00+00:00, run_after=2025-09-05 08:00:00+00:00
[2025-09-04T13:16:26.738+0000] {processor.py:183} INFO - Processing /opt/airflow/dags/tcc_pipeline_dag.py took 0.186 seconds
[2025-09-04T13:16:57.096+0000] {processor.py:161} INFO - Started process (PID=84) to work on /opt/airflow/dags/tcc_pipeline_dag.py
[2025-09-04T13:16:57.097+0000] {processor.py:830} INFO - Processing file /opt/airflow/dags/tcc_pipeline_dag.py for tasks to queue
[2025-09-04T13:16:57.107+0000] {logging_mixin.py:188} INFO - [2025-09-04T13:16:57.098+0000] {dagbag.py:545} INFO - Filling up the DagBag from /opt/airflow/dags/tcc_pipeline_dag.py
[2025-09-04T13:16:57.157+0000] {processor.py:840} INFO - DAG(s) 'pipeline_dados_transito_tcc' retrieved from /opt/airflow/dags/tcc_pipeline_dag.py
[2025-09-04T13:16:57.208+0000] {logging_mixin.py:188} INFO - [2025-09-04T13:16:57.208+0000] {dag.py:3096} INFO - Sync 1 DAGs
[2025-09-04T13:16:57.238+0000] {logging_mixin.py:188} INFO - [2025-09-04T13:16:57.238+0000] {dag.py:3954} INFO - Setting next_dagrun for pipeline_dados_transito_tcc to 2025-09-04 08:00:00+00:00, run_after=2025-09-05 08:00:00+00:00
[2025-09-04T13:16:57.271+0000] {processor.py:183} INFO - Processing /opt/airflow/dags/tcc_pipeline_dag.py took 0.185 seconds
[2025-09-04T13:17:27.386+0000] {processor.py:161} INFO - Started process (PID=91) to work on /opt/airflow/dags/tcc_pipeline_dag.py
[2025-09-04T13:17:27.388+0000] {processor.py:830} INFO - Processing file /opt/airflow/dags/tcc_pipeline_dag.py for tasks to queue
[2025-09-04T13:17:27.390+0000] {logging_mixin.py:188} INFO - [2025-09-04T13:17:27.389+0000] {dagbag.py:545} INFO - Filling up the DagBag from /opt/airflow/dags/tcc_pipeline_dag.py
[2025-09-04T13:17:27.424+0000] {processor.py:840} INFO - DAG(s) 'pipeline_dados_transito_tcc' retrieved from /opt/airflow/dags/tcc_pipeline_dag.py
[2025-09-04T13:17:27.460+0000] {logging_mixin.py:188} INFO - [2025-09-04T13:17:27.460+0000] {dag.py:3096} INFO - Sync 1 DAGs
[2025-09-04T13:17:27.491+0000] {logging_mixin.py:188} INFO - [2025-09-04T13:17:27.490+0000] {dag.py:3954} INFO - Setting next_dagrun for pipeline_dados_transito_tcc to 2025-09-04 08:00:00+00:00, run_after=2025-09-05 08:00:00+00:00
[2025-09-04T13:17:27.525+0000] {processor.py:183} INFO - Processing /opt/airflow/dags/tcc_pipeline_dag.py took 0.147 seconds
[2025-09-04T13:17:57.639+0000] {processor.py:161} INFO - Started process (PID=102) to work on /opt/airflow/dags/tcc_pipeline_dag.py
[2025-09-04T13:17:57.640+0000] {processor.py:830} INFO - Processing file /opt/airflow/dags/tcc_pipeline_dag.py for tasks to queue
[2025-09-04T13:17:57.644+0000] {logging_mixin.py:188} INFO - [2025-09-04T13:17:57.643+0000] {dagbag.py:545} INFO - Filling up the DagBag from /opt/airflow/dags/tcc_pipeline_dag.py
[2025-09-04T13:17:57.719+0000] {processor.py:840} INFO - DAG(s) 'pipeline_dados_transito_tcc' retrieved from /opt/airflow/dags/tcc_pipeline_dag.py
[2025-09-04T13:17:57.803+0000] {logging_mixin.py:188} INFO - [2025-09-04T13:17:57.803+0000] {dag.py:3096} INFO - Sync 1 DAGs
[2025-09-04T13:17:57.848+0000] {logging_mixin.py:188} INFO - [2025-09-04T13:17:57.848+0000] {dag.py:3954} INFO - Setting next_dagrun for pipeline_dados_transito_tcc to 2025-09-04 08:00:00+00:00, run_after=2025-09-05 08:00:00+00:00
[2025-09-04T13:17:57.889+0000] {processor.py:183} INFO - Processing /opt/airflow/dags/tcc_pipeline_dag.py took 0.258 seconds
[2025-09-04T13:18:28.182+0000] {processor.py:161} INFO - Started process (PID=109) to work on /opt/airflow/dags/tcc_pipeline_dag.py
[2025-09-04T13:18:28.183+0000] {processor.py:830} INFO - Processing file /opt/airflow/dags/tcc_pipeline_dag.py for tasks to queue
[2025-09-04T13:18:28.185+0000] {logging_mixin.py:188} INFO - [2025-09-04T13:18:28.185+0000] {dagbag.py:545} INFO - Filling up the DagBag from /opt/airflow/dags/tcc_pipeline_dag.py
[2025-09-04T13:18:28.230+0000] {processor.py:840} INFO - DAG(s) 'pipeline_dados_transito_tcc' retrieved from /opt/airflow/dags/tcc_pipeline_dag.py
[2025-09-04T13:18:28.275+0000] {logging_mixin.py:188} INFO - [2025-09-04T13:18:28.274+0000] {dag.py:3096} INFO - Sync 1 DAGs
[2025-09-04T13:18:28.322+0000] {logging_mixin.py:188} INFO - [2025-09-04T13:18:28.321+0000] {dag.py:3954} INFO - Setting next_dagrun for pipeline_dados_transito_tcc to 2025-09-04 08:00:00+00:00, run_after=2025-09-05 08:00:00+00:00
[2025-09-04T13:18:28.361+0000] {processor.py:183} INFO - Processing /opt/airflow/dags/tcc_pipeline_dag.py took 0.199 seconds
[2025-09-04T13:18:58.539+0000] {processor.py:161} INFO - Started process (PID=116) to work on /opt/airflow/dags/tcc_pipeline_dag.py
[2025-09-04T13:18:58.540+0000] {processor.py:830} INFO - Processing file /opt/airflow/dags/tcc_pipeline_dag.py for tasks to queue
[2025-09-04T13:18:58.542+0000] {logging_mixin.py:188} INFO - [2025-09-04T13:18:58.541+0000] {dagbag.py:545} INFO - Filling up the DagBag from /opt/airflow/dags/tcc_pipeline_dag.py
[2025-09-04T13:18:58.585+0000] {processor.py:840} INFO - DAG(s) 'pipeline_dados_transito_tcc' retrieved from /opt/airflow/dags/tcc_pipeline_dag.py
[2025-09-04T13:18:58.624+0000] {logging_mixin.py:188} INFO - [2025-09-04T13:18:58.624+0000] {dag.py:3096} INFO - Sync 1 DAGs
[2025-09-04T13:18:58.654+0000] {logging_mixin.py:188} INFO - [2025-09-04T13:18:58.653+0000] {dag.py:3954} INFO - Setting next_dagrun for pipeline_dados_transito_tcc to 2025-09-04 08:00:00+00:00, run_after=2025-09-05 08:00:00+00:00
[2025-09-04T13:18:58.680+0000] {processor.py:183} INFO - Processing /opt/airflow/dags/tcc_pipeline_dag.py took 0.151 seconds
[2025-09-04T13:19:28.954+0000] {processor.py:161} INFO - Started process (PID=123) to work on /opt/airflow/dags/tcc_pipeline_dag.py
[2025-09-04T13:19:28.956+0000] {processor.py:830} INFO - Processing file /opt/airflow/dags/tcc_pipeline_dag.py for tasks to queue
[2025-09-04T13:19:28.958+0000] {logging_mixin.py:188} INFO - [2025-09-04T13:19:28.957+0000] {dagbag.py:545} INFO - Filling up the DagBag from /opt/airflow/dags/tcc_pipeline_dag.py
[2025-09-04T13:19:29.012+0000] {processor.py:840} INFO - DAG(s) 'pipeline_dados_transito_tcc' retrieved from /opt/airflow/dags/tcc_pipeline_dag.py
[2025-09-04T13:19:29.052+0000] {logging_mixin.py:188} INFO - [2025-09-04T13:19:29.052+0000] {dag.py:3096} INFO - Sync 1 DAGs
[2025-09-04T13:19:29.081+0000] {logging_mixin.py:188} INFO - [2025-09-04T13:19:29.081+0000] {dag.py:3954} INFO - Setting next_dagrun for pipeline_dados_transito_tcc to 2025-09-04 08:00:00+00:00, run_after=2025-09-05 08:00:00+00:00
[2025-09-04T13:19:29.110+0000] {processor.py:183} INFO - Processing /opt/airflow/dags/tcc_pipeline_dag.py took 0.162 seconds
[2025-09-04T13:19:59.232+0000] {processor.py:161} INFO - Started process (PID=130) to work on /opt/airflow/dags/tcc_pipeline_dag.py
[2025-09-04T13:19:59.233+0000] {processor.py:830} INFO - Processing file /opt/airflow/dags/tcc_pipeline_dag.py for tasks to queue
[2025-09-04T13:19:59.234+0000] {logging_mixin.py:188} INFO - [2025-09-04T13:19:59.234+0000] {dagbag.py:545} INFO - Filling up the DagBag from /opt/airflow/dags/tcc_pipeline_dag.py
[2025-09-04T13:19:59.278+0000] {processor.py:840} INFO - DAG(s) 'pipeline_dados_transito_tcc' retrieved from /opt/airflow/dags/tcc_pipeline_dag.py
[2025-09-04T13:19:59.311+0000] {logging_mixin.py:188} INFO - [2025-09-04T13:19:59.311+0000] {dag.py:3096} INFO - Sync 1 DAGs
[2025-09-04T13:19:59.336+0000] {logging_mixin.py:188} INFO - [2025-09-04T13:19:59.335+0000] {dag.py:3954} INFO - Setting next_dagrun for pipeline_dados_transito_tcc to 2025-09-04 08:00:00+00:00, run_after=2025-09-05 08:00:00+00:00
[2025-09-04T13:19:59.357+0000] {processor.py:183} INFO - Processing /opt/airflow/dags/tcc_pipeline_dag.py took 0.131 seconds
[2025-09-04T13:20:29.592+0000] {processor.py:161} INFO - Started process (PID=137) to work on /opt/airflow/dags/tcc_pipeline_dag.py
[2025-09-04T13:20:29.594+0000] {processor.py:830} INFO - Processing file /opt/airflow/dags/tcc_pipeline_dag.py for tasks to queue
[2025-09-04T13:20:29.596+0000] {logging_mixin.py:188} INFO - [2025-09-04T13:20:29.596+0000] {dagbag.py:545} INFO - Filling up the DagBag from /opt/airflow/dags/tcc_pipeline_dag.py
[2025-09-04T13:20:29.648+0000] {processor.py:840} INFO - DAG(s) 'pipeline_dados_transito_tcc' retrieved from /opt/airflow/dags/tcc_pipeline_dag.py
[2025-09-04T13:20:29.690+0000] {logging_mixin.py:188} INFO - [2025-09-04T13:20:29.690+0000] {dag.py:3096} INFO - Sync 1 DAGs
[2025-09-04T13:20:29.726+0000] {logging_mixin.py:188} INFO - [2025-09-04T13:20:29.726+0000] {dag.py:3954} INFO - Setting next_dagrun for pipeline_dados_transito_tcc to 2025-09-04 08:00:00+00:00, run_after=2025-09-05 08:00:00+00:00
[2025-09-04T13:20:29.762+0000] {processor.py:183} INFO - Processing /opt/airflow/dags/tcc_pipeline_dag.py took 0.180 seconds
[2025-09-04T13:20:59.879+0000] {processor.py:161} INFO - Started process (PID=144) to work on /opt/airflow/dags/tcc_pipeline_dag.py
[2025-09-04T13:20:59.881+0000] {processor.py:830} INFO - Processing file /opt/airflow/dags/tcc_pipeline_dag.py for tasks to queue
[2025-09-04T13:20:59.884+0000] {logging_mixin.py:188} INFO - [2025-09-04T13:20:59.884+0000] {dagbag.py:545} INFO - Filling up the DagBag from /opt/airflow/dags/tcc_pipeline_dag.py
[2025-09-04T13:20:59.923+0000] {processor.py:840} INFO - DAG(s) 'pipeline_dados_transito_tcc' retrieved from /opt/airflow/dags/tcc_pipeline_dag.py
[2025-09-04T13:20:59.970+0000] {logging_mixin.py:188} INFO - [2025-09-04T13:20:59.970+0000] {dag.py:3096} INFO - Sync 1 DAGs
[2025-09-04T13:21:00.030+0000] {logging_mixin.py:188} INFO - [2025-09-04T13:21:00.030+0000] {dag.py:3954} INFO - Setting next_dagrun for pipeline_dados_transito_tcc to 2025-09-04 08:00:00+00:00, run_after=2025-09-05 08:00:00+00:00
[2025-09-04T13:21:00.086+0000] {processor.py:183} INFO - Processing /opt/airflow/dags/tcc_pipeline_dag.py took 0.218 seconds
[2025-09-04T13:21:30.410+0000] {processor.py:161} INFO - Started process (PID=151) to work on /opt/airflow/dags/tcc_pipeline_dag.py
[2025-09-04T13:21:30.411+0000] {processor.py:830} INFO - Processing file /opt/airflow/dags/tcc_pipeline_dag.py for tasks to queue
[2025-09-04T13:21:30.412+0000] {logging_mixin.py:188} INFO - [2025-09-04T13:21:30.412+0000] {dagbag.py:545} INFO - Filling up the DagBag from /opt/airflow/dags/tcc_pipeline_dag.py
[2025-09-04T13:21:30.445+0000] {processor.py:840} INFO - DAG(s) 'pipeline_dados_transito_tcc' retrieved from /opt/airflow/dags/tcc_pipeline_dag.py
[2025-09-04T13:21:30.480+0000] {logging_mixin.py:188} INFO - [2025-09-04T13:21:30.479+0000] {dag.py:3096} INFO - Sync 1 DAGs
[2025-09-04T13:21:30.505+0000] {logging_mixin.py:188} INFO - [2025-09-04T13:21:30.505+0000] {dag.py:3954} INFO - Setting next_dagrun for pipeline_dados_transito_tcc to 2025-09-04 08:00:00+00:00, run_after=2025-09-05 08:00:00+00:00
[2025-09-04T13:21:30.539+0000] {processor.py:183} INFO - Processing /opt/airflow/dags/tcc_pipeline_dag.py took 0.139 seconds
[2025-09-04T13:22:00.742+0000] {processor.py:161} INFO - Started process (PID=158) to work on /opt/airflow/dags/tcc_pipeline_dag.py
[2025-09-04T13:22:00.744+0000] {processor.py:830} INFO - Processing file /opt/airflow/dags/tcc_pipeline_dag.py for tasks to queue
[2025-09-04T13:22:00.745+0000] {logging_mixin.py:188} INFO - [2025-09-04T13:22:00.744+0000] {dagbag.py:545} INFO - Filling up the DagBag from /opt/airflow/dags/tcc_pipeline_dag.py
[2025-09-04T13:22:00.799+0000] {processor.py:840} INFO - DAG(s) 'pipeline_dados_transito_tcc' retrieved from /opt/airflow/dags/tcc_pipeline_dag.py
[2025-09-04T13:22:00.869+0000] {logging_mixin.py:188} INFO - [2025-09-04T13:22:00.868+0000] {dag.py:3096} INFO - Sync 1 DAGs
[2025-09-04T13:22:00.923+0000] {logging_mixin.py:188} INFO - [2025-09-04T13:22:00.923+0000] {dag.py:3954} INFO - Setting next_dagrun for pipeline_dados_transito_tcc to 2025-09-04 08:00:00+00:00, run_after=2025-09-05 08:00:00+00:00
[2025-09-04T13:22:00.967+0000] {processor.py:183} INFO - Processing /opt/airflow/dags/tcc_pipeline_dag.py took 0.232 seconds
[2025-09-04T13:22:31.099+0000] {processor.py:161} INFO - Started process (PID=165) to work on /opt/airflow/dags/tcc_pipeline_dag.py
[2025-09-04T13:22:31.100+0000] {processor.py:830} INFO - Processing file /opt/airflow/dags/tcc_pipeline_dag.py for tasks to queue
[2025-09-04T13:22:31.102+0000] {logging_mixin.py:188} INFO - [2025-09-04T13:22:31.101+0000] {dagbag.py:545} INFO - Filling up the DagBag from /opt/airflow/dags/tcc_pipeline_dag.py
[2025-09-04T13:22:31.155+0000] {processor.py:840} INFO - DAG(s) 'pipeline_dados_transito_tcc' retrieved from /opt/airflow/dags/tcc_pipeline_dag.py
[2025-09-04T13:22:31.204+0000] {logging_mixin.py:188} INFO - [2025-09-04T13:22:31.203+0000] {dag.py:3096} INFO - Sync 1 DAGs
[2025-09-04T13:22:31.241+0000] {logging_mixin.py:188} INFO - [2025-09-04T13:22:31.241+0000] {dag.py:3954} INFO - Setting next_dagrun for pipeline_dados_transito_tcc to 2025-09-04 08:00:00+00:00, run_after=2025-09-05 08:00:00+00:00
[2025-09-04T13:22:31.278+0000] {processor.py:183} INFO - Processing /opt/airflow/dags/tcc_pipeline_dag.py took 0.191 seconds
[2025-09-04T13:23:01.524+0000] {processor.py:161} INFO - Started process (PID=172) to work on /opt/airflow/dags/tcc_pipeline_dag.py
[2025-09-04T13:23:01.527+0000] {processor.py:830} INFO - Processing file /opt/airflow/dags/tcc_pipeline_dag.py for tasks to queue
[2025-09-04T13:23:01.528+0000] {logging_mixin.py:188} INFO - [2025-09-04T13:23:01.528+0000] {dagbag.py:545} INFO - Filling up the DagBag from /opt/airflow/dags/tcc_pipeline_dag.py
[2025-09-04T13:23:01.603+0000] {processor.py:840} INFO - DAG(s) 'pipeline_dados_transito_tcc' retrieved from /opt/airflow/dags/tcc_pipeline_dag.py
[2025-09-04T13:23:01.676+0000] {logging_mixin.py:188} INFO - [2025-09-04T13:23:01.675+0000] {dag.py:3096} INFO - Sync 1 DAGs
[2025-09-04T13:23:01.731+0000] {logging_mixin.py:188} INFO - [2025-09-04T13:23:01.731+0000] {dag.py:3954} INFO - Setting next_dagrun for pipeline_dados_transito_tcc to 2025-09-04 08:00:00+00:00, run_after=2025-09-05 08:00:00+00:00
[2025-09-04T13:23:01.757+0000] {processor.py:183} INFO - Processing /opt/airflow/dags/tcc_pipeline_dag.py took 0.240 seconds
[2025-09-04T13:24:18.109+0000] {processor.py:161} INFO - Started process (PID=63) to work on /opt/airflow/dags/tcc_pipeline_dag.py
[2025-09-04T13:24:18.111+0000] {processor.py:830} INFO - Processing file /opt/airflow/dags/tcc_pipeline_dag.py for tasks to queue
[2025-09-04T13:24:18.115+0000] {logging_mixin.py:188} INFO - [2025-09-04T13:24:18.115+0000] {dagbag.py:545} INFO - Filling up the DagBag from /opt/airflow/dags/tcc_pipeline_dag.py
[2025-09-04T13:24:18.191+0000] {processor.py:840} INFO - DAG(s) 'pipeline_dados_transito_tcc' retrieved from /opt/airflow/dags/tcc_pipeline_dag.py
[2025-09-04T13:24:18.564+0000] {logging_mixin.py:188} INFO - [2025-09-04T13:24:18.563+0000] {dag.py:3096} INFO - Sync 1 DAGs
[2025-09-04T13:24:18.669+0000] {logging_mixin.py:188} INFO - [2025-09-04T13:24:18.669+0000] {dag.py:3954} INFO - Setting next_dagrun for pipeline_dados_transito_tcc to 2025-09-04 08:00:00+00:00, run_after=2025-09-05 08:00:00+00:00
[2025-09-04T13:24:18.849+0000] {processor.py:183} INFO - Processing /opt/airflow/dags/tcc_pipeline_dag.py took 0.751 seconds
[2025-09-04T13:24:49.203+0000] {processor.py:161} INFO - Started process (PID=70) to work on /opt/airflow/dags/tcc_pipeline_dag.py
[2025-09-04T13:24:49.205+0000] {processor.py:830} INFO - Processing file /opt/airflow/dags/tcc_pipeline_dag.py for tasks to queue
[2025-09-04T13:24:49.209+0000] {logging_mixin.py:188} INFO - [2025-09-04T13:24:49.208+0000] {dagbag.py:545} INFO - Filling up the DagBag from /opt/airflow/dags/tcc_pipeline_dag.py
[2025-09-04T13:24:49.272+0000] {processor.py:840} INFO - DAG(s) 'pipeline_dados_transito_tcc' retrieved from /opt/airflow/dags/tcc_pipeline_dag.py
[2025-09-04T13:24:49.315+0000] {logging_mixin.py:188} INFO - [2025-09-04T13:24:49.315+0000] {dag.py:3096} INFO - Sync 1 DAGs
[2025-09-04T13:24:49.353+0000] {logging_mixin.py:188} INFO - [2025-09-04T13:24:49.352+0000] {dag.py:3954} INFO - Setting next_dagrun for pipeline_dados_transito_tcc to 2025-09-04 08:00:00+00:00, run_after=2025-09-05 08:00:00+00:00
[2025-09-04T13:24:49.396+0000] {processor.py:183} INFO - Processing /opt/airflow/dags/tcc_pipeline_dag.py took 0.199 seconds
[2025-09-04T13:25:19.841+0000] {processor.py:161} INFO - Started process (PID=81) to work on /opt/airflow/dags/tcc_pipeline_dag.py
[2025-09-04T13:25:19.843+0000] {processor.py:830} INFO - Processing file /opt/airflow/dags/tcc_pipeline_dag.py for tasks to queue
[2025-09-04T13:25:19.846+0000] {logging_mixin.py:188} INFO - [2025-09-04T13:25:19.845+0000] {dagbag.py:545} INFO - Filling up the DagBag from /opt/airflow/dags/tcc_pipeline_dag.py
[2025-09-04T13:25:19.889+0000] {processor.py:840} INFO - DAG(s) 'pipeline_dados_transito_tcc' retrieved from /opt/airflow/dags/tcc_pipeline_dag.py
[2025-09-04T13:25:19.925+0000] {logging_mixin.py:188} INFO - [2025-09-04T13:25:19.925+0000] {dag.py:3096} INFO - Sync 1 DAGs
[2025-09-04T13:25:19.969+0000] {logging_mixin.py:188} INFO - [2025-09-04T13:25:19.968+0000] {dag.py:3954} INFO - Setting next_dagrun for pipeline_dados_transito_tcc to 2025-09-04 08:00:00+00:00, run_after=2025-09-05 08:00:00+00:00
[2025-09-04T13:25:20.032+0000] {processor.py:183} INFO - Processing /opt/airflow/dags/tcc_pipeline_dag.py took 0.199 seconds
[2025-09-04T13:25:50.279+0000] {processor.py:161} INFO - Started process (PID=88) to work on /opt/airflow/dags/tcc_pipeline_dag.py
[2025-09-04T13:25:50.282+0000] {processor.py:830} INFO - Processing file /opt/airflow/dags/tcc_pipeline_dag.py for tasks to queue
[2025-09-04T13:25:50.284+0000] {logging_mixin.py:188} INFO - [2025-09-04T13:25:50.284+0000] {dagbag.py:545} INFO - Filling up the DagBag from /opt/airflow/dags/tcc_pipeline_dag.py
[2025-09-04T13:25:50.330+0000] {processor.py:840} INFO - DAG(s) 'pipeline_dados_transito_tcc' retrieved from /opt/airflow/dags/tcc_pipeline_dag.py
[2025-09-04T13:25:50.371+0000] {logging_mixin.py:188} INFO - [2025-09-04T13:25:50.371+0000] {dag.py:3096} INFO - Sync 1 DAGs
[2025-09-04T13:25:50.399+0000] {logging_mixin.py:188} INFO - [2025-09-04T13:25:50.398+0000] {dag.py:3954} INFO - Setting next_dagrun for pipeline_dados_transito_tcc to 2025-09-04 08:00:00+00:00, run_after=2025-09-05 08:00:00+00:00
[2025-09-04T13:25:50.422+0000] {processor.py:183} INFO - Processing /opt/airflow/dags/tcc_pipeline_dag.py took 0.152 seconds
[2025-09-04T13:26:20.727+0000] {processor.py:161} INFO - Started process (PID=95) to work on /opt/airflow/dags/tcc_pipeline_dag.py
[2025-09-04T13:26:20.730+0000] {processor.py:830} INFO - Processing file /opt/airflow/dags/tcc_pipeline_dag.py for tasks to queue
[2025-09-04T13:26:20.732+0000] {logging_mixin.py:188} INFO - [2025-09-04T13:26:20.732+0000] {dagbag.py:545} INFO - Filling up the DagBag from /opt/airflow/dags/tcc_pipeline_dag.py
[2025-09-04T13:26:20.775+0000] {processor.py:840} INFO - DAG(s) 'pipeline_dados_transito_tcc' retrieved from /opt/airflow/dags/tcc_pipeline_dag.py
[2025-09-04T13:26:20.813+0000] {logging_mixin.py:188} INFO - [2025-09-04T13:26:20.813+0000] {dag.py:3096} INFO - Sync 1 DAGs
[2025-09-04T13:26:20.848+0000] {logging_mixin.py:188} INFO - [2025-09-04T13:26:20.848+0000] {dag.py:3954} INFO - Setting next_dagrun for pipeline_dados_transito_tcc to 2025-09-04 08:00:00+00:00, run_after=2025-09-05 08:00:00+00:00
[2025-09-04T13:26:20.880+0000] {processor.py:183} INFO - Processing /opt/airflow/dags/tcc_pipeline_dag.py took 0.162 seconds
[2025-09-04T13:26:51.036+0000] {processor.py:161} INFO - Started process (PID=103) to work on /opt/airflow/dags/tcc_pipeline_dag.py
[2025-09-04T13:26:51.037+0000] {processor.py:830} INFO - Processing file /opt/airflow/dags/tcc_pipeline_dag.py for tasks to queue
[2025-09-04T13:26:51.040+0000] {logging_mixin.py:188} INFO - [2025-09-04T13:26:51.039+0000] {dagbag.py:545} INFO - Filling up the DagBag from /opt/airflow/dags/tcc_pipeline_dag.py
[2025-09-04T13:26:51.081+0000] {processor.py:840} INFO - DAG(s) 'pipeline_dados_transito_tcc' retrieved from /opt/airflow/dags/tcc_pipeline_dag.py
[2025-09-04T13:26:51.120+0000] {logging_mixin.py:188} INFO - [2025-09-04T13:26:51.120+0000] {dag.py:3096} INFO - Sync 1 DAGs
[2025-09-04T13:26:51.150+0000] {logging_mixin.py:188} INFO - [2025-09-04T13:26:51.150+0000] {dag.py:3954} INFO - Setting next_dagrun for pipeline_dados_transito_tcc to 2025-09-04 08:00:00+00:00, run_after=2025-09-05 08:00:00+00:00
[2025-09-04T13:26:51.182+0000] {processor.py:183} INFO - Processing /opt/airflow/dags/tcc_pipeline_dag.py took 0.154 seconds
[2025-09-04T13:27:21.497+0000] {processor.py:161} INFO - Started process (PID=110) to work on /opt/airflow/dags/tcc_pipeline_dag.py
[2025-09-04T13:27:21.499+0000] {processor.py:830} INFO - Processing file /opt/airflow/dags/tcc_pipeline_dag.py for tasks to queue
[2025-09-04T13:27:21.502+0000] {logging_mixin.py:188} INFO - [2025-09-04T13:27:21.501+0000] {dagbag.py:545} INFO - Filling up the DagBag from /opt/airflow/dags/tcc_pipeline_dag.py
[2025-09-04T13:27:21.540+0000] {processor.py:840} INFO - DAG(s) 'pipeline_dados_transito_tcc' retrieved from /opt/airflow/dags/tcc_pipeline_dag.py
[2025-09-04T13:27:21.568+0000] {logging_mixin.py:188} INFO - [2025-09-04T13:27:21.568+0000] {dag.py:3096} INFO - Sync 1 DAGs
[2025-09-04T13:27:21.593+0000] {logging_mixin.py:188} INFO - [2025-09-04T13:27:21.593+0000] {dag.py:3954} INFO - Setting next_dagrun for pipeline_dados_transito_tcc to 2025-09-04 08:00:00+00:00, run_after=2025-09-05 08:00:00+00:00
[2025-09-04T13:27:21.620+0000] {processor.py:183} INFO - Processing /opt/airflow/dags/tcc_pipeline_dag.py took 0.132 seconds
[2025-09-04T13:27:51.971+0000] {processor.py:161} INFO - Started process (PID=117) to work on /opt/airflow/dags/tcc_pipeline_dag.py
[2025-09-04T13:27:51.972+0000] {processor.py:830} INFO - Processing file /opt/airflow/dags/tcc_pipeline_dag.py for tasks to queue
[2025-09-04T13:27:51.975+0000] {logging_mixin.py:188} INFO - [2025-09-04T13:27:51.975+0000] {dagbag.py:545} INFO - Filling up the DagBag from /opt/airflow/dags/tcc_pipeline_dag.py
[2025-09-04T13:27:52.029+0000] {processor.py:840} INFO - DAG(s) 'pipeline_dados_transito_tcc' retrieved from /opt/airflow/dags/tcc_pipeline_dag.py
[2025-09-04T13:27:52.060+0000] {logging_mixin.py:188} INFO - [2025-09-04T13:27:52.059+0000] {dag.py:3096} INFO - Sync 1 DAGs
[2025-09-04T13:27:52.085+0000] {logging_mixin.py:188} INFO - [2025-09-04T13:27:52.084+0000] {dag.py:3954} INFO - Setting next_dagrun for pipeline_dados_transito_tcc to 2025-09-04 08:00:00+00:00, run_after=2025-09-05 08:00:00+00:00
[2025-09-04T13:27:52.121+0000] {processor.py:183} INFO - Processing /opt/airflow/dags/tcc_pipeline_dag.py took 0.162 seconds
[2025-09-04T13:28:22.374+0000] {processor.py:161} INFO - Started process (PID=124) to work on /opt/airflow/dags/tcc_pipeline_dag.py
[2025-09-04T13:28:22.376+0000] {processor.py:830} INFO - Processing file /opt/airflow/dags/tcc_pipeline_dag.py for tasks to queue
[2025-09-04T13:28:22.378+0000] {logging_mixin.py:188} INFO - [2025-09-04T13:28:22.378+0000] {dagbag.py:545} INFO - Filling up the DagBag from /opt/airflow/dags/tcc_pipeline_dag.py
[2025-09-04T13:28:22.410+0000] {processor.py:840} INFO - DAG(s) 'pipeline_dados_transito_tcc' retrieved from /opt/airflow/dags/tcc_pipeline_dag.py
[2025-09-04T13:28:22.440+0000] {logging_mixin.py:188} INFO - [2025-09-04T13:28:22.440+0000] {dag.py:3096} INFO - Sync 1 DAGs
[2025-09-04T13:28:22.466+0000] {logging_mixin.py:188} INFO - [2025-09-04T13:28:22.466+0000] {dag.py:3954} INFO - Setting next_dagrun for pipeline_dados_transito_tcc to 2025-09-04 08:00:00+00:00, run_after=2025-09-05 08:00:00+00:00
[2025-09-04T13:28:22.495+0000] {processor.py:183} INFO - Processing /opt/airflow/dags/tcc_pipeline_dag.py took 0.128 seconds
[2025-09-04T13:28:52.832+0000] {processor.py:161} INFO - Started process (PID=131) to work on /opt/airflow/dags/tcc_pipeline_dag.py
[2025-09-04T13:28:52.835+0000] {processor.py:830} INFO - Processing file /opt/airflow/dags/tcc_pipeline_dag.py for tasks to queue
[2025-09-04T13:28:52.840+0000] {logging_mixin.py:188} INFO - [2025-09-04T13:28:52.840+0000] {dagbag.py:545} INFO - Filling up the DagBag from /opt/airflow/dags/tcc_pipeline_dag.py
[2025-09-04T13:28:52.919+0000] {processor.py:840} INFO - DAG(s) 'pipeline_dados_transito_tcc' retrieved from /opt/airflow/dags/tcc_pipeline_dag.py
[2025-09-04T13:28:52.957+0000] {logging_mixin.py:188} INFO - [2025-09-04T13:28:52.956+0000] {dag.py:3096} INFO - Sync 1 DAGs
[2025-09-04T13:28:52.982+0000] {logging_mixin.py:188} INFO - [2025-09-04T13:28:52.982+0000] {dag.py:3954} INFO - Setting next_dagrun for pipeline_dados_transito_tcc to 2025-09-04 08:00:00+00:00, run_after=2025-09-05 08:00:00+00:00
[2025-09-04T13:28:53.008+0000] {processor.py:183} INFO - Processing /opt/airflow/dags/tcc_pipeline_dag.py took 0.183 seconds
[2025-09-04T13:29:23.270+0000] {processor.py:161} INFO - Started process (PID=143) to work on /opt/airflow/dags/tcc_pipeline_dag.py
[2025-09-04T13:29:23.271+0000] {processor.py:830} INFO - Processing file /opt/airflow/dags/tcc_pipeline_dag.py for tasks to queue
[2025-09-04T13:29:23.274+0000] {logging_mixin.py:188} INFO - [2025-09-04T13:29:23.274+0000] {dagbag.py:545} INFO - Filling up the DagBag from /opt/airflow/dags/tcc_pipeline_dag.py
[2025-09-04T13:29:23.351+0000] {processor.py:840} INFO - DAG(s) 'pipeline_dados_transito_tcc' retrieved from /opt/airflow/dags/tcc_pipeline_dag.py
[2025-09-04T13:29:23.434+0000] {logging_mixin.py:188} INFO - [2025-09-04T13:29:23.434+0000] {dag.py:3096} INFO - Sync 1 DAGs
[2025-09-04T13:29:23.464+0000] {logging_mixin.py:188} INFO - [2025-09-04T13:29:23.464+0000] {dag.py:3954} INFO - Setting next_dagrun for pipeline_dados_transito_tcc to 2025-09-04 08:00:00+00:00, run_after=2025-09-05 08:00:00+00:00
[2025-09-04T13:29:23.489+0000] {processor.py:183} INFO - Processing /opt/airflow/dags/tcc_pipeline_dag.py took 0.227 seconds
[2025-09-04T13:29:53.737+0000] {processor.py:161} INFO - Started process (PID=150) to work on /opt/airflow/dags/tcc_pipeline_dag.py
[2025-09-04T13:29:53.739+0000] {processor.py:830} INFO - Processing file /opt/airflow/dags/tcc_pipeline_dag.py for tasks to queue
[2025-09-04T13:29:53.741+0000] {logging_mixin.py:188} INFO - [2025-09-04T13:29:53.741+0000] {dagbag.py:545} INFO - Filling up the DagBag from /opt/airflow/dags/tcc_pipeline_dag.py
[2025-09-04T13:29:53.780+0000] {processor.py:840} INFO - DAG(s) 'pipeline_dados_transito_tcc' retrieved from /opt/airflow/dags/tcc_pipeline_dag.py
[2025-09-04T13:29:53.817+0000] {logging_mixin.py:188} INFO - [2025-09-04T13:29:53.817+0000] {dag.py:3096} INFO - Sync 1 DAGs
[2025-09-04T13:29:53.848+0000] {logging_mixin.py:188} INFO - [2025-09-04T13:29:53.848+0000] {dag.py:3954} INFO - Setting next_dagrun for pipeline_dados_transito_tcc to 2025-09-04 08:00:00+00:00, run_after=2025-09-05 08:00:00+00:00
[2025-09-04T13:29:53.882+0000] {processor.py:183} INFO - Processing /opt/airflow/dags/tcc_pipeline_dag.py took 0.153 seconds
[2025-09-04T13:30:24.018+0000] {processor.py:161} INFO - Started process (PID=157) to work on /opt/airflow/dags/tcc_pipeline_dag.py
[2025-09-04T13:30:24.023+0000] {processor.py:830} INFO - Processing file /opt/airflow/dags/tcc_pipeline_dag.py for tasks to queue
[2025-09-04T13:30:24.026+0000] {logging_mixin.py:188} INFO - [2025-09-04T13:30:24.026+0000] {dagbag.py:545} INFO - Filling up the DagBag from /opt/airflow/dags/tcc_pipeline_dag.py
[2025-09-04T13:30:24.080+0000] {processor.py:840} INFO - DAG(s) 'pipeline_dados_transito_tcc' retrieved from /opt/airflow/dags/tcc_pipeline_dag.py
[2025-09-04T13:30:24.119+0000] {logging_mixin.py:188} INFO - [2025-09-04T13:30:24.119+0000] {dag.py:3096} INFO - Sync 1 DAGs
[2025-09-04T13:30:24.141+0000] {logging_mixin.py:188} INFO - [2025-09-04T13:30:24.141+0000] {dag.py:3954} INFO - Setting next_dagrun for pipeline_dados_transito_tcc to 2025-09-04 08:00:00+00:00, run_after=2025-09-05 08:00:00+00:00
[2025-09-04T13:30:24.163+0000] {processor.py:183} INFO - Processing /opt/airflow/dags/tcc_pipeline_dag.py took 0.161 seconds
[2025-09-04T13:30:54.405+0000] {processor.py:161} INFO - Started process (PID=164) to work on /opt/airflow/dags/tcc_pipeline_dag.py
[2025-09-04T13:30:54.407+0000] {processor.py:830} INFO - Processing file /opt/airflow/dags/tcc_pipeline_dag.py for tasks to queue
[2025-09-04T13:30:54.409+0000] {logging_mixin.py:188} INFO - [2025-09-04T13:30:54.409+0000] {dagbag.py:545} INFO - Filling up the DagBag from /opt/airflow/dags/tcc_pipeline_dag.py
[2025-09-04T13:30:54.461+0000] {processor.py:840} INFO - DAG(s) 'pipeline_dados_transito_tcc' retrieved from /opt/airflow/dags/tcc_pipeline_dag.py
[2025-09-04T13:30:54.520+0000] {logging_mixin.py:188} INFO - [2025-09-04T13:30:54.519+0000] {dag.py:3096} INFO - Sync 1 DAGs
[2025-09-04T13:30:54.571+0000] {logging_mixin.py:188} INFO - [2025-09-04T13:30:54.571+0000] {dag.py:3954} INFO - Setting next_dagrun for pipeline_dados_transito_tcc to 2025-09-04 08:00:00+00:00, run_after=2025-09-05 08:00:00+00:00
[2025-09-04T13:30:54.598+0000] {processor.py:183} INFO - Processing /opt/airflow/dags/tcc_pipeline_dag.py took 0.211 seconds
[2025-09-04T13:31:24.820+0000] {processor.py:161} INFO - Started process (PID=171) to work on /opt/airflow/dags/tcc_pipeline_dag.py
[2025-09-04T13:31:24.822+0000] {processor.py:830} INFO - Processing file /opt/airflow/dags/tcc_pipeline_dag.py for tasks to queue
[2025-09-04T13:31:24.825+0000] {logging_mixin.py:188} INFO - [2025-09-04T13:31:24.824+0000] {dagbag.py:545} INFO - Filling up the DagBag from /opt/airflow/dags/tcc_pipeline_dag.py
[2025-09-04T13:31:24.876+0000] {processor.py:840} INFO - DAG(s) 'pipeline_dados_transito_tcc' retrieved from /opt/airflow/dags/tcc_pipeline_dag.py
[2025-09-04T13:31:24.920+0000] {logging_mixin.py:188} INFO - [2025-09-04T13:31:24.919+0000] {dag.py:3096} INFO - Sync 1 DAGs
[2025-09-04T13:31:24.956+0000] {logging_mixin.py:188} INFO - [2025-09-04T13:31:24.955+0000] {dag.py:3954} INFO - Setting next_dagrun for pipeline_dados_transito_tcc to 2025-09-04 08:00:00+00:00, run_after=2025-09-05 08:00:00+00:00
[2025-09-04T13:31:24.983+0000] {processor.py:183} INFO - Processing /opt/airflow/dags/tcc_pipeline_dag.py took 0.173 seconds
[2025-09-04T13:31:55.276+0000] {processor.py:161} INFO - Started process (PID=178) to work on /opt/airflow/dags/tcc_pipeline_dag.py
[2025-09-04T13:31:55.283+0000] {processor.py:830} INFO - Processing file /opt/airflow/dags/tcc_pipeline_dag.py for tasks to queue
[2025-09-04T13:31:55.287+0000] {logging_mixin.py:188} INFO - [2025-09-04T13:31:55.286+0000] {dagbag.py:545} INFO - Filling up the DagBag from /opt/airflow/dags/tcc_pipeline_dag.py
[2025-09-04T13:31:55.339+0000] {processor.py:840} INFO - DAG(s) 'pipeline_dados_transito_tcc' retrieved from /opt/airflow/dags/tcc_pipeline_dag.py
[2025-09-04T13:31:55.377+0000] {logging_mixin.py:188} INFO - [2025-09-04T13:31:55.377+0000] {dag.py:3096} INFO - Sync 1 DAGs
[2025-09-04T13:31:55.409+0000] {logging_mixin.py:188} INFO - [2025-09-04T13:31:55.409+0000] {dag.py:3954} INFO - Setting next_dagrun for pipeline_dados_transito_tcc to 2025-09-04 08:00:00+00:00, run_after=2025-09-05 08:00:00+00:00
[2025-09-04T13:31:55.443+0000] {processor.py:183} INFO - Processing /opt/airflow/dags/tcc_pipeline_dag.py took 0.178 seconds
[2025-09-04T13:32:25.612+0000] {processor.py:161} INFO - Started process (PID=185) to work on /opt/airflow/dags/tcc_pipeline_dag.py
[2025-09-04T13:32:25.616+0000] {processor.py:830} INFO - Processing file /opt/airflow/dags/tcc_pipeline_dag.py for tasks to queue
[2025-09-04T13:32:25.619+0000] {logging_mixin.py:188} INFO - [2025-09-04T13:32:25.618+0000] {dagbag.py:545} INFO - Filling up the DagBag from /opt/airflow/dags/tcc_pipeline_dag.py
[2025-09-04T13:32:25.659+0000] {processor.py:840} INFO - DAG(s) 'pipeline_dados_transito_tcc' retrieved from /opt/airflow/dags/tcc_pipeline_dag.py
[2025-09-04T13:32:25.688+0000] {logging_mixin.py:188} INFO - [2025-09-04T13:32:25.688+0000] {dag.py:3096} INFO - Sync 1 DAGs
[2025-09-04T13:32:25.713+0000] {logging_mixin.py:188} INFO - [2025-09-04T13:32:25.713+0000] {dag.py:3954} INFO - Setting next_dagrun for pipeline_dados_transito_tcc to 2025-09-04 08:00:00+00:00, run_after=2025-09-05 08:00:00+00:00
[2025-09-04T13:32:25.733+0000] {processor.py:183} INFO - Processing /opt/airflow/dags/tcc_pipeline_dag.py took 0.127 seconds
[2025-09-04T13:32:55.910+0000] {processor.py:161} INFO - Started process (PID=192) to work on /opt/airflow/dags/tcc_pipeline_dag.py
[2025-09-04T13:32:55.912+0000] {processor.py:830} INFO - Processing file /opt/airflow/dags/tcc_pipeline_dag.py for tasks to queue
[2025-09-04T13:32:55.915+0000] {logging_mixin.py:188} INFO - [2025-09-04T13:32:55.915+0000] {dagbag.py:545} INFO - Filling up the DagBag from /opt/airflow/dags/tcc_pipeline_dag.py
[2025-09-04T13:32:55.958+0000] {processor.py:840} INFO - DAG(s) 'pipeline_dados_transito_tcc' retrieved from /opt/airflow/dags/tcc_pipeline_dag.py
[2025-09-04T13:32:55.996+0000] {logging_mixin.py:188} INFO - [2025-09-04T13:32:55.996+0000] {dag.py:3096} INFO - Sync 1 DAGs
[2025-09-04T13:32:56.026+0000] {logging_mixin.py:188} INFO - [2025-09-04T13:32:56.026+0000] {dag.py:3954} INFO - Setting next_dagrun for pipeline_dados_transito_tcc to 2025-09-04 08:00:00+00:00, run_after=2025-09-05 08:00:00+00:00
[2025-09-04T13:32:56.053+0000] {processor.py:183} INFO - Processing /opt/airflow/dags/tcc_pipeline_dag.py took 0.150 seconds
[2025-09-04T13:33:57.363+0000] {processor.py:161} INFO - Started process (PID=58) to work on /opt/airflow/dags/tcc_pipeline_dag.py
[2025-09-04T13:33:57.365+0000] {processor.py:830} INFO - Processing file /opt/airflow/dags/tcc_pipeline_dag.py for tasks to queue
[2025-09-04T13:33:57.368+0000] {logging_mixin.py:188} INFO - [2025-09-04T13:33:57.368+0000] {dagbag.py:545} INFO - Filling up the DagBag from /opt/airflow/dags/tcc_pipeline_dag.py
[2025-09-04T13:33:57.423+0000] {processor.py:840} INFO - DAG(s) 'pipeline_dados_transito_tcc' retrieved from /opt/airflow/dags/tcc_pipeline_dag.py
[2025-09-04T13:33:57.834+0000] {logging_mixin.py:188} INFO - [2025-09-04T13:33:57.834+0000] {dag.py:3096} INFO - Sync 1 DAGs
[2025-09-04T13:33:57.864+0000] {logging_mixin.py:188} INFO - [2025-09-04T13:33:57.864+0000] {dag.py:3954} INFO - Setting next_dagrun for pipeline_dados_transito_tcc to 2025-09-04 08:00:00+00:00, run_after=2025-09-05 08:00:00+00:00
[2025-09-04T13:33:57.899+0000] {processor.py:183} INFO - Processing /opt/airflow/dags/tcc_pipeline_dag.py took 0.544 seconds
[2025-09-04T13:34:28.261+0000] {processor.py:161} INFO - Started process (PID=69) to work on /opt/airflow/dags/tcc_pipeline_dag.py
[2025-09-04T13:34:28.263+0000] {processor.py:830} INFO - Processing file /opt/airflow/dags/tcc_pipeline_dag.py for tasks to queue
[2025-09-04T13:34:28.267+0000] {logging_mixin.py:188} INFO - [2025-09-04T13:34:28.266+0000] {dagbag.py:545} INFO - Filling up the DagBag from /opt/airflow/dags/tcc_pipeline_dag.py
[2025-09-04T13:34:28.321+0000] {processor.py:840} INFO - DAG(s) 'pipeline_dados_transito_tcc' retrieved from /opt/airflow/dags/tcc_pipeline_dag.py
[2025-09-04T13:34:28.438+0000] {logging_mixin.py:188} INFO - [2025-09-04T13:34:28.438+0000] {dag.py:3096} INFO - Sync 1 DAGs
[2025-09-04T13:34:28.500+0000] {logging_mixin.py:188} INFO - [2025-09-04T13:34:28.499+0000] {dag.py:3954} INFO - Setting next_dagrun for pipeline_dados_transito_tcc to 2025-09-04 08:00:00+00:00, run_after=2025-09-05 08:00:00+00:00
[2025-09-04T13:34:28.568+0000] {processor.py:183} INFO - Processing /opt/airflow/dags/tcc_pipeline_dag.py took 0.321 seconds
[2025-09-04T13:34:58.934+0000] {processor.py:161} INFO - Started process (PID=81) to work on /opt/airflow/dags/tcc_pipeline_dag.py
[2025-09-04T13:34:58.935+0000] {processor.py:830} INFO - Processing file /opt/airflow/dags/tcc_pipeline_dag.py for tasks to queue
[2025-09-04T13:34:58.939+0000] {logging_mixin.py:188} INFO - [2025-09-04T13:34:58.938+0000] {dagbag.py:545} INFO - Filling up the DagBag from /opt/airflow/dags/tcc_pipeline_dag.py
[2025-09-04T13:34:58.978+0000] {processor.py:840} INFO - DAG(s) 'pipeline_dados_transito_tcc' retrieved from /opt/airflow/dags/tcc_pipeline_dag.py
[2025-09-04T13:34:59.019+0000] {logging_mixin.py:188} INFO - [2025-09-04T13:34:59.018+0000] {dag.py:3096} INFO - Sync 1 DAGs
[2025-09-04T13:34:59.047+0000] {logging_mixin.py:188} INFO - [2025-09-04T13:34:59.047+0000] {dag.py:3954} INFO - Setting next_dagrun for pipeline_dados_transito_tcc to 2025-09-04 08:00:00+00:00, run_after=2025-09-05 08:00:00+00:00
[2025-09-04T13:34:59.068+0000] {processor.py:183} INFO - Processing /opt/airflow/dags/tcc_pipeline_dag.py took 0.145 seconds
[2025-09-04T13:35:29.260+0000] {processor.py:161} INFO - Started process (PID=88) to work on /opt/airflow/dags/tcc_pipeline_dag.py
[2025-09-04T13:35:29.263+0000] {processor.py:830} INFO - Processing file /opt/airflow/dags/tcc_pipeline_dag.py for tasks to queue
[2025-09-04T13:35:29.267+0000] {logging_mixin.py:188} INFO - [2025-09-04T13:35:29.267+0000] {dagbag.py:545} INFO - Filling up the DagBag from /opt/airflow/dags/tcc_pipeline_dag.py
[2025-09-04T13:35:29.322+0000] {processor.py:840} INFO - DAG(s) 'pipeline_dados_transito_tcc' retrieved from /opt/airflow/dags/tcc_pipeline_dag.py
[2025-09-04T13:35:29.380+0000] {logging_mixin.py:188} INFO - [2025-09-04T13:35:29.380+0000] {dag.py:3096} INFO - Sync 1 DAGs
[2025-09-04T13:35:29.422+0000] {logging_mixin.py:188} INFO - [2025-09-04T13:35:29.422+0000] {dag.py:3954} INFO - Setting next_dagrun for pipeline_dados_transito_tcc to 2025-09-04 08:00:00+00:00, run_after=2025-09-05 08:00:00+00:00
[2025-09-04T13:35:29.460+0000] {processor.py:183} INFO - Processing /opt/airflow/dags/tcc_pipeline_dag.py took 0.209 seconds
[2025-09-04T13:35:59.674+0000] {processor.py:161} INFO - Started process (PID=95) to work on /opt/airflow/dags/tcc_pipeline_dag.py
[2025-09-04T13:35:59.676+0000] {processor.py:830} INFO - Processing file /opt/airflow/dags/tcc_pipeline_dag.py for tasks to queue
[2025-09-04T13:35:59.699+0000] {logging_mixin.py:188} INFO - [2025-09-04T13:35:59.698+0000] {dagbag.py:545} INFO - Filling up the DagBag from /opt/airflow/dags/tcc_pipeline_dag.py
[2025-09-04T13:35:59.741+0000] {processor.py:840} INFO - DAG(s) 'pipeline_dados_transito_tcc' retrieved from /opt/airflow/dags/tcc_pipeline_dag.py
[2025-09-04T13:35:59.780+0000] {logging_mixin.py:188} INFO - [2025-09-04T13:35:59.780+0000] {dag.py:3096} INFO - Sync 1 DAGs
[2025-09-04T13:35:59.807+0000] {logging_mixin.py:188} INFO - [2025-09-04T13:35:59.807+0000] {dag.py:3954} INFO - Setting next_dagrun for pipeline_dados_transito_tcc to 2025-09-04 08:00:00+00:00, run_after=2025-09-05 08:00:00+00:00
[2025-09-04T13:35:59.850+0000] {processor.py:183} INFO - Processing /opt/airflow/dags/tcc_pipeline_dag.py took 0.187 seconds
[2025-09-04T13:36:30.003+0000] {processor.py:161} INFO - Started process (PID=102) to work on /opt/airflow/dags/tcc_pipeline_dag.py
[2025-09-04T13:36:30.005+0000] {processor.py:830} INFO - Processing file /opt/airflow/dags/tcc_pipeline_dag.py for tasks to queue
[2025-09-04T13:36:30.007+0000] {logging_mixin.py:188} INFO - [2025-09-04T13:36:30.007+0000] {dagbag.py:545} INFO - Filling up the DagBag from /opt/airflow/dags/tcc_pipeline_dag.py
[2025-09-04T13:36:30.055+0000] {processor.py:840} INFO - DAG(s) 'pipeline_dados_transito_tcc' retrieved from /opt/airflow/dags/tcc_pipeline_dag.py
[2025-09-04T13:36:30.196+0000] {logging_mixin.py:188} INFO - [2025-09-04T13:36:30.196+0000] {dag.py:3096} INFO - Sync 1 DAGs
[2025-09-04T13:36:30.225+0000] {logging_mixin.py:188} INFO - [2025-09-04T13:36:30.225+0000] {dag.py:3954} INFO - Setting next_dagrun for pipeline_dados_transito_tcc to 2025-09-04 08:00:00+00:00, run_after=2025-09-05 08:00:00+00:00
[2025-09-04T13:36:30.255+0000] {processor.py:183} INFO - Processing /opt/airflow/dags/tcc_pipeline_dag.py took 0.260 seconds
[2025-09-04T13:37:00.504+0000] {processor.py:161} INFO - Started process (PID=109) to work on /opt/airflow/dags/tcc_pipeline_dag.py
[2025-09-04T13:37:00.506+0000] {processor.py:830} INFO - Processing file /opt/airflow/dags/tcc_pipeline_dag.py for tasks to queue
[2025-09-04T13:37:00.510+0000] {logging_mixin.py:188} INFO - [2025-09-04T13:37:00.509+0000] {dagbag.py:545} INFO - Filling up the DagBag from /opt/airflow/dags/tcc_pipeline_dag.py
[2025-09-04T13:37:00.568+0000] {processor.py:840} INFO - DAG(s) 'pipeline_dados_transito_tcc' retrieved from /opt/airflow/dags/tcc_pipeline_dag.py
[2025-09-04T13:37:00.610+0000] {logging_mixin.py:188} INFO - [2025-09-04T13:37:00.609+0000] {dag.py:3096} INFO - Sync 1 DAGs
[2025-09-04T13:37:00.636+0000] {logging_mixin.py:188} INFO - [2025-09-04T13:37:00.636+0000] {dag.py:3954} INFO - Setting next_dagrun for pipeline_dados_transito_tcc to 2025-09-04 08:00:00+00:00, run_after=2025-09-05 08:00:00+00:00
[2025-09-04T13:37:00.666+0000] {processor.py:183} INFO - Processing /opt/airflow/dags/tcc_pipeline_dag.py took 0.171 seconds
[2025-09-04T13:37:30.822+0000] {processor.py:161} INFO - Started process (PID=116) to work on /opt/airflow/dags/tcc_pipeline_dag.py
[2025-09-04T13:37:30.823+0000] {processor.py:830} INFO - Processing file /opt/airflow/dags/tcc_pipeline_dag.py for tasks to queue
[2025-09-04T13:37:30.826+0000] {logging_mixin.py:188} INFO - [2025-09-04T13:37:30.826+0000] {dagbag.py:545} INFO - Filling up the DagBag from /opt/airflow/dags/tcc_pipeline_dag.py
[2025-09-04T13:37:30.864+0000] {processor.py:840} INFO - DAG(s) 'pipeline_dados_transito_tcc' retrieved from /opt/airflow/dags/tcc_pipeline_dag.py
[2025-09-04T13:37:30.906+0000] {logging_mixin.py:188} INFO - [2025-09-04T13:37:30.906+0000] {dag.py:3096} INFO - Sync 1 DAGs
[2025-09-04T13:37:30.938+0000] {logging_mixin.py:188} INFO - [2025-09-04T13:37:30.938+0000] {dag.py:3954} INFO - Setting next_dagrun for pipeline_dados_transito_tcc to 2025-09-04 08:00:00+00:00, run_after=2025-09-05 08:00:00+00:00
[2025-09-04T13:37:30.978+0000] {processor.py:183} INFO - Processing /opt/airflow/dags/tcc_pipeline_dag.py took 0.164 seconds
[2025-09-04T13:38:01.299+0000] {processor.py:161} INFO - Started process (PID=123) to work on /opt/airflow/dags/tcc_pipeline_dag.py
[2025-09-04T13:38:01.301+0000] {processor.py:830} INFO - Processing file /opt/airflow/dags/tcc_pipeline_dag.py for tasks to queue
[2025-09-04T13:38:01.306+0000] {logging_mixin.py:188} INFO - [2025-09-04T13:38:01.305+0000] {dagbag.py:545} INFO - Filling up the DagBag from /opt/airflow/dags/tcc_pipeline_dag.py
[2025-09-04T13:38:01.384+0000] {processor.py:840} INFO - DAG(s) 'pipeline_dados_transito_tcc' retrieved from /opt/airflow/dags/tcc_pipeline_dag.py
[2025-09-04T13:38:01.425+0000] {logging_mixin.py:188} INFO - [2025-09-04T13:38:01.424+0000] {dag.py:3096} INFO - Sync 1 DAGs
[2025-09-04T13:38:01.462+0000] {logging_mixin.py:188} INFO - [2025-09-04T13:38:01.462+0000] {dag.py:3954} INFO - Setting next_dagrun for pipeline_dados_transito_tcc to 2025-09-04 08:00:00+00:00, run_after=2025-09-05 08:00:00+00:00
[2025-09-04T13:38:01.504+0000] {processor.py:183} INFO - Processing /opt/airflow/dags/tcc_pipeline_dag.py took 0.216 seconds
[2025-09-04T13:38:31.617+0000] {processor.py:161} INFO - Started process (PID=130) to work on /opt/airflow/dags/tcc_pipeline_dag.py
[2025-09-04T13:38:31.619+0000] {processor.py:830} INFO - Processing file /opt/airflow/dags/tcc_pipeline_dag.py for tasks to queue
[2025-09-04T13:38:31.623+0000] {logging_mixin.py:188} INFO - [2025-09-04T13:38:31.622+0000] {dagbag.py:545} INFO - Filling up the DagBag from /opt/airflow/dags/tcc_pipeline_dag.py
[2025-09-04T13:38:31.659+0000] {processor.py:840} INFO - DAG(s) 'pipeline_dados_transito_tcc' retrieved from /opt/airflow/dags/tcc_pipeline_dag.py
[2025-09-04T13:38:31.697+0000] {logging_mixin.py:188} INFO - [2025-09-04T13:38:31.696+0000] {dag.py:3096} INFO - Sync 1 DAGs
[2025-09-04T13:38:31.727+0000] {logging_mixin.py:188} INFO - [2025-09-04T13:38:31.726+0000] {dag.py:3954} INFO - Setting next_dagrun for pipeline_dados_transito_tcc to 2025-09-04 08:00:00+00:00, run_after=2025-09-05 08:00:00+00:00
[2025-09-04T13:38:31.760+0000] {processor.py:183} INFO - Processing /opt/airflow/dags/tcc_pipeline_dag.py took 0.154 seconds
[2025-09-04T13:39:02.215+0000] {processor.py:161} INFO - Started process (PID=137) to work on /opt/airflow/dags/tcc_pipeline_dag.py
[2025-09-04T13:39:02.217+0000] {processor.py:830} INFO - Processing file /opt/airflow/dags/tcc_pipeline_dag.py for tasks to queue
[2025-09-04T13:39:02.220+0000] {logging_mixin.py:188} INFO - [2025-09-04T13:39:02.219+0000] {dagbag.py:545} INFO - Filling up the DagBag from /opt/airflow/dags/tcc_pipeline_dag.py
[2025-09-04T13:39:02.264+0000] {processor.py:840} INFO - DAG(s) 'pipeline_dados_transito_tcc' retrieved from /opt/airflow/dags/tcc_pipeline_dag.py
[2025-09-04T13:39:02.299+0000] {logging_mixin.py:188} INFO - [2025-09-04T13:39:02.298+0000] {dag.py:3096} INFO - Sync 1 DAGs
[2025-09-04T13:39:02.325+0000] {logging_mixin.py:188} INFO - [2025-09-04T13:39:02.325+0000] {dag.py:3954} INFO - Setting next_dagrun for pipeline_dados_transito_tcc to 2025-09-04 08:00:00+00:00, run_after=2025-09-05 08:00:00+00:00
[2025-09-04T13:39:02.355+0000] {processor.py:183} INFO - Processing /opt/airflow/dags/tcc_pipeline_dag.py took 0.148 seconds
[2025-09-04T13:40:21.021+0000] {processor.py:161} INFO - Started process (PID=58) to work on /opt/airflow/dags/tcc_pipeline_dag.py
[2025-09-04T13:40:21.023+0000] {processor.py:830} INFO - Processing file /opt/airflow/dags/tcc_pipeline_dag.py for tasks to queue
[2025-09-04T13:40:21.026+0000] {logging_mixin.py:188} INFO - [2025-09-04T13:40:21.025+0000] {dagbag.py:545} INFO - Filling up the DagBag from /opt/airflow/dags/tcc_pipeline_dag.py
[2025-09-04T13:40:21.082+0000] {processor.py:840} INFO - DAG(s) 'pipeline_dados_transito_tcc' retrieved from /opt/airflow/dags/tcc_pipeline_dag.py
[2025-09-04T13:40:21.457+0000] {logging_mixin.py:188} INFO - [2025-09-04T13:40:21.456+0000] {override.py:1829} INFO - Created Permission View: can edit on DAG:pipeline_dados_transito_tcc
[2025-09-04T13:40:21.470+0000] {logging_mixin.py:188} INFO - [2025-09-04T13:40:21.470+0000] {override.py:1829} INFO - Created Permission View: can delete on DAG:pipeline_dados_transito_tcc
[2025-09-04T13:40:21.477+0000] {logging_mixin.py:188} INFO - [2025-09-04T13:40:21.477+0000] {override.py:1829} INFO - Created Permission View: can read on DAG:pipeline_dados_transito_tcc
[2025-09-04T13:40:21.478+0000] {logging_mixin.py:188} INFO - [2025-09-04T13:40:21.478+0000] {dag.py:3096} INFO - Sync 1 DAGs
[2025-09-04T13:40:21.489+0000] {logging_mixin.py:188} INFO - [2025-09-04T13:40:21.489+0000] {dag.py:3118} INFO - Creating ORM DAG for pipeline_dados_transito_tcc
[2025-09-04T13:40:21.508+0000] {logging_mixin.py:188} INFO - [2025-09-04T13:40:21.508+0000] {dag.py:3954} INFO - Setting next_dagrun for pipeline_dados_transito_tcc to 2025-09-04 08:00:00+00:00, run_after=2025-09-05 08:00:00+00:00
[2025-09-04T13:40:21.541+0000] {processor.py:183} INFO - Processing /opt/airflow/dags/tcc_pipeline_dag.py took 0.528 seconds
[2025-09-04T13:40:51.917+0000] {processor.py:161} INFO - Started process (PID=69) to work on /opt/airflow/dags/tcc_pipeline_dag.py
[2025-09-04T13:40:51.919+0000] {processor.py:830} INFO - Processing file /opt/airflow/dags/tcc_pipeline_dag.py for tasks to queue
[2025-09-04T13:40:51.922+0000] {logging_mixin.py:188} INFO - [2025-09-04T13:40:51.922+0000] {dagbag.py:545} INFO - Filling up the DagBag from /opt/airflow/dags/tcc_pipeline_dag.py
[2025-09-04T13:40:51.975+0000] {processor.py:840} INFO - DAG(s) 'pipeline_dados_transito_tcc' retrieved from /opt/airflow/dags/tcc_pipeline_dag.py
[2025-09-04T13:40:52.031+0000] {logging_mixin.py:188} INFO - [2025-09-04T13:40:52.030+0000] {dag.py:3096} INFO - Sync 1 DAGs
[2025-09-04T13:40:52.072+0000] {logging_mixin.py:188} INFO - [2025-09-04T13:40:52.071+0000] {dag.py:3954} INFO - Setting next_dagrun for pipeline_dados_transito_tcc to 2025-09-04 08:00:00+00:00, run_after=2025-09-05 08:00:00+00:00
[2025-09-04T13:40:52.114+0000] {processor.py:183} INFO - Processing /opt/airflow/dags/tcc_pipeline_dag.py took 0.209 seconds
[2025-09-04T13:41:22.299+0000] {processor.py:161} INFO - Started process (PID=76) to work on /opt/airflow/dags/tcc_pipeline_dag.py
[2025-09-04T13:41:22.301+0000] {processor.py:830} INFO - Processing file /opt/airflow/dags/tcc_pipeline_dag.py for tasks to queue
[2025-09-04T13:41:22.310+0000] {logging_mixin.py:188} INFO - [2025-09-04T13:41:22.309+0000] {dagbag.py:545} INFO - Filling up the DagBag from /opt/airflow/dags/tcc_pipeline_dag.py
[2025-09-04T13:41:22.383+0000] {processor.py:840} INFO - DAG(s) 'pipeline_dados_transito_tcc' retrieved from /opt/airflow/dags/tcc_pipeline_dag.py
[2025-09-04T13:41:22.432+0000] {logging_mixin.py:188} INFO - [2025-09-04T13:41:22.431+0000] {dag.py:3096} INFO - Sync 1 DAGs
[2025-09-04T13:41:22.467+0000] {logging_mixin.py:188} INFO - [2025-09-04T13:41:22.467+0000] {dag.py:3954} INFO - Setting next_dagrun for pipeline_dados_transito_tcc to 2025-09-04 08:00:00+00:00, run_after=2025-09-05 08:00:00+00:00
[2025-09-04T13:41:22.514+0000] {processor.py:183} INFO - Processing /opt/airflow/dags/tcc_pipeline_dag.py took 0.232 seconds
[2025-09-04T13:41:52.715+0000] {processor.py:161} INFO - Started process (PID=83) to work on /opt/airflow/dags/tcc_pipeline_dag.py
[2025-09-04T13:41:52.716+0000] {processor.py:830} INFO - Processing file /opt/airflow/dags/tcc_pipeline_dag.py for tasks to queue
[2025-09-04T13:41:52.721+0000] {logging_mixin.py:188} INFO - [2025-09-04T13:41:52.719+0000] {dagbag.py:545} INFO - Filling up the DagBag from /opt/airflow/dags/tcc_pipeline_dag.py
[2025-09-04T13:41:52.789+0000] {processor.py:840} INFO - DAG(s) 'pipeline_dados_transito_tcc' retrieved from /opt/airflow/dags/tcc_pipeline_dag.py
[2025-09-04T13:41:52.871+0000] {logging_mixin.py:188} INFO - [2025-09-04T13:41:52.871+0000] {dag.py:3096} INFO - Sync 1 DAGs
[2025-09-04T13:41:52.925+0000] {logging_mixin.py:188} INFO - [2025-09-04T13:41:52.925+0000] {dag.py:3954} INFO - Setting next_dagrun for pipeline_dados_transito_tcc to 2025-09-04 08:00:00+00:00, run_after=2025-09-05 08:00:00+00:00
[2025-09-04T13:41:52.969+0000] {processor.py:183} INFO - Processing /opt/airflow/dags/tcc_pipeline_dag.py took 0.264 seconds
[2025-09-04T13:42:23.079+0000] {processor.py:161} INFO - Started process (PID=90) to work on /opt/airflow/dags/tcc_pipeline_dag.py
[2025-09-04T13:42:23.080+0000] {processor.py:830} INFO - Processing file /opt/airflow/dags/tcc_pipeline_dag.py for tasks to queue
[2025-09-04T13:42:23.084+0000] {logging_mixin.py:188} INFO - [2025-09-04T13:42:23.084+0000] {dagbag.py:545} INFO - Filling up the DagBag from /opt/airflow/dags/tcc_pipeline_dag.py
[2025-09-04T13:42:23.121+0000] {processor.py:840} INFO - DAG(s) 'pipeline_dados_transito_tcc' retrieved from /opt/airflow/dags/tcc_pipeline_dag.py
[2025-09-04T13:42:23.151+0000] {logging_mixin.py:188} INFO - [2025-09-04T13:42:23.151+0000] {dag.py:3096} INFO - Sync 1 DAGs
[2025-09-04T13:42:23.189+0000] {logging_mixin.py:188} INFO - [2025-09-04T13:42:23.188+0000] {dag.py:3954} INFO - Setting next_dagrun for pipeline_dados_transito_tcc to 2025-09-04 08:00:00+00:00, run_after=2025-09-05 08:00:00+00:00
[2025-09-04T13:42:23.245+0000] {processor.py:183} INFO - Processing /opt/airflow/dags/tcc_pipeline_dag.py took 0.175 seconds
[2025-09-04T13:42:53.401+0000] {processor.py:161} INFO - Started process (PID=97) to work on /opt/airflow/dags/tcc_pipeline_dag.py
[2025-09-04T13:42:53.403+0000] {processor.py:830} INFO - Processing file /opt/airflow/dags/tcc_pipeline_dag.py for tasks to queue
[2025-09-04T13:42:53.405+0000] {logging_mixin.py:188} INFO - [2025-09-04T13:42:53.404+0000] {dagbag.py:545} INFO - Filling up the DagBag from /opt/airflow/dags/tcc_pipeline_dag.py
[2025-09-04T13:42:53.434+0000] {processor.py:840} INFO - DAG(s) 'pipeline_dados_transito_tcc' retrieved from /opt/airflow/dags/tcc_pipeline_dag.py
[2025-09-04T13:42:53.465+0000] {logging_mixin.py:188} INFO - [2025-09-04T13:42:53.465+0000] {dag.py:3096} INFO - Sync 1 DAGs
[2025-09-04T13:42:53.492+0000] {logging_mixin.py:188} INFO - [2025-09-04T13:42:53.492+0000] {dag.py:3954} INFO - Setting next_dagrun for pipeline_dados_transito_tcc to 2025-09-04 08:00:00+00:00, run_after=2025-09-05 08:00:00+00:00
[2025-09-04T13:42:53.523+0000] {processor.py:183} INFO - Processing /opt/airflow/dags/tcc_pipeline_dag.py took 0.127 seconds
[2025-09-04T13:43:23.907+0000] {processor.py:161} INFO - Started process (PID=104) to work on /opt/airflow/dags/tcc_pipeline_dag.py
[2025-09-04T13:43:23.909+0000] {processor.py:830} INFO - Processing file /opt/airflow/dags/tcc_pipeline_dag.py for tasks to queue
[2025-09-04T13:43:23.912+0000] {logging_mixin.py:188} INFO - [2025-09-04T13:43:23.911+0000] {dagbag.py:545} INFO - Filling up the DagBag from /opt/airflow/dags/tcc_pipeline_dag.py
[2025-09-04T13:43:23.971+0000] {processor.py:840} INFO - DAG(s) 'pipeline_dados_transito_tcc' retrieved from /opt/airflow/dags/tcc_pipeline_dag.py
[2025-09-04T13:43:24.006+0000] {logging_mixin.py:188} INFO - [2025-09-04T13:43:24.006+0000] {dag.py:3096} INFO - Sync 1 DAGs
[2025-09-04T13:43:24.028+0000] {logging_mixin.py:188} INFO - [2025-09-04T13:43:24.028+0000] {dag.py:3954} INFO - Setting next_dagrun for pipeline_dados_transito_tcc to 2025-09-04 08:00:00+00:00, run_after=2025-09-05 08:00:00+00:00
[2025-09-04T13:43:24.057+0000] {processor.py:183} INFO - Processing /opt/airflow/dags/tcc_pipeline_dag.py took 0.156 seconds
[2025-09-04T13:43:54.172+0000] {processor.py:161} INFO - Started process (PID=111) to work on /opt/airflow/dags/tcc_pipeline_dag.py
[2025-09-04T13:43:54.174+0000] {processor.py:830} INFO - Processing file /opt/airflow/dags/tcc_pipeline_dag.py for tasks to queue
[2025-09-04T13:43:54.177+0000] {logging_mixin.py:188} INFO - [2025-09-04T13:43:54.176+0000] {dagbag.py:545} INFO - Filling up the DagBag from /opt/airflow/dags/tcc_pipeline_dag.py
[2025-09-04T13:43:54.240+0000] {processor.py:840} INFO - DAG(s) 'pipeline_dados_transito_tcc' retrieved from /opt/airflow/dags/tcc_pipeline_dag.py
[2025-09-04T13:43:54.286+0000] {logging_mixin.py:188} INFO - [2025-09-04T13:43:54.286+0000] {dag.py:3096} INFO - Sync 1 DAGs
[2025-09-04T13:43:54.314+0000] {logging_mixin.py:188} INFO - [2025-09-04T13:43:54.313+0000] {dag.py:3954} INFO - Setting next_dagrun for pipeline_dados_transito_tcc to 2025-09-04 08:00:00+00:00, run_after=2025-09-05 08:00:00+00:00
[2025-09-04T13:43:54.344+0000] {processor.py:183} INFO - Processing /opt/airflow/dags/tcc_pipeline_dag.py took 0.178 seconds
[2025-09-04T13:44:24.491+0000] {processor.py:161} INFO - Started process (PID=124) to work on /opt/airflow/dags/tcc_pipeline_dag.py
[2025-09-04T13:44:24.492+0000] {processor.py:830} INFO - Processing file /opt/airflow/dags/tcc_pipeline_dag.py for tasks to queue
[2025-09-04T13:44:24.495+0000] {logging_mixin.py:188} INFO - [2025-09-04T13:44:24.494+0000] {dagbag.py:545} INFO - Filling up the DagBag from /opt/airflow/dags/tcc_pipeline_dag.py
[2025-09-04T13:44:24.551+0000] {processor.py:840} INFO - DAG(s) 'pipeline_dados_transito_tcc' retrieved from /opt/airflow/dags/tcc_pipeline_dag.py
[2025-09-04T13:44:24.585+0000] {logging_mixin.py:188} INFO - [2025-09-04T13:44:24.585+0000] {dag.py:3096} INFO - Sync 1 DAGs
[2025-09-04T13:44:24.611+0000] {logging_mixin.py:188} INFO - [2025-09-04T13:44:24.609+0000] {dag.py:3954} INFO - Setting next_dagrun for pipeline_dados_transito_tcc to 2025-09-04 08:00:00+00:00, run_after=2025-09-05 08:00:00+00:00
[2025-09-04T13:44:24.636+0000] {processor.py:183} INFO - Processing /opt/airflow/dags/tcc_pipeline_dag.py took 0.151 seconds
[2025-09-04T13:44:54.976+0000] {processor.py:161} INFO - Started process (PID=131) to work on /opt/airflow/dags/tcc_pipeline_dag.py
[2025-09-04T13:44:54.978+0000] {processor.py:830} INFO - Processing file /opt/airflow/dags/tcc_pipeline_dag.py for tasks to queue
[2025-09-04T13:44:54.981+0000] {logging_mixin.py:188} INFO - [2025-09-04T13:44:54.981+0000] {dagbag.py:545} INFO - Filling up the DagBag from /opt/airflow/dags/tcc_pipeline_dag.py
[2025-09-04T13:44:55.027+0000] {processor.py:840} INFO - DAG(s) 'pipeline_dados_transito_tcc' retrieved from /opt/airflow/dags/tcc_pipeline_dag.py
[2025-09-04T13:44:55.073+0000] {logging_mixin.py:188} INFO - [2025-09-04T13:44:55.072+0000] {dag.py:3096} INFO - Sync 1 DAGs
[2025-09-04T13:44:55.103+0000] {logging_mixin.py:188} INFO - [2025-09-04T13:44:55.103+0000] {dag.py:3954} INFO - Setting next_dagrun for pipeline_dados_transito_tcc to 2025-09-04 08:00:00+00:00, run_after=2025-09-05 08:00:00+00:00
[2025-09-04T13:44:55.139+0000] {processor.py:183} INFO - Processing /opt/airflow/dags/tcc_pipeline_dag.py took 0.170 seconds
[2025-09-04T13:45:25.445+0000] {processor.py:161} INFO - Started process (PID=138) to work on /opt/airflow/dags/tcc_pipeline_dag.py
[2025-09-04T13:45:25.447+0000] {processor.py:830} INFO - Processing file /opt/airflow/dags/tcc_pipeline_dag.py for tasks to queue
[2025-09-04T13:45:25.451+0000] {logging_mixin.py:188} INFO - [2025-09-04T13:45:25.451+0000] {dagbag.py:545} INFO - Filling up the DagBag from /opt/airflow/dags/tcc_pipeline_dag.py
[2025-09-04T13:45:25.495+0000] {processor.py:840} INFO - DAG(s) 'pipeline_dados_transito_tcc' retrieved from /opt/airflow/dags/tcc_pipeline_dag.py
[2025-09-04T13:45:25.569+0000] {logging_mixin.py:188} INFO - [2025-09-04T13:45:25.569+0000] {dag.py:3096} INFO - Sync 1 DAGs
[2025-09-04T13:45:25.608+0000] {logging_mixin.py:188} INFO - [2025-09-04T13:45:25.608+0000] {dag.py:3954} INFO - Setting next_dagrun for pipeline_dados_transito_tcc to 2025-09-04 08:00:00+00:00, run_after=2025-09-05 08:00:00+00:00
[2025-09-04T13:45:25.636+0000] {processor.py:183} INFO - Processing /opt/airflow/dags/tcc_pipeline_dag.py took 0.202 seconds
[2025-09-04T13:45:55.859+0000] {processor.py:161} INFO - Started process (PID=145) to work on /opt/airflow/dags/tcc_pipeline_dag.py
[2025-09-04T13:45:55.861+0000] {processor.py:830} INFO - Processing file /opt/airflow/dags/tcc_pipeline_dag.py for tasks to queue
[2025-09-04T13:45:55.866+0000] {logging_mixin.py:188} INFO - [2025-09-04T13:45:55.866+0000] {dagbag.py:545} INFO - Filling up the DagBag from /opt/airflow/dags/tcc_pipeline_dag.py
[2025-09-04T13:45:55.907+0000] {processor.py:840} INFO - DAG(s) 'pipeline_dados_transito_tcc' retrieved from /opt/airflow/dags/tcc_pipeline_dag.py
[2025-09-04T13:45:55.949+0000] {logging_mixin.py:188} INFO - [2025-09-04T13:45:55.948+0000] {dag.py:3096} INFO - Sync 1 DAGs
[2025-09-04T13:45:55.978+0000] {logging_mixin.py:188} INFO - [2025-09-04T13:45:55.978+0000] {dag.py:3954} INFO - Setting next_dagrun for pipeline_dados_transito_tcc to 2025-09-04 08:00:00+00:00, run_after=2025-09-05 08:00:00+00:00
[2025-09-04T13:45:56.008+0000] {processor.py:183} INFO - Processing /opt/airflow/dags/tcc_pipeline_dag.py took 0.157 seconds
[2025-09-04T13:46:26.261+0000] {processor.py:161} INFO - Started process (PID=152) to work on /opt/airflow/dags/tcc_pipeline_dag.py
[2025-09-04T13:46:26.263+0000] {processor.py:830} INFO - Processing file /opt/airflow/dags/tcc_pipeline_dag.py for tasks to queue
[2025-09-04T13:46:26.266+0000] {logging_mixin.py:188} INFO - [2025-09-04T13:46:26.265+0000] {dagbag.py:545} INFO - Filling up the DagBag from /opt/airflow/dags/tcc_pipeline_dag.py
[2025-09-04T13:46:26.301+0000] {processor.py:840} INFO - DAG(s) 'pipeline_dados_transito_tcc' retrieved from /opt/airflow/dags/tcc_pipeline_dag.py
[2025-09-04T13:46:26.332+0000] {logging_mixin.py:188} INFO - [2025-09-04T13:46:26.332+0000] {dag.py:3096} INFO - Sync 1 DAGs
[2025-09-04T13:46:26.361+0000] {logging_mixin.py:188} INFO - [2025-09-04T13:46:26.360+0000] {dag.py:3954} INFO - Setting next_dagrun for pipeline_dados_transito_tcc to 2025-09-04 08:00:00+00:00, run_after=2025-09-05 08:00:00+00:00
[2025-09-04T13:46:26.391+0000] {processor.py:183} INFO - Processing /opt/airflow/dags/tcc_pipeline_dag.py took 0.137 seconds
[2025-09-04T13:46:56.586+0000] {processor.py:161} INFO - Started process (PID=159) to work on /opt/airflow/dags/tcc_pipeline_dag.py
[2025-09-04T13:46:56.587+0000] {processor.py:830} INFO - Processing file /opt/airflow/dags/tcc_pipeline_dag.py for tasks to queue
[2025-09-04T13:46:56.591+0000] {logging_mixin.py:188} INFO - [2025-09-04T13:46:56.591+0000] {dagbag.py:545} INFO - Filling up the DagBag from /opt/airflow/dags/tcc_pipeline_dag.py
[2025-09-04T13:46:56.643+0000] {processor.py:840} INFO - DAG(s) 'pipeline_dados_transito_tcc' retrieved from /opt/airflow/dags/tcc_pipeline_dag.py
[2025-09-04T13:46:56.736+0000] {logging_mixin.py:188} INFO - [2025-09-04T13:46:56.735+0000] {dag.py:3096} INFO - Sync 1 DAGs
[2025-09-04T13:46:56.809+0000] {logging_mixin.py:188} INFO - [2025-09-04T13:46:56.808+0000] {dag.py:3954} INFO - Setting next_dagrun for pipeline_dados_transito_tcc to 2025-09-04 08:00:00+00:00, run_after=2025-09-05 08:00:00+00:00
[2025-09-04T13:46:56.844+0000] {processor.py:183} INFO - Processing /opt/airflow/dags/tcc_pipeline_dag.py took 0.268 seconds
[2025-09-04T13:47:27.007+0000] {processor.py:161} INFO - Started process (PID=166) to work on /opt/airflow/dags/tcc_pipeline_dag.py
[2025-09-04T13:47:27.009+0000] {processor.py:830} INFO - Processing file /opt/airflow/dags/tcc_pipeline_dag.py for tasks to queue
[2025-09-04T13:47:27.013+0000] {logging_mixin.py:188} INFO - [2025-09-04T13:47:27.013+0000] {dagbag.py:545} INFO - Filling up the DagBag from /opt/airflow/dags/tcc_pipeline_dag.py
[2025-09-04T13:47:27.068+0000] {processor.py:840} INFO - DAG(s) 'pipeline_dados_transito_tcc' retrieved from /opt/airflow/dags/tcc_pipeline_dag.py
[2025-09-04T13:47:27.116+0000] {logging_mixin.py:188} INFO - [2025-09-04T13:47:27.116+0000] {dag.py:3096} INFO - Sync 1 DAGs
[2025-09-04T13:47:27.174+0000] {logging_mixin.py:188} INFO - [2025-09-04T13:47:27.173+0000] {dag.py:3954} INFO - Setting next_dagrun for pipeline_dados_transito_tcc to 2025-09-04 08:00:00+00:00, run_after=2025-09-05 08:00:00+00:00
[2025-09-04T13:47:27.227+0000] {processor.py:183} INFO - Processing /opt/airflow/dags/tcc_pipeline_dag.py took 0.229 seconds
[2025-09-04T13:47:57.616+0000] {processor.py:161} INFO - Started process (PID=173) to work on /opt/airflow/dags/tcc_pipeline_dag.py
[2025-09-04T13:47:57.619+0000] {processor.py:830} INFO - Processing file /opt/airflow/dags/tcc_pipeline_dag.py for tasks to queue
[2025-09-04T13:47:57.621+0000] {logging_mixin.py:188} INFO - [2025-09-04T13:47:57.621+0000] {dagbag.py:545} INFO - Filling up the DagBag from /opt/airflow/dags/tcc_pipeline_dag.py
[2025-09-04T13:47:57.668+0000] {processor.py:840} INFO - DAG(s) 'pipeline_dados_transito_tcc' retrieved from /opt/airflow/dags/tcc_pipeline_dag.py
[2025-09-04T13:47:57.701+0000] {logging_mixin.py:188} INFO - [2025-09-04T13:47:57.701+0000] {dag.py:3096} INFO - Sync 1 DAGs
[2025-09-04T13:47:57.723+0000] {logging_mixin.py:188} INFO - [2025-09-04T13:47:57.723+0000] {dag.py:3954} INFO - Setting next_dagrun for pipeline_dados_transito_tcc to 2025-09-04 08:00:00+00:00, run_after=2025-09-05 08:00:00+00:00
[2025-09-04T13:47:57.751+0000] {processor.py:183} INFO - Processing /opt/airflow/dags/tcc_pipeline_dag.py took 0.141 seconds
[2025-09-04T13:48:27.927+0000] {processor.py:161} INFO - Started process (PID=180) to work on /opt/airflow/dags/tcc_pipeline_dag.py
[2025-09-04T13:48:27.928+0000] {processor.py:830} INFO - Processing file /opt/airflow/dags/tcc_pipeline_dag.py for tasks to queue
[2025-09-04T13:48:27.930+0000] {logging_mixin.py:188} INFO - [2025-09-04T13:48:27.930+0000] {dagbag.py:545} INFO - Filling up the DagBag from /opt/airflow/dags/tcc_pipeline_dag.py
[2025-09-04T13:48:27.979+0000] {processor.py:840} INFO - DAG(s) 'pipeline_dados_transito_tcc' retrieved from /opt/airflow/dags/tcc_pipeline_dag.py
[2025-09-04T13:48:28.008+0000] {logging_mixin.py:188} INFO - [2025-09-04T13:48:28.008+0000] {dag.py:3096} INFO - Sync 1 DAGs
[2025-09-04T13:48:28.033+0000] {logging_mixin.py:188} INFO - [2025-09-04T13:48:28.033+0000] {dag.py:3954} INFO - Setting next_dagrun for pipeline_dados_transito_tcc to 2025-09-04 08:00:00+00:00, run_after=2025-09-05 08:00:00+00:00
[2025-09-04T13:48:28.079+0000] {processor.py:183} INFO - Processing /opt/airflow/dags/tcc_pipeline_dag.py took 0.159 seconds
[2025-09-04T13:48:58.472+0000] {processor.py:161} INFO - Started process (PID=187) to work on /opt/airflow/dags/tcc_pipeline_dag.py
[2025-09-04T13:48:58.474+0000] {processor.py:830} INFO - Processing file /opt/airflow/dags/tcc_pipeline_dag.py for tasks to queue
[2025-09-04T13:48:58.477+0000] {logging_mixin.py:188} INFO - [2025-09-04T13:48:58.477+0000] {dagbag.py:545} INFO - Filling up the DagBag from /opt/airflow/dags/tcc_pipeline_dag.py
[2025-09-04T13:48:58.545+0000] {processor.py:840} INFO - DAG(s) 'pipeline_dados_transito_tcc' retrieved from /opt/airflow/dags/tcc_pipeline_dag.py
[2025-09-04T13:48:58.588+0000] {logging_mixin.py:188} INFO - [2025-09-04T13:48:58.588+0000] {dag.py:3096} INFO - Sync 1 DAGs
[2025-09-04T13:48:58.612+0000] {logging_mixin.py:188} INFO - [2025-09-04T13:48:58.612+0000] {dag.py:3954} INFO - Setting next_dagrun for pipeline_dados_transito_tcc to 2025-09-04 08:00:00+00:00, run_after=2025-09-05 08:00:00+00:00
[2025-09-04T13:48:58.646+0000] {processor.py:183} INFO - Processing /opt/airflow/dags/tcc_pipeline_dag.py took 0.182 seconds
[2025-09-04T13:49:28.819+0000] {processor.py:161} INFO - Started process (PID=194) to work on /opt/airflow/dags/tcc_pipeline_dag.py
[2025-09-04T13:49:28.822+0000] {processor.py:830} INFO - Processing file /opt/airflow/dags/tcc_pipeline_dag.py for tasks to queue
[2025-09-04T13:49:28.827+0000] {logging_mixin.py:188} INFO - [2025-09-04T13:49:28.826+0000] {dagbag.py:545} INFO - Filling up the DagBag from /opt/airflow/dags/tcc_pipeline_dag.py
[2025-09-04T13:49:28.878+0000] {processor.py:840} INFO - DAG(s) 'pipeline_dados_transito_tcc' retrieved from /opt/airflow/dags/tcc_pipeline_dag.py
[2025-09-04T13:49:28.933+0000] {logging_mixin.py:188} INFO - [2025-09-04T13:49:28.933+0000] {dag.py:3096} INFO - Sync 1 DAGs
[2025-09-04T13:49:28.971+0000] {logging_mixin.py:188} INFO - [2025-09-04T13:49:28.971+0000] {dag.py:3954} INFO - Setting next_dagrun for pipeline_dados_transito_tcc to 2025-09-04 08:00:00+00:00, run_after=2025-09-05 08:00:00+00:00
[2025-09-04T13:49:29.016+0000] {processor.py:183} INFO - Processing /opt/airflow/dags/tcc_pipeline_dag.py took 0.206 seconds
[2025-09-04T13:50:32.212+0000] {processor.py:161} INFO - Started process (PID=58) to work on /opt/airflow/dags/tcc_pipeline_dag.py
[2025-09-04T13:50:32.213+0000] {processor.py:830} INFO - Processing file /opt/airflow/dags/tcc_pipeline_dag.py for tasks to queue
[2025-09-04T13:50:32.216+0000] {logging_mixin.py:188} INFO - [2025-09-04T13:50:32.216+0000] {dagbag.py:545} INFO - Filling up the DagBag from /opt/airflow/dags/tcc_pipeline_dag.py
[2025-09-04T13:50:32.266+0000] {processor.py:840} INFO - DAG(s) 'pipeline_dados_transito_tcc' retrieved from /opt/airflow/dags/tcc_pipeline_dag.py
[2025-09-04T13:50:32.597+0000] {logging_mixin.py:188} INFO - [2025-09-04T13:50:32.596+0000] {override.py:1829} INFO - Created Permission View: can read on DAG:pipeline_dados_transito_tcc
[2025-09-04T13:50:32.610+0000] {logging_mixin.py:188} INFO - [2025-09-04T13:50:32.610+0000] {override.py:1829} INFO - Created Permission View: can delete on DAG:pipeline_dados_transito_tcc
[2025-09-04T13:50:32.618+0000] {logging_mixin.py:188} INFO - [2025-09-04T13:50:32.618+0000] {override.py:1829} INFO - Created Permission View: can edit on DAG:pipeline_dados_transito_tcc
[2025-09-04T13:50:32.619+0000] {logging_mixin.py:188} INFO - [2025-09-04T13:50:32.619+0000] {dag.py:3096} INFO - Sync 1 DAGs
[2025-09-04T13:50:32.632+0000] {logging_mixin.py:188} INFO - [2025-09-04T13:50:32.632+0000] {dag.py:3118} INFO - Creating ORM DAG for pipeline_dados_transito_tcc
[2025-09-04T13:50:32.654+0000] {logging_mixin.py:188} INFO - [2025-09-04T13:50:32.654+0000] {dag.py:3954} INFO - Setting next_dagrun for pipeline_dados_transito_tcc to 2025-09-04 08:00:00+00:00, run_after=2025-09-05 08:00:00+00:00
[2025-09-04T13:50:32.681+0000] {processor.py:183} INFO - Processing /opt/airflow/dags/tcc_pipeline_dag.py took 0.477 seconds
[2025-09-04T13:51:02.995+0000] {processor.py:161} INFO - Started process (PID=65) to work on /opt/airflow/dags/tcc_pipeline_dag.py
[2025-09-04T13:51:02.997+0000] {processor.py:830} INFO - Processing file /opt/airflow/dags/tcc_pipeline_dag.py for tasks to queue
[2025-09-04T13:51:02.999+0000] {logging_mixin.py:188} INFO - [2025-09-04T13:51:02.999+0000] {dagbag.py:545} INFO - Filling up the DagBag from /opt/airflow/dags/tcc_pipeline_dag.py
[2025-09-04T13:51:03.032+0000] {processor.py:840} INFO - DAG(s) 'pipeline_dados_transito_tcc' retrieved from /opt/airflow/dags/tcc_pipeline_dag.py
[2025-09-04T13:51:03.066+0000] {logging_mixin.py:188} INFO - [2025-09-04T13:51:03.066+0000] {dag.py:3096} INFO - Sync 1 DAGs
[2025-09-04T13:51:03.102+0000] {logging_mixin.py:188} INFO - [2025-09-04T13:51:03.102+0000] {dag.py:3954} INFO - Setting next_dagrun for pipeline_dados_transito_tcc to 2025-09-04 08:00:00+00:00, run_after=2025-09-05 08:00:00+00:00
[2025-09-04T13:51:03.125+0000] {processor.py:183} INFO - Processing /opt/airflow/dags/tcc_pipeline_dag.py took 0.136 seconds
[2025-09-04T13:51:33.271+0000] {processor.py:161} INFO - Started process (PID=72) to work on /opt/airflow/dags/tcc_pipeline_dag.py
[2025-09-04T13:51:33.272+0000] {processor.py:830} INFO - Processing file /opt/airflow/dags/tcc_pipeline_dag.py for tasks to queue
[2025-09-04T13:51:33.275+0000] {logging_mixin.py:188} INFO - [2025-09-04T13:51:33.275+0000] {dagbag.py:545} INFO - Filling up the DagBag from /opt/airflow/dags/tcc_pipeline_dag.py
[2025-09-04T13:51:33.319+0000] {processor.py:840} INFO - DAG(s) 'pipeline_dados_transito_tcc' retrieved from /opt/airflow/dags/tcc_pipeline_dag.py
[2025-09-04T13:51:33.356+0000] {logging_mixin.py:188} INFO - [2025-09-04T13:51:33.356+0000] {dag.py:3096} INFO - Sync 1 DAGs
[2025-09-04T13:51:33.397+0000] {logging_mixin.py:188} INFO - [2025-09-04T13:51:33.397+0000] {dag.py:3954} INFO - Setting next_dagrun for pipeline_dados_transito_tcc to 2025-09-04 08:00:00+00:00, run_after=2025-09-05 08:00:00+00:00
[2025-09-04T13:51:33.428+0000] {processor.py:183} INFO - Processing /opt/airflow/dags/tcc_pipeline_dag.py took 0.164 seconds
[2025-09-04T13:52:03.685+0000] {processor.py:161} INFO - Started process (PID=79) to work on /opt/airflow/dags/tcc_pipeline_dag.py
[2025-09-04T13:52:03.686+0000] {processor.py:830} INFO - Processing file /opt/airflow/dags/tcc_pipeline_dag.py for tasks to queue
[2025-09-04T13:52:03.689+0000] {logging_mixin.py:188} INFO - [2025-09-04T13:52:03.689+0000] {dagbag.py:545} INFO - Filling up the DagBag from /opt/airflow/dags/tcc_pipeline_dag.py
[2025-09-04T13:52:03.740+0000] {processor.py:840} INFO - DAG(s) 'pipeline_dados_transito_tcc' retrieved from /opt/airflow/dags/tcc_pipeline_dag.py
[2025-09-04T13:52:03.780+0000] {logging_mixin.py:188} INFO - [2025-09-04T13:52:03.779+0000] {dag.py:3096} INFO - Sync 1 DAGs
[2025-09-04T13:52:03.810+0000] {logging_mixin.py:188} INFO - [2025-09-04T13:52:03.809+0000] {dag.py:3954} INFO - Setting next_dagrun for pipeline_dados_transito_tcc to 2025-09-04 08:00:00+00:00, run_after=2025-09-05 08:00:00+00:00
[2025-09-04T13:52:03.837+0000] {processor.py:183} INFO - Processing /opt/airflow/dags/tcc_pipeline_dag.py took 0.160 seconds
[2025-09-04T13:52:34.028+0000] {processor.py:161} INFO - Started process (PID=90) to work on /opt/airflow/dags/tcc_pipeline_dag.py
[2025-09-04T13:52:34.030+0000] {processor.py:830} INFO - Processing file /opt/airflow/dags/tcc_pipeline_dag.py for tasks to queue
[2025-09-04T13:52:34.034+0000] {logging_mixin.py:188} INFO - [2025-09-04T13:52:34.034+0000] {dagbag.py:545} INFO - Filling up the DagBag from /opt/airflow/dags/tcc_pipeline_dag.py
[2025-09-04T13:52:34.090+0000] {processor.py:840} INFO - DAG(s) 'pipeline_dados_transito_tcc' retrieved from /opt/airflow/dags/tcc_pipeline_dag.py
[2025-09-04T13:52:34.166+0000] {logging_mixin.py:188} INFO - [2025-09-04T13:52:34.166+0000] {dag.py:3096} INFO - Sync 1 DAGs
[2025-09-04T13:52:34.216+0000] {logging_mixin.py:188} INFO - [2025-09-04T13:52:34.215+0000] {dag.py:3954} INFO - Setting next_dagrun for pipeline_dados_transito_tcc to 2025-09-04 08:00:00+00:00, run_after=2025-09-05 08:00:00+00:00
[2025-09-04T13:52:34.266+0000] {processor.py:183} INFO - Processing /opt/airflow/dags/tcc_pipeline_dag.py took 0.248 seconds
[2025-09-04T13:53:04.491+0000] {processor.py:161} INFO - Started process (PID=97) to work on /opt/airflow/dags/tcc_pipeline_dag.py
[2025-09-04T13:53:04.492+0000] {processor.py:830} INFO - Processing file /opt/airflow/dags/tcc_pipeline_dag.py for tasks to queue
[2025-09-04T13:53:04.495+0000] {logging_mixin.py:188} INFO - [2025-09-04T13:53:04.494+0000] {dagbag.py:545} INFO - Filling up the DagBag from /opt/airflow/dags/tcc_pipeline_dag.py
[2025-09-04T13:53:04.534+0000] {processor.py:840} INFO - DAG(s) 'pipeline_dados_transito_tcc' retrieved from /opt/airflow/dags/tcc_pipeline_dag.py
[2025-09-04T13:53:04.597+0000] {logging_mixin.py:188} INFO - [2025-09-04T13:53:04.596+0000] {dag.py:3096} INFO - Sync 1 DAGs
[2025-09-04T13:53:04.627+0000] {logging_mixin.py:188} INFO - [2025-09-04T13:53:04.627+0000] {dag.py:3954} INFO - Setting next_dagrun for pipeline_dados_transito_tcc to 2025-09-04 08:00:00+00:00, run_after=2025-09-05 08:00:00+00:00
[2025-09-04T13:53:04.662+0000] {processor.py:183} INFO - Processing /opt/airflow/dags/tcc_pipeline_dag.py took 0.180 seconds
[2025-09-04T13:53:34.812+0000] {processor.py:161} INFO - Started process (PID=104) to work on /opt/airflow/dags/tcc_pipeline_dag.py
[2025-09-04T13:53:34.813+0000] {processor.py:830} INFO - Processing file /opt/airflow/dags/tcc_pipeline_dag.py for tasks to queue
[2025-09-04T13:53:34.816+0000] {logging_mixin.py:188} INFO - [2025-09-04T13:53:34.815+0000] {dagbag.py:545} INFO - Filling up the DagBag from /opt/airflow/dags/tcc_pipeline_dag.py
[2025-09-04T13:53:34.864+0000] {processor.py:840} INFO - DAG(s) 'pipeline_dados_transito_tcc' retrieved from /opt/airflow/dags/tcc_pipeline_dag.py
[2025-09-04T13:53:34.905+0000] {logging_mixin.py:188} INFO - [2025-09-04T13:53:34.904+0000] {dag.py:3096} INFO - Sync 1 DAGs
[2025-09-04T13:53:34.941+0000] {logging_mixin.py:188} INFO - [2025-09-04T13:53:34.941+0000] {dag.py:3954} INFO - Setting next_dagrun for pipeline_dados_transito_tcc to 2025-09-04 08:00:00+00:00, run_after=2025-09-05 08:00:00+00:00
[2025-09-04T13:53:34.969+0000] {processor.py:183} INFO - Processing /opt/airflow/dags/tcc_pipeline_dag.py took 0.164 seconds
[2025-09-04T13:54:05.166+0000] {processor.py:161} INFO - Started process (PID=117) to work on /opt/airflow/dags/tcc_pipeline_dag.py
[2025-09-04T13:54:05.168+0000] {processor.py:830} INFO - Processing file /opt/airflow/dags/tcc_pipeline_dag.py for tasks to queue
[2025-09-04T13:54:05.171+0000] {logging_mixin.py:188} INFO - [2025-09-04T13:54:05.170+0000] {dagbag.py:545} INFO - Filling up the DagBag from /opt/airflow/dags/tcc_pipeline_dag.py
[2025-09-04T13:54:05.213+0000] {processor.py:840} INFO - DAG(s) 'pipeline_dados_transito_tcc' retrieved from /opt/airflow/dags/tcc_pipeline_dag.py
[2025-09-04T13:54:05.263+0000] {logging_mixin.py:188} INFO - [2025-09-04T13:54:05.263+0000] {dag.py:3096} INFO - Sync 1 DAGs
[2025-09-04T13:54:05.298+0000] {logging_mixin.py:188} INFO - [2025-09-04T13:54:05.298+0000] {dag.py:3954} INFO - Setting next_dagrun for pipeline_dados_transito_tcc to 2025-09-04 08:00:00+00:00, run_after=2025-09-05 08:00:00+00:00
[2025-09-04T13:54:05.333+0000] {processor.py:183} INFO - Processing /opt/airflow/dags/tcc_pipeline_dag.py took 0.177 seconds
[2025-09-04T13:54:35.595+0000] {processor.py:161} INFO - Started process (PID=124) to work on /opt/airflow/dags/tcc_pipeline_dag.py
[2025-09-04T13:54:35.596+0000] {processor.py:830} INFO - Processing file /opt/airflow/dags/tcc_pipeline_dag.py for tasks to queue
[2025-09-04T13:54:35.600+0000] {logging_mixin.py:188} INFO - [2025-09-04T13:54:35.599+0000] {dagbag.py:545} INFO - Filling up the DagBag from /opt/airflow/dags/tcc_pipeline_dag.py
[2025-09-04T13:54:35.642+0000] {processor.py:840} INFO - DAG(s) 'pipeline_dados_transito_tcc' retrieved from /opt/airflow/dags/tcc_pipeline_dag.py
[2025-09-04T13:54:35.681+0000] {logging_mixin.py:188} INFO - [2025-09-04T13:54:35.681+0000] {dag.py:3096} INFO - Sync 1 DAGs
[2025-09-04T13:54:35.723+0000] {logging_mixin.py:188} INFO - [2025-09-04T13:54:35.722+0000] {dag.py:3954} INFO - Setting next_dagrun for pipeline_dados_transito_tcc to 2025-09-04 08:00:00+00:00, run_after=2025-09-05 08:00:00+00:00
[2025-09-04T13:54:35.762+0000] {processor.py:183} INFO - Processing /opt/airflow/dags/tcc_pipeline_dag.py took 0.177 seconds
[2025-09-04T13:55:05.988+0000] {processor.py:161} INFO - Started process (PID=131) to work on /opt/airflow/dags/tcc_pipeline_dag.py
[2025-09-04T13:55:05.989+0000] {processor.py:830} INFO - Processing file /opt/airflow/dags/tcc_pipeline_dag.py for tasks to queue
[2025-09-04T13:55:05.993+0000] {logging_mixin.py:188} INFO - [2025-09-04T13:55:05.993+0000] {dagbag.py:545} INFO - Filling up the DagBag from /opt/airflow/dags/tcc_pipeline_dag.py
[2025-09-04T13:55:06.026+0000] {processor.py:840} INFO - DAG(s) 'pipeline_dados_transito_tcc' retrieved from /opt/airflow/dags/tcc_pipeline_dag.py
[2025-09-04T13:55:06.068+0000] {logging_mixin.py:188} INFO - [2025-09-04T13:55:06.068+0000] {dag.py:3096} INFO - Sync 1 DAGs
[2025-09-04T13:55:06.095+0000] {logging_mixin.py:188} INFO - [2025-09-04T13:55:06.095+0000] {dag.py:3954} INFO - Setting next_dagrun for pipeline_dados_transito_tcc to 2025-09-04 08:00:00+00:00, run_after=2025-09-05 08:00:00+00:00
[2025-09-04T13:55:06.114+0000] {processor.py:183} INFO - Processing /opt/airflow/dags/tcc_pipeline_dag.py took 0.133 seconds
[2025-09-04T13:55:36.516+0000] {processor.py:161} INFO - Started process (PID=137) to work on /opt/airflow/dags/tcc_pipeline_dag.py
[2025-09-04T13:55:36.533+0000] {processor.py:830} INFO - Processing file /opt/airflow/dags/tcc_pipeline_dag.py for tasks to queue
[2025-09-04T13:55:36.540+0000] {logging_mixin.py:188} INFO - [2025-09-04T13:55:36.539+0000] {dagbag.py:545} INFO - Filling up the DagBag from /opt/airflow/dags/tcc_pipeline_dag.py
[2025-09-04T13:55:36.588+0000] {processor.py:840} INFO - DAG(s) 'pipeline_dados_transito_tcc' retrieved from /opt/airflow/dags/tcc_pipeline_dag.py
[2025-09-04T13:55:36.638+0000] {logging_mixin.py:188} INFO - [2025-09-04T13:55:36.637+0000] {dag.py:3096} INFO - Sync 1 DAGs
[2025-09-04T13:55:36.675+0000] {logging_mixin.py:188} INFO - [2025-09-04T13:55:36.675+0000] {dag.py:3954} INFO - Setting next_dagrun for pipeline_dados_transito_tcc to 2025-09-04 08:00:00+00:00, run_after=2025-09-05 08:00:00+00:00
[2025-09-04T13:55:36.705+0000] {processor.py:183} INFO - Processing /opt/airflow/dags/tcc_pipeline_dag.py took 0.204 seconds
[2025-09-04T13:56:06.890+0000] {processor.py:161} INFO - Started process (PID=144) to work on /opt/airflow/dags/tcc_pipeline_dag.py
[2025-09-04T13:56:06.892+0000] {processor.py:830} INFO - Processing file /opt/airflow/dags/tcc_pipeline_dag.py for tasks to queue
[2025-09-04T13:56:06.897+0000] {logging_mixin.py:188} INFO - [2025-09-04T13:56:06.896+0000] {dagbag.py:545} INFO - Filling up the DagBag from /opt/airflow/dags/tcc_pipeline_dag.py
[2025-09-04T13:56:06.944+0000] {processor.py:840} INFO - DAG(s) 'pipeline_dados_transito_tcc' retrieved from /opt/airflow/dags/tcc_pipeline_dag.py
[2025-09-04T13:56:06.978+0000] {logging_mixin.py:188} INFO - [2025-09-04T13:56:06.978+0000] {dag.py:3096} INFO - Sync 1 DAGs
[2025-09-04T13:56:07.006+0000] {logging_mixin.py:188} INFO - [2025-09-04T13:56:07.005+0000] {dag.py:3954} INFO - Setting next_dagrun for pipeline_dados_transito_tcc to 2025-09-04 08:00:00+00:00, run_after=2025-09-05 08:00:00+00:00
[2025-09-04T13:56:07.037+0000] {processor.py:183} INFO - Processing /opt/airflow/dags/tcc_pipeline_dag.py took 0.157 seconds
[2025-09-04T13:56:37.326+0000] {processor.py:161} INFO - Started process (PID=151) to work on /opt/airflow/dags/tcc_pipeline_dag.py
[2025-09-04T13:56:37.328+0000] {processor.py:830} INFO - Processing file /opt/airflow/dags/tcc_pipeline_dag.py for tasks to queue
[2025-09-04T13:56:37.333+0000] {logging_mixin.py:188} INFO - [2025-09-04T13:56:37.332+0000] {dagbag.py:545} INFO - Filling up the DagBag from /opt/airflow/dags/tcc_pipeline_dag.py
[2025-09-04T13:56:37.374+0000] {processor.py:840} INFO - DAG(s) 'pipeline_dados_transito_tcc' retrieved from /opt/airflow/dags/tcc_pipeline_dag.py
[2025-09-04T13:56:37.413+0000] {logging_mixin.py:188} INFO - [2025-09-04T13:56:37.412+0000] {dag.py:3096} INFO - Sync 1 DAGs
[2025-09-04T13:56:37.442+0000] {logging_mixin.py:188} INFO - [2025-09-04T13:56:37.442+0000] {dag.py:3954} INFO - Setting next_dagrun for pipeline_dados_transito_tcc to 2025-09-04 08:00:00+00:00, run_after=2025-09-05 08:00:00+00:00
[2025-09-04T13:56:37.470+0000] {processor.py:183} INFO - Processing /opt/airflow/dags/tcc_pipeline_dag.py took 0.152 seconds
[2025-09-04T13:57:07.737+0000] {processor.py:161} INFO - Started process (PID=158) to work on /opt/airflow/dags/tcc_pipeline_dag.py
[2025-09-04T13:57:07.738+0000] {processor.py:830} INFO - Processing file /opt/airflow/dags/tcc_pipeline_dag.py for tasks to queue
[2025-09-04T13:57:07.741+0000] {logging_mixin.py:188} INFO - [2025-09-04T13:57:07.741+0000] {dagbag.py:545} INFO - Filling up the DagBag from /opt/airflow/dags/tcc_pipeline_dag.py
[2025-09-04T13:57:07.783+0000] {processor.py:840} INFO - DAG(s) 'pipeline_dados_transito_tcc' retrieved from /opt/airflow/dags/tcc_pipeline_dag.py
[2025-09-04T13:57:07.822+0000] {logging_mixin.py:188} INFO - [2025-09-04T13:57:07.822+0000] {dag.py:3096} INFO - Sync 1 DAGs
[2025-09-04T13:57:07.860+0000] {logging_mixin.py:188} INFO - [2025-09-04T13:57:07.860+0000] {dag.py:3954} INFO - Setting next_dagrun for pipeline_dados_transito_tcc to 2025-09-04 08:00:00+00:00, run_after=2025-09-05 08:00:00+00:00
[2025-09-04T13:57:07.899+0000] {processor.py:183} INFO - Processing /opt/airflow/dags/tcc_pipeline_dag.py took 0.173 seconds
[2025-09-04T13:58:08.499+0000] {processor.py:161} INFO - Started process (PID=59) to work on /opt/airflow/dags/tcc_pipeline_dag.py
[2025-09-04T13:58:08.501+0000] {processor.py:830} INFO - Processing file /opt/airflow/dags/tcc_pipeline_dag.py for tasks to queue
[2025-09-04T13:58:08.504+0000] {logging_mixin.py:188} INFO - [2025-09-04T13:58:08.503+0000] {dagbag.py:545} INFO - Filling up the DagBag from /opt/airflow/dags/tcc_pipeline_dag.py
[2025-09-04T13:58:08.558+0000] {processor.py:840} INFO - DAG(s) 'pipeline_dados_transito_tcc' retrieved from /opt/airflow/dags/tcc_pipeline_dag.py
[2025-09-04T13:58:08.904+0000] {logging_mixin.py:188} INFO - [2025-09-04T13:58:08.903+0000] {override.py:1829} INFO - Created Permission View: can edit on DAG:pipeline_dados_transito_tcc
[2025-09-04T13:58:08.919+0000] {logging_mixin.py:188} INFO - [2025-09-04T13:58:08.919+0000] {override.py:1829} INFO - Created Permission View: can delete on DAG:pipeline_dados_transito_tcc
[2025-09-04T13:58:08.929+0000] {logging_mixin.py:188} INFO - [2025-09-04T13:58:08.928+0000] {override.py:1829} INFO - Created Permission View: can read on DAG:pipeline_dados_transito_tcc
[2025-09-04T13:58:08.930+0000] {logging_mixin.py:188} INFO - [2025-09-04T13:58:08.929+0000] {dag.py:3096} INFO - Sync 1 DAGs
[2025-09-04T13:58:08.946+0000] {logging_mixin.py:188} INFO - [2025-09-04T13:58:08.946+0000] {dag.py:3118} INFO - Creating ORM DAG for pipeline_dados_transito_tcc
[2025-09-04T13:58:08.962+0000] {logging_mixin.py:188} INFO - [2025-09-04T13:58:08.962+0000] {dag.py:3954} INFO - Setting next_dagrun for pipeline_dados_transito_tcc to 2025-09-04 08:00:00+00:00, run_after=2025-09-05 08:00:00+00:00
[2025-09-04T13:58:08.995+0000] {processor.py:183} INFO - Processing /opt/airflow/dags/tcc_pipeline_dag.py took 0.502 seconds
[2025-09-04T13:58:39.272+0000] {processor.py:161} INFO - Started process (PID=70) to work on /opt/airflow/dags/tcc_pipeline_dag.py
[2025-09-04T13:58:39.274+0000] {processor.py:830} INFO - Processing file /opt/airflow/dags/tcc_pipeline_dag.py for tasks to queue
[2025-09-04T13:58:39.278+0000] {logging_mixin.py:188} INFO - [2025-09-04T13:58:39.277+0000] {dagbag.py:545} INFO - Filling up the DagBag from /opt/airflow/dags/tcc_pipeline_dag.py
[2025-09-04T13:58:39.326+0000] {processor.py:840} INFO - DAG(s) 'pipeline_dados_transito_tcc' retrieved from /opt/airflow/dags/tcc_pipeline_dag.py
[2025-09-04T13:58:39.385+0000] {logging_mixin.py:188} INFO - [2025-09-04T13:58:39.384+0000] {dag.py:3096} INFO - Sync 1 DAGs
[2025-09-04T13:58:39.431+0000] {logging_mixin.py:188} INFO - [2025-09-04T13:58:39.431+0000] {dag.py:3954} INFO - Setting next_dagrun for pipeline_dados_transito_tcc to 2025-09-04 08:00:00+00:00, run_after=2025-09-05 08:00:00+00:00
[2025-09-04T13:58:39.470+0000] {processor.py:183} INFO - Processing /opt/airflow/dags/tcc_pipeline_dag.py took 0.207 seconds
[2025-09-04T13:59:09.597+0000] {processor.py:161} INFO - Started process (PID=77) to work on /opt/airflow/dags/tcc_pipeline_dag.py
[2025-09-04T13:59:09.598+0000] {processor.py:830} INFO - Processing file /opt/airflow/dags/tcc_pipeline_dag.py for tasks to queue
[2025-09-04T13:59:09.601+0000] {logging_mixin.py:188} INFO - [2025-09-04T13:59:09.600+0000] {dagbag.py:545} INFO - Filling up the DagBag from /opt/airflow/dags/tcc_pipeline_dag.py
[2025-09-04T13:59:09.639+0000] {processor.py:840} INFO - DAG(s) 'pipeline_dados_transito_tcc' retrieved from /opt/airflow/dags/tcc_pipeline_dag.py
[2025-09-04T13:59:09.674+0000] {logging_mixin.py:188} INFO - [2025-09-04T13:59:09.674+0000] {dag.py:3096} INFO - Sync 1 DAGs
[2025-09-04T13:59:09.702+0000] {logging_mixin.py:188} INFO - [2025-09-04T13:59:09.702+0000] {dag.py:3954} INFO - Setting next_dagrun for pipeline_dados_transito_tcc to 2025-09-04 08:00:00+00:00, run_after=2025-09-05 08:00:00+00:00
[2025-09-04T13:59:09.745+0000] {processor.py:183} INFO - Processing /opt/airflow/dags/tcc_pipeline_dag.py took 0.155 seconds
[2025-09-04T13:59:40.103+0000] {processor.py:161} INFO - Started process (PID=84) to work on /opt/airflow/dags/tcc_pipeline_dag.py
[2025-09-04T13:59:40.107+0000] {processor.py:830} INFO - Processing file /opt/airflow/dags/tcc_pipeline_dag.py for tasks to queue
[2025-09-04T13:59:40.116+0000] {logging_mixin.py:188} INFO - [2025-09-04T13:59:40.113+0000] {dagbag.py:545} INFO - Filling up the DagBag from /opt/airflow/dags/tcc_pipeline_dag.py
[2025-09-04T13:59:40.189+0000] {processor.py:840} INFO - DAG(s) 'pipeline_dados_transito_tcc' retrieved from /opt/airflow/dags/tcc_pipeline_dag.py
[2025-09-04T13:59:40.235+0000] {logging_mixin.py:188} INFO - [2025-09-04T13:59:40.235+0000] {dag.py:3096} INFO - Sync 1 DAGs
[2025-09-04T13:59:40.263+0000] {logging_mixin.py:188} INFO - [2025-09-04T13:59:40.263+0000] {dag.py:3954} INFO - Setting next_dagrun for pipeline_dados_transito_tcc to 2025-09-04 08:00:00+00:00, run_after=2025-09-05 08:00:00+00:00
[2025-09-04T13:59:40.288+0000] {processor.py:183} INFO - Processing /opt/airflow/dags/tcc_pipeline_dag.py took 0.203 seconds
[2025-09-04T14:00:10.741+0000] {processor.py:161} INFO - Started process (PID=91) to work on /opt/airflow/dags/tcc_pipeline_dag.py
[2025-09-04T14:00:10.743+0000] {processor.py:830} INFO - Processing file /opt/airflow/dags/tcc_pipeline_dag.py for tasks to queue
[2025-09-04T14:00:10.745+0000] {logging_mixin.py:188} INFO - [2025-09-04T14:00:10.745+0000] {dagbag.py:545} INFO - Filling up the DagBag from /opt/airflow/dags/tcc_pipeline_dag.py
[2025-09-04T14:00:10.787+0000] {processor.py:840} INFO - DAG(s) 'pipeline_dados_transito_tcc' retrieved from /opt/airflow/dags/tcc_pipeline_dag.py
[2025-09-04T14:00:10.827+0000] {logging_mixin.py:188} INFO - [2025-09-04T14:00:10.827+0000] {dag.py:3096} INFO - Sync 1 DAGs
[2025-09-04T14:00:10.856+0000] {logging_mixin.py:188} INFO - [2025-09-04T14:00:10.856+0000] {dag.py:3954} INFO - Setting next_dagrun for pipeline_dados_transito_tcc to 2025-09-04 08:00:00+00:00, run_after=2025-09-05 08:00:00+00:00
[2025-09-04T14:00:10.885+0000] {processor.py:183} INFO - Processing /opt/airflow/dags/tcc_pipeline_dag.py took 0.152 seconds
[2025-09-04T14:00:41.113+0000] {processor.py:161} INFO - Started process (PID=98) to work on /opt/airflow/dags/tcc_pipeline_dag.py
[2025-09-04T14:00:41.115+0000] {processor.py:830} INFO - Processing file /opt/airflow/dags/tcc_pipeline_dag.py for tasks to queue
[2025-09-04T14:00:41.120+0000] {logging_mixin.py:188} INFO - [2025-09-04T14:00:41.119+0000] {dagbag.py:545} INFO - Filling up the DagBag from /opt/airflow/dags/tcc_pipeline_dag.py
[2025-09-04T14:00:41.168+0000] {processor.py:840} INFO - DAG(s) 'pipeline_dados_transito_tcc' retrieved from /opt/airflow/dags/tcc_pipeline_dag.py
[2025-09-04T14:00:41.216+0000] {logging_mixin.py:188} INFO - [2025-09-04T14:00:41.215+0000] {dag.py:3096} INFO - Sync 1 DAGs
[2025-09-04T14:00:41.248+0000] {logging_mixin.py:188} INFO - [2025-09-04T14:00:41.248+0000] {dag.py:3954} INFO - Setting next_dagrun for pipeline_dados_transito_tcc to 2025-09-04 08:00:00+00:00, run_after=2025-09-05 08:00:00+00:00
[2025-09-04T14:00:41.315+0000] {processor.py:183} INFO - Processing /opt/airflow/dags/tcc_pipeline_dag.py took 0.213 seconds
[2025-09-04T14:01:11.552+0000] {processor.py:161} INFO - Started process (PID=106) to work on /opt/airflow/dags/tcc_pipeline_dag.py
[2025-09-04T14:01:11.553+0000] {processor.py:830} INFO - Processing file /opt/airflow/dags/tcc_pipeline_dag.py for tasks to queue
[2025-09-04T14:01:11.555+0000] {logging_mixin.py:188} INFO - [2025-09-04T14:01:11.555+0000] {dagbag.py:545} INFO - Filling up the DagBag from /opt/airflow/dags/tcc_pipeline_dag.py
[2025-09-04T14:01:11.591+0000] {processor.py:840} INFO - DAG(s) 'pipeline_dados_transito_tcc' retrieved from /opt/airflow/dags/tcc_pipeline_dag.py
[2025-09-04T14:01:11.625+0000] {logging_mixin.py:188} INFO - [2025-09-04T14:01:11.625+0000] {dag.py:3096} INFO - Sync 1 DAGs
[2025-09-04T14:01:11.666+0000] {logging_mixin.py:188} INFO - [2025-09-04T14:01:11.665+0000] {dag.py:3954} INFO - Setting next_dagrun for pipeline_dados_transito_tcc to 2025-09-04 08:00:00+00:00, run_after=2025-09-05 08:00:00+00:00
[2025-09-04T14:01:11.695+0000] {processor.py:183} INFO - Processing /opt/airflow/dags/tcc_pipeline_dag.py took 0.149 seconds
[2025-09-04T14:01:41.956+0000] {processor.py:161} INFO - Started process (PID=113) to work on /opt/airflow/dags/tcc_pipeline_dag.py
[2025-09-04T14:01:41.957+0000] {processor.py:830} INFO - Processing file /opt/airflow/dags/tcc_pipeline_dag.py for tasks to queue
[2025-09-04T14:01:41.965+0000] {logging_mixin.py:188} INFO - [2025-09-04T14:01:41.965+0000] {dagbag.py:545} INFO - Filling up the DagBag from /opt/airflow/dags/tcc_pipeline_dag.py
[2025-09-04T14:01:42.017+0000] {processor.py:840} INFO - DAG(s) 'pipeline_dados_transito_tcc' retrieved from /opt/airflow/dags/tcc_pipeline_dag.py
[2025-09-04T14:01:42.051+0000] {logging_mixin.py:188} INFO - [2025-09-04T14:01:42.051+0000] {dag.py:3096} INFO - Sync 1 DAGs
[2025-09-04T14:01:42.078+0000] {logging_mixin.py:188} INFO - [2025-09-04T14:01:42.078+0000] {dag.py:3954} INFO - Setting next_dagrun for pipeline_dados_transito_tcc to 2025-09-04 08:00:00+00:00, run_after=2025-09-05 08:00:00+00:00
[2025-09-04T14:01:42.106+0000] {processor.py:183} INFO - Processing /opt/airflow/dags/tcc_pipeline_dag.py took 0.163 seconds
[2025-09-04T14:02:12.351+0000] {processor.py:161} INFO - Started process (PID=126) to work on /opt/airflow/dags/tcc_pipeline_dag.py
[2025-09-04T14:02:12.352+0000] {processor.py:830} INFO - Processing file /opt/airflow/dags/tcc_pipeline_dag.py for tasks to queue
[2025-09-04T14:02:12.355+0000] {logging_mixin.py:188} INFO - [2025-09-04T14:02:12.354+0000] {dagbag.py:545} INFO - Filling up the DagBag from /opt/airflow/dags/tcc_pipeline_dag.py
[2025-09-04T14:02:12.398+0000] {processor.py:840} INFO - DAG(s) 'pipeline_dados_transito_tcc' retrieved from /opt/airflow/dags/tcc_pipeline_dag.py
[2025-09-04T14:02:12.428+0000] {logging_mixin.py:188} INFO - [2025-09-04T14:02:12.428+0000] {dag.py:3096} INFO - Sync 1 DAGs
[2025-09-04T14:02:12.454+0000] {logging_mixin.py:188} INFO - [2025-09-04T14:02:12.454+0000] {dag.py:3954} INFO - Setting next_dagrun for pipeline_dados_transito_tcc to 2025-09-04 08:00:00+00:00, run_after=2025-09-05 08:00:00+00:00
[2025-09-04T14:02:12.482+0000] {processor.py:183} INFO - Processing /opt/airflow/dags/tcc_pipeline_dag.py took 0.137 seconds
[2025-09-04T14:02:42.722+0000] {processor.py:161} INFO - Started process (PID=133) to work on /opt/airflow/dags/tcc_pipeline_dag.py
[2025-09-04T14:02:42.723+0000] {processor.py:830} INFO - Processing file /opt/airflow/dags/tcc_pipeline_dag.py for tasks to queue
[2025-09-04T14:02:42.727+0000] {logging_mixin.py:188} INFO - [2025-09-04T14:02:42.726+0000] {dagbag.py:545} INFO - Filling up the DagBag from /opt/airflow/dags/tcc_pipeline_dag.py
[2025-09-04T14:02:42.777+0000] {processor.py:840} INFO - DAG(s) 'pipeline_dados_transito_tcc' retrieved from /opt/airflow/dags/tcc_pipeline_dag.py
[2025-09-04T14:02:42.823+0000] {logging_mixin.py:188} INFO - [2025-09-04T14:02:42.822+0000] {dag.py:3096} INFO - Sync 1 DAGs
[2025-09-04T14:02:42.856+0000] {logging_mixin.py:188} INFO - [2025-09-04T14:02:42.855+0000] {dag.py:3954} INFO - Setting next_dagrun for pipeline_dados_transito_tcc to 2025-09-04 08:00:00+00:00, run_after=2025-09-05 08:00:00+00:00
[2025-09-04T14:02:42.885+0000] {processor.py:183} INFO - Processing /opt/airflow/dags/tcc_pipeline_dag.py took 0.176 seconds
[2025-09-04T14:03:13.121+0000] {processor.py:161} INFO - Started process (PID=140) to work on /opt/airflow/dags/tcc_pipeline_dag.py
[2025-09-04T14:03:13.122+0000] {processor.py:830} INFO - Processing file /opt/airflow/dags/tcc_pipeline_dag.py for tasks to queue
[2025-09-04T14:03:13.125+0000] {logging_mixin.py:188} INFO - [2025-09-04T14:03:13.124+0000] {dagbag.py:545} INFO - Filling up the DagBag from /opt/airflow/dags/tcc_pipeline_dag.py
[2025-09-04T14:03:13.160+0000] {processor.py:840} INFO - DAG(s) 'pipeline_dados_transito_tcc' retrieved from /opt/airflow/dags/tcc_pipeline_dag.py
[2025-09-04T14:03:13.228+0000] {logging_mixin.py:188} INFO - [2025-09-04T14:03:13.228+0000] {dag.py:3096} INFO - Sync 1 DAGs
[2025-09-04T14:03:13.296+0000] {logging_mixin.py:188} INFO - [2025-09-04T14:03:13.296+0000] {dag.py:3954} INFO - Setting next_dagrun for pipeline_dados_transito_tcc to 2025-09-04 08:00:00+00:00, run_after=2025-09-05 08:00:00+00:00
[2025-09-04T14:03:13.338+0000] {processor.py:183} INFO - Processing /opt/airflow/dags/tcc_pipeline_dag.py took 0.230 seconds
[2025-09-04T14:03:43.653+0000] {processor.py:161} INFO - Started process (PID=147) to work on /opt/airflow/dags/tcc_pipeline_dag.py
[2025-09-04T14:03:43.654+0000] {processor.py:830} INFO - Processing file /opt/airflow/dags/tcc_pipeline_dag.py for tasks to queue
[2025-09-04T14:03:43.658+0000] {logging_mixin.py:188} INFO - [2025-09-04T14:03:43.658+0000] {dagbag.py:545} INFO - Filling up the DagBag from /opt/airflow/dags/tcc_pipeline_dag.py
[2025-09-04T14:03:43.737+0000] {processor.py:840} INFO - DAG(s) 'pipeline_dados_transito_tcc' retrieved from /opt/airflow/dags/tcc_pipeline_dag.py
[2025-09-04T14:03:43.783+0000] {logging_mixin.py:188} INFO - [2025-09-04T14:03:43.783+0000] {dag.py:3096} INFO - Sync 1 DAGs
[2025-09-04T14:03:43.831+0000] {logging_mixin.py:188} INFO - [2025-09-04T14:03:43.830+0000] {dag.py:3954} INFO - Setting next_dagrun for pipeline_dados_transito_tcc to 2025-09-04 08:00:00+00:00, run_after=2025-09-05 08:00:00+00:00
[2025-09-04T14:03:43.875+0000] {processor.py:183} INFO - Processing /opt/airflow/dags/tcc_pipeline_dag.py took 0.230 seconds
[2025-09-04T14:04:13.944+0000] {processor.py:161} INFO - Started process (PID=155) to work on /opt/airflow/dags/tcc_pipeline_dag.py
[2025-09-04T14:04:13.945+0000] {processor.py:830} INFO - Processing file /opt/airflow/dags/tcc_pipeline_dag.py for tasks to queue
[2025-09-04T14:04:13.949+0000] {logging_mixin.py:188} INFO - [2025-09-04T14:04:13.949+0000] {dagbag.py:545} INFO - Filling up the DagBag from /opt/airflow/dags/tcc_pipeline_dag.py
[2025-09-04T14:04:13.993+0000] {processor.py:840} INFO - DAG(s) 'pipeline_dados_transito_tcc' retrieved from /opt/airflow/dags/tcc_pipeline_dag.py
[2025-09-04T14:04:14.029+0000] {logging_mixin.py:188} INFO - [2025-09-04T14:04:14.029+0000] {dag.py:3096} INFO - Sync 1 DAGs
[2025-09-04T14:04:14.062+0000] {logging_mixin.py:188} INFO - [2025-09-04T14:04:14.062+0000] {dag.py:3954} INFO - Setting next_dagrun for pipeline_dados_transito_tcc to 2025-09-04 08:00:00+00:00, run_after=2025-09-05 08:00:00+00:00
[2025-09-04T14:04:14.099+0000] {processor.py:183} INFO - Processing /opt/airflow/dags/tcc_pipeline_dag.py took 0.163 seconds
[2025-09-04T14:04:44.201+0000] {processor.py:161} INFO - Started process (PID=162) to work on /opt/airflow/dags/tcc_pipeline_dag.py
[2025-09-04T14:04:44.202+0000] {processor.py:830} INFO - Processing file /opt/airflow/dags/tcc_pipeline_dag.py for tasks to queue
[2025-09-04T14:04:44.208+0000] {logging_mixin.py:188} INFO - [2025-09-04T14:04:44.207+0000] {dagbag.py:545} INFO - Filling up the DagBag from /opt/airflow/dags/tcc_pipeline_dag.py
[2025-09-04T14:04:44.251+0000] {processor.py:840} INFO - DAG(s) 'pipeline_dados_transito_tcc' retrieved from /opt/airflow/dags/tcc_pipeline_dag.py
[2025-09-04T14:04:44.298+0000] {logging_mixin.py:188} INFO - [2025-09-04T14:04:44.297+0000] {dag.py:3096} INFO - Sync 1 DAGs
[2025-09-04T14:04:44.335+0000] {logging_mixin.py:188} INFO - [2025-09-04T14:04:44.334+0000] {dag.py:3954} INFO - Setting next_dagrun for pipeline_dados_transito_tcc to 2025-09-04 08:00:00+00:00, run_after=2025-09-05 08:00:00+00:00
[2025-09-04T14:04:44.370+0000] {processor.py:183} INFO - Processing /opt/airflow/dags/tcc_pipeline_dag.py took 0.182 seconds
[2025-09-04T14:05:14.714+0000] {processor.py:161} INFO - Started process (PID=169) to work on /opt/airflow/dags/tcc_pipeline_dag.py
[2025-09-04T14:05:14.716+0000] {processor.py:830} INFO - Processing file /opt/airflow/dags/tcc_pipeline_dag.py for tasks to queue
[2025-09-04T14:05:14.721+0000] {logging_mixin.py:188} INFO - [2025-09-04T14:05:14.720+0000] {dagbag.py:545} INFO - Filling up the DagBag from /opt/airflow/dags/tcc_pipeline_dag.py
[2025-09-04T14:05:14.765+0000] {processor.py:840} INFO - DAG(s) 'pipeline_dados_transito_tcc' retrieved from /opt/airflow/dags/tcc_pipeline_dag.py
[2025-09-04T14:05:14.820+0000] {logging_mixin.py:188} INFO - [2025-09-04T14:05:14.820+0000] {dag.py:3096} INFO - Sync 1 DAGs
[2025-09-04T14:05:14.857+0000] {logging_mixin.py:188} INFO - [2025-09-04T14:05:14.856+0000] {dag.py:3954} INFO - Setting next_dagrun for pipeline_dados_transito_tcc to 2025-09-04 08:00:00+00:00, run_after=2025-09-05 08:00:00+00:00
[2025-09-04T14:05:14.883+0000] {processor.py:183} INFO - Processing /opt/airflow/dags/tcc_pipeline_dag.py took 0.175 seconds
[2025-09-04T14:05:45.057+0000] {processor.py:161} INFO - Started process (PID=176) to work on /opt/airflow/dags/tcc_pipeline_dag.py
[2025-09-04T14:05:45.058+0000] {processor.py:830} INFO - Processing file /opt/airflow/dags/tcc_pipeline_dag.py for tasks to queue
[2025-09-04T14:05:45.061+0000] {logging_mixin.py:188} INFO - [2025-09-04T14:05:45.060+0000] {dagbag.py:545} INFO - Filling up the DagBag from /opt/airflow/dags/tcc_pipeline_dag.py
[2025-09-04T14:05:45.100+0000] {processor.py:840} INFO - DAG(s) 'pipeline_dados_transito_tcc' retrieved from /opt/airflow/dags/tcc_pipeline_dag.py
[2025-09-04T14:05:45.137+0000] {logging_mixin.py:188} INFO - [2025-09-04T14:05:45.137+0000] {dag.py:3096} INFO - Sync 1 DAGs
[2025-09-04T14:05:45.169+0000] {logging_mixin.py:188} INFO - [2025-09-04T14:05:45.168+0000] {dag.py:3954} INFO - Setting next_dagrun for pipeline_dados_transito_tcc to 2025-09-04 08:00:00+00:00, run_after=2025-09-05 08:00:00+00:00
[2025-09-04T14:05:45.195+0000] {processor.py:183} INFO - Processing /opt/airflow/dags/tcc_pipeline_dag.py took 0.148 seconds
[2025-09-04T14:06:55.785+0000] {processor.py:161} INFO - Started process (PID=57) to work on /opt/airflow/dags/tcc_pipeline_dag.py
[2025-09-04T14:06:55.786+0000] {processor.py:830} INFO - Processing file /opt/airflow/dags/tcc_pipeline_dag.py for tasks to queue
[2025-09-04T14:06:55.792+0000] {logging_mixin.py:188} INFO - [2025-09-04T14:06:55.792+0000] {dagbag.py:545} INFO - Filling up the DagBag from /opt/airflow/dags/tcc_pipeline_dag.py
[2025-09-04T14:06:55.842+0000] {processor.py:840} INFO - DAG(s) 'pipeline_dados_transito_tcc' retrieved from /opt/airflow/dags/tcc_pipeline_dag.py
[2025-09-04T14:06:56.194+0000] {logging_mixin.py:188} INFO - [2025-09-04T14:06:56.193+0000] {override.py:1829} INFO - Created Permission View: can read on DAG:pipeline_dados_transito_tcc
[2025-09-04T14:06:56.204+0000] {logging_mixin.py:188} INFO - [2025-09-04T14:06:56.204+0000] {override.py:1829} INFO - Created Permission View: can edit on DAG:pipeline_dados_transito_tcc
[2025-09-04T14:06:56.210+0000] {logging_mixin.py:188} INFO - [2025-09-04T14:06:56.210+0000] {override.py:1829} INFO - Created Permission View: can delete on DAG:pipeline_dados_transito_tcc
[2025-09-04T14:06:56.211+0000] {logging_mixin.py:188} INFO - [2025-09-04T14:06:56.211+0000] {dag.py:3096} INFO - Sync 1 DAGs
[2025-09-04T14:06:56.225+0000] {logging_mixin.py:188} INFO - [2025-09-04T14:06:56.225+0000] {dag.py:3118} INFO - Creating ORM DAG for pipeline_dados_transito_tcc
[2025-09-04T14:06:56.239+0000] {logging_mixin.py:188} INFO - [2025-09-04T14:06:56.238+0000] {dag.py:3954} INFO - Setting next_dagrun for pipeline_dados_transito_tcc to 2025-09-04 08:00:00+00:00, run_after=2025-09-05 08:00:00+00:00
[2025-09-04T14:06:56.264+0000] {processor.py:183} INFO - Processing /opt/airflow/dags/tcc_pipeline_dag.py took 0.488 seconds
[2025-09-04T14:07:26.563+0000] {processor.py:161} INFO - Started process (PID=74) to work on /opt/airflow/dags/tcc_pipeline_dag.py
[2025-09-04T14:07:26.564+0000] {processor.py:830} INFO - Processing file /opt/airflow/dags/tcc_pipeline_dag.py for tasks to queue
[2025-09-04T14:07:26.568+0000] {logging_mixin.py:188} INFO - [2025-09-04T14:07:26.567+0000] {dagbag.py:545} INFO - Filling up the DagBag from /opt/airflow/dags/tcc_pipeline_dag.py
[2025-09-04T14:07:26.633+0000] {processor.py:840} INFO - DAG(s) 'pipeline_dados_transito_tcc' retrieved from /opt/airflow/dags/tcc_pipeline_dag.py
[2025-09-04T14:07:26.691+0000] {logging_mixin.py:188} INFO - [2025-09-04T14:07:26.690+0000] {dag.py:3096} INFO - Sync 1 DAGs
[2025-09-04T14:07:26.736+0000] {logging_mixin.py:188} INFO - [2025-09-04T14:07:26.736+0000] {dag.py:3954} INFO - Setting next_dagrun for pipeline_dados_transito_tcc to 2025-09-04 08:00:00+00:00, run_after=2025-09-05 08:00:00+00:00
[2025-09-04T14:07:26.774+0000] {processor.py:183} INFO - Processing /opt/airflow/dags/tcc_pipeline_dag.py took 0.221 seconds
[2025-09-04T14:07:56.913+0000] {processor.py:161} INFO - Started process (PID=81) to work on /opt/airflow/dags/tcc_pipeline_dag.py
[2025-09-04T14:07:56.915+0000] {processor.py:830} INFO - Processing file /opt/airflow/dags/tcc_pipeline_dag.py for tasks to queue
[2025-09-04T14:07:56.918+0000] {logging_mixin.py:188} INFO - [2025-09-04T14:07:56.918+0000] {dagbag.py:545} INFO - Filling up the DagBag from /opt/airflow/dags/tcc_pipeline_dag.py
[2025-09-04T14:07:56.965+0000] {processor.py:840} INFO - DAG(s) 'pipeline_dados_transito_tcc' retrieved from /opt/airflow/dags/tcc_pipeline_dag.py
[2025-09-04T14:07:57.002+0000] {logging_mixin.py:188} INFO - [2025-09-04T14:07:57.002+0000] {dag.py:3096} INFO - Sync 1 DAGs
[2025-09-04T14:07:57.035+0000] {logging_mixin.py:188} INFO - [2025-09-04T14:07:57.034+0000] {dag.py:3954} INFO - Setting next_dagrun for pipeline_dados_transito_tcc to 2025-09-04 08:00:00+00:00, run_after=2025-09-05 08:00:00+00:00
[2025-09-04T14:07:57.063+0000] {processor.py:183} INFO - Processing /opt/airflow/dags/tcc_pipeline_dag.py took 0.160 seconds
[2025-09-04T14:27:31.491+0000] {processor.py:161} INFO - Started process (PID=52) to work on /opt/airflow/dags/tcc_pipeline_dag.py
[2025-09-04T14:27:31.494+0000] {processor.py:830} INFO - Processing file /opt/airflow/dags/tcc_pipeline_dag.py for tasks to queue
[2025-09-04T14:27:31.497+0000] {logging_mixin.py:188} INFO - [2025-09-04T14:27:31.496+0000] {dagbag.py:545} INFO - Filling up the DagBag from /opt/airflow/dags/tcc_pipeline_dag.py
[2025-09-04T14:27:31.549+0000] {processor.py:840} INFO - DAG(s) 'pipeline_dados_transito_tcc' retrieved from /opt/airflow/dags/tcc_pipeline_dag.py
[2025-09-04T14:27:31.605+0000] {logging_mixin.py:188} INFO - [2025-09-04T14:27:31.605+0000] {dag.py:3096} INFO - Sync 1 DAGs
[2025-09-04T14:27:31.631+0000] {logging_mixin.py:188} INFO - [2025-09-04T14:27:31.630+0000] {dag.py:3954} INFO - Setting next_dagrun for pipeline_dados_transito_tcc to 2025-09-04 08:00:00+00:00, run_after=2025-09-05 08:00:00+00:00
[2025-09-04T14:27:31.656+0000] {processor.py:183} INFO - Processing /opt/airflow/dags/tcc_pipeline_dag.py took 0.173 seconds
[2025-09-04T14:28:01.786+0000] {processor.py:161} INFO - Started process (PID=65) to work on /opt/airflow/dags/tcc_pipeline_dag.py
[2025-09-04T14:28:01.787+0000] {processor.py:830} INFO - Processing file /opt/airflow/dags/tcc_pipeline_dag.py for tasks to queue
[2025-09-04T14:28:01.791+0000] {logging_mixin.py:188} INFO - [2025-09-04T14:28:01.790+0000] {dagbag.py:545} INFO - Filling up the DagBag from /opt/airflow/dags/tcc_pipeline_dag.py
[2025-09-04T14:28:01.836+0000] {processor.py:840} INFO - DAG(s) 'pipeline_dados_transito_tcc' retrieved from /opt/airflow/dags/tcc_pipeline_dag.py
[2025-09-04T14:28:01.894+0000] {logging_mixin.py:188} INFO - [2025-09-04T14:28:01.893+0000] {dag.py:3096} INFO - Sync 1 DAGs
[2025-09-04T14:28:01.922+0000] {logging_mixin.py:188} INFO - [2025-09-04T14:28:01.922+0000] {dag.py:3954} INFO - Setting next_dagrun for pipeline_dados_transito_tcc to 2025-09-04 08:00:00+00:00, run_after=2025-09-05 08:00:00+00:00
[2025-09-04T14:28:01.948+0000] {processor.py:183} INFO - Processing /opt/airflow/dags/tcc_pipeline_dag.py took 0.170 seconds
[2025-09-04T14:28:32.224+0000] {processor.py:161} INFO - Started process (PID=72) to work on /opt/airflow/dags/tcc_pipeline_dag.py
[2025-09-04T14:28:32.226+0000] {processor.py:830} INFO - Processing file /opt/airflow/dags/tcc_pipeline_dag.py for tasks to queue
[2025-09-04T14:28:32.229+0000] {logging_mixin.py:188} INFO - [2025-09-04T14:28:32.229+0000] {dagbag.py:545} INFO - Filling up the DagBag from /opt/airflow/dags/tcc_pipeline_dag.py
[2025-09-04T14:28:32.266+0000] {processor.py:840} INFO - DAG(s) 'pipeline_dados_transito_tcc' retrieved from /opt/airflow/dags/tcc_pipeline_dag.py
[2025-09-04T14:28:32.301+0000] {logging_mixin.py:188} INFO - [2025-09-04T14:28:32.301+0000] {dag.py:3096} INFO - Sync 1 DAGs
[2025-09-04T14:28:32.325+0000] {logging_mixin.py:188} INFO - [2025-09-04T14:28:32.325+0000] {dag.py:3954} INFO - Setting next_dagrun for pipeline_dados_transito_tcc to 2025-09-04 08:00:00+00:00, run_after=2025-09-05 08:00:00+00:00
[2025-09-04T14:28:32.350+0000] {processor.py:183} INFO - Processing /opt/airflow/dags/tcc_pipeline_dag.py took 0.135 seconds
[2025-09-04T14:29:02.544+0000] {processor.py:161} INFO - Started process (PID=79) to work on /opt/airflow/dags/tcc_pipeline_dag.py
[2025-09-04T14:29:02.547+0000] {processor.py:830} INFO - Processing file /opt/airflow/dags/tcc_pipeline_dag.py for tasks to queue
[2025-09-04T14:29:02.550+0000] {logging_mixin.py:188} INFO - [2025-09-04T14:29:02.549+0000] {dagbag.py:545} INFO - Filling up the DagBag from /opt/airflow/dags/tcc_pipeline_dag.py
[2025-09-04T14:29:02.582+0000] {processor.py:840} INFO - DAG(s) 'pipeline_dados_transito_tcc' retrieved from /opt/airflow/dags/tcc_pipeline_dag.py
[2025-09-04T14:29:02.614+0000] {logging_mixin.py:188} INFO - [2025-09-04T14:29:02.614+0000] {dag.py:3096} INFO - Sync 1 DAGs
[2025-09-04T14:29:02.640+0000] {logging_mixin.py:188} INFO - [2025-09-04T14:29:02.640+0000] {dag.py:3954} INFO - Setting next_dagrun for pipeline_dados_transito_tcc to 2025-09-04 08:00:00+00:00, run_after=2025-09-05 08:00:00+00:00
[2025-09-04T14:29:02.658+0000] {processor.py:183} INFO - Processing /opt/airflow/dags/tcc_pipeline_dag.py took 0.121 seconds
[2025-09-04T14:29:32.908+0000] {processor.py:161} INFO - Started process (PID=86) to work on /opt/airflow/dags/tcc_pipeline_dag.py
[2025-09-04T14:29:32.910+0000] {processor.py:830} INFO - Processing file /opt/airflow/dags/tcc_pipeline_dag.py for tasks to queue
[2025-09-04T14:29:32.913+0000] {logging_mixin.py:188} INFO - [2025-09-04T14:29:32.913+0000] {dagbag.py:545} INFO - Filling up the DagBag from /opt/airflow/dags/tcc_pipeline_dag.py
[2025-09-04T14:29:32.959+0000] {processor.py:840} INFO - DAG(s) 'pipeline_dados_transito_tcc' retrieved from /opt/airflow/dags/tcc_pipeline_dag.py
[2025-09-04T14:29:32.995+0000] {logging_mixin.py:188} INFO - [2025-09-04T14:29:32.994+0000] {dag.py:3096} INFO - Sync 1 DAGs
[2025-09-04T14:29:33.040+0000] {logging_mixin.py:188} INFO - [2025-09-04T14:29:33.040+0000] {dag.py:3954} INFO - Setting next_dagrun for pipeline_dados_transito_tcc to 2025-09-04 08:00:00+00:00, run_after=2025-09-05 08:00:00+00:00
[2025-09-04T14:29:33.075+0000] {processor.py:183} INFO - Processing /opt/airflow/dags/tcc_pipeline_dag.py took 0.175 seconds
[2025-09-04T14:30:03.266+0000] {processor.py:161} INFO - Started process (PID=93) to work on /opt/airflow/dags/tcc_pipeline_dag.py
[2025-09-04T14:30:03.268+0000] {processor.py:830} INFO - Processing file /opt/airflow/dags/tcc_pipeline_dag.py for tasks to queue
[2025-09-04T14:30:03.270+0000] {logging_mixin.py:188} INFO - [2025-09-04T14:30:03.270+0000] {dagbag.py:545} INFO - Filling up the DagBag from /opt/airflow/dags/tcc_pipeline_dag.py
[2025-09-04T14:30:03.349+0000] {processor.py:840} INFO - DAG(s) 'pipeline_dados_transito_tcc' retrieved from /opt/airflow/dags/tcc_pipeline_dag.py
[2025-09-04T14:30:03.374+0000] {logging_mixin.py:188} INFO - [2025-09-04T14:30:03.374+0000] {dag.py:3096} INFO - Sync 1 DAGs
[2025-09-04T14:30:03.391+0000] {logging_mixin.py:188} INFO - [2025-09-04T14:30:03.391+0000] {dag.py:3954} INFO - Setting next_dagrun for pipeline_dados_transito_tcc to 2025-09-04 08:00:00+00:00, run_after=2025-09-05 08:00:00+00:00
[2025-09-04T14:30:03.413+0000] {processor.py:183} INFO - Processing /opt/airflow/dags/tcc_pipeline_dag.py took 0.157 seconds
[2025-09-04T14:30:33.633+0000] {processor.py:161} INFO - Started process (PID=100) to work on /opt/airflow/dags/tcc_pipeline_dag.py
[2025-09-04T14:30:33.635+0000] {processor.py:830} INFO - Processing file /opt/airflow/dags/tcc_pipeline_dag.py for tasks to queue
[2025-09-04T14:30:33.637+0000] {logging_mixin.py:188} INFO - [2025-09-04T14:30:33.637+0000] {dagbag.py:545} INFO - Filling up the DagBag from /opt/airflow/dags/tcc_pipeline_dag.py
[2025-09-04T14:30:33.659+0000] {processor.py:840} INFO - DAG(s) 'pipeline_dados_transito_tcc' retrieved from /opt/airflow/dags/tcc_pipeline_dag.py
[2025-09-04T14:30:33.687+0000] {logging_mixin.py:188} INFO - [2025-09-04T14:30:33.687+0000] {dag.py:3096} INFO - Sync 1 DAGs
[2025-09-04T14:30:33.707+0000] {logging_mixin.py:188} INFO - [2025-09-04T14:30:33.707+0000] {dag.py:3954} INFO - Setting next_dagrun for pipeline_dados_transito_tcc to 2025-09-04 08:00:00+00:00, run_after=2025-09-05 08:00:00+00:00
[2025-09-04T14:30:33.726+0000] {processor.py:183} INFO - Processing /opt/airflow/dags/tcc_pipeline_dag.py took 0.098 seconds
[2025-09-04T14:31:03.996+0000] {processor.py:161} INFO - Started process (PID=107) to work on /opt/airflow/dags/tcc_pipeline_dag.py
[2025-09-04T14:31:03.999+0000] {processor.py:830} INFO - Processing file /opt/airflow/dags/tcc_pipeline_dag.py for tasks to queue
[2025-09-04T14:31:04.002+0000] {logging_mixin.py:188} INFO - [2025-09-04T14:31:04.001+0000] {dagbag.py:545} INFO - Filling up the DagBag from /opt/airflow/dags/tcc_pipeline_dag.py
[2025-09-04T14:31:04.061+0000] {processor.py:840} INFO - DAG(s) 'pipeline_dados_transito_tcc' retrieved from /opt/airflow/dags/tcc_pipeline_dag.py
[2025-09-04T14:31:04.100+0000] {logging_mixin.py:188} INFO - [2025-09-04T14:31:04.100+0000] {dag.py:3096} INFO - Sync 1 DAGs
[2025-09-04T14:31:04.125+0000] {logging_mixin.py:188} INFO - [2025-09-04T14:31:04.125+0000] {dag.py:3954} INFO - Setting next_dagrun for pipeline_dados_transito_tcc to 2025-09-04 08:00:00+00:00, run_after=2025-09-05 08:00:00+00:00
[2025-09-04T14:31:04.146+0000] {processor.py:183} INFO - Processing /opt/airflow/dags/tcc_pipeline_dag.py took 0.160 seconds
[2025-09-04T14:31:34.269+0000] {processor.py:161} INFO - Started process (PID=114) to work on /opt/airflow/dags/tcc_pipeline_dag.py
[2025-09-04T14:31:34.270+0000] {processor.py:830} INFO - Processing file /opt/airflow/dags/tcc_pipeline_dag.py for tasks to queue
[2025-09-04T14:31:34.273+0000] {logging_mixin.py:188} INFO - [2025-09-04T14:31:34.273+0000] {dagbag.py:545} INFO - Filling up the DagBag from /opt/airflow/dags/tcc_pipeline_dag.py
[2025-09-04T14:31:34.311+0000] {processor.py:840} INFO - DAG(s) 'pipeline_dados_transito_tcc' retrieved from /opt/airflow/dags/tcc_pipeline_dag.py
[2025-09-04T14:31:34.341+0000] {logging_mixin.py:188} INFO - [2025-09-04T14:31:34.341+0000] {dag.py:3096} INFO - Sync 1 DAGs
[2025-09-04T14:31:34.366+0000] {logging_mixin.py:188} INFO - [2025-09-04T14:31:34.366+0000] {dag.py:3954} INFO - Setting next_dagrun for pipeline_dados_transito_tcc to 2025-09-04 08:00:00+00:00, run_after=2025-09-05 08:00:00+00:00
[2025-09-04T14:31:34.394+0000] {processor.py:183} INFO - Processing /opt/airflow/dags/tcc_pipeline_dag.py took 0.132 seconds
[2025-09-04T14:32:04.558+0000] {processor.py:161} INFO - Started process (PID=122) to work on /opt/airflow/dags/tcc_pipeline_dag.py
[2025-09-04T14:32:04.559+0000] {processor.py:830} INFO - Processing file /opt/airflow/dags/tcc_pipeline_dag.py for tasks to queue
[2025-09-04T14:32:04.562+0000] {logging_mixin.py:188} INFO - [2025-09-04T14:32:04.562+0000] {dagbag.py:545} INFO - Filling up the DagBag from /opt/airflow/dags/tcc_pipeline_dag.py
[2025-09-04T14:32:04.605+0000] {processor.py:840} INFO - DAG(s) 'pipeline_dados_transito_tcc' retrieved from /opt/airflow/dags/tcc_pipeline_dag.py
[2025-09-04T14:32:04.639+0000] {logging_mixin.py:188} INFO - [2025-09-04T14:32:04.638+0000] {dag.py:3096} INFO - Sync 1 DAGs
[2025-09-04T14:32:04.665+0000] {logging_mixin.py:188} INFO - [2025-09-04T14:32:04.664+0000] {dag.py:3954} INFO - Setting next_dagrun for pipeline_dados_transito_tcc to 2025-09-04 08:00:00+00:00, run_after=2025-09-05 08:00:00+00:00
[2025-09-04T14:32:04.688+0000] {processor.py:183} INFO - Processing /opt/airflow/dags/tcc_pipeline_dag.py took 0.138 seconds
[2025-09-04T14:32:35.108+0000] {processor.py:161} INFO - Started process (PID=129) to work on /opt/airflow/dags/tcc_pipeline_dag.py
[2025-09-04T14:32:35.110+0000] {processor.py:830} INFO - Processing file /opt/airflow/dags/tcc_pipeline_dag.py for tasks to queue
[2025-09-04T14:32:35.113+0000] {logging_mixin.py:188} INFO - [2025-09-04T14:32:35.113+0000] {dagbag.py:545} INFO - Filling up the DagBag from /opt/airflow/dags/tcc_pipeline_dag.py
[2025-09-04T14:32:35.164+0000] {processor.py:840} INFO - DAG(s) 'pipeline_dados_transito_tcc' retrieved from /opt/airflow/dags/tcc_pipeline_dag.py
[2025-09-04T14:32:35.195+0000] {logging_mixin.py:188} INFO - [2025-09-04T14:32:35.194+0000] {dag.py:3096} INFO - Sync 1 DAGs
[2025-09-04T14:32:35.216+0000] {logging_mixin.py:188} INFO - [2025-09-04T14:32:35.216+0000] {dag.py:3954} INFO - Setting next_dagrun for pipeline_dados_transito_tcc to 2025-09-04 08:00:00+00:00, run_after=2025-09-05 08:00:00+00:00
[2025-09-04T14:32:35.241+0000] {processor.py:183} INFO - Processing /opt/airflow/dags/tcc_pipeline_dag.py took 0.139 seconds
[2025-09-04T14:33:05.415+0000] {processor.py:161} INFO - Started process (PID=136) to work on /opt/airflow/dags/tcc_pipeline_dag.py
[2025-09-04T14:33:05.417+0000] {processor.py:830} INFO - Processing file /opt/airflow/dags/tcc_pipeline_dag.py for tasks to queue
[2025-09-04T14:33:05.419+0000] {logging_mixin.py:188} INFO - [2025-09-04T14:33:05.419+0000] {dagbag.py:545} INFO - Filling up the DagBag from /opt/airflow/dags/tcc_pipeline_dag.py
[2025-09-04T14:33:05.473+0000] {processor.py:840} INFO - DAG(s) 'pipeline_dados_transito_tcc' retrieved from /opt/airflow/dags/tcc_pipeline_dag.py
[2025-09-04T14:33:05.501+0000] {logging_mixin.py:188} INFO - [2025-09-04T14:33:05.501+0000] {dag.py:3096} INFO - Sync 1 DAGs
[2025-09-04T14:33:05.525+0000] {logging_mixin.py:188} INFO - [2025-09-04T14:33:05.525+0000] {dag.py:3954} INFO - Setting next_dagrun for pipeline_dados_transito_tcc to 2025-09-04 08:00:00+00:00, run_after=2025-09-05 08:00:00+00:00
[2025-09-04T14:33:05.552+0000] {processor.py:183} INFO - Processing /opt/airflow/dags/tcc_pipeline_dag.py took 0.147 seconds
[2025-09-04T14:33:35.874+0000] {processor.py:161} INFO - Started process (PID=144) to work on /opt/airflow/dags/tcc_pipeline_dag.py
[2025-09-04T14:33:35.876+0000] {processor.py:830} INFO - Processing file /opt/airflow/dags/tcc_pipeline_dag.py for tasks to queue
[2025-09-04T14:33:35.878+0000] {logging_mixin.py:188} INFO - [2025-09-04T14:33:35.877+0000] {dagbag.py:545} INFO - Filling up the DagBag from /opt/airflow/dags/tcc_pipeline_dag.py
[2025-09-04T14:33:35.966+0000] {processor.py:840} INFO - DAG(s) 'pipeline_dados_transito_tcc' retrieved from /opt/airflow/dags/tcc_pipeline_dag.py
[2025-09-04T14:33:36.007+0000] {logging_mixin.py:188} INFO - [2025-09-04T14:33:36.007+0000] {dag.py:3096} INFO - Sync 1 DAGs
[2025-09-04T14:33:36.044+0000] {logging_mixin.py:188} INFO - [2025-09-04T14:33:36.043+0000] {dag.py:3954} INFO - Setting next_dagrun for pipeline_dados_transito_tcc to 2025-09-04 08:00:00+00:00, run_after=2025-09-05 08:00:00+00:00
[2025-09-04T14:33:36.073+0000] {processor.py:183} INFO - Processing /opt/airflow/dags/tcc_pipeline_dag.py took 0.204 seconds
[2025-09-04T14:34:06.184+0000] {processor.py:161} INFO - Started process (PID=152) to work on /opt/airflow/dags/tcc_pipeline_dag.py
[2025-09-04T14:34:06.185+0000] {processor.py:830} INFO - Processing file /opt/airflow/dags/tcc_pipeline_dag.py for tasks to queue
[2025-09-04T14:34:06.188+0000] {logging_mixin.py:188} INFO - [2025-09-04T14:34:06.187+0000] {dagbag.py:545} INFO - Filling up the DagBag from /opt/airflow/dags/tcc_pipeline_dag.py
[2025-09-04T14:34:06.261+0000] {processor.py:840} INFO - DAG(s) 'pipeline_dados_transito_tcc' retrieved from /opt/airflow/dags/tcc_pipeline_dag.py
[2025-09-04T14:34:06.301+0000] {logging_mixin.py:188} INFO - [2025-09-04T14:34:06.301+0000] {dag.py:3096} INFO - Sync 1 DAGs
[2025-09-04T14:34:06.340+0000] {logging_mixin.py:188} INFO - [2025-09-04T14:34:06.340+0000] {dag.py:3954} INFO - Setting next_dagrun for pipeline_dados_transito_tcc to 2025-09-04 08:00:00+00:00, run_after=2025-09-05 08:00:00+00:00
[2025-09-04T14:34:06.373+0000] {processor.py:183} INFO - Processing /opt/airflow/dags/tcc_pipeline_dag.py took 0.196 seconds
[2025-09-04T14:34:36.711+0000] {processor.py:161} INFO - Started process (PID=159) to work on /opt/airflow/dags/tcc_pipeline_dag.py
[2025-09-04T14:34:36.714+0000] {processor.py:830} INFO - Processing file /opt/airflow/dags/tcc_pipeline_dag.py for tasks to queue
[2025-09-04T14:34:36.717+0000] {logging_mixin.py:188} INFO - [2025-09-04T14:34:36.717+0000] {dagbag.py:545} INFO - Filling up the DagBag from /opt/airflow/dags/tcc_pipeline_dag.py
[2025-09-04T14:34:36.778+0000] {processor.py:840} INFO - DAG(s) 'pipeline_dados_transito_tcc' retrieved from /opt/airflow/dags/tcc_pipeline_dag.py
[2025-09-04T14:34:36.815+0000] {logging_mixin.py:188} INFO - [2025-09-04T14:34:36.815+0000] {dag.py:3096} INFO - Sync 1 DAGs
[2025-09-04T14:34:36.844+0000] {logging_mixin.py:188} INFO - [2025-09-04T14:34:36.844+0000] {dag.py:3954} INFO - Setting next_dagrun for pipeline_dados_transito_tcc to 2025-09-04 08:00:00+00:00, run_after=2025-09-05 08:00:00+00:00
[2025-09-04T14:34:36.879+0000] {processor.py:183} INFO - Processing /opt/airflow/dags/tcc_pipeline_dag.py took 0.177 seconds
[2025-09-04T14:35:06.990+0000] {processor.py:161} INFO - Started process (PID=166) to work on /opt/airflow/dags/tcc_pipeline_dag.py
[2025-09-04T14:35:06.991+0000] {processor.py:830} INFO - Processing file /opt/airflow/dags/tcc_pipeline_dag.py for tasks to queue
[2025-09-04T14:35:06.993+0000] {logging_mixin.py:188} INFO - [2025-09-04T14:35:06.993+0000] {dagbag.py:545} INFO - Filling up the DagBag from /opt/airflow/dags/tcc_pipeline_dag.py
[2025-09-04T14:35:07.022+0000] {processor.py:840} INFO - DAG(s) 'pipeline_dados_transito_tcc' retrieved from /opt/airflow/dags/tcc_pipeline_dag.py
[2025-09-04T14:35:07.060+0000] {logging_mixin.py:188} INFO - [2025-09-04T14:35:07.060+0000] {dag.py:3096} INFO - Sync 1 DAGs
[2025-09-04T14:35:07.087+0000] {logging_mixin.py:188} INFO - [2025-09-04T14:35:07.086+0000] {dag.py:3954} INFO - Setting next_dagrun for pipeline_dados_transito_tcc to 2025-09-04 08:00:00+00:00, run_after=2025-09-05 08:00:00+00:00
[2025-09-04T14:35:07.115+0000] {processor.py:183} INFO - Processing /opt/airflow/dags/tcc_pipeline_dag.py took 0.132 seconds
[2025-09-04T14:36:17.868+0000] {processor.py:161} INFO - Started process (PID=46) to work on /opt/airflow/dags/tcc_pipeline_dag.py
[2025-09-04T14:36:17.869+0000] {processor.py:830} INFO - Processing file /opt/airflow/dags/tcc_pipeline_dag.py for tasks to queue
[2025-09-04T14:36:17.872+0000] {logging_mixin.py:188} INFO - [2025-09-04T14:36:17.871+0000] {dagbag.py:545} INFO - Filling up the DagBag from /opt/airflow/dags/tcc_pipeline_dag.py
[2025-09-04T14:36:17.913+0000] {processor.py:840} INFO - DAG(s) 'pipeline_dados_transito_tcc' retrieved from /opt/airflow/dags/tcc_pipeline_dag.py
[2025-09-04T14:36:18.143+0000] {logging_mixin.py:188} INFO - [2025-09-04T14:36:18.142+0000] {override.py:1829} INFO - Created Permission View: can edit on DAG:pipeline_dados_transito_tcc
[2025-09-04T14:36:18.156+0000] {logging_mixin.py:188} INFO - [2025-09-04T14:36:18.156+0000] {override.py:1829} INFO - Created Permission View: can read on DAG:pipeline_dados_transito_tcc
[2025-09-04T14:36:18.165+0000] {logging_mixin.py:188} INFO - [2025-09-04T14:36:18.165+0000] {override.py:1829} INFO - Created Permission View: can delete on DAG:pipeline_dados_transito_tcc
[2025-09-04T14:36:18.166+0000] {logging_mixin.py:188} INFO - [2025-09-04T14:36:18.166+0000] {dag.py:3096} INFO - Sync 1 DAGs
[2025-09-04T14:36:18.176+0000] {logging_mixin.py:188} INFO - [2025-09-04T14:36:18.176+0000] {dag.py:3118} INFO - Creating ORM DAG for pipeline_dados_transito_tcc
[2025-09-04T14:36:18.186+0000] {logging_mixin.py:188} INFO - [2025-09-04T14:36:18.186+0000] {dag.py:3954} INFO - Setting next_dagrun for pipeline_dados_transito_tcc to 2025-09-04 08:00:00+00:00, run_after=2025-09-05 08:00:00+00:00
[2025-09-04T14:36:18.213+0000] {processor.py:183} INFO - Processing /opt/airflow/dags/tcc_pipeline_dag.py took 0.350 seconds
[2025-09-04T14:36:48.522+0000] {processor.py:161} INFO - Started process (PID=53) to work on /opt/airflow/dags/tcc_pipeline_dag.py
[2025-09-04T14:36:48.524+0000] {processor.py:830} INFO - Processing file /opt/airflow/dags/tcc_pipeline_dag.py for tasks to queue
[2025-09-04T14:36:48.526+0000] {logging_mixin.py:188} INFO - [2025-09-04T14:36:48.526+0000] {dagbag.py:545} INFO - Filling up the DagBag from /opt/airflow/dags/tcc_pipeline_dag.py
[2025-09-04T14:36:48.595+0000] {processor.py:840} INFO - DAG(s) 'pipeline_dados_transito_tcc' retrieved from /opt/airflow/dags/tcc_pipeline_dag.py
[2025-09-04T14:36:48.633+0000] {logging_mixin.py:188} INFO - [2025-09-04T14:36:48.632+0000] {dag.py:3096} INFO - Sync 1 DAGs
[2025-09-04T14:36:48.665+0000] {logging_mixin.py:188} INFO - [2025-09-04T14:36:48.665+0000] {dag.py:3954} INFO - Setting next_dagrun for pipeline_dados_transito_tcc to 2025-09-04 08:00:00+00:00, run_after=2025-09-05 08:00:00+00:00
[2025-09-04T14:36:48.687+0000] {processor.py:183} INFO - Processing /opt/airflow/dags/tcc_pipeline_dag.py took 0.173 seconds
[2025-09-04T14:37:18.795+0000] {processor.py:161} INFO - Started process (PID=64) to work on /opt/airflow/dags/tcc_pipeline_dag.py
[2025-09-04T14:37:18.796+0000] {processor.py:830} INFO - Processing file /opt/airflow/dags/tcc_pipeline_dag.py for tasks to queue
[2025-09-04T14:37:18.799+0000] {logging_mixin.py:188} INFO - [2025-09-04T14:37:18.798+0000] {dagbag.py:545} INFO - Filling up the DagBag from /opt/airflow/dags/tcc_pipeline_dag.py
[2025-09-04T14:37:18.846+0000] {processor.py:840} INFO - DAG(s) 'pipeline_dados_transito_tcc' retrieved from /opt/airflow/dags/tcc_pipeline_dag.py
[2025-09-04T14:37:18.895+0000] {logging_mixin.py:188} INFO - [2025-09-04T14:37:18.895+0000] {dag.py:3096} INFO - Sync 1 DAGs
[2025-09-04T14:37:18.923+0000] {logging_mixin.py:188} INFO - [2025-09-04T14:37:18.923+0000] {dag.py:3954} INFO - Setting next_dagrun for pipeline_dados_transito_tcc to 2025-09-04 08:00:00+00:00, run_after=2025-09-05 08:00:00+00:00
[2025-09-04T14:37:18.947+0000] {processor.py:183} INFO - Processing /opt/airflow/dags/tcc_pipeline_dag.py took 0.159 seconds
[2025-09-04T14:37:49.214+0000] {processor.py:161} INFO - Started process (PID=75) to work on /opt/airflow/dags/tcc_pipeline_dag.py
[2025-09-04T14:37:49.215+0000] {processor.py:830} INFO - Processing file /opt/airflow/dags/tcc_pipeline_dag.py for tasks to queue
[2025-09-04T14:37:49.217+0000] {logging_mixin.py:188} INFO - [2025-09-04T14:37:49.217+0000] {dagbag.py:545} INFO - Filling up the DagBag from /opt/airflow/dags/tcc_pipeline_dag.py
[2025-09-04T14:37:49.258+0000] {processor.py:840} INFO - DAG(s) 'pipeline_dados_transito_tcc' retrieved from /opt/airflow/dags/tcc_pipeline_dag.py
[2025-09-04T14:37:49.286+0000] {logging_mixin.py:188} INFO - [2025-09-04T14:37:49.285+0000] {dag.py:3096} INFO - Sync 1 DAGs
[2025-09-04T14:37:49.306+0000] {logging_mixin.py:188} INFO - [2025-09-04T14:37:49.306+0000] {dag.py:3954} INFO - Setting next_dagrun for pipeline_dados_transito_tcc to 2025-09-04 08:00:00+00:00, run_after=2025-09-05 08:00:00+00:00
[2025-09-04T14:37:49.326+0000] {processor.py:183} INFO - Processing /opt/airflow/dags/tcc_pipeline_dag.py took 0.118 seconds
[2025-09-04T14:38:19.515+0000] {processor.py:161} INFO - Started process (PID=88) to work on /opt/airflow/dags/tcc_pipeline_dag.py
[2025-09-04T14:38:19.516+0000] {processor.py:830} INFO - Processing file /opt/airflow/dags/tcc_pipeline_dag.py for tasks to queue
[2025-09-04T14:38:19.518+0000] {logging_mixin.py:188} INFO - [2025-09-04T14:38:19.518+0000] {dagbag.py:545} INFO - Filling up the DagBag from /opt/airflow/dags/tcc_pipeline_dag.py
[2025-09-04T14:38:19.561+0000] {processor.py:840} INFO - DAG(s) 'pipeline_dados_transito_tcc' retrieved from /opt/airflow/dags/tcc_pipeline_dag.py
[2025-09-04T14:38:19.594+0000] {logging_mixin.py:188} INFO - [2025-09-04T14:38:19.593+0000] {dag.py:3096} INFO - Sync 1 DAGs
[2025-09-04T14:38:19.617+0000] {logging_mixin.py:188} INFO - [2025-09-04T14:38:19.616+0000] {dag.py:3954} INFO - Setting next_dagrun for pipeline_dados_transito_tcc to 2025-09-04 08:00:00+00:00, run_after=2025-09-05 08:00:00+00:00
[2025-09-04T14:38:19.642+0000] {processor.py:183} INFO - Processing /opt/airflow/dags/tcc_pipeline_dag.py took 0.134 seconds
[2025-09-04T14:38:49.865+0000] {processor.py:161} INFO - Started process (PID=95) to work on /opt/airflow/dags/tcc_pipeline_dag.py
[2025-09-04T14:38:49.866+0000] {processor.py:830} INFO - Processing file /opt/airflow/dags/tcc_pipeline_dag.py for tasks to queue
[2025-09-04T14:38:49.868+0000] {logging_mixin.py:188} INFO - [2025-09-04T14:38:49.868+0000] {dagbag.py:545} INFO - Filling up the DagBag from /opt/airflow/dags/tcc_pipeline_dag.py
[2025-09-04T14:38:49.902+0000] {processor.py:840} INFO - DAG(s) 'pipeline_dados_transito_tcc' retrieved from /opt/airflow/dags/tcc_pipeline_dag.py
[2025-09-04T14:38:49.937+0000] {logging_mixin.py:188} INFO - [2025-09-04T14:38:49.937+0000] {dag.py:3096} INFO - Sync 1 DAGs
[2025-09-04T14:38:50.000+0000] {logging_mixin.py:188} INFO - [2025-09-04T14:38:49.999+0000] {dag.py:3954} INFO - Setting next_dagrun for pipeline_dados_transito_tcc to 2025-09-04 08:00:00+00:00, run_after=2025-09-05 08:00:00+00:00
[2025-09-04T14:38:50.022+0000] {processor.py:183} INFO - Processing /opt/airflow/dags/tcc_pipeline_dag.py took 0.164 seconds
[2025-09-04T14:39:20.286+0000] {processor.py:161} INFO - Started process (PID=102) to work on /opt/airflow/dags/tcc_pipeline_dag.py
[2025-09-04T14:39:20.287+0000] {processor.py:830} INFO - Processing file /opt/airflow/dags/tcc_pipeline_dag.py for tasks to queue
[2025-09-04T14:39:20.289+0000] {logging_mixin.py:188} INFO - [2025-09-04T14:39:20.289+0000] {dagbag.py:545} INFO - Filling up the DagBag from /opt/airflow/dags/tcc_pipeline_dag.py
[2025-09-04T14:39:20.317+0000] {processor.py:840} INFO - DAG(s) 'pipeline_dados_transito_tcc' retrieved from /opt/airflow/dags/tcc_pipeline_dag.py
[2025-09-04T14:39:20.341+0000] {logging_mixin.py:188} INFO - [2025-09-04T14:39:20.341+0000] {dag.py:3096} INFO - Sync 1 DAGs
[2025-09-04T14:39:20.360+0000] {logging_mixin.py:188} INFO - [2025-09-04T14:39:20.359+0000] {dag.py:3954} INFO - Setting next_dagrun for pipeline_dados_transito_tcc to 2025-09-04 08:00:00+00:00, run_after=2025-09-05 08:00:00+00:00
[2025-09-04T14:39:20.377+0000] {processor.py:183} INFO - Processing /opt/airflow/dags/tcc_pipeline_dag.py took 0.098 seconds
[2025-09-04T14:39:50.755+0000] {processor.py:161} INFO - Started process (PID=109) to work on /opt/airflow/dags/tcc_pipeline_dag.py
[2025-09-04T14:39:50.757+0000] {processor.py:830} INFO - Processing file /opt/airflow/dags/tcc_pipeline_dag.py for tasks to queue
[2025-09-04T14:39:50.760+0000] {logging_mixin.py:188} INFO - [2025-09-04T14:39:50.759+0000] {dagbag.py:545} INFO - Filling up the DagBag from /opt/airflow/dags/tcc_pipeline_dag.py
[2025-09-04T14:39:50.806+0000] {processor.py:840} INFO - DAG(s) 'pipeline_dados_transito_tcc' retrieved from /opt/airflow/dags/tcc_pipeline_dag.py
[2025-09-04T14:39:50.834+0000] {logging_mixin.py:188} INFO - [2025-09-04T14:39:50.834+0000] {dag.py:3096} INFO - Sync 1 DAGs
[2025-09-04T14:39:50.855+0000] {logging_mixin.py:188} INFO - [2025-09-04T14:39:50.855+0000] {dag.py:3954} INFO - Setting next_dagrun for pipeline_dados_transito_tcc to 2025-09-04 08:00:00+00:00, run_after=2025-09-05 08:00:00+00:00
[2025-09-04T14:39:50.873+0000] {processor.py:183} INFO - Processing /opt/airflow/dags/tcc_pipeline_dag.py took 0.125 seconds
[2025-09-04T14:40:21.019+0000] {processor.py:161} INFO - Started process (PID=116) to work on /opt/airflow/dags/tcc_pipeline_dag.py
[2025-09-04T14:40:21.021+0000] {processor.py:830} INFO - Processing file /opt/airflow/dags/tcc_pipeline_dag.py for tasks to queue
[2025-09-04T14:40:21.025+0000] {logging_mixin.py:188} INFO - [2025-09-04T14:40:21.024+0000] {dagbag.py:545} INFO - Filling up the DagBag from /opt/airflow/dags/tcc_pipeline_dag.py
[2025-09-04T14:40:21.079+0000] {processor.py:840} INFO - DAG(s) 'pipeline_dados_transito_tcc' retrieved from /opt/airflow/dags/tcc_pipeline_dag.py
[2025-09-04T14:40:21.139+0000] {logging_mixin.py:188} INFO - [2025-09-04T14:40:21.138+0000] {dag.py:3096} INFO - Sync 1 DAGs
[2025-09-04T14:40:21.193+0000] {logging_mixin.py:188} INFO - [2025-09-04T14:40:21.192+0000] {dag.py:3954} INFO - Setting next_dagrun for pipeline_dados_transito_tcc to 2025-09-04 08:00:00+00:00, run_after=2025-09-05 08:00:00+00:00
[2025-09-04T14:40:21.227+0000] {processor.py:183} INFO - Processing /opt/airflow/dags/tcc_pipeline_dag.py took 0.215 seconds
[2025-09-04T14:40:51.802+0000] {processor.py:161} INFO - Started process (PID=123) to work on /opt/airflow/dags/tcc_pipeline_dag.py
[2025-09-04T14:40:51.803+0000] {processor.py:830} INFO - Processing file /opt/airflow/dags/tcc_pipeline_dag.py for tasks to queue
[2025-09-04T14:40:51.806+0000] {logging_mixin.py:188} INFO - [2025-09-04T14:40:51.805+0000] {dagbag.py:545} INFO - Filling up the DagBag from /opt/airflow/dags/tcc_pipeline_dag.py
[2025-09-04T14:40:51.846+0000] {processor.py:840} INFO - DAG(s) 'pipeline_dados_transito_tcc' retrieved from /opt/airflow/dags/tcc_pipeline_dag.py
[2025-09-04T14:40:51.899+0000] {logging_mixin.py:188} INFO - [2025-09-04T14:40:51.899+0000] {dag.py:3096} INFO - Sync 1 DAGs
[2025-09-04T14:40:51.968+0000] {logging_mixin.py:188} INFO - [2025-09-04T14:40:51.967+0000] {dag.py:3954} INFO - Setting next_dagrun for pipeline_dados_transito_tcc to 2025-09-04 08:00:00+00:00, run_after=2025-09-05 08:00:00+00:00
[2025-09-04T14:40:52.003+0000] {processor.py:183} INFO - Processing /opt/airflow/dags/tcc_pipeline_dag.py took 0.207 seconds
[2025-09-04T14:41:22.123+0000] {processor.py:161} INFO - Started process (PID=130) to work on /opt/airflow/dags/tcc_pipeline_dag.py
[2025-09-04T14:41:22.127+0000] {processor.py:830} INFO - Processing file /opt/airflow/dags/tcc_pipeline_dag.py for tasks to queue
[2025-09-04T14:41:22.131+0000] {logging_mixin.py:188} INFO - [2025-09-04T14:41:22.130+0000] {dagbag.py:545} INFO - Filling up the DagBag from /opt/airflow/dags/tcc_pipeline_dag.py
[2025-09-04T14:41:22.180+0000] {processor.py:840} INFO - DAG(s) 'pipeline_dados_transito_tcc' retrieved from /opt/airflow/dags/tcc_pipeline_dag.py
[2025-09-04T14:41:22.206+0000] {logging_mixin.py:188} INFO - [2025-09-04T14:41:22.206+0000] {dag.py:3096} INFO - Sync 1 DAGs
[2025-09-04T14:41:22.226+0000] {logging_mixin.py:188} INFO - [2025-09-04T14:41:22.226+0000] {dag.py:3954} INFO - Setting next_dagrun for pipeline_dados_transito_tcc to 2025-09-04 08:00:00+00:00, run_after=2025-09-05 08:00:00+00:00
[2025-09-04T14:41:22.252+0000] {processor.py:183} INFO - Processing /opt/airflow/dags/tcc_pipeline_dag.py took 0.141 seconds
[2025-09-04T14:42:32.881+0000] {processor.py:161} INFO - Started process (PID=46) to work on /opt/airflow/dags/tcc_pipeline_dag.py
[2025-09-04T14:42:32.883+0000] {processor.py:830} INFO - Processing file /opt/airflow/dags/tcc_pipeline_dag.py for tasks to queue
[2025-09-04T14:42:32.886+0000] {logging_mixin.py:188} INFO - [2025-09-04T14:42:32.885+0000] {dagbag.py:545} INFO - Filling up the DagBag from /opt/airflow/dags/tcc_pipeline_dag.py
[2025-09-04T14:42:32.956+0000] {processor.py:840} INFO - DAG(s) 'pipeline_dados_transito_tcc' retrieved from /opt/airflow/dags/tcc_pipeline_dag.py
[2025-09-04T14:42:33.305+0000] {logging_mixin.py:188} INFO - [2025-09-04T14:42:33.304+0000] {override.py:1829} INFO - Created Permission View: can delete on DAG:pipeline_dados_transito_tcc
[2025-09-04T14:42:33.320+0000] {logging_mixin.py:188} INFO - [2025-09-04T14:42:33.320+0000] {override.py:1829} INFO - Created Permission View: can edit on DAG:pipeline_dados_transito_tcc
[2025-09-04T14:42:33.332+0000] {logging_mixin.py:188} INFO - [2025-09-04T14:42:33.332+0000] {override.py:1829} INFO - Created Permission View: can read on DAG:pipeline_dados_transito_tcc
[2025-09-04T14:42:33.334+0000] {logging_mixin.py:188} INFO - [2025-09-04T14:42:33.334+0000] {dag.py:3096} INFO - Sync 1 DAGs
[2025-09-04T14:42:33.347+0000] {logging_mixin.py:188} INFO - [2025-09-04T14:42:33.347+0000] {dag.py:3118} INFO - Creating ORM DAG for pipeline_dados_transito_tcc
[2025-09-04T14:42:33.366+0000] {logging_mixin.py:188} INFO - [2025-09-04T14:42:33.365+0000] {dag.py:3954} INFO - Setting next_dagrun for pipeline_dados_transito_tcc to 2025-09-04 08:00:00+00:00, run_after=2025-09-05 08:00:00+00:00
[2025-09-04T14:42:33.395+0000] {processor.py:183} INFO - Processing /opt/airflow/dags/tcc_pipeline_dag.py took 0.521 seconds
[2025-09-04T14:43:03.704+0000] {processor.py:161} INFO - Started process (PID=63) to work on /opt/airflow/dags/tcc_pipeline_dag.py
[2025-09-04T14:43:03.706+0000] {processor.py:830} INFO - Processing file /opt/airflow/dags/tcc_pipeline_dag.py for tasks to queue
[2025-09-04T14:43:03.709+0000] {logging_mixin.py:188} INFO - [2025-09-04T14:43:03.709+0000] {dagbag.py:545} INFO - Filling up the DagBag from /opt/airflow/dags/tcc_pipeline_dag.py
[2025-09-04T14:43:03.764+0000] {processor.py:840} INFO - DAG(s) 'pipeline_dados_transito_tcc' retrieved from /opt/airflow/dags/tcc_pipeline_dag.py
[2025-09-04T14:43:03.797+0000] {logging_mixin.py:188} INFO - [2025-09-04T14:43:03.797+0000] {dag.py:3096} INFO - Sync 1 DAGs
[2025-09-04T14:43:03.821+0000] {logging_mixin.py:188} INFO - [2025-09-04T14:43:03.821+0000] {dag.py:3954} INFO - Setting next_dagrun for pipeline_dados_transito_tcc to 2025-09-04 08:00:00+00:00, run_after=2025-09-05 08:00:00+00:00
[2025-09-04T14:43:03.847+0000] {processor.py:183} INFO - Processing /opt/airflow/dags/tcc_pipeline_dag.py took 0.149 seconds
[2025-09-04T14:43:33.967+0000] {processor.py:161} INFO - Started process (PID=70) to work on /opt/airflow/dags/tcc_pipeline_dag.py
[2025-09-04T14:43:33.969+0000] {processor.py:830} INFO - Processing file /opt/airflow/dags/tcc_pipeline_dag.py for tasks to queue
[2025-09-04T14:43:33.971+0000] {logging_mixin.py:188} INFO - [2025-09-04T14:43:33.970+0000] {dagbag.py:545} INFO - Filling up the DagBag from /opt/airflow/dags/tcc_pipeline_dag.py
[2025-09-04T14:43:34.012+0000] {processor.py:840} INFO - DAG(s) 'pipeline_dados_transito_tcc' retrieved from /opt/airflow/dags/tcc_pipeline_dag.py
[2025-09-04T14:43:34.059+0000] {logging_mixin.py:188} INFO - [2025-09-04T14:43:34.059+0000] {dag.py:3096} INFO - Sync 1 DAGs
[2025-09-04T14:43:34.087+0000] {logging_mixin.py:188} INFO - [2025-09-04T14:43:34.087+0000] {dag.py:3954} INFO - Setting next_dagrun for pipeline_dados_transito_tcc to 2025-09-04 08:00:00+00:00, run_after=2025-09-05 08:00:00+00:00
[2025-09-04T14:43:34.107+0000] {processor.py:183} INFO - Processing /opt/airflow/dags/tcc_pipeline_dag.py took 0.144 seconds
[2025-09-04T14:44:04.451+0000] {processor.py:161} INFO - Started process (PID=77) to work on /opt/airflow/dags/tcc_pipeline_dag.py
[2025-09-04T14:44:04.452+0000] {processor.py:830} INFO - Processing file /opt/airflow/dags/tcc_pipeline_dag.py for tasks to queue
[2025-09-04T14:44:04.455+0000] {logging_mixin.py:188} INFO - [2025-09-04T14:44:04.455+0000] {dagbag.py:545} INFO - Filling up the DagBag from /opt/airflow/dags/tcc_pipeline_dag.py
[2025-09-04T14:44:04.509+0000] {processor.py:840} INFO - DAG(s) 'pipeline_dados_transito_tcc' retrieved from /opt/airflow/dags/tcc_pipeline_dag.py
[2025-09-04T14:44:04.540+0000] {logging_mixin.py:188} INFO - [2025-09-04T14:44:04.540+0000] {dag.py:3096} INFO - Sync 1 DAGs
[2025-09-04T14:44:04.563+0000] {logging_mixin.py:188} INFO - [2025-09-04T14:44:04.562+0000] {dag.py:3954} INFO - Setting next_dagrun for pipeline_dados_transito_tcc to 2025-09-04 08:00:00+00:00, run_after=2025-09-05 08:00:00+00:00
[2025-09-04T14:44:04.587+0000] {processor.py:183} INFO - Processing /opt/airflow/dags/tcc_pipeline_dag.py took 0.142 seconds
[2025-09-04T14:44:34.852+0000] {processor.py:161} INFO - Started process (PID=84) to work on /opt/airflow/dags/tcc_pipeline_dag.py
[2025-09-04T14:44:34.857+0000] {processor.py:830} INFO - Processing file /opt/airflow/dags/tcc_pipeline_dag.py for tasks to queue
[2025-09-04T14:44:34.859+0000] {logging_mixin.py:188} INFO - [2025-09-04T14:44:34.859+0000] {dagbag.py:545} INFO - Filling up the DagBag from /opt/airflow/dags/tcc_pipeline_dag.py
[2025-09-04T14:44:34.914+0000] {processor.py:840} INFO - DAG(s) 'pipeline_dados_transito_tcc' retrieved from /opt/airflow/dags/tcc_pipeline_dag.py
[2025-09-04T14:44:34.957+0000] {logging_mixin.py:188} INFO - [2025-09-04T14:44:34.957+0000] {dag.py:3096} INFO - Sync 1 DAGs
[2025-09-04T14:44:34.985+0000] {logging_mixin.py:188} INFO - [2025-09-04T14:44:34.985+0000] {dag.py:3954} INFO - Setting next_dagrun for pipeline_dados_transito_tcc to 2025-09-04 08:00:00+00:00, run_after=2025-09-05 08:00:00+00:00
[2025-09-04T14:44:35.014+0000] {processor.py:183} INFO - Processing /opt/airflow/dags/tcc_pipeline_dag.py took 0.170 seconds
[2025-09-04T14:45:05.141+0000] {processor.py:161} INFO - Started process (PID=91) to work on /opt/airflow/dags/tcc_pipeline_dag.py
[2025-09-04T14:45:05.142+0000] {processor.py:830} INFO - Processing file /opt/airflow/dags/tcc_pipeline_dag.py for tasks to queue
[2025-09-04T14:45:05.143+0000] {logging_mixin.py:188} INFO - [2025-09-04T14:45:05.143+0000] {dagbag.py:545} INFO - Filling up the DagBag from /opt/airflow/dags/tcc_pipeline_dag.py
[2025-09-04T14:45:05.207+0000] {processor.py:840} INFO - DAG(s) 'pipeline_dados_transito_tcc' retrieved from /opt/airflow/dags/tcc_pipeline_dag.py
[2025-09-04T14:45:05.236+0000] {logging_mixin.py:188} INFO - [2025-09-04T14:45:05.235+0000] {dag.py:3096} INFO - Sync 1 DAGs
[2025-09-04T14:45:05.256+0000] {logging_mixin.py:188} INFO - [2025-09-04T14:45:05.256+0000] {dag.py:3954} INFO - Setting next_dagrun for pipeline_dados_transito_tcc to 2025-09-04 08:00:00+00:00, run_after=2025-09-05 08:00:00+00:00
[2025-09-04T14:45:05.276+0000] {processor.py:183} INFO - Processing /opt/airflow/dags/tcc_pipeline_dag.py took 0.141 seconds
[2025-09-04T14:45:35.562+0000] {processor.py:161} INFO - Started process (PID=98) to work on /opt/airflow/dags/tcc_pipeline_dag.py
[2025-09-04T14:45:35.563+0000] {processor.py:830} INFO - Processing file /opt/airflow/dags/tcc_pipeline_dag.py for tasks to queue
[2025-09-04T14:45:35.565+0000] {logging_mixin.py:188} INFO - [2025-09-04T14:45:35.564+0000] {dagbag.py:545} INFO - Filling up the DagBag from /opt/airflow/dags/tcc_pipeline_dag.py
[2025-09-04T14:45:35.587+0000] {processor.py:840} INFO - DAG(s) 'pipeline_dados_transito_tcc' retrieved from /opt/airflow/dags/tcc_pipeline_dag.py
[2025-09-04T14:45:35.607+0000] {logging_mixin.py:188} INFO - [2025-09-04T14:45:35.607+0000] {dag.py:3096} INFO - Sync 1 DAGs
[2025-09-04T14:45:35.625+0000] {logging_mixin.py:188} INFO - [2025-09-04T14:45:35.625+0000] {dag.py:3954} INFO - Setting next_dagrun for pipeline_dados_transito_tcc to 2025-09-04 08:00:00+00:00, run_after=2025-09-05 08:00:00+00:00
[2025-09-04T14:45:35.643+0000] {processor.py:183} INFO - Processing /opt/airflow/dags/tcc_pipeline_dag.py took 0.085 seconds
[2025-09-04T14:46:05.850+0000] {processor.py:161} INFO - Started process (PID=106) to work on /opt/airflow/dags/tcc_pipeline_dag.py
[2025-09-04T14:46:05.851+0000] {processor.py:830} INFO - Processing file /opt/airflow/dags/tcc_pipeline_dag.py for tasks to queue
[2025-09-04T14:46:05.854+0000] {logging_mixin.py:188} INFO - [2025-09-04T14:46:05.854+0000] {dagbag.py:545} INFO - Filling up the DagBag from /opt/airflow/dags/tcc_pipeline_dag.py
[2025-09-04T14:46:05.884+0000] {processor.py:840} INFO - DAG(s) 'pipeline_dados_transito_tcc' retrieved from /opt/airflow/dags/tcc_pipeline_dag.py
[2025-09-04T14:46:05.907+0000] {logging_mixin.py:188} INFO - [2025-09-04T14:46:05.907+0000] {dag.py:3096} INFO - Sync 1 DAGs
[2025-09-04T14:46:05.938+0000] {logging_mixin.py:188} INFO - [2025-09-04T14:46:05.937+0000] {dag.py:3954} INFO - Setting next_dagrun for pipeline_dados_transito_tcc to 2025-09-04 08:00:00+00:00, run_after=2025-09-05 08:00:00+00:00
[2025-09-04T14:46:05.957+0000] {processor.py:183} INFO - Processing /opt/airflow/dags/tcc_pipeline_dag.py took 0.112 seconds
[2025-09-04T14:46:36.186+0000] {processor.py:161} INFO - Started process (PID=113) to work on /opt/airflow/dags/tcc_pipeline_dag.py
[2025-09-04T14:46:36.187+0000] {processor.py:830} INFO - Processing file /opt/airflow/dags/tcc_pipeline_dag.py for tasks to queue
[2025-09-04T14:46:36.189+0000] {logging_mixin.py:188} INFO - [2025-09-04T14:46:36.189+0000] {dagbag.py:545} INFO - Filling up the DagBag from /opt/airflow/dags/tcc_pipeline_dag.py
[2025-09-04T14:46:36.234+0000] {processor.py:840} INFO - DAG(s) 'pipeline_dados_transito_tcc' retrieved from /opt/airflow/dags/tcc_pipeline_dag.py
[2025-09-04T14:46:36.261+0000] {logging_mixin.py:188} INFO - [2025-09-04T14:46:36.261+0000] {dag.py:3096} INFO - Sync 1 DAGs
[2025-09-04T14:46:36.284+0000] {logging_mixin.py:188} INFO - [2025-09-04T14:46:36.284+0000] {dag.py:3954} INFO - Setting next_dagrun for pipeline_dados_transito_tcc to 2025-09-04 08:00:00+00:00, run_after=2025-09-05 08:00:00+00:00
[2025-09-04T14:46:36.302+0000] {processor.py:183} INFO - Processing /opt/airflow/dags/tcc_pipeline_dag.py took 0.125 seconds
[2025-09-04T14:47:06.446+0000] {processor.py:161} INFO - Started process (PID=120) to work on /opt/airflow/dags/tcc_pipeline_dag.py
[2025-09-04T14:47:06.447+0000] {processor.py:830} INFO - Processing file /opt/airflow/dags/tcc_pipeline_dag.py for tasks to queue
[2025-09-04T14:47:06.449+0000] {logging_mixin.py:188} INFO - [2025-09-04T14:47:06.448+0000] {dagbag.py:545} INFO - Filling up the DagBag from /opt/airflow/dags/tcc_pipeline_dag.py
[2025-09-04T14:47:06.471+0000] {processor.py:840} INFO - DAG(s) 'pipeline_dados_transito_tcc' retrieved from /opt/airflow/dags/tcc_pipeline_dag.py
[2025-09-04T14:47:06.495+0000] {logging_mixin.py:188} INFO - [2025-09-04T14:47:06.494+0000] {dag.py:3096} INFO - Sync 1 DAGs
[2025-09-04T14:47:06.516+0000] {logging_mixin.py:188} INFO - [2025-09-04T14:47:06.516+0000] {dag.py:3954} INFO - Setting next_dagrun for pipeline_dados_transito_tcc to 2025-09-04 08:00:00+00:00, run_after=2025-09-05 08:00:00+00:00
[2025-09-04T14:47:06.534+0000] {processor.py:183} INFO - Processing /opt/airflow/dags/tcc_pipeline_dag.py took 0.093 seconds
[2025-09-04T14:47:36.743+0000] {processor.py:161} INFO - Started process (PID=127) to work on /opt/airflow/dags/tcc_pipeline_dag.py
[2025-09-04T14:47:36.745+0000] {processor.py:830} INFO - Processing file /opt/airflow/dags/tcc_pipeline_dag.py for tasks to queue
[2025-09-04T14:47:36.750+0000] {logging_mixin.py:188} INFO - [2025-09-04T14:47:36.750+0000] {dagbag.py:545} INFO - Filling up the DagBag from /opt/airflow/dags/tcc_pipeline_dag.py
[2025-09-04T14:47:36.813+0000] {processor.py:840} INFO - DAG(s) 'pipeline_dados_transito_tcc' retrieved from /opt/airflow/dags/tcc_pipeline_dag.py
[2025-09-04T14:47:36.835+0000] {logging_mixin.py:188} INFO - [2025-09-04T14:47:36.834+0000] {dag.py:3096} INFO - Sync 1 DAGs
[2025-09-04T14:47:36.853+0000] {logging_mixin.py:188} INFO - [2025-09-04T14:47:36.853+0000] {dag.py:3954} INFO - Setting next_dagrun for pipeline_dados_transito_tcc to 2025-09-04 08:00:00+00:00, run_after=2025-09-05 08:00:00+00:00
[2025-09-04T14:47:36.869+0000] {processor.py:183} INFO - Processing /opt/airflow/dags/tcc_pipeline_dag.py took 0.137 seconds
[2025-09-04T14:48:07.154+0000] {processor.py:161} INFO - Started process (PID=134) to work on /opt/airflow/dags/tcc_pipeline_dag.py
[2025-09-04T14:48:07.155+0000] {processor.py:830} INFO - Processing file /opt/airflow/dags/tcc_pipeline_dag.py for tasks to queue
[2025-09-04T14:48:07.158+0000] {logging_mixin.py:188} INFO - [2025-09-04T14:48:07.158+0000] {dagbag.py:545} INFO - Filling up the DagBag from /opt/airflow/dags/tcc_pipeline_dag.py
[2025-09-04T14:48:07.220+0000] {processor.py:840} INFO - DAG(s) 'pipeline_dados_transito_tcc' retrieved from /opt/airflow/dags/tcc_pipeline_dag.py
[2025-09-04T14:48:07.260+0000] {logging_mixin.py:188} INFO - [2025-09-04T14:48:07.259+0000] {dag.py:3096} INFO - Sync 1 DAGs
[2025-09-04T14:48:07.283+0000] {logging_mixin.py:188} INFO - [2025-09-04T14:48:07.283+0000] {dag.py:3954} INFO - Setting next_dagrun for pipeline_dados_transito_tcc to 2025-09-04 08:00:00+00:00, run_after=2025-09-05 08:00:00+00:00
[2025-09-04T14:48:07.328+0000] {processor.py:183} INFO - Processing /opt/airflow/dags/tcc_pipeline_dag.py took 0.183 seconds
[2025-09-04T14:48:37.438+0000] {processor.py:161} INFO - Started process (PID=141) to work on /opt/airflow/dags/tcc_pipeline_dag.py
[2025-09-04T14:48:37.439+0000] {processor.py:830} INFO - Processing file /opt/airflow/dags/tcc_pipeline_dag.py for tasks to queue
[2025-09-04T14:48:37.445+0000] {logging_mixin.py:188} INFO - [2025-09-04T14:48:37.445+0000] {dagbag.py:545} INFO - Filling up the DagBag from /opt/airflow/dags/tcc_pipeline_dag.py
[2025-09-04T14:48:37.492+0000] {processor.py:840} INFO - DAG(s) 'pipeline_dados_transito_tcc' retrieved from /opt/airflow/dags/tcc_pipeline_dag.py
[2025-09-04T14:48:37.516+0000] {logging_mixin.py:188} INFO - [2025-09-04T14:48:37.516+0000] {dag.py:3096} INFO - Sync 1 DAGs
[2025-09-04T14:48:37.536+0000] {logging_mixin.py:188} INFO - [2025-09-04T14:48:37.536+0000] {dag.py:3954} INFO - Setting next_dagrun for pipeline_dados_transito_tcc to 2025-09-04 08:00:00+00:00, run_after=2025-09-05 08:00:00+00:00
[2025-09-04T14:48:37.556+0000] {processor.py:183} INFO - Processing /opt/airflow/dags/tcc_pipeline_dag.py took 0.125 seconds
[2025-09-04T14:49:07.697+0000] {processor.py:161} INFO - Started process (PID=148) to work on /opt/airflow/dags/tcc_pipeline_dag.py
[2025-09-04T14:49:07.698+0000] {processor.py:830} INFO - Processing file /opt/airflow/dags/tcc_pipeline_dag.py for tasks to queue
[2025-09-04T14:49:07.700+0000] {logging_mixin.py:188} INFO - [2025-09-04T14:49:07.700+0000] {dagbag.py:545} INFO - Filling up the DagBag from /opt/airflow/dags/tcc_pipeline_dag.py
[2025-09-04T14:49:07.747+0000] {processor.py:840} INFO - DAG(s) 'pipeline_dados_transito_tcc' retrieved from /opt/airflow/dags/tcc_pipeline_dag.py
[2025-09-04T14:49:07.793+0000] {logging_mixin.py:188} INFO - [2025-09-04T14:49:07.793+0000] {dag.py:3096} INFO - Sync 1 DAGs
[2025-09-04T14:49:07.812+0000] {logging_mixin.py:188} INFO - [2025-09-04T14:49:07.811+0000] {dag.py:3954} INFO - Setting next_dagrun for pipeline_dados_transito_tcc to 2025-09-04 08:00:00+00:00, run_after=2025-09-05 08:00:00+00:00
[2025-09-04T14:49:07.830+0000] {processor.py:183} INFO - Processing /opt/airflow/dags/tcc_pipeline_dag.py took 0.138 seconds
[2025-09-04T14:49:38.069+0000] {processor.py:161} INFO - Started process (PID=155) to work on /opt/airflow/dags/tcc_pipeline_dag.py
[2025-09-04T14:49:38.071+0000] {processor.py:830} INFO - Processing file /opt/airflow/dags/tcc_pipeline_dag.py for tasks to queue
[2025-09-04T14:49:38.074+0000] {logging_mixin.py:188} INFO - [2025-09-04T14:49:38.074+0000] {dagbag.py:545} INFO - Filling up the DagBag from /opt/airflow/dags/tcc_pipeline_dag.py
[2025-09-04T14:49:38.118+0000] {processor.py:840} INFO - DAG(s) 'pipeline_dados_transito_tcc' retrieved from /opt/airflow/dags/tcc_pipeline_dag.py
[2025-09-04T14:49:38.159+0000] {logging_mixin.py:188} INFO - [2025-09-04T14:49:38.158+0000] {dag.py:3096} INFO - Sync 1 DAGs
[2025-09-04T14:49:38.184+0000] {logging_mixin.py:188} INFO - [2025-09-04T14:49:38.183+0000] {dag.py:3954} INFO - Setting next_dagrun for pipeline_dados_transito_tcc to 2025-09-04 08:00:00+00:00, run_after=2025-09-05 08:00:00+00:00
[2025-09-04T14:49:38.211+0000] {processor.py:183} INFO - Processing /opt/airflow/dags/tcc_pipeline_dag.py took 0.149 seconds
[2025-09-04T14:50:08.371+0000] {processor.py:161} INFO - Started process (PID=162) to work on /opt/airflow/dags/tcc_pipeline_dag.py
[2025-09-04T14:50:08.372+0000] {processor.py:830} INFO - Processing file /opt/airflow/dags/tcc_pipeline_dag.py for tasks to queue
[2025-09-04T14:50:08.374+0000] {logging_mixin.py:188} INFO - [2025-09-04T14:50:08.374+0000] {dagbag.py:545} INFO - Filling up the DagBag from /opt/airflow/dags/tcc_pipeline_dag.py
[2025-09-04T14:50:08.409+0000] {processor.py:840} INFO - DAG(s) 'pipeline_dados_transito_tcc' retrieved from /opt/airflow/dags/tcc_pipeline_dag.py
[2025-09-04T14:50:08.432+0000] {logging_mixin.py:188} INFO - [2025-09-04T14:50:08.432+0000] {dag.py:3096} INFO - Sync 1 DAGs
[2025-09-04T14:50:08.454+0000] {logging_mixin.py:188} INFO - [2025-09-04T14:50:08.453+0000] {dag.py:3954} INFO - Setting next_dagrun for pipeline_dados_transito_tcc to 2025-09-04 08:00:00+00:00, run_after=2025-09-05 08:00:00+00:00
[2025-09-04T14:50:08.475+0000] {processor.py:183} INFO - Processing /opt/airflow/dags/tcc_pipeline_dag.py took 0.109 seconds
[2025-09-04T14:50:38.735+0000] {processor.py:161} INFO - Started process (PID=169) to work on /opt/airflow/dags/tcc_pipeline_dag.py
[2025-09-04T14:50:38.736+0000] {processor.py:830} INFO - Processing file /opt/airflow/dags/tcc_pipeline_dag.py for tasks to queue
[2025-09-04T14:50:38.739+0000] {logging_mixin.py:188} INFO - [2025-09-04T14:50:38.739+0000] {dagbag.py:545} INFO - Filling up the DagBag from /opt/airflow/dags/tcc_pipeline_dag.py
[2025-09-04T14:50:38.768+0000] {processor.py:840} INFO - DAG(s) 'pipeline_dados_transito_tcc' retrieved from /opt/airflow/dags/tcc_pipeline_dag.py
[2025-09-04T14:50:38.792+0000] {logging_mixin.py:188} INFO - [2025-09-04T14:50:38.792+0000] {dag.py:3096} INFO - Sync 1 DAGs
[2025-09-04T14:50:38.811+0000] {logging_mixin.py:188} INFO - [2025-09-04T14:50:38.811+0000] {dag.py:3954} INFO - Setting next_dagrun for pipeline_dados_transito_tcc to 2025-09-04 08:00:00+00:00, run_after=2025-09-05 08:00:00+00:00
[2025-09-04T14:50:38.831+0000] {processor.py:183} INFO - Processing /opt/airflow/dags/tcc_pipeline_dag.py took 0.101 seconds
[2025-09-04T14:51:09.021+0000] {processor.py:161} INFO - Started process (PID=176) to work on /opt/airflow/dags/tcc_pipeline_dag.py
[2025-09-04T14:51:09.022+0000] {processor.py:830} INFO - Processing file /opt/airflow/dags/tcc_pipeline_dag.py for tasks to queue
[2025-09-04T14:51:09.024+0000] {logging_mixin.py:188} INFO - [2025-09-04T14:51:09.024+0000] {dagbag.py:545} INFO - Filling up the DagBag from /opt/airflow/dags/tcc_pipeline_dag.py
[2025-09-04T14:51:09.046+0000] {processor.py:840} INFO - DAG(s) 'pipeline_dados_transito_tcc' retrieved from /opt/airflow/dags/tcc_pipeline_dag.py
[2025-09-04T14:51:09.068+0000] {logging_mixin.py:188} INFO - [2025-09-04T14:51:09.067+0000] {dag.py:3096} INFO - Sync 1 DAGs
[2025-09-04T14:51:09.085+0000] {logging_mixin.py:188} INFO - [2025-09-04T14:51:09.085+0000] {dag.py:3954} INFO - Setting next_dagrun for pipeline_dados_transito_tcc to 2025-09-04 08:00:00+00:00, run_after=2025-09-05 08:00:00+00:00
[2025-09-04T14:51:09.101+0000] {processor.py:183} INFO - Processing /opt/airflow/dags/tcc_pipeline_dag.py took 0.088 seconds
[2025-09-04T14:51:39.437+0000] {processor.py:161} INFO - Started process (PID=183) to work on /opt/airflow/dags/tcc_pipeline_dag.py
[2025-09-04T14:51:39.440+0000] {processor.py:830} INFO - Processing file /opt/airflow/dags/tcc_pipeline_dag.py for tasks to queue
[2025-09-04T14:51:39.443+0000] {logging_mixin.py:188} INFO - [2025-09-04T14:51:39.443+0000] {dagbag.py:545} INFO - Filling up the DagBag from /opt/airflow/dags/tcc_pipeline_dag.py
[2025-09-04T14:51:39.507+0000] {processor.py:840} INFO - DAG(s) 'pipeline_dados_transito_tcc' retrieved from /opt/airflow/dags/tcc_pipeline_dag.py
[2025-09-04T14:51:39.530+0000] {logging_mixin.py:188} INFO - [2025-09-04T14:51:39.529+0000] {dag.py:3096} INFO - Sync 1 DAGs
[2025-09-04T14:51:39.550+0000] {logging_mixin.py:188} INFO - [2025-09-04T14:51:39.550+0000] {dag.py:3954} INFO - Setting next_dagrun for pipeline_dados_transito_tcc to 2025-09-04 08:00:00+00:00, run_after=2025-09-05 08:00:00+00:00
[2025-09-04T14:51:39.574+0000] {processor.py:183} INFO - Processing /opt/airflow/dags/tcc_pipeline_dag.py took 0.148 seconds
[2025-09-04T14:52:09.727+0000] {processor.py:161} INFO - Started process (PID=190) to work on /opt/airflow/dags/tcc_pipeline_dag.py
[2025-09-04T14:52:09.729+0000] {processor.py:830} INFO - Processing file /opt/airflow/dags/tcc_pipeline_dag.py for tasks to queue
[2025-09-04T14:52:09.732+0000] {logging_mixin.py:188} INFO - [2025-09-04T14:52:09.732+0000] {dagbag.py:545} INFO - Filling up the DagBag from /opt/airflow/dags/tcc_pipeline_dag.py
[2025-09-04T14:52:09.776+0000] {processor.py:840} INFO - DAG(s) 'pipeline_dados_transito_tcc' retrieved from /opt/airflow/dags/tcc_pipeline_dag.py
[2025-09-04T14:52:09.807+0000] {logging_mixin.py:188} INFO - [2025-09-04T14:52:09.807+0000] {dag.py:3096} INFO - Sync 1 DAGs
[2025-09-04T14:52:09.832+0000] {logging_mixin.py:188} INFO - [2025-09-04T14:52:09.832+0000] {dag.py:3954} INFO - Setting next_dagrun for pipeline_dados_transito_tcc to 2025-09-04 08:00:00+00:00, run_after=2025-09-05 08:00:00+00:00
[2025-09-04T14:52:09.854+0000] {processor.py:183} INFO - Processing /opt/airflow/dags/tcc_pipeline_dag.py took 0.134 seconds
[2025-09-04T14:52:40.308+0000] {processor.py:161} INFO - Started process (PID=197) to work on /opt/airflow/dags/tcc_pipeline_dag.py
[2025-09-04T14:52:40.309+0000] {processor.py:830} INFO - Processing file /opt/airflow/dags/tcc_pipeline_dag.py for tasks to queue
[2025-09-04T14:52:40.311+0000] {logging_mixin.py:188} INFO - [2025-09-04T14:52:40.310+0000] {dagbag.py:545} INFO - Filling up the DagBag from /opt/airflow/dags/tcc_pipeline_dag.py
[2025-09-04T14:52:40.345+0000] {processor.py:840} INFO - DAG(s) 'pipeline_dados_transito_tcc' retrieved from /opt/airflow/dags/tcc_pipeline_dag.py
[2025-09-04T14:52:40.372+0000] {logging_mixin.py:188} INFO - [2025-09-04T14:52:40.371+0000] {dag.py:3096} INFO - Sync 1 DAGs
[2025-09-04T14:52:40.396+0000] {logging_mixin.py:188} INFO - [2025-09-04T14:52:40.396+0000] {dag.py:3954} INFO - Setting next_dagrun for pipeline_dados_transito_tcc to 2025-09-04 08:00:00+00:00, run_after=2025-09-05 08:00:00+00:00
[2025-09-04T14:52:40.416+0000] {processor.py:183} INFO - Processing /opt/airflow/dags/tcc_pipeline_dag.py took 0.112 seconds
[2025-09-04T14:53:10.578+0000] {processor.py:161} INFO - Started process (PID=204) to work on /opt/airflow/dags/tcc_pipeline_dag.py
[2025-09-04T14:53:10.579+0000] {processor.py:830} INFO - Processing file /opt/airflow/dags/tcc_pipeline_dag.py for tasks to queue
[2025-09-04T14:53:10.582+0000] {logging_mixin.py:188} INFO - [2025-09-04T14:53:10.582+0000] {dagbag.py:545} INFO - Filling up the DagBag from /opt/airflow/dags/tcc_pipeline_dag.py
[2025-09-04T14:53:10.621+0000] {processor.py:840} INFO - DAG(s) 'pipeline_dados_transito_tcc' retrieved from /opt/airflow/dags/tcc_pipeline_dag.py
[2025-09-04T14:53:10.645+0000] {logging_mixin.py:188} INFO - [2025-09-04T14:53:10.645+0000] {dag.py:3096} INFO - Sync 1 DAGs
[2025-09-04T14:53:10.663+0000] {logging_mixin.py:188} INFO - [2025-09-04T14:53:10.663+0000] {dag.py:3954} INFO - Setting next_dagrun for pipeline_dados_transito_tcc to 2025-09-04 08:00:00+00:00, run_after=2025-09-05 08:00:00+00:00
[2025-09-04T14:53:10.686+0000] {processor.py:183} INFO - Processing /opt/airflow/dags/tcc_pipeline_dag.py took 0.116 seconds
[2025-09-04T14:53:40.967+0000] {processor.py:161} INFO - Started process (PID=211) to work on /opt/airflow/dags/tcc_pipeline_dag.py
[2025-09-04T14:53:40.969+0000] {processor.py:830} INFO - Processing file /opt/airflow/dags/tcc_pipeline_dag.py for tasks to queue
[2025-09-04T14:53:40.972+0000] {logging_mixin.py:188} INFO - [2025-09-04T14:53:40.971+0000] {dagbag.py:545} INFO - Filling up the DagBag from /opt/airflow/dags/tcc_pipeline_dag.py
[2025-09-04T14:53:41.055+0000] {processor.py:840} INFO - DAG(s) 'pipeline_dados_transito_tcc' retrieved from /opt/airflow/dags/tcc_pipeline_dag.py
[2025-09-04T14:53:41.082+0000] {logging_mixin.py:188} INFO - [2025-09-04T14:53:41.081+0000] {dag.py:3096} INFO - Sync 1 DAGs
[2025-09-04T14:53:41.104+0000] {logging_mixin.py:188} INFO - [2025-09-04T14:53:41.104+0000] {dag.py:3954} INFO - Setting next_dagrun for pipeline_dados_transito_tcc to 2025-09-04 08:00:00+00:00, run_after=2025-09-05 08:00:00+00:00
[2025-09-04T14:53:41.150+0000] {processor.py:183} INFO - Processing /opt/airflow/dags/tcc_pipeline_dag.py took 0.191 seconds
[2025-09-04T14:54:11.274+0000] {processor.py:161} INFO - Started process (PID=218) to work on /opt/airflow/dags/tcc_pipeline_dag.py
[2025-09-04T14:54:11.276+0000] {processor.py:830} INFO - Processing file /opt/airflow/dags/tcc_pipeline_dag.py for tasks to queue
[2025-09-04T14:54:11.279+0000] {logging_mixin.py:188} INFO - [2025-09-04T14:54:11.279+0000] {dagbag.py:545} INFO - Filling up the DagBag from /opt/airflow/dags/tcc_pipeline_dag.py
[2025-09-04T14:54:11.320+0000] {processor.py:840} INFO - DAG(s) 'pipeline_dados_transito_tcc' retrieved from /opt/airflow/dags/tcc_pipeline_dag.py
[2025-09-04T14:54:11.352+0000] {logging_mixin.py:188} INFO - [2025-09-04T14:54:11.352+0000] {dag.py:3096} INFO - Sync 1 DAGs
[2025-09-04T14:54:11.379+0000] {logging_mixin.py:188} INFO - [2025-09-04T14:54:11.379+0000] {dag.py:3954} INFO - Setting next_dagrun for pipeline_dados_transito_tcc to 2025-09-04 08:00:00+00:00, run_after=2025-09-05 08:00:00+00:00
[2025-09-04T14:54:11.412+0000] {processor.py:183} INFO - Processing /opt/airflow/dags/tcc_pipeline_dag.py took 0.148 seconds
[2025-09-04T14:54:41.671+0000] {processor.py:161} INFO - Started process (PID=226) to work on /opt/airflow/dags/tcc_pipeline_dag.py
[2025-09-04T14:54:41.672+0000] {processor.py:830} INFO - Processing file /opt/airflow/dags/tcc_pipeline_dag.py for tasks to queue
[2025-09-04T14:54:41.673+0000] {logging_mixin.py:188} INFO - [2025-09-04T14:54:41.673+0000] {dagbag.py:545} INFO - Filling up the DagBag from /opt/airflow/dags/tcc_pipeline_dag.py
[2025-09-04T14:54:41.709+0000] {processor.py:840} INFO - DAG(s) 'pipeline_dados_transito_tcc' retrieved from /opt/airflow/dags/tcc_pipeline_dag.py
[2025-09-04T14:54:41.741+0000] {logging_mixin.py:188} INFO - [2025-09-04T14:54:41.740+0000] {dag.py:3096} INFO - Sync 1 DAGs
[2025-09-04T14:54:41.773+0000] {logging_mixin.py:188} INFO - [2025-09-04T14:54:41.772+0000] {dag.py:3954} INFO - Setting next_dagrun for pipeline_dados_transito_tcc to 2025-09-04 08:00:00+00:00, run_after=2025-09-05 08:00:00+00:00
[2025-09-04T14:54:41.795+0000] {processor.py:183} INFO - Processing /opt/airflow/dags/tcc_pipeline_dag.py took 0.130 seconds
[2025-09-04T14:55:11.956+0000] {processor.py:161} INFO - Started process (PID=233) to work on /opt/airflow/dags/tcc_pipeline_dag.py
[2025-09-04T14:55:11.958+0000] {processor.py:830} INFO - Processing file /opt/airflow/dags/tcc_pipeline_dag.py for tasks to queue
[2025-09-04T14:55:11.959+0000] {logging_mixin.py:188} INFO - [2025-09-04T14:55:11.959+0000] {dagbag.py:545} INFO - Filling up the DagBag from /opt/airflow/dags/tcc_pipeline_dag.py
[2025-09-04T14:55:11.999+0000] {processor.py:840} INFO - DAG(s) 'pipeline_dados_transito_tcc' retrieved from /opt/airflow/dags/tcc_pipeline_dag.py
[2025-09-04T14:55:12.023+0000] {logging_mixin.py:188} INFO - [2025-09-04T14:55:12.023+0000] {dag.py:3096} INFO - Sync 1 DAGs
[2025-09-04T14:55:12.043+0000] {logging_mixin.py:188} INFO - [2025-09-04T14:55:12.043+0000] {dag.py:3954} INFO - Setting next_dagrun for pipeline_dados_transito_tcc to 2025-09-04 08:00:00+00:00, run_after=2025-09-05 08:00:00+00:00
[2025-09-04T14:55:12.067+0000] {processor.py:183} INFO - Processing /opt/airflow/dags/tcc_pipeline_dag.py took 0.118 seconds
[2025-09-04T14:55:42.376+0000] {processor.py:161} INFO - Started process (PID=240) to work on /opt/airflow/dags/tcc_pipeline_dag.py
[2025-09-04T14:55:42.377+0000] {processor.py:830} INFO - Processing file /opt/airflow/dags/tcc_pipeline_dag.py for tasks to queue
[2025-09-04T14:55:42.379+0000] {logging_mixin.py:188} INFO - [2025-09-04T14:55:42.379+0000] {dagbag.py:545} INFO - Filling up the DagBag from /opt/airflow/dags/tcc_pipeline_dag.py
[2025-09-04T14:55:42.421+0000] {processor.py:840} INFO - DAG(s) 'pipeline_dados_transito_tcc' retrieved from /opt/airflow/dags/tcc_pipeline_dag.py
[2025-09-04T14:55:42.444+0000] {logging_mixin.py:188} INFO - [2025-09-04T14:55:42.444+0000] {dag.py:3096} INFO - Sync 1 DAGs
[2025-09-04T14:55:42.462+0000] {logging_mixin.py:188} INFO - [2025-09-04T14:55:42.461+0000] {dag.py:3954} INFO - Setting next_dagrun for pipeline_dados_transito_tcc to 2025-09-04 08:00:00+00:00, run_after=2025-09-05 08:00:00+00:00
[2025-09-04T14:55:42.487+0000] {processor.py:183} INFO - Processing /opt/airflow/dags/tcc_pipeline_dag.py took 0.116 seconds
[2025-09-04T14:56:12.675+0000] {processor.py:161} INFO - Started process (PID=247) to work on /opt/airflow/dags/tcc_pipeline_dag.py
[2025-09-04T14:56:12.677+0000] {processor.py:830} INFO - Processing file /opt/airflow/dags/tcc_pipeline_dag.py for tasks to queue
[2025-09-04T14:56:12.679+0000] {logging_mixin.py:188} INFO - [2025-09-04T14:56:12.679+0000] {dagbag.py:545} INFO - Filling up the DagBag from /opt/airflow/dags/tcc_pipeline_dag.py
[2025-09-04T14:56:12.717+0000] {processor.py:840} INFO - DAG(s) 'pipeline_dados_transito_tcc' retrieved from /opt/airflow/dags/tcc_pipeline_dag.py
[2025-09-04T14:56:12.742+0000] {logging_mixin.py:188} INFO - [2025-09-04T14:56:12.742+0000] {dag.py:3096} INFO - Sync 1 DAGs
[2025-09-04T14:56:12.762+0000] {logging_mixin.py:188} INFO - [2025-09-04T14:56:12.762+0000] {dag.py:3954} INFO - Setting next_dagrun for pipeline_dados_transito_tcc to 2025-09-04 08:00:00+00:00, run_after=2025-09-05 08:00:00+00:00
[2025-09-04T14:56:12.784+0000] {processor.py:183} INFO - Processing /opt/airflow/dags/tcc_pipeline_dag.py took 0.121 seconds
[2025-09-04T14:56:43.060+0000] {processor.py:161} INFO - Started process (PID=254) to work on /opt/airflow/dags/tcc_pipeline_dag.py
[2025-09-04T14:56:43.061+0000] {processor.py:830} INFO - Processing file /opt/airflow/dags/tcc_pipeline_dag.py for tasks to queue
[2025-09-04T14:56:43.063+0000] {logging_mixin.py:188} INFO - [2025-09-04T14:56:43.063+0000] {dagbag.py:545} INFO - Filling up the DagBag from /opt/airflow/dags/tcc_pipeline_dag.py
[2025-09-04T14:56:43.108+0000] {processor.py:840} INFO - DAG(s) 'pipeline_dados_transito_tcc' retrieved from /opt/airflow/dags/tcc_pipeline_dag.py
[2025-09-04T14:56:43.134+0000] {logging_mixin.py:188} INFO - [2025-09-04T14:56:43.134+0000] {dag.py:3096} INFO - Sync 1 DAGs
[2025-09-04T14:56:43.154+0000] {logging_mixin.py:188} INFO - [2025-09-04T14:56:43.154+0000] {dag.py:3954} INFO - Setting next_dagrun for pipeline_dados_transito_tcc to 2025-09-04 08:00:00+00:00, run_after=2025-09-05 08:00:00+00:00
[2025-09-04T14:56:43.172+0000] {processor.py:183} INFO - Processing /opt/airflow/dags/tcc_pipeline_dag.py took 0.124 seconds
