[2025-09-04T11:49:59.299+0000] {manager.py:470} INFO - Processing files using up to 2 processes at a time 
[2025-09-04T11:49:59.302+0000] {manager.py:471} INFO - Process each file at most once every 30 seconds
[2025-09-04T11:49:59.304+0000] {manager.py:472} INFO - Checking for new files in /opt/airflow/dags every 300 seconds
[2025-09-04T11:49:59.307+0000] {manager.py:737} INFO - Searching for files in /opt/airflow/dags
[2025-09-04T11:49:59.375+0000] {manager.py:740} INFO - There are 51 files in /opt/airflow/dags
[2025-09-04T11:49:59.622+0000] {manager.py:878} INFO - 
================================================================================
DAG File Processing Stats

File Path                                                                                                                            PID  Runtime      # DAGs    # Errors  Last Runtime    Last Run
---------------------------------------------------------------------------------------------------------------------------------  -----  ---------  --------  ----------  --------------  ----------
/home/airflow/.local/lib/python3.12/site-packages/airflow/example_dags/example_sla_dag.py                                             52  0.10s             0           0
/home/airflow/.local/lib/python3.12/site-packages/airflow/example_dags/example_nested_branch_dag.py                                   53  0.08s             0           0
/home/airflow/.local/lib/python3.12/site-packages/airflow/example_dags/example_xcom.py                                                                      0           0
/home/airflow/.local/lib/python3.12/site-packages/airflow/example_dags/example_short_circuit_operator.py                                                    0           0
/home/airflow/.local/lib/python3.12/site-packages/airflow/example_dags/example_complex.py                                                                   0           0
/home/airflow/.local/lib/python3.12/site-packages/airflow/example_dags/example_dag_decorator.py                                                             0           0
/home/airflow/.local/lib/python3.12/site-packages/airflow/example_dags/example_datasets.py                                                                  0           0
/home/airflow/.local/lib/python3.12/site-packages/airflow/example_dags/example_branch_datetime_operator.py                                                  0           0
/home/airflow/.local/lib/python3.12/site-packages/airflow/example_dags/example_branch_operator.py                                                           0           0
/home/airflow/.local/lib/python3.12/site-packages/airflow/example_dags/example_kubernetes_executor.py                                                       0           0
/home/airflow/.local/lib/python3.12/site-packages/airflow/example_dags/example_setup_teardown.py                                                            0           0
/home/airflow/.local/lib/python3.12/site-packages/airflow/example_dags/example_branch_labels.py                                                             0           0
/home/airflow/.local/lib/python3.12/site-packages/airflow/example_dags/example_params_ui_tutorial.py                                                        0           0
/home/airflow/.local/lib/python3.12/site-packages/airflow/example_dags/example_task_group_decorator.py                                                      0           0
/home/airflow/.local/lib/python3.12/site-packages/airflow/example_dags/example_task_group.py                                                                0           0
/home/airflow/.local/lib/python3.12/site-packages/airflow/example_dags/example_dynamic_task_mapping_with_no_taskflow_operators.py                           0           0
/home/airflow/.local/lib/python3.12/site-packages/airflow/example_dags/example_latest_only.py                                                               0           0
/home/airflow/.local/lib/python3.12/site-packages/airflow/example_dags/example_branch_operator_decorator.py                                                 0           0
/home/airflow/.local/lib/python3.12/site-packages/airflow/example_dags/example_local_kubernetes_executor.py                                                 0           0
/home/airflow/.local/lib/python3.12/site-packages/airflow/example_dags/example_trigger_controller_dag.py                                                    0           0
/home/airflow/.local/lib/python3.12/site-packages/airflow/example_dags/example_display_name.py                                                              0           0
/home/airflow/.local/lib/python3.12/site-packages/airflow/example_dags/tutorial.py                                                                          0           0
/home/airflow/.local/lib/python3.12/site-packages/airflow/example_dags/example_skip_dag.py                                                                  0           0
/home/airflow/.local/lib/python3.12/site-packages/airflow/example_dags/example_passing_params_via_test_command.py                                           0           0
/home/airflow/.local/lib/python3.12/site-packages/airflow/example_dags/example_trigger_target_dag.py                                                        0           0
/home/airflow/.local/lib/python3.12/site-packages/airflow/example_dags/example_sensors.py                                                                   0           0
/home/airflow/.local/lib/python3.12/site-packages/airflow/example_dags/example_bash_decorator.py                                                            0           0
/home/airflow/.local/lib/python3.12/site-packages/airflow/example_dags/example_bash_operator.py                                                             0           0
/home/airflow/.local/lib/python3.12/site-packages/airflow/example_dags/example_python_operator.py                                                           0           0
/home/airflow/.local/lib/python3.12/site-packages/airflow/example_dags/example_short_circuit_decorator.py                                                   0           0
/home/airflow/.local/lib/python3.12/site-packages/airflow/example_dags/example_xcomargs.py                                                                  0           0
/home/airflow/.local/lib/python3.12/site-packages/airflow/example_dags/tutorial_objectstorage.py                                                            0           0
/home/airflow/.local/lib/python3.12/site-packages/airflow/example_dags/example_params_trigger_ui.py                                                         0           0
/home/airflow/.local/lib/python3.12/site-packages/airflow/example_dags/example_branch_python_dop_operator_3.py                                              0           0
/home/airflow/.local/lib/python3.12/site-packages/airflow/example_dags/example_time_delta_sensor_async.py                                                   0           0
/home/airflow/.local/lib/python3.12/site-packages/airflow/example_dags/example_python_decorator.py                                                          0           0
/home/airflow/.local/lib/python3.12/site-packages/airflow/example_dags/example_external_task_marker_dag.py                                                  0           0
/home/airflow/.local/lib/python3.12/site-packages/airflow/example_dags/example_dynamic_task_mapping.py                                                      0           0
/home/airflow/.local/lib/python3.12/site-packages/airflow/example_dags/tutorial_dag.py                                                                      0           0
/home/airflow/.local/lib/python3.12/site-packages/airflow/example_dags/example_setup_teardown_taskflow.py                                                   0           0
/home/airflow/.local/lib/python3.12/site-packages/airflow/example_dags/example_branch_day_of_week_operator.py                                               0           0
/home/airflow/.local/lib/python3.12/site-packages/airflow/example_dags/tutorial_taskflow_api_virtualenv.py                                                  0           0
/home/airflow/.local/lib/python3.12/site-packages/airflow/example_dags/example_sensor_decorator.py                                                          0           0
/home/airflow/.local/lib/python3.12/site-packages/airflow/example_dags/example_latest_only_with_trigger.py                                                  0           0
/home/airflow/.local/lib/python3.12/site-packages/airflow/example_dags/tutorial_taskflow_api.py                                                             0           0
/home/airflow/.local/lib/python3.12/site-packages/airflow/example_dags/example_subdag_operator.py                                                           0           0
/home/airflow/.local/lib/python3.12/site-packages/airflow/example_dags/plugins/event_listener.py                                                            0           0
/home/airflow/.local/lib/python3.12/site-packages/airflow/example_dags/plugins/listener_plugin.py                                                           0           0
/home/airflow/.local/lib/python3.12/site-packages/airflow/example_dags/plugins/workday.py                                                                   0           0
/home/airflow/.local/lib/python3.12/site-packages/airflow/example_dags/plugins/decreasing_priority_weight_strategy.py                                       0           0
/home/airflow/.local/lib/python3.12/site-packages/airflow/example_dags/subdags/subdag.py                                                                    0           0
================================================================================
[2025-09-04T11:50:30.180+0000] {manager.py:878} INFO - 
================================================================================
DAG File Processing Stats

File Path                                                                                                                            PID  Runtime      # DAGs    # Errors  Last Runtime    Last Run
---------------------------------------------------------------------------------------------------------------------------------  -----  ---------  --------  ----------  --------------  -------------------
/home/airflow/.local/lib/python3.12/site-packages/airflow/example_dags/plugins/workday.py                                                                   0           0  1.58s           2025-09-04T11:50:09
/home/airflow/.local/lib/python3.12/site-packages/airflow/example_dags/example_datasets.py                                                                 10           0  0.74s           2025-09-04T11:50:02
/home/airflow/.local/lib/python3.12/site-packages/airflow/example_dags/example_dag_decorator.py                                                             1           0  0.69s           2025-09-04T11:50:01
/home/airflow/.local/lib/python3.12/site-packages/airflow/example_dags/example_nested_branch_dag.py                                  111  0.01s             1           0  0.59s           2025-09-04T11:50:00
/home/airflow/.local/lib/python3.12/site-packages/airflow/example_dags/example_sla_dag.py                                            110  0.01s             1           0  0.59s           2025-09-04T11:50:00
/home/airflow/.local/lib/python3.12/site-packages/airflow/example_dags/example_branch_datetime_operator.py                                                  3           0  0.44s           2025-09-04T11:50:02
/home/airflow/.local/lib/python3.12/site-packages/airflow/example_dags/example_xcom.py                                                                      1           0  0.39s           2025-09-04T11:50:00
/home/airflow/.local/lib/python3.12/site-packages/airflow/example_dags/example_passing_params_via_test_command.py                                           1           0  0.36s           2025-09-04T11:50:04
/home/airflow/.local/lib/python3.12/site-packages/airflow/example_dags/example_complex.py                                                                   1           0  0.36s           2025-09-04T11:50:00
/home/airflow/.local/lib/python3.12/site-packages/airflow/example_dags/example_sensors.py                                                                   1           0  0.36s           2025-09-04T11:50:04
/home/airflow/.local/lib/python3.12/site-packages/airflow/example_dags/example_short_circuit_operator.py                                                    1           0  0.35s           2025-09-04T11:50:00
/home/airflow/.local/lib/python3.12/site-packages/airflow/example_dags/example_params_trigger_ui.py                                                         1           0  0.34s           2025-09-04T11:50:06
/home/airflow/.local/lib/python3.12/site-packages/airflow/example_dags/example_branch_operator.py                                                           1           0  0.33s           2025-09-04T11:50:02
/home/airflow/.local/lib/python3.12/site-packages/airflow/example_dags/example_setup_teardown.py                                                            1           0  0.32s           2025-09-04T11:50:02
/home/airflow/.local/lib/python3.12/site-packages/airflow/example_dags/example_xcomargs.py                                                                  2           0  0.32s           2025-09-04T11:50:05
/home/airflow/.local/lib/python3.12/site-packages/airflow/example_dags/example_kubernetes_executor.py                                                       1           0  0.31s           2025-09-04T11:50:02
/home/airflow/.local/lib/python3.12/site-packages/airflow/example_dags/example_branch_operator_decorator.py                                                 1           0  0.31s           2025-09-04T11:50:03
/home/airflow/.local/lib/python3.12/site-packages/airflow/example_dags/example_params_ui_tutorial.py                                                        1           0  0.30s           2025-09-04T11:50:02
/home/airflow/.local/lib/python3.12/site-packages/airflow/example_dags/example_latest_only.py                                                               1           0  0.30s           2025-09-04T11:50:03
/home/airflow/.local/lib/python3.12/site-packages/airflow/example_dags/example_branch_labels.py                                                             1           0  0.29s           2025-09-04T11:50:02
/home/airflow/.local/lib/python3.12/site-packages/airflow/example_dags/example_external_task_marker_dag.py                                                  2           0  0.29s           2025-09-04T11:50:06
/home/airflow/.local/lib/python3.12/site-packages/airflow/example_dags/example_subdag_operator.py                                                           3           0  0.29s           2025-09-04T11:50:07
/home/airflow/.local/lib/python3.12/site-packages/airflow/example_dags/example_branch_python_dop_operator_3.py                                              1           0  0.28s           2025-09-04T11:50:06
/home/airflow/.local/lib/python3.12/site-packages/airflow/example_dags/example_task_group.py                                                                1           0  0.27s           2025-09-04T11:50:03
/home/airflow/.local/lib/python3.12/site-packages/airflow/example_dags/example_dynamic_task_mapping_with_no_taskflow_operators.py                           1           0  0.27s           2025-09-04T11:50:03
/home/airflow/.local/lib/python3.12/site-packages/airflow/example_dags/example_trigger_controller_dag.py                                                    1           0  0.27s           2025-09-04T11:50:04
/home/airflow/.local/lib/python3.12/site-packages/airflow/example_dags/example_latest_only_with_trigger.py                                                  1           0  0.27s           2025-09-04T11:50:07
/home/airflow/.local/lib/python3.12/site-packages/airflow/example_dags/example_local_kubernetes_executor.py                                                 1           0  0.26s           2025-09-04T11:50:03
/home/airflow/.local/lib/python3.12/site-packages/airflow/example_dags/example_trigger_target_dag.py                                                        1           0  0.26s           2025-09-04T11:50:04
/home/airflow/.local/lib/python3.12/site-packages/airflow/example_dags/tutorial_taskflow_api_virtualenv.py                                                  1           0  0.26s           2025-09-04T11:50:07
/home/airflow/.local/lib/python3.12/site-packages/airflow/example_dags/example_bash_operator.py                                                             1           0  0.26s           2025-09-04T11:50:05
/home/airflow/.local/lib/python3.12/site-packages/airflow/example_dags/example_python_decorator.py                                                          1           0  0.25s           2025-09-04T11:50:06
/home/airflow/.local/lib/python3.12/site-packages/airflow/example_dags/example_setup_teardown_taskflow.py                                                   1           0  0.25s           2025-09-04T11:50:07
/home/airflow/.local/lib/python3.12/site-packages/airflow/example_dags/example_task_group_decorator.py                                                      1           0  0.25s           2025-09-04T11:50:03
/home/airflow/.local/lib/python3.12/site-packages/airflow/example_dags/example_dynamic_task_mapping.py                                                      1           0  0.24s           2025-09-04T11:50:06
/home/airflow/.local/lib/python3.12/site-packages/airflow/example_dags/example_short_circuit_decorator.py                                                   1           0  0.24s           2025-09-04T11:50:05
/home/airflow/.local/lib/python3.12/site-packages/airflow/example_dags/example_display_name.py                                                              1           0  0.24s           2025-09-04T11:50:04
/home/airflow/.local/lib/python3.12/site-packages/airflow/example_dags/example_sensor_decorator.py                                                          1           0  0.24s           2025-09-04T11:50:07
/home/airflow/.local/lib/python3.12/site-packages/airflow/example_dags/tutorial_objectstorage.py                                                            1           0  0.24s           2025-09-04T11:50:05
/home/airflow/.local/lib/python3.12/site-packages/airflow/example_dags/tutorial.py                                                                          1           0  0.24s           2025-09-04T11:50:04
/home/airflow/.local/lib/python3.12/site-packages/airflow/example_dags/example_python_operator.py                                                           1           0  0.23s           2025-09-04T11:50:05
/home/airflow/.local/lib/python3.12/site-packages/airflow/example_dags/tutorial_taskflow_api.py                                                             1           0  0.23s           2025-09-04T11:50:07
/home/airflow/.local/lib/python3.12/site-packages/airflow/example_dags/example_bash_decorator.py                                                            1           0  0.23s           2025-09-04T11:50:05
/home/airflow/.local/lib/python3.12/site-packages/airflow/example_dags/example_branch_day_of_week_operator.py                                               1           0  0.23s           2025-09-04T11:50:07
/home/airflow/.local/lib/python3.12/site-packages/airflow/example_dags/tutorial_dag.py                                                                      1           0  0.22s           2025-09-04T11:50:06
/home/airflow/.local/lib/python3.12/site-packages/airflow/example_dags/example_skip_dag.py                                                                  1           0  0.21s           2025-09-04T11:50:04
/home/airflow/.local/lib/python3.12/site-packages/airflow/example_dags/example_time_delta_sensor_async.py                                                   1           0  0.21s           2025-09-04T11:50:06
/home/airflow/.local/lib/python3.12/site-packages/airflow/example_dags/plugins/listener_plugin.py                                                           0           0  0.08s           2025-09-04T11:50:07
/home/airflow/.local/lib/python3.12/site-packages/airflow/example_dags/subdags/subdag.py                                                                    0           0  0.08s           2025-09-04T11:50:08
/home/airflow/.local/lib/python3.12/site-packages/airflow/example_dags/plugins/event_listener.py                                                            0           0  0.07s           2025-09-04T11:50:07
/home/airflow/.local/lib/python3.12/site-packages/airflow/example_dags/plugins/decreasing_priority_weight_strategy.py                                       0           0  0.06s           2025-09-04T11:50:07
================================================================================
[2025-09-04T11:51:00.622+0000] {manager.py:878} INFO - 
================================================================================
DAG File Processing Stats

File Path                                                                                                                            PID  Runtime      # DAGs    # Errors  Last Runtime    Last Run
---------------------------------------------------------------------------------------------------------------------------------  -----  ---------  --------  ----------  --------------  -------------------
/home/airflow/.local/lib/python3.12/site-packages/airflow/example_dags/plugins/workday.py                                                                   0           0  0.50s           2025-09-04T11:50:39
/home/airflow/.local/lib/python3.12/site-packages/airflow/example_dags/example_dag_decorator.py                                                             1           0  0.36s           2025-09-04T11:50:32
/home/airflow/.local/lib/python3.12/site-packages/airflow/example_dags/example_subdag_operator.py                                                           3           0  0.28s           2025-09-04T11:50:38
/home/airflow/.local/lib/python3.12/site-packages/airflow/example_dags/example_datasets.py                                                                 10           0  0.25s           2025-09-04T11:50:32
/home/airflow/.local/lib/python3.12/site-packages/airflow/example_dags/example_params_ui_tutorial.py                                                        1           0  0.22s           2025-09-04T11:50:33
/home/airflow/.local/lib/python3.12/site-packages/airflow/example_dags/example_sensor_decorator.py                                                          1           0  0.22s           2025-09-04T11:50:37
/home/airflow/.local/lib/python3.12/site-packages/airflow/example_dags/example_setup_teardown.py                                                            1           0  0.21s           2025-09-04T11:50:33
/home/airflow/.local/lib/python3.12/site-packages/airflow/example_dags/example_branch_labels.py                                                             1           0  0.19s           2025-09-04T11:50:33
/home/airflow/.local/lib/python3.12/site-packages/airflow/example_dags/example_branch_operator_decorator.py                                                 1           0  0.18s           2025-09-04T11:50:34
/home/airflow/.local/lib/python3.12/site-packages/airflow/example_dags/example_latest_only_with_trigger.py                                                  1           0  0.18s           2025-09-04T11:50:37
/home/airflow/.local/lib/python3.12/site-packages/airflow/example_dags/plugins/event_listener.py                                                            0           0  0.18s           2025-09-04T11:50:38
/home/airflow/.local/lib/python3.12/site-packages/airflow/example_dags/example_passing_params_via_test_command.py                                           1           0  0.17s           2025-09-04T11:50:35
/home/airflow/.local/lib/python3.12/site-packages/airflow/example_dags/example_latest_only.py                                                               1           0  0.17s           2025-09-04T11:50:33
/home/airflow/.local/lib/python3.12/site-packages/airflow/example_dags/example_branch_operator.py                                                           1           0  0.17s           2025-09-04T11:50:32
/home/airflow/.local/lib/python3.12/site-packages/airflow/example_dags/example_xcomargs.py                                                                  2           0  0.16s           2025-09-04T11:50:36
/home/airflow/.local/lib/python3.12/site-packages/airflow/example_dags/example_complex.py                                                                   1           0  0.16s           2025-09-04T11:50:31
/home/airflow/.local/lib/python3.12/site-packages/airflow/example_dags/example_xcom.py                                                                      1           0  0.16s           2025-09-04T11:50:31
/home/airflow/.local/lib/python3.12/site-packages/airflow/example_dags/example_dynamic_task_mapping_with_no_taskflow_operators.py                           1           0  0.16s           2025-09-04T11:50:33
/home/airflow/.local/lib/python3.12/site-packages/airflow/example_dags/example_params_trigger_ui.py                                                         1           0  0.15s           2025-09-04T11:50:36
/home/airflow/.local/lib/python3.12/site-packages/airflow/example_dags/example_bash_decorator.py                                                            1           0  0.15s           2025-09-04T11:50:35
/home/airflow/.local/lib/python3.12/site-packages/airflow/example_dags/example_sla_dag.py                                            168  0.02s             1           0  0.15s           2025-09-04T11:50:30
/home/airflow/.local/lib/python3.12/site-packages/airflow/example_dags/example_kubernetes_executor.py                                                       1           0  0.15s           2025-09-04T11:50:32
/home/airflow/.local/lib/python3.12/site-packages/airflow/example_dags/example_task_group_decorator.py                                                      1           0  0.15s           2025-09-04T11:50:33
/home/airflow/.local/lib/python3.12/site-packages/airflow/example_dags/example_display_name.py                                                              1           0  0.15s           2025-09-04T11:50:34
/home/airflow/.local/lib/python3.12/site-packages/airflow/example_dags/example_short_circuit_operator.py                                                    1           0  0.15s           2025-09-04T11:50:31
/home/airflow/.local/lib/python3.12/site-packages/airflow/example_dags/example_trigger_controller_dag.py                                                    1           0  0.15s           2025-09-04T11:50:34
/home/airflow/.local/lib/python3.12/site-packages/airflow/example_dags/example_local_kubernetes_executor.py                                                 1           0  0.15s           2025-09-04T11:50:34
/home/airflow/.local/lib/python3.12/site-packages/airflow/example_dags/example_nested_branch_dag.py                                  169  0.00s             1           0  0.15s           2025-09-04T11:50:30
/home/airflow/.local/lib/python3.12/site-packages/airflow/example_dags/example_trigger_target_dag.py                                                        1           0  0.14s           2025-09-04T11:50:35
/home/airflow/.local/lib/python3.12/site-packages/airflow/example_dags/tutorial_taskflow_api.py                                                             1           0  0.14s           2025-09-04T11:50:37
/home/airflow/.local/lib/python3.12/site-packages/airflow/example_dags/tutorial.py                                                                          1           0  0.14s           2025-09-04T11:50:34
/home/airflow/.local/lib/python3.12/site-packages/airflow/example_dags/example_setup_teardown_taskflow.py                                                   1           0  0.14s           2025-09-04T11:50:37
/home/airflow/.local/lib/python3.12/site-packages/airflow/example_dags/example_branch_day_of_week_operator.py                                               1           0  0.14s           2025-09-04T11:50:37
/home/airflow/.local/lib/python3.12/site-packages/airflow/example_dags/example_skip_dag.py                                                                  1           0  0.14s           2025-09-04T11:50:34
/home/airflow/.local/lib/python3.12/site-packages/airflow/example_dags/example_sensors.py                                                                   1           0  0.14s           2025-09-04T11:50:35
/home/airflow/.local/lib/python3.12/site-packages/airflow/example_dags/example_branch_datetime_operator.py                                                  3           0  0.14s           2025-09-04T11:50:32
/home/airflow/.local/lib/python3.12/site-packages/airflow/example_dags/example_external_task_marker_dag.py                                                  2           0  0.14s           2025-09-04T11:50:36
/home/airflow/.local/lib/python3.12/site-packages/airflow/example_dags/tutorial_taskflow_api_virtualenv.py                                                  1           0  0.13s           2025-09-04T11:50:37
/home/airflow/.local/lib/python3.12/site-packages/airflow/example_dags/tutorial_objectstorage.py                                                            1           0  0.13s           2025-09-04T11:50:36
/home/airflow/.local/lib/python3.12/site-packages/airflow/example_dags/example_bash_operator.py                                                             1           0  0.13s           2025-09-04T11:50:35
/home/airflow/.local/lib/python3.12/site-packages/airflow/example_dags/example_task_group.py                                                                1           0  0.12s           2025-09-04T11:50:33
/home/airflow/.local/lib/python3.12/site-packages/airflow/example_dags/example_python_decorator.py                                                          1           0  0.12s           2025-09-04T11:50:36
/home/airflow/.local/lib/python3.12/site-packages/airflow/example_dags/example_branch_python_dop_operator_3.py                                              1           0  0.12s           2025-09-04T11:50:36
/home/airflow/.local/lib/python3.12/site-packages/airflow/example_dags/example_short_circuit_decorator.py                                                   1           0  0.11s           2025-09-04T11:50:35
/home/airflow/.local/lib/python3.12/site-packages/airflow/example_dags/example_dynamic_task_mapping.py                                                      1           0  0.11s           2025-09-04T11:50:36
/home/airflow/.local/lib/python3.12/site-packages/airflow/example_dags/plugins/listener_plugin.py                                                           0           0  0.10s           2025-09-04T11:50:38
/home/airflow/.local/lib/python3.12/site-packages/airflow/example_dags/example_python_operator.py                                                           1           0  0.10s           2025-09-04T11:50:35
/home/airflow/.local/lib/python3.12/site-packages/airflow/example_dags/example_time_delta_sensor_async.py                                                   1           0  0.10s           2025-09-04T11:50:36
/home/airflow/.local/lib/python3.12/site-packages/airflow/example_dags/subdags/subdag.py                                                                    0           0  0.10s           2025-09-04T11:50:38
/home/airflow/.local/lib/python3.12/site-packages/airflow/example_dags/plugins/decreasing_priority_weight_strategy.py                                       0           0  0.10s           2025-09-04T11:50:38
/home/airflow/.local/lib/python3.12/site-packages/airflow/example_dags/tutorial_dag.py                                                                      1           0  0.09s           2025-09-04T11:50:37
================================================================================
[2025-09-04T11:51:30.942+0000] {manager.py:878} INFO - 
================================================================================
DAG File Processing Stats

File Path                                                                                                                            PID  Runtime      # DAGs    # Errors  Last Runtime    Last Run
---------------------------------------------------------------------------------------------------------------------------------  -----  ---------  --------  ----------  --------------  -------------------
/home/airflow/.local/lib/python3.12/site-packages/airflow/example_dags/plugins/workday.py                                                                   0           0  0.57s           2025-09-04T11:51:11
/home/airflow/.local/lib/python3.12/site-packages/airflow/example_dags/example_dag_decorator.py                                                             1           0  0.42s           2025-09-04T11:51:03
/home/airflow/.local/lib/python3.12/site-packages/airflow/example_dags/example_subdag_operator.py                                                           3           0  0.31s           2025-09-04T11:51:08
/home/airflow/.local/lib/python3.12/site-packages/airflow/example_dags/example_datasets.py                                                                 10           0  0.26s           2025-09-04T11:51:03
/home/airflow/.local/lib/python3.12/site-packages/airflow/example_dags/example_short_circuit_decorator.py                                                   1           0  0.21s           2025-09-04T11:51:06
/home/airflow/.local/lib/python3.12/site-packages/airflow/example_dags/tutorial.py                                                                          1           0  0.21s           2025-09-04T11:51:05
/home/airflow/.local/lib/python3.12/site-packages/airflow/example_dags/example_xcom.py                                                                      1           0  0.21s           2025-09-04T11:51:01
/home/airflow/.local/lib/python3.12/site-packages/airflow/example_dags/example_passing_params_via_test_command.py                                           1           0  0.20s           2025-09-04T11:51:06
/home/airflow/.local/lib/python3.12/site-packages/airflow/example_dags/example_skip_dag.py                                                                  1           0  0.19s           2025-09-04T11:51:05
/home/airflow/.local/lib/python3.12/site-packages/airflow/example_dags/example_branch_operator.py                                                           1           0  0.19s           2025-09-04T11:51:03
/home/airflow/.local/lib/python3.12/site-packages/airflow/example_dags/example_xcomargs.py                                                                  2           0  0.19s           2025-09-04T11:51:07
/home/airflow/.local/lib/python3.12/site-packages/airflow/example_dags/example_branch_datetime_operator.py                                                  3           0  0.18s           2025-09-04T11:51:03
/home/airflow/.local/lib/python3.12/site-packages/airflow/example_dags/example_short_circuit_operator.py                                                    1           0  0.18s           2025-09-04T11:51:01
/home/airflow/.local/lib/python3.12/site-packages/airflow/example_dags/subdags/subdag.py                                                                    0           0  0.17s           2025-09-04T11:51:08
/home/airflow/.local/lib/python3.12/site-packages/airflow/example_dags/example_sla_dag.py                                            225  0.02s             1           0  0.17s           2025-09-04T11:51:00
/home/airflow/.local/lib/python3.12/site-packages/airflow/example_dags/example_trigger_target_dag.py                                                        1           0  0.16s           2025-09-04T11:51:06
/home/airflow/.local/lib/python3.12/site-packages/airflow/example_dags/example_sensors.py                                                                   1           0  0.16s           2025-09-04T11:51:06
/home/airflow/.local/lib/python3.12/site-packages/airflow/example_dags/example_params_trigger_ui.py                                                         1           0  0.16s           2025-09-04T11:51:07
/home/airflow/.local/lib/python3.12/site-packages/airflow/example_dags/example_nested_branch_dag.py                                  226  0.01s             1           0  0.16s           2025-09-04T11:51:00
/home/airflow/.local/lib/python3.12/site-packages/airflow/example_dags/example_bash_operator.py                                                             1           0  0.16s           2025-09-04T11:51:06
/home/airflow/.local/lib/python3.12/site-packages/airflow/example_dags/example_external_task_marker_dag.py                                                  2           0  0.15s           2025-09-04T11:51:07
/home/airflow/.local/lib/python3.12/site-packages/airflow/example_dags/example_kubernetes_executor.py                                                       1           0  0.15s           2025-09-04T11:51:03
/home/airflow/.local/lib/python3.12/site-packages/airflow/example_dags/example_bash_decorator.py                                                            1           0  0.15s           2025-09-04T11:51:06
/home/airflow/.local/lib/python3.12/site-packages/airflow/example_dags/example_sensor_decorator.py                                                          1           0  0.14s           2025-09-04T11:51:08
/home/airflow/.local/lib/python3.12/site-packages/airflow/example_dags/example_complex.py                                                                   1           0  0.14s           2025-09-04T11:51:01
/home/airflow/.local/lib/python3.12/site-packages/airflow/example_dags/example_setup_teardown_taskflow.py                                                   1           0  0.14s           2025-09-04T11:51:07
/home/airflow/.local/lib/python3.12/site-packages/airflow/example_dags/tutorial_objectstorage.py                                                            1           0  0.14s           2025-09-04T11:51:07
/home/airflow/.local/lib/python3.12/site-packages/airflow/example_dags/tutorial_dag.py                                                                      1           0  0.14s           2025-09-04T11:51:07
/home/airflow/.local/lib/python3.12/site-packages/airflow/example_dags/example_branch_operator_decorator.py                                                 1           0  0.14s           2025-09-04T11:51:04
/home/airflow/.local/lib/python3.12/site-packages/airflow/example_dags/example_local_kubernetes_executor.py                                                 1           0  0.13s           2025-09-04T11:51:05
/home/airflow/.local/lib/python3.12/site-packages/airflow/example_dags/example_dynamic_task_mapping.py                                                      1           0  0.13s           2025-09-04T11:51:07
/home/airflow/.local/lib/python3.12/site-packages/airflow/example_dags/example_latest_only_with_trigger.py                                                  1           0  0.13s           2025-09-04T11:51:08
/home/airflow/.local/lib/python3.12/site-packages/airflow/example_dags/example_python_operator.py                                                           1           0  0.13s           2025-09-04T11:51:06
/home/airflow/.local/lib/python3.12/site-packages/airflow/example_dags/example_latest_only.py                                                               1           0  0.12s           2025-09-04T11:51:04
/home/airflow/.local/lib/python3.12/site-packages/airflow/example_dags/example_branch_day_of_week_operator.py                                               1           0  0.12s           2025-09-04T11:51:07
/home/airflow/.local/lib/python3.12/site-packages/airflow/example_dags/tutorial_taskflow_api_virtualenv.py                                                  1           0  0.12s           2025-09-04T11:51:08
/home/airflow/.local/lib/python3.12/site-packages/airflow/example_dags/example_branch_python_dop_operator_3.py                                              1           0  0.12s           2025-09-04T11:51:07
/home/airflow/.local/lib/python3.12/site-packages/airflow/example_dags/example_dynamic_task_mapping_with_no_taskflow_operators.py                           1           0  0.11s           2025-09-04T11:51:03
/home/airflow/.local/lib/python3.12/site-packages/airflow/example_dags/example_trigger_controller_dag.py                                                    1           0  0.11s           2025-09-04T11:51:04
/home/airflow/.local/lib/python3.12/site-packages/airflow/example_dags/example_display_name.py                                                              1           0  0.11s           2025-09-04T11:51:05
/home/airflow/.local/lib/python3.12/site-packages/airflow/example_dags/example_task_group.py                                                                1           0  0.11s           2025-09-04T11:51:03
/home/airflow/.local/lib/python3.12/site-packages/airflow/example_dags/example_params_ui_tutorial.py                                                        1           0  0.11s           2025-09-04T11:51:03
/home/airflow/.local/lib/python3.12/site-packages/airflow/example_dags/tutorial_taskflow_api.py                                                             1           0  0.11s           2025-09-04T11:51:08
/home/airflow/.local/lib/python3.12/site-packages/airflow/example_dags/example_python_decorator.py                                                          1           0  0.11s           2025-09-04T11:51:07
/home/airflow/.local/lib/python3.12/site-packages/airflow/example_dags/example_setup_teardown.py                                                            1           0  0.10s           2025-09-04T11:51:03
/home/airflow/.local/lib/python3.12/site-packages/airflow/example_dags/example_branch_labels.py                                                             1           0  0.10s           2025-09-04T11:51:03
/home/airflow/.local/lib/python3.12/site-packages/airflow/example_dags/example_task_group_decorator.py                                                      1           0  0.10s           2025-09-04T11:51:03
/home/airflow/.local/lib/python3.12/site-packages/airflow/example_dags/plugins/listener_plugin.py                                                           0           0  0.09s           2025-09-04T11:51:08
/home/airflow/.local/lib/python3.12/site-packages/airflow/example_dags/example_time_delta_sensor_async.py                                                   1           0  0.09s           2025-09-04T11:51:07
/home/airflow/.local/lib/python3.12/site-packages/airflow/example_dags/plugins/event_listener.py                                                            0           0  0.09s           2025-09-04T11:51:08
/home/airflow/.local/lib/python3.12/site-packages/airflow/example_dags/plugins/decreasing_priority_weight_strategy.py                                       0           0  0.08s           2025-09-04T11:51:08
================================================================================
[2025-09-04T11:52:01.068+0000] {manager.py:878} INFO - 
================================================================================
DAG File Processing Stats

File Path                                                                                                                          PID    Runtime      # DAGs    # Errors  Last Runtime    Last Run
---------------------------------------------------------------------------------------------------------------------------------  -----  ---------  --------  ----------  --------------  -------------------
/home/airflow/.local/lib/python3.12/site-packages/airflow/example_dags/plugins/workday.py                                                                   0           0  0.49s           2025-09-04T11:51:41
/home/airflow/.local/lib/python3.12/site-packages/airflow/example_dags/example_dag_decorator.py                                                             1           0  0.32s           2025-09-04T11:51:33
/home/airflow/.local/lib/python3.12/site-packages/airflow/example_dags/example_dynamic_task_mapping.py                                                      1           0  0.22s           2025-09-04T11:51:38
/home/airflow/.local/lib/python3.12/site-packages/airflow/example_dags/example_external_task_marker_dag.py                                                  2           0  0.19s           2025-09-04T11:51:38
/home/airflow/.local/lib/python3.12/site-packages/airflow/example_dags/example_python_decorator.py                                                          1           0  0.18s           2025-09-04T11:51:38
/home/airflow/.local/lib/python3.12/site-packages/airflow/example_dags/example_subdag_operator.py                                                           3           0  0.17s           2025-09-04T11:51:39
/home/airflow/.local/lib/python3.12/site-packages/airflow/example_dags/example_bash_operator.py                                                             1           0  0.17s           2025-09-04T11:51:36
/home/airflow/.local/lib/python3.12/site-packages/airflow/example_dags/example_datasets.py                                                                 10           0  0.17s           2025-09-04T11:51:33
/home/airflow/.local/lib/python3.12/site-packages/airflow/example_dags/example_branch_operator.py                                                           1           0  0.16s           2025-09-04T11:51:33
/home/airflow/.local/lib/python3.12/site-packages/airflow/example_dags/example_python_operator.py                                                           1           0  0.16s           2025-09-04T11:51:36
/home/airflow/.local/lib/python3.12/site-packages/airflow/example_dags/example_passing_params_via_test_command.py                                           1           0  0.16s           2025-09-04T11:51:36
/home/airflow/.local/lib/python3.12/site-packages/airflow/example_dags/example_sla_dag.py                                                                   1           0  0.14s           2025-09-04T11:51:31
/home/airflow/.local/lib/python3.12/site-packages/airflow/example_dags/example_xcomargs.py                                                                  2           0  0.14s           2025-09-04T11:51:38
/home/airflow/.local/lib/python3.12/site-packages/airflow/example_dags/tutorial_taskflow_api.py                                                             1           0  0.14s           2025-09-04T11:51:39
/home/airflow/.local/lib/python3.12/site-packages/airflow/example_dags/example_trigger_target_dag.py                                                        1           0  0.14s           2025-09-04T11:51:36
/home/airflow/.local/lib/python3.12/site-packages/airflow/example_dags/example_branch_datetime_operator.py                                                  3           0  0.14s           2025-09-04T11:51:33
/home/airflow/.local/lib/python3.12/site-packages/airflow/example_dags/example_nested_branch_dag.py                                                         1           0  0.14s           2025-09-04T11:51:31
/home/airflow/.local/lib/python3.12/site-packages/airflow/example_dags/example_short_circuit_decorator.py                                                   1           0  0.14s           2025-09-04T11:51:37
/home/airflow/.local/lib/python3.12/site-packages/airflow/example_dags/example_xcom.py                                                                      1           0  0.13s           2025-09-04T11:51:32
/home/airflow/.local/lib/python3.12/site-packages/airflow/example_dags/example_short_circuit_operator.py                                                    1           0  0.12s           2025-09-04T11:51:32
/home/airflow/.local/lib/python3.12/site-packages/airflow/example_dags/example_latest_only_with_trigger.py                                                  1           0  0.12s           2025-09-04T11:51:39
/home/airflow/.local/lib/python3.12/site-packages/airflow/example_dags/example_task_group.py                                                                1           0  0.12s           2025-09-04T11:51:34
/home/airflow/.local/lib/python3.12/site-packages/airflow/example_dags/example_sensor_decorator.py                                                          1           0  0.12s           2025-09-04T11:51:39
/home/airflow/.local/lib/python3.12/site-packages/airflow/example_dags/example_kubernetes_executor.py                                                       1           0  0.12s           2025-09-04T11:51:33
/home/airflow/.local/lib/python3.12/site-packages/airflow/example_dags/example_params_ui_tutorial.py                                                        1           0  0.12s           2025-09-04T11:51:34
/home/airflow/.local/lib/python3.12/site-packages/airflow/example_dags/example_params_trigger_ui.py                                                         1           0  0.11s           2025-09-04T11:51:38
/home/airflow/.local/lib/python3.12/site-packages/airflow/example_dags/tutorial_objectstorage.py                                                            1           0  0.11s           2025-09-04T11:51:38
/home/airflow/.local/lib/python3.12/site-packages/airflow/example_dags/example_bash_decorator.py                                                            1           0  0.11s           2025-09-04T11:51:36
/home/airflow/.local/lib/python3.12/site-packages/airflow/example_dags/example_trigger_controller_dag.py                                                    1           0  0.11s           2025-09-04T11:51:35
/home/airflow/.local/lib/python3.12/site-packages/airflow/example_dags/example_local_kubernetes_executor.py                                                 1           0  0.11s           2025-09-04T11:51:35
/home/airflow/.local/lib/python3.12/site-packages/airflow/example_dags/example_branch_operator_decorator.py                                                 1           0  0.11s           2025-09-04T11:51:35
/home/airflow/.local/lib/python3.12/site-packages/airflow/example_dags/tutorial.py                                                                          1           0  0.11s           2025-09-04T11:51:35
/home/airflow/.local/lib/python3.12/site-packages/airflow/example_dags/example_sensors.py                                                                   1           0  0.11s           2025-09-04T11:51:36
/home/airflow/.local/lib/python3.12/site-packages/airflow/example_dags/example_complex.py                                                                   1           0  0.11s           2025-09-04T11:51:32
/home/airflow/.local/lib/python3.12/site-packages/airflow/example_dags/plugins/decreasing_priority_weight_strategy.py                                       0           0  0.10s           2025-09-04T11:51:39
/home/airflow/.local/lib/python3.12/site-packages/airflow/example_dags/example_branch_day_of_week_operator.py                                               1           0  0.10s           2025-09-04T11:51:38
/home/airflow/.local/lib/python3.12/site-packages/airflow/example_dags/example_dynamic_task_mapping_with_no_taskflow_operators.py                           1           0  0.10s           2025-09-04T11:51:34
/home/airflow/.local/lib/python3.12/site-packages/airflow/example_dags/example_latest_only.py                                                               1           0  0.10s           2025-09-04T11:51:35
/home/airflow/.local/lib/python3.12/site-packages/airflow/example_dags/example_setup_teardown.py                                                            1           0  0.10s           2025-09-04T11:51:33
/home/airflow/.local/lib/python3.12/site-packages/airflow/example_dags/example_display_name.py                                                              1           0  0.10s           2025-09-04T11:51:35
/home/airflow/.local/lib/python3.12/site-packages/airflow/example_dags/example_setup_teardown_taskflow.py                                                   1           0  0.10s           2025-09-04T11:51:38
/home/airflow/.local/lib/python3.12/site-packages/airflow/example_dags/example_branch_labels.py                                                             1           0  0.10s           2025-09-04T11:51:33
/home/airflow/.local/lib/python3.12/site-packages/airflow/example_dags/example_task_group_decorator.py                                                      1           0  0.09s           2025-09-04T11:51:34
/home/airflow/.local/lib/python3.12/site-packages/airflow/example_dags/example_skip_dag.py                                                                  1           0  0.09s           2025-09-04T11:51:35
/home/airflow/.local/lib/python3.12/site-packages/airflow/example_dags/example_time_delta_sensor_async.py                                                   1           0  0.09s           2025-09-04T11:51:38
/home/airflow/.local/lib/python3.12/site-packages/airflow/example_dags/tutorial_dag.py                                                                      1           0  0.09s           2025-09-04T11:51:38
/home/airflow/.local/lib/python3.12/site-packages/airflow/example_dags/tutorial_taskflow_api_virtualenv.py                                                  1           0  0.09s           2025-09-04T11:51:38
/home/airflow/.local/lib/python3.12/site-packages/airflow/example_dags/example_branch_python_dop_operator_3.py                                              1           0  0.09s           2025-09-04T11:51:38
/home/airflow/.local/lib/python3.12/site-packages/airflow/example_dags/plugins/listener_plugin.py                                                           0           0  0.08s           2025-09-04T11:51:39
/home/airflow/.local/lib/python3.12/site-packages/airflow/example_dags/subdags/subdag.py                                                                    0           0  0.08s           2025-09-04T11:51:39
/home/airflow/.local/lib/python3.12/site-packages/airflow/example_dags/plugins/event_listener.py                                                            0           0  0.07s           2025-09-04T11:51:39
================================================================================
[2025-09-04T11:52:31.401+0000] {manager.py:878} INFO - 
================================================================================
DAG File Processing Stats

File Path                                                                                                                          PID    Runtime      # DAGs    # Errors  Last Runtime    Last Run
---------------------------------------------------------------------------------------------------------------------------------  -----  ---------  --------  ----------  --------------  -------------------
/home/airflow/.local/lib/python3.12/site-packages/airflow/example_dags/plugins/workday.py                                                                   0           0  0.41s           2025-09-04T11:52:13
/home/airflow/.local/lib/python3.12/site-packages/airflow/example_dags/example_dag_decorator.py                                                             1           0  0.38s           2025-09-04T11:52:04
/home/airflow/.local/lib/python3.12/site-packages/airflow/example_dags/example_datasets.py                                                                 10           0  0.25s           2025-09-04T11:52:04
/home/airflow/.local/lib/python3.12/site-packages/airflow/example_dags/example_passing_params_via_test_command.py                                           1           0  0.17s           2025-09-04T11:52:07
/home/airflow/.local/lib/python3.12/site-packages/airflow/example_dags/example_branch_datetime_operator.py                                                  3           0  0.17s           2025-09-04T11:52:04
/home/airflow/.local/lib/python3.12/site-packages/airflow/example_dags/example_branch_python_dop_operator_3.py                                              1           0  0.17s           2025-09-04T11:52:09
/home/airflow/.local/lib/python3.12/site-packages/airflow/example_dags/example_branch_operator.py                                                           1           0  0.16s           2025-09-04T11:52:04
/home/airflow/.local/lib/python3.12/site-packages/airflow/example_dags/example_params_ui_tutorial.py                                                        1           0  0.15s           2025-09-04T11:52:04
/home/airflow/.local/lib/python3.12/site-packages/airflow/example_dags/example_kubernetes_executor.py                                                       1           0  0.15s           2025-09-04T11:52:04
/home/airflow/.local/lib/python3.12/site-packages/airflow/example_dags/example_sla_dag.py                                                                   1           0  0.15s           2025-09-04T11:52:01
/home/airflow/.local/lib/python3.12/site-packages/airflow/example_dags/example_nested_branch_dag.py                                                         1           0  0.14s           2025-09-04T11:52:01
/home/airflow/.local/lib/python3.12/site-packages/airflow/example_dags/example_time_delta_sensor_async.py                                                   1           0  0.14s           2025-09-04T11:52:09
/home/airflow/.local/lib/python3.12/site-packages/airflow/example_dags/example_bash_operator.py                                                             1           0  0.14s           2025-09-04T11:52:07
/home/airflow/.local/lib/python3.12/site-packages/airflow/example_dags/example_branch_operator_decorator.py                                                 1           0  0.14s           2025-09-04T11:52:05
/home/airflow/.local/lib/python3.12/site-packages/airflow/example_dags/example_xcomargs.py                                                                  2           0  0.13s           2025-09-04T11:52:08
/home/airflow/.local/lib/python3.12/site-packages/airflow/example_dags/example_params_trigger_ui.py                                                         1           0  0.13s           2025-09-04T11:52:08
/home/airflow/.local/lib/python3.12/site-packages/airflow/example_dags/example_setup_teardown.py                                                            1           0  0.13s           2025-09-04T11:52:04
/home/airflow/.local/lib/python3.12/site-packages/airflow/example_dags/example_branch_labels.py                                                             1           0  0.13s           2025-09-04T11:52:04
/home/airflow/.local/lib/python3.12/site-packages/airflow/example_dags/example_trigger_target_dag.py                                                        1           0  0.13s           2025-09-04T11:52:07
/home/airflow/.local/lib/python3.12/site-packages/airflow/example_dags/example_trigger_controller_dag.py                                                    1           0  0.13s           2025-09-04T11:52:06
/home/airflow/.local/lib/python3.12/site-packages/airflow/example_dags/example_complex.py                                                                   1           0  0.13s           2025-09-04T11:52:02
/home/airflow/.local/lib/python3.12/site-packages/airflow/example_dags/example_local_kubernetes_executor.py                                                 1           0  0.12s           2025-09-04T11:52:06
/home/airflow/.local/lib/python3.12/site-packages/airflow/example_dags/example_bash_decorator.py                                                            1           0  0.12s           2025-09-04T11:52:07
/home/airflow/.local/lib/python3.12/site-packages/airflow/example_dags/example_setup_teardown_taskflow.py                                                   1           0  0.12s           2025-09-04T11:52:09
/home/airflow/.local/lib/python3.12/site-packages/airflow/example_dags/example_python_decorator.py                                                          1           0  0.12s           2025-09-04T11:52:09
/home/airflow/.local/lib/python3.12/site-packages/airflow/example_dags/example_sensors.py                                                                   1           0  0.12s           2025-09-04T11:52:07
/home/airflow/.local/lib/python3.12/site-packages/airflow/example_dags/example_latest_only.py                                                               1           0  0.12s           2025-09-04T11:52:05
/home/airflow/.local/lib/python3.12/site-packages/airflow/example_dags/example_task_group.py                                                                1           0  0.12s           2025-09-04T11:52:04
/home/airflow/.local/lib/python3.12/site-packages/airflow/example_dags/example_short_circuit_decorator.py                                                   1           0  0.12s           2025-09-04T11:52:07
/home/airflow/.local/lib/python3.12/site-packages/airflow/example_dags/example_dynamic_task_mapping.py                                                      1           0  0.12s           2025-09-04T11:52:09
/home/airflow/.local/lib/python3.12/site-packages/airflow/example_dags/tutorial_objectstorage.py                                                            1           0  0.11s           2025-09-04T11:52:08
/home/airflow/.local/lib/python3.12/site-packages/airflow/example_dags/example_python_operator.py                                                           1           0  0.11s           2025-09-04T11:52:07
/home/airflow/.local/lib/python3.12/site-packages/airflow/example_dags/example_task_group_decorator.py                                                      1           0  0.11s           2025-09-04T11:52:04
/home/airflow/.local/lib/python3.12/site-packages/airflow/example_dags/example_external_task_marker_dag.py                                                  2           0  0.11s           2025-09-04T11:52:09
/home/airflow/.local/lib/python3.12/site-packages/airflow/example_dags/tutorial_dag.py                                                                      1           0  0.11s           2025-09-04T11:52:09
/home/airflow/.local/lib/python3.12/site-packages/airflow/example_dags/example_dynamic_task_mapping_with_no_taskflow_operators.py                           1           0  0.11s           2025-09-04T11:52:04
/home/airflow/.local/lib/python3.12/site-packages/airflow/example_dags/example_skip_dag.py                                                                  1           0  0.11s           2025-09-04T11:52:06
/home/airflow/.local/lib/python3.12/site-packages/airflow/example_dags/tutorial.py                                                                          1           0  0.11s           2025-09-04T11:52:06
/home/airflow/.local/lib/python3.12/site-packages/airflow/example_dags/example_display_name.py                                                              1           0  0.10s           2025-09-04T11:52:06
/home/airflow/.local/lib/python3.12/site-packages/airflow/example_dags/example_subdag_operator.py                                                           3           0  0.10s           2025-09-04T11:52:09
/home/airflow/.local/lib/python3.12/site-packages/airflow/example_dags/example_latest_only_with_trigger.py                                                  1           0  0.10s           2025-09-04T11:52:09
/home/airflow/.local/lib/python3.12/site-packages/airflow/example_dags/example_xcom.py                                                                      1           0  0.09s           2025-09-04T11:52:02
/home/airflow/.local/lib/python3.12/site-packages/airflow/example_dags/example_branch_day_of_week_operator.py                                               1           0  0.09s           2025-09-04T11:52:09
/home/airflow/.local/lib/python3.12/site-packages/airflow/example_dags/example_short_circuit_operator.py                                                    1           0  0.09s           2025-09-04T11:52:02
/home/airflow/.local/lib/python3.12/site-packages/airflow/example_dags/example_sensor_decorator.py                                                          1           0  0.09s           2025-09-04T11:52:09
/home/airflow/.local/lib/python3.12/site-packages/airflow/example_dags/tutorial_taskflow_api_virtualenv.py                                                  1           0  0.09s           2025-09-04T11:52:09
/home/airflow/.local/lib/python3.12/site-packages/airflow/example_dags/tutorial_taskflow_api.py                                                             1           0  0.08s           2025-09-04T11:52:09
/home/airflow/.local/lib/python3.12/site-packages/airflow/example_dags/plugins/decreasing_priority_weight_strategy.py                                       0           0  0.07s           2025-09-04T11:52:09
/home/airflow/.local/lib/python3.12/site-packages/airflow/example_dags/subdags/subdag.py                                                                    0           0  0.06s           2025-09-04T11:52:09
/home/airflow/.local/lib/python3.12/site-packages/airflow/example_dags/plugins/listener_plugin.py                                                           0           0  0.06s           2025-09-04T11:52:09
/home/airflow/.local/lib/python3.12/site-packages/airflow/example_dags/plugins/event_listener.py                                                            0           0  0.06s           2025-09-04T11:52:09
================================================================================
[2025-09-04T11:53:01.427+0000] {manager.py:878} INFO - 
================================================================================
DAG File Processing Stats

File Path                                                                                                                          PID    Runtime      # DAGs    # Errors  Last Runtime    Last Run
---------------------------------------------------------------------------------------------------------------------------------  -----  ---------  --------  ----------  --------------  -------------------
/home/airflow/.local/lib/python3.12/site-packages/airflow/example_dags/plugins/workday.py                                                                   0           0  0.56s           2025-09-04T11:52:43
/home/airflow/.local/lib/python3.12/site-packages/airflow/example_dags/example_dag_decorator.py                                                             1           0  0.40s           2025-09-04T11:52:34
/home/airflow/.local/lib/python3.12/site-packages/airflow/example_dags/example_datasets.py                                                                 10           0  0.22s           2025-09-04T11:52:34
/home/airflow/.local/lib/python3.12/site-packages/airflow/example_dags/example_params_trigger_ui.py                                                         1           0  0.21s           2025-09-04T11:52:40
/home/airflow/.local/lib/python3.12/site-packages/airflow/example_dags/example_branch_operator_decorator.py                                                 1           0  0.19s           2025-09-04T11:52:36
/home/airflow/.local/lib/python3.12/site-packages/airflow/example_dags/example_subdag_operator.py                                                           3           0  0.19s           2025-09-04T11:52:41
/home/airflow/.local/lib/python3.12/site-packages/airflow/example_dags/example_external_task_marker_dag.py                                                  2           0  0.18s           2025-09-04T11:52:40
/home/airflow/.local/lib/python3.12/site-packages/airflow/example_dags/example_skip_dag.py                                                                  1           0  0.18s           2025-09-04T11:52:36
/home/airflow/.local/lib/python3.12/site-packages/airflow/example_dags/example_latest_only.py                                                               1           0  0.18s           2025-09-04T11:52:36
/home/airflow/.local/lib/python3.12/site-packages/airflow/example_dags/example_python_decorator.py                                                          1           0  0.17s           2025-09-04T11:52:40
/home/airflow/.local/lib/python3.12/site-packages/airflow/example_dags/example_sensors.py                                                                   1           0  0.17s           2025-09-04T11:52:37
/home/airflow/.local/lib/python3.12/site-packages/airflow/example_dags/example_task_group.py                                                                1           0  0.17s           2025-09-04T11:52:35
/home/airflow/.local/lib/python3.12/site-packages/airflow/example_dags/example_branch_operator.py                                                           1           0  0.16s           2025-09-04T11:52:34
/home/airflow/.local/lib/python3.12/site-packages/airflow/example_dags/example_kubernetes_executor.py                                                       1           0  0.16s           2025-09-04T11:52:34
/home/airflow/.local/lib/python3.12/site-packages/airflow/example_dags/example_bash_decorator.py                                                            1           0  0.16s           2025-09-04T11:52:37
/home/airflow/.local/lib/python3.12/site-packages/airflow/example_dags/example_branch_python_dop_operator_3.py                                              1           0  0.15s           2025-09-04T11:52:40
/home/airflow/.local/lib/python3.12/site-packages/airflow/example_dags/example_dynamic_task_mapping_with_no_taskflow_operators.py                           1           0  0.15s           2025-09-04T11:52:35
/home/airflow/.local/lib/python3.12/site-packages/airflow/example_dags/example_latest_only_with_trigger.py                                                  1           0  0.15s           2025-09-04T11:52:41
/home/airflow/.local/lib/python3.12/site-packages/airflow/example_dags/example_xcom.py                                                                      1           0  0.14s           2025-09-04T11:52:33
/home/airflow/.local/lib/python3.12/site-packages/airflow/example_dags/example_params_ui_tutorial.py                                                        1           0  0.14s           2025-09-04T11:52:35
/home/airflow/.local/lib/python3.12/site-packages/airflow/example_dags/example_branch_datetime_operator.py                                                  3           0  0.14s           2025-09-04T11:52:34
/home/airflow/.local/lib/python3.12/site-packages/airflow/example_dags/example_sla_dag.py                                                                   1           0  0.14s           2025-09-04T11:52:32
/home/airflow/.local/lib/python3.12/site-packages/airflow/example_dags/example_branch_labels.py                                                             1           0  0.14s           2025-09-04T11:52:35
/home/airflow/.local/lib/python3.12/site-packages/airflow/example_dags/example_dynamic_task_mapping.py                                                      1           0  0.13s           2025-09-04T11:52:40
/home/airflow/.local/lib/python3.12/site-packages/airflow/example_dags/tutorial.py                                                                          1           0  0.13s           2025-09-04T11:52:36
/home/airflow/.local/lib/python3.12/site-packages/airflow/example_dags/example_setup_teardown.py                                                            1           0  0.13s           2025-09-04T11:52:34
/home/airflow/.local/lib/python3.12/site-packages/airflow/example_dags/example_sensor_decorator.py                                                          1           0  0.13s           2025-09-04T11:52:40
/home/airflow/.local/lib/python3.12/site-packages/airflow/example_dags/example_passing_params_via_test_command.py                                           1           0  0.13s           2025-09-04T11:52:37
/home/airflow/.local/lib/python3.12/site-packages/airflow/example_dags/example_nested_branch_dag.py                                                         1           0  0.12s           2025-09-04T11:52:32
/home/airflow/.local/lib/python3.12/site-packages/airflow/example_dags/example_short_circuit_decorator.py                                                   1           0  0.12s           2025-09-04T11:52:38
/home/airflow/.local/lib/python3.12/site-packages/airflow/example_dags/example_short_circuit_operator.py                                                    1           0  0.12s           2025-09-04T11:52:33
/home/airflow/.local/lib/python3.12/site-packages/airflow/example_dags/example_complex.py                                                                   1           0  0.12s           2025-09-04T11:52:33
/home/airflow/.local/lib/python3.12/site-packages/airflow/example_dags/tutorial_taskflow_api.py                                                             1           0  0.12s           2025-09-04T11:52:41
/home/airflow/.local/lib/python3.12/site-packages/airflow/example_dags/example_xcomargs.py                                                                  2           0  0.12s           2025-09-04T11:52:39
/home/airflow/.local/lib/python3.12/site-packages/airflow/example_dags/example_task_group_decorator.py                                                      1           0  0.12s           2025-09-04T11:52:35
/home/airflow/.local/lib/python3.12/site-packages/airflow/example_dags/example_time_delta_sensor_async.py                                                   1           0  0.12s           2025-09-04T11:52:40
/home/airflow/.local/lib/python3.12/site-packages/airflow/example_dags/example_local_kubernetes_executor.py                                                 1           0  0.12s           2025-09-04T11:52:36
/home/airflow/.local/lib/python3.12/site-packages/airflow/example_dags/example_display_name.py                                                              1           0  0.11s           2025-09-04T11:52:36
/home/airflow/.local/lib/python3.12/site-packages/airflow/example_dags/tutorial_objectstorage.py                                                            1           0  0.11s           2025-09-04T11:52:39
/home/airflow/.local/lib/python3.12/site-packages/airflow/example_dags/example_branch_day_of_week_operator.py                                               1           0  0.11s           2025-09-04T11:52:40
/home/airflow/.local/lib/python3.12/site-packages/airflow/example_dags/example_setup_teardown_taskflow.py                                                   1           0  0.11s           2025-09-04T11:52:40
/home/airflow/.local/lib/python3.12/site-packages/airflow/example_dags/example_trigger_controller_dag.py                                                    1           0  0.10s           2025-09-04T11:52:36
/home/airflow/.local/lib/python3.12/site-packages/airflow/example_dags/example_bash_operator.py                                                             1           0  0.10s           2025-09-04T11:52:38
/home/airflow/.local/lib/python3.12/site-packages/airflow/example_dags/example_trigger_target_dag.py                                                        1           0  0.10s           2025-09-04T11:52:37
/home/airflow/.local/lib/python3.12/site-packages/airflow/example_dags/plugins/event_listener.py                                                            0           0  0.10s           2025-09-04T11:52:41
/home/airflow/.local/lib/python3.12/site-packages/airflow/example_dags/tutorial_taskflow_api_virtualenv.py                                                  1           0  0.10s           2025-09-04T11:52:40
/home/airflow/.local/lib/python3.12/site-packages/airflow/example_dags/tutorial_dag.py                                                                      1           0  0.10s           2025-09-04T11:52:40
/home/airflow/.local/lib/python3.12/site-packages/airflow/example_dags/example_python_operator.py                                                           1           0  0.09s           2025-09-04T11:52:38
/home/airflow/.local/lib/python3.12/site-packages/airflow/example_dags/plugins/listener_plugin.py                                                           0           0  0.07s           2025-09-04T11:52:41
/home/airflow/.local/lib/python3.12/site-packages/airflow/example_dags/plugins/decreasing_priority_weight_strategy.py                                       0           0  0.05s           2025-09-04T11:52:41
/home/airflow/.local/lib/python3.12/site-packages/airflow/example_dags/subdags/subdag.py                                                                    0           0  0.05s           2025-09-04T11:52:41
================================================================================
[2025-09-04T11:53:31.688+0000] {manager.py:878} INFO - 
================================================================================
DAG File Processing Stats

File Path                                                                                                                          PID    Runtime      # DAGs    # Errors  Last Runtime    Last Run
---------------------------------------------------------------------------------------------------------------------------------  -----  ---------  --------  ----------  --------------  -------------------
/home/airflow/.local/lib/python3.12/site-packages/airflow/example_dags/plugins/workday.py                                                                   0           0  0.68s           2025-09-04T11:53:14
/home/airflow/.local/lib/python3.12/site-packages/airflow/example_dags/example_dag_decorator.py                                                             1           0  0.22s           2025-09-04T11:53:04
/home/airflow/.local/lib/python3.12/site-packages/airflow/example_dags/example_short_circuit_decorator.py                                                   1           0  0.21s           2025-09-04T11:53:08
/home/airflow/.local/lib/python3.12/site-packages/airflow/example_dags/example_branch_day_of_week_operator.py                                               1           0  0.19s           2025-09-04T11:53:11
/home/airflow/.local/lib/python3.12/site-packages/airflow/example_dags/example_datasets.py                                                                 10           0  0.18s           2025-09-04T11:53:04
/home/airflow/.local/lib/python3.12/site-packages/airflow/example_dags/example_dynamic_task_mapping_with_no_taskflow_operators.py                           1           0  0.17s           2025-09-04T11:53:05
/home/airflow/.local/lib/python3.12/site-packages/airflow/example_dags/example_setup_teardown_taskflow.py                                                   1           0  0.17s           2025-09-04T11:53:11
/home/airflow/.local/lib/python3.12/site-packages/airflow/example_dags/example_latest_only_with_trigger.py                                                  1           0  0.17s           2025-09-04T11:53:11
/home/airflow/.local/lib/python3.12/site-packages/airflow/example_dags/tutorial_taskflow_api_virtualenv.py                                                  1           0  0.17s           2025-09-04T11:53:11
/home/airflow/.local/lib/python3.12/site-packages/airflow/example_dags/tutorial_taskflow_api.py                                                             1           0  0.17s           2025-09-04T11:53:11
/home/airflow/.local/lib/python3.12/site-packages/airflow/example_dags/example_params_ui_tutorial.py                                                        1           0  0.16s           2025-09-04T11:53:05
/home/airflow/.local/lib/python3.12/site-packages/airflow/example_dags/example_params_trigger_ui.py                                                         1           0  0.15s           2025-09-04T11:53:10
/home/airflow/.local/lib/python3.12/site-packages/airflow/example_dags/example_subdag_operator.py                                                           3           0  0.15s           2025-09-04T11:53:11
/home/airflow/.local/lib/python3.12/site-packages/airflow/example_dags/tutorial_dag.py                                                                      1           0  0.15s           2025-09-04T11:53:11
/home/airflow/.local/lib/python3.12/site-packages/airflow/example_dags/example_xcomargs.py                                                                  2           0  0.15s           2025-09-04T11:53:09
/home/airflow/.local/lib/python3.12/site-packages/airflow/example_dags/example_time_delta_sensor_async.py                                                   1           0  0.15s           2025-09-04T11:53:10
/home/airflow/.local/lib/python3.12/site-packages/airflow/example_dags/example_python_decorator.py                                                          1           0  0.14s           2025-09-04T11:53:10
/home/airflow/.local/lib/python3.12/site-packages/airflow/example_dags/tutorial_objectstorage.py                                                            1           0  0.14s           2025-09-04T11:53:09
/home/airflow/.local/lib/python3.12/site-packages/airflow/example_dags/example_sensor_decorator.py                                                          1           0  0.14s           2025-09-04T11:53:11
/home/airflow/.local/lib/python3.12/site-packages/airflow/example_dags/example_xcom.py                                                                      1           0  0.13s           2025-09-04T11:53:03
/home/airflow/.local/lib/python3.12/site-packages/airflow/example_dags/example_task_group_decorator.py                                                      1           0  0.13s           2025-09-04T11:53:05
/home/airflow/.local/lib/python3.12/site-packages/airflow/example_dags/example_branch_python_dop_operator_3.py                                              1           0  0.13s           2025-09-04T11:53:10
/home/airflow/.local/lib/python3.12/site-packages/airflow/example_dags/example_dynamic_task_mapping.py                                                      1           0  0.12s           2025-09-04T11:53:10
/home/airflow/.local/lib/python3.12/site-packages/airflow/example_dags/example_external_task_marker_dag.py                                                  2           0  0.12s           2025-09-04T11:53:10
/home/airflow/.local/lib/python3.12/site-packages/airflow/example_dags/example_short_circuit_operator.py                                                    1           0  0.12s           2025-09-04T11:53:03
/home/airflow/.local/lib/python3.12/site-packages/airflow/example_dags/example_complex.py                                                                   1           0  0.12s           2025-09-04T11:53:03
/home/airflow/.local/lib/python3.12/site-packages/airflow/example_dags/example_task_group.py                                                                1           0  0.12s           2025-09-04T11:53:05
/home/airflow/.local/lib/python3.12/site-packages/airflow/example_dags/example_bash_operator.py                                                             1           0  0.12s           2025-09-04T11:53:08
/home/airflow/.local/lib/python3.12/site-packages/airflow/example_dags/example_skip_dag.py                                                                  1           0  0.11s           2025-09-04T11:53:06
/home/airflow/.local/lib/python3.12/site-packages/airflow/example_dags/example_branch_datetime_operator.py                                                  3           0  0.11s           2025-09-04T11:53:04
/home/airflow/.local/lib/python3.12/site-packages/airflow/example_dags/example_branch_operator.py                                                           1           0  0.10s           2025-09-04T11:53:05
/home/airflow/.local/lib/python3.12/site-packages/airflow/example_dags/example_python_operator.py                                                           1           0  0.10s           2025-09-04T11:53:08
/home/airflow/.local/lib/python3.12/site-packages/airflow/example_dags/example_local_kubernetes_executor.py                                                 1           0  0.10s           2025-09-04T11:53:06
/home/airflow/.local/lib/python3.12/site-packages/airflow/example_dags/example_display_name.py                                                              1           0  0.10s           2025-09-04T11:53:06
/home/airflow/.local/lib/python3.12/site-packages/airflow/example_dags/plugins/listener_plugin.py                                                           0           0  0.10s           2025-09-04T11:53:11
/home/airflow/.local/lib/python3.12/site-packages/airflow/example_dags/example_branch_operator_decorator.py                                                 1           0  0.10s           2025-09-04T11:53:06
/home/airflow/.local/lib/python3.12/site-packages/airflow/example_dags/example_sla_dag.py                                                                   1           0  0.10s           2025-09-04T11:53:02
/home/airflow/.local/lib/python3.12/site-packages/airflow/example_dags/example_passing_params_via_test_command.py                                           1           0  0.10s           2025-09-04T11:53:07
/home/airflow/.local/lib/python3.12/site-packages/airflow/example_dags/example_kubernetes_executor.py                                                       1           0  0.10s           2025-09-04T11:53:05
/home/airflow/.local/lib/python3.12/site-packages/airflow/example_dags/example_bash_decorator.py                                                            1           0  0.10s           2025-09-04T11:53:08
/home/airflow/.local/lib/python3.12/site-packages/airflow/example_dags/example_sensors.py                                                                   1           0  0.10s           2025-09-04T11:53:08
/home/airflow/.local/lib/python3.12/site-packages/airflow/example_dags/example_branch_labels.py                                                             1           0  0.10s           2025-09-04T11:53:05
/home/airflow/.local/lib/python3.12/site-packages/airflow/example_dags/tutorial.py                                                                          1           0  0.10s           2025-09-04T11:53:06
/home/airflow/.local/lib/python3.12/site-packages/airflow/example_dags/example_trigger_controller_dag.py                                                    1           0  0.09s           2025-09-04T11:53:06
/home/airflow/.local/lib/python3.12/site-packages/airflow/example_dags/example_latest_only.py                                                               1           0  0.09s           2025-09-04T11:53:06
/home/airflow/.local/lib/python3.12/site-packages/airflow/example_dags/example_setup_teardown.py                                                            1           0  0.09s           2025-09-04T11:53:05
/home/airflow/.local/lib/python3.12/site-packages/airflow/example_dags/example_nested_branch_dag.py                                                         1           0  0.08s           2025-09-04T11:53:02
/home/airflow/.local/lib/python3.12/site-packages/airflow/example_dags/example_trigger_target_dag.py                                                        1           0  0.08s           2025-09-04T11:53:07
/home/airflow/.local/lib/python3.12/site-packages/airflow/example_dags/plugins/event_listener.py                                                            0           0  0.07s           2025-09-04T11:53:11
/home/airflow/.local/lib/python3.12/site-packages/airflow/example_dags/plugins/decreasing_priority_weight_strategy.py                                       0           0  0.07s           2025-09-04T11:53:11
/home/airflow/.local/lib/python3.12/site-packages/airflow/example_dags/subdags/subdag.py                                                                    0           0  0.06s           2025-09-04T11:53:11
================================================================================
[2025-09-04T11:54:01.859+0000] {manager.py:878} INFO - 
================================================================================
DAG File Processing Stats

File Path                                                                                                                          PID    Runtime      # DAGs    # Errors  Last Runtime    Last Run
---------------------------------------------------------------------------------------------------------------------------------  -----  ---------  --------  ----------  --------------  -------------------
/home/airflow/.local/lib/python3.12/site-packages/airflow/example_dags/plugins/workday.py                                                                   0           0  0.57s           2025-09-04T11:53:45
/home/airflow/.local/lib/python3.12/site-packages/airflow/example_dags/example_dag_decorator.py                                                             1           0  0.27s           2025-09-04T11:53:35
/home/airflow/.local/lib/python3.12/site-packages/airflow/example_dags/example_bash_operator.py                                                             1           0  0.19s           2025-09-04T11:53:38
/home/airflow/.local/lib/python3.12/site-packages/airflow/example_dags/example_sla_dag.py                                                                   1           0  0.17s           2025-09-04T11:53:32
/home/airflow/.local/lib/python3.12/site-packages/airflow/example_dags/example_datasets.py                                                                 10           0  0.17s           2025-09-04T11:53:35
/home/airflow/.local/lib/python3.12/site-packages/airflow/example_dags/example_xcom.py                                                                      1           0  0.17s           2025-09-04T11:53:33
/home/airflow/.local/lib/python3.12/site-packages/airflow/example_dags/example_subdag_operator.py                                                           3           0  0.17s           2025-09-04T11:53:42
/home/airflow/.local/lib/python3.12/site-packages/airflow/example_dags/example_params_trigger_ui.py                                                         1           0  0.17s           2025-09-04T11:53:40
/home/airflow/.local/lib/python3.12/site-packages/airflow/example_dags/example_task_group.py                                                                1           0  0.17s           2025-09-04T11:53:35
/home/airflow/.local/lib/python3.12/site-packages/airflow/example_dags/example_kubernetes_executor.py                                                       1           0  0.16s           2025-09-04T11:53:35
/home/airflow/.local/lib/python3.12/site-packages/airflow/example_dags/example_short_circuit_operator.py                                                    1           0  0.16s           2025-09-04T11:53:33
/home/airflow/.local/lib/python3.12/site-packages/airflow/example_dags/example_dynamic_task_mapping_with_no_taskflow_operators.py                           1           0  0.16s           2025-09-04T11:53:35
/home/airflow/.local/lib/python3.12/site-packages/airflow/example_dags/tutorial_taskflow_api_virtualenv.py                                                  1           0  0.16s           2025-09-04T11:53:41
/home/airflow/.local/lib/python3.12/site-packages/airflow/example_dags/example_time_delta_sensor_async.py                                                   1           0  0.15s           2025-09-04T11:53:41
/home/airflow/.local/lib/python3.12/site-packages/airflow/example_dags/example_short_circuit_decorator.py                                                   1           0  0.15s           2025-09-04T11:53:38
/home/airflow/.local/lib/python3.12/site-packages/airflow/example_dags/example_python_operator.py                                                           1           0  0.15s           2025-09-04T11:53:38
/home/airflow/.local/lib/python3.12/site-packages/airflow/example_dags/example_branch_python_dop_operator_3.py                                              1           0  0.15s           2025-09-04T11:53:40
/home/airflow/.local/lib/python3.12/site-packages/airflow/example_dags/example_nested_branch_dag.py                                                         1           0  0.14s           2025-09-04T11:53:32
/home/airflow/.local/lib/python3.12/site-packages/airflow/example_dags/example_branch_operator.py                                                           1           0  0.14s           2025-09-04T11:53:35
/home/airflow/.local/lib/python3.12/site-packages/airflow/example_dags/example_branch_datetime_operator.py                                                  3           0  0.14s           2025-09-04T11:53:35
/home/airflow/.local/lib/python3.12/site-packages/airflow/example_dags/example_bash_decorator.py                                                            1           0  0.13s           2025-09-04T11:53:38
/home/airflow/.local/lib/python3.12/site-packages/airflow/example_dags/example_branch_day_of_week_operator.py                                               1           0  0.13s           2025-09-04T11:53:41
/home/airflow/.local/lib/python3.12/site-packages/airflow/example_dags/example_setup_teardown.py                                                            1           0  0.12s           2025-09-04T11:53:35
/home/airflow/.local/lib/python3.12/site-packages/airflow/example_dags/example_python_decorator.py                                                          1           0  0.12s           2025-09-04T11:53:41
/home/airflow/.local/lib/python3.12/site-packages/airflow/example_dags/example_sensors.py                                                                   1           0  0.12s           2025-09-04T11:53:38
/home/airflow/.local/lib/python3.12/site-packages/airflow/example_dags/example_params_ui_tutorial.py                                                        1           0  0.12s           2025-09-04T11:53:35
/home/airflow/.local/lib/python3.12/site-packages/airflow/example_dags/example_task_group_decorator.py                                                      1           0  0.11s           2025-09-04T11:53:35
/home/airflow/.local/lib/python3.12/site-packages/airflow/example_dags/example_passing_params_via_test_command.py                                           1           0  0.11s           2025-09-04T11:53:38
/home/airflow/.local/lib/python3.12/site-packages/airflow/example_dags/example_complex.py                                                                   1           0  0.11s           2025-09-04T11:53:34
/home/airflow/.local/lib/python3.12/site-packages/airflow/example_dags/example_xcomargs.py                                                                  2           0  0.11s           2025-09-04T11:53:39
/home/airflow/.local/lib/python3.12/site-packages/airflow/example_dags/example_dynamic_task_mapping.py                                                      1           0  0.11s           2025-09-04T11:53:41
/home/airflow/.local/lib/python3.12/site-packages/airflow/example_dags/example_local_kubernetes_executor.py                                                 1           0  0.11s           2025-09-04T11:53:37
/home/airflow/.local/lib/python3.12/site-packages/airflow/example_dags/example_skip_dag.py                                                                  1           0  0.11s           2025-09-04T11:53:37
/home/airflow/.local/lib/python3.12/site-packages/airflow/example_dags/tutorial_taskflow_api.py                                                             1           0  0.11s           2025-09-04T11:53:41
/home/airflow/.local/lib/python3.12/site-packages/airflow/example_dags/tutorial.py                                                                          1           0  0.10s           2025-09-04T11:53:37
/home/airflow/.local/lib/python3.12/site-packages/airflow/example_dags/example_display_name.py                                                              1           0  0.10s           2025-09-04T11:53:37
/home/airflow/.local/lib/python3.12/site-packages/airflow/example_dags/example_branch_operator_decorator.py                                                 1           0  0.10s           2025-09-04T11:53:36
/home/airflow/.local/lib/python3.12/site-packages/airflow/example_dags/example_external_task_marker_dag.py                                                  2           0  0.10s           2025-09-04T11:53:41
/home/airflow/.local/lib/python3.12/site-packages/airflow/example_dags/example_setup_teardown_taskflow.py                                                   1           0  0.10s           2025-09-04T11:53:41
/home/airflow/.local/lib/python3.12/site-packages/airflow/example_dags/tutorial_objectstorage.py                                                            1           0  0.10s           2025-09-04T11:53:39
/home/airflow/.local/lib/python3.12/site-packages/airflow/example_dags/example_branch_labels.py                                                             1           0  0.10s           2025-09-04T11:53:35
/home/airflow/.local/lib/python3.12/site-packages/airflow/example_dags/tutorial_dag.py                                                                      1           0  0.09s           2025-09-04T11:53:41
/home/airflow/.local/lib/python3.12/site-packages/airflow/example_dags/example_latest_only.py                                                               1           0  0.09s           2025-09-04T11:53:36
/home/airflow/.local/lib/python3.12/site-packages/airflow/example_dags/example_sensor_decorator.py                                                          1           0  0.09s           2025-09-04T11:53:41
/home/airflow/.local/lib/python3.12/site-packages/airflow/example_dags/example_trigger_controller_dag.py                                                    1           0  0.09s           2025-09-04T11:53:37
/home/airflow/.local/lib/python3.12/site-packages/airflow/example_dags/example_latest_only_with_trigger.py                                                  1           0  0.09s           2025-09-04T11:53:41
/home/airflow/.local/lib/python3.12/site-packages/airflow/example_dags/example_trigger_target_dag.py                                                        1           0  0.08s           2025-09-04T11:53:38
/home/airflow/.local/lib/python3.12/site-packages/airflow/example_dags/plugins/decreasing_priority_weight_strategy.py                                       0           0  0.06s           2025-09-04T11:53:42
/home/airflow/.local/lib/python3.12/site-packages/airflow/example_dags/plugins/event_listener.py                                                            0           0  0.06s           2025-09-04T11:53:42
/home/airflow/.local/lib/python3.12/site-packages/airflow/example_dags/subdags/subdag.py                                                                    0           0  0.05s           2025-09-04T11:53:42
/home/airflow/.local/lib/python3.12/site-packages/airflow/example_dags/plugins/listener_plugin.py                                                           0           0  0.05s           2025-09-04T11:53:42
================================================================================
[2025-09-04T11:54:32.229+0000] {manager.py:878} INFO - 
================================================================================
DAG File Processing Stats

File Path                                                                                                                          PID    Runtime      # DAGs    # Errors  Last Runtime    Last Run
---------------------------------------------------------------------------------------------------------------------------------  -----  ---------  --------  ----------  --------------  -------------------
/home/airflow/.local/lib/python3.12/site-packages/airflow/example_dags/plugins/workday.py                                                                   0           0  0.61s           2025-09-04T11:54:17
/home/airflow/.local/lib/python3.12/site-packages/airflow/example_dags/example_dag_decorator.py                                                             1           0  0.40s           2025-09-04T11:54:06
/home/airflow/.local/lib/python3.12/site-packages/airflow/example_dags/example_datasets.py                                                                 10           0  0.26s           2025-09-04T11:54:05
/home/airflow/.local/lib/python3.12/site-packages/airflow/example_dags/example_nested_branch_dag.py                                                         1           0  0.20s           2025-09-04T11:54:03
/home/airflow/.local/lib/python3.12/site-packages/airflow/example_dags/example_sla_dag.py                                                                   1           0  0.19s           2025-09-04T11:54:03
/home/airflow/.local/lib/python3.12/site-packages/airflow/example_dags/example_bash_operator.py                                                             1           0  0.18s           2025-09-04T11:54:08
/home/airflow/.local/lib/python3.12/site-packages/airflow/example_dags/example_params_trigger_ui.py                                                         1           0  0.18s           2025-09-04T11:54:11
/home/airflow/.local/lib/python3.12/site-packages/airflow/example_dags/example_branch_operator_decorator.py                                                 1           0  0.18s           2025-09-04T11:54:07
/home/airflow/.local/lib/python3.12/site-packages/airflow/example_dags/example_display_name.py                                                              1           0  0.16s           2025-09-04T11:54:08
/home/airflow/.local/lib/python3.12/site-packages/airflow/example_dags/example_bash_decorator.py                                                            1           0  0.16s           2025-09-04T11:54:08
/home/airflow/.local/lib/python3.12/site-packages/airflow/example_dags/example_short_circuit_decorator.py                                                   1           0  0.16s           2025-09-04T11:54:09
/home/airflow/.local/lib/python3.12/site-packages/airflow/example_dags/example_trigger_controller_dag.py                                                    1           0  0.16s           2025-09-04T11:54:08
/home/airflow/.local/lib/python3.12/site-packages/airflow/example_dags/example_latest_only.py                                                               1           0  0.16s           2025-09-04T11:54:07
/home/airflow/.local/lib/python3.12/site-packages/airflow/example_dags/example_sensors.py                                                                   1           0  0.16s           2025-09-04T11:54:08
/home/airflow/.local/lib/python3.12/site-packages/airflow/example_dags/example_xcomargs.py                                                                  2           0  0.16s           2025-09-04T11:54:10
/home/airflow/.local/lib/python3.12/site-packages/airflow/example_dags/example_params_ui_tutorial.py                                                        1           0  0.16s           2025-09-04T11:54:06
/home/airflow/.local/lib/python3.12/site-packages/airflow/example_dags/tutorial.py                                                                          1           0  0.15s           2025-09-04T11:54:08
/home/airflow/.local/lib/python3.12/site-packages/airflow/example_dags/example_branch_python_dop_operator_3.py                                              1           0  0.15s           2025-09-04T11:54:11
/home/airflow/.local/lib/python3.12/site-packages/airflow/example_dags/example_short_circuit_operator.py                                                    1           0  0.15s           2025-09-04T11:54:04
/home/airflow/.local/lib/python3.12/site-packages/airflow/example_dags/example_time_delta_sensor_async.py                                                   1           0  0.15s           2025-09-04T11:54:11
/home/airflow/.local/lib/python3.12/site-packages/airflow/example_dags/example_setup_teardown.py                                                            1           0  0.15s           2025-09-04T11:54:06
/home/airflow/.local/lib/python3.12/site-packages/airflow/example_dags/example_complex.py                                                                   1           0  0.15s           2025-09-04T11:54:04
/home/airflow/.local/lib/python3.12/site-packages/airflow/example_dags/example_xcom.py                                                                      1           0  0.15s           2025-09-04T11:54:04
/home/airflow/.local/lib/python3.12/site-packages/airflow/example_dags/example_branch_datetime_operator.py                                                  3           0  0.15s           2025-09-04T11:54:06
/home/airflow/.local/lib/python3.12/site-packages/airflow/example_dags/tutorial_dag.py                                                                      1           0  0.15s           2025-09-04T11:54:11
/home/airflow/.local/lib/python3.12/site-packages/airflow/example_dags/tutorial_objectstorage.py                                                            1           0  0.14s           2025-09-04T11:54:10
/home/airflow/.local/lib/python3.12/site-packages/airflow/example_dags/example_local_kubernetes_executor.py                                                 1           0  0.14s           2025-09-04T11:54:08
/home/airflow/.local/lib/python3.12/site-packages/airflow/example_dags/example_external_task_marker_dag.py                                                  2           0  0.14s           2025-09-04T11:54:11
/home/airflow/.local/lib/python3.12/site-packages/airflow/example_dags/example_dynamic_task_mapping_with_no_taskflow_operators.py                           1           0  0.14s           2025-09-04T11:54:06
/home/airflow/.local/lib/python3.12/site-packages/airflow/example_dags/example_kubernetes_executor.py                                                       1           0  0.14s           2025-09-04T11:54:06
/home/airflow/.local/lib/python3.12/site-packages/airflow/example_dags/example_setup_teardown_taskflow.py                                                   1           0  0.14s           2025-09-04T11:54:11
/home/airflow/.local/lib/python3.12/site-packages/airflow/example_dags/example_task_group_decorator.py                                                      1           0  0.13s           2025-09-04T11:54:06
/home/airflow/.local/lib/python3.12/site-packages/airflow/example_dags/example_branch_labels.py                                                             1           0  0.13s           2025-09-04T11:54:06
/home/airflow/.local/lib/python3.12/site-packages/airflow/example_dags/example_passing_params_via_test_command.py                                           1           0  0.13s           2025-09-04T11:54:08
/home/airflow/.local/lib/python3.12/site-packages/airflow/example_dags/example_python_operator.py                                                           1           0  0.13s           2025-09-04T11:54:09
/home/airflow/.local/lib/python3.12/site-packages/airflow/example_dags/example_skip_dag.py                                                                  1           0  0.13s           2025-09-04T11:54:08
/home/airflow/.local/lib/python3.12/site-packages/airflow/example_dags/example_task_group.py                                                                1           0  0.13s           2025-09-04T11:54:06
/home/airflow/.local/lib/python3.12/site-packages/airflow/example_dags/example_subdag_operator.py                                                           3           0  0.13s           2025-09-04T11:54:12
/home/airflow/.local/lib/python3.12/site-packages/airflow/example_dags/example_sensor_decorator.py                                                          1           0  0.12s           2025-09-04T11:54:12
/home/airflow/.local/lib/python3.12/site-packages/airflow/example_dags/example_dynamic_task_mapping.py                                                      1           0  0.12s           2025-09-04T11:54:11
/home/airflow/.local/lib/python3.12/site-packages/airflow/example_dags/example_branch_day_of_week_operator.py                                               1           0  0.12s           2025-09-04T11:54:12
/home/airflow/.local/lib/python3.12/site-packages/airflow/example_dags/example_branch_operator.py                                                           1           0  0.12s           2025-09-04T11:54:06
/home/airflow/.local/lib/python3.12/site-packages/airflow/example_dags/example_python_decorator.py                                                          1           0  0.12s           2025-09-04T11:54:11
/home/airflow/.local/lib/python3.12/site-packages/airflow/example_dags/example_latest_only_with_trigger.py                                                  1           0  0.11s           2025-09-04T11:54:12
/home/airflow/.local/lib/python3.12/site-packages/airflow/example_dags/tutorial_taskflow_api_virtualenv.py                                                  1           0  0.11s           2025-09-04T11:54:12
/home/airflow/.local/lib/python3.12/site-packages/airflow/example_dags/example_trigger_target_dag.py                                                        1           0  0.10s           2025-09-04T11:54:08
/home/airflow/.local/lib/python3.12/site-packages/airflow/example_dags/tutorial_taskflow_api.py                                                             1           0  0.09s           2025-09-04T11:54:12
/home/airflow/.local/lib/python3.12/site-packages/airflow/example_dags/subdags/subdag.py                                                                    0           0  0.08s           2025-09-04T11:54:12
/home/airflow/.local/lib/python3.12/site-packages/airflow/example_dags/plugins/decreasing_priority_weight_strategy.py                                       0           0  0.06s           2025-09-04T11:54:12
/home/airflow/.local/lib/python3.12/site-packages/airflow/example_dags/plugins/listener_plugin.py                                                           0           0  0.05s           2025-09-04T11:54:12
/home/airflow/.local/lib/python3.12/site-packages/airflow/example_dags/plugins/event_listener.py                                                            0           0  0.04s           2025-09-04T11:54:12
================================================================================
[2025-09-04T11:54:59.565+0000] {manager.py:737} INFO - Searching for files in /opt/airflow/dags
[2025-09-04T11:54:59.600+0000] {manager.py:740} INFO - There are 51 files in /opt/airflow/dags
[2025-09-04T11:55:02.642+0000] {manager.py:878} INFO - 
================================================================================
DAG File Processing Stats

File Path                                                                                                                          PID    Runtime      # DAGs    # Errors  Last Runtime    Last Run
---------------------------------------------------------------------------------------------------------------------------------  -----  ---------  --------  ----------  --------------  -------------------
/home/airflow/.local/lib/python3.12/site-packages/airflow/example_dags/plugins/workday.py                                                                   0           0  0.50s           2025-09-04T11:54:47
/home/airflow/.local/lib/python3.12/site-packages/airflow/example_dags/example_dag_decorator.py                                                             1           0  0.36s           2025-09-04T11:54:36
/home/airflow/.local/lib/python3.12/site-packages/airflow/example_dags/example_trigger_controller_dag.py                                                    1           0  0.22s           2025-09-04T11:54:38
/home/airflow/.local/lib/python3.12/site-packages/airflow/example_dags/example_local_kubernetes_executor.py                                                 1           0  0.22s           2025-09-04T11:54:38
/home/airflow/.local/lib/python3.12/site-packages/airflow/example_dags/example_datasets.py                                                                 10           0  0.19s           2025-09-04T11:54:36
/home/airflow/.local/lib/python3.12/site-packages/airflow/example_dags/tutorial.py                                                                          1           0  0.19s           2025-09-04T11:54:38
/home/airflow/.local/lib/python3.12/site-packages/airflow/example_dags/example_sla_dag.py                                                                   1           0  0.18s           2025-09-04T11:54:33
/home/airflow/.local/lib/python3.12/site-packages/airflow/example_dags/example_nested_branch_dag.py                                                         1           0  0.17s           2025-09-04T11:54:33
/home/airflow/.local/lib/python3.12/site-packages/airflow/example_dags/example_branch_datetime_operator.py                                                  3           0  0.17s           2025-09-04T11:54:36
/home/airflow/.local/lib/python3.12/site-packages/airflow/example_dags/example_setup_teardown.py                                                            1           0  0.17s           2025-09-04T11:54:36
/home/airflow/.local/lib/python3.12/site-packages/airflow/example_dags/example_display_name.py                                                              1           0  0.16s           2025-09-04T11:54:38
/home/airflow/.local/lib/python3.12/site-packages/airflow/example_dags/example_branch_operator.py                                                           1           0  0.16s           2025-09-04T11:54:36
/home/airflow/.local/lib/python3.12/site-packages/airflow/example_dags/example_branch_operator_decorator.py                                                 1           0  0.16s           2025-09-04T11:54:38
/home/airflow/.local/lib/python3.12/site-packages/airflow/example_dags/example_complex.py                                                                   1           0  0.16s           2025-09-04T11:54:35
/home/airflow/.local/lib/python3.12/site-packages/airflow/example_dags/example_skip_dag.py                                                                  1           0  0.16s           2025-09-04T11:54:38
/home/airflow/.local/lib/python3.12/site-packages/airflow/example_dags/example_dynamic_task_mapping_with_no_taskflow_operators.py                           1           0  0.16s           2025-09-04T11:54:37
/home/airflow/.local/lib/python3.12/site-packages/airflow/example_dags/example_bash_decorator.py                                                            1           0  0.15s           2025-09-04T11:54:39
/home/airflow/.local/lib/python3.12/site-packages/airflow/example_dags/example_trigger_target_dag.py                                                        1           0  0.15s           2025-09-04T11:54:39
/home/airflow/.local/lib/python3.12/site-packages/airflow/example_dags/example_kubernetes_executor.py                                                       1           0  0.15s           2025-09-04T11:54:36
/home/airflow/.local/lib/python3.12/site-packages/airflow/example_dags/example_params_ui_tutorial.py                                                        1           0  0.15s           2025-09-04T11:54:37
/home/airflow/.local/lib/python3.12/site-packages/airflow/example_dags/example_passing_params_via_test_command.py                                           1           0  0.15s           2025-09-04T11:54:39
/home/airflow/.local/lib/python3.12/site-packages/airflow/example_dags/example_branch_labels.py                                                             1           0  0.14s           2025-09-04T11:54:37
/home/airflow/.local/lib/python3.12/site-packages/airflow/example_dags/example_xcom.py                                                                      1           0  0.14s           2025-09-04T11:54:35
/home/airflow/.local/lib/python3.12/site-packages/airflow/example_dags/example_sensors.py                                                                   1           0  0.14s           2025-09-04T11:54:39
/home/airflow/.local/lib/python3.12/site-packages/airflow/example_dags/example_short_circuit_operator.py                                                    1           0  0.14s           2025-09-04T11:54:35
/home/airflow/.local/lib/python3.12/site-packages/airflow/example_dags/example_latest_only.py                                                               1           0  0.14s           2025-09-04T11:54:38
/home/airflow/.local/lib/python3.12/site-packages/airflow/example_dags/example_bash_operator.py                                                             1           0  0.14s           2025-09-04T11:54:39
/home/airflow/.local/lib/python3.12/site-packages/airflow/example_dags/example_setup_teardown_taskflow.py                                                   1           0  0.14s           2025-09-04T11:54:42
/home/airflow/.local/lib/python3.12/site-packages/airflow/example_dags/example_task_group_decorator.py                                                      1           0  0.14s           2025-09-04T11:54:37
/home/airflow/.local/lib/python3.12/site-packages/airflow/example_dags/tutorial_dag.py                                                                      1           0  0.13s           2025-09-04T11:54:42
/home/airflow/.local/lib/python3.12/site-packages/airflow/example_dags/example_params_trigger_ui.py                                                         1           0  0.13s           2025-09-04T11:54:41
/home/airflow/.local/lib/python3.12/site-packages/airflow/example_dags/example_task_group.py                                                                1           0  0.13s           2025-09-04T11:54:37
/home/airflow/.local/lib/python3.12/site-packages/airflow/example_dags/example_subdag_operator.py                                                           3           0  0.12s           2025-09-04T11:54:43
/home/airflow/.local/lib/python3.12/site-packages/airflow/example_dags/example_branch_python_dop_operator_3.py                                              1           0  0.11s           2025-09-04T11:54:41
/home/airflow/.local/lib/python3.12/site-packages/airflow/example_dags/tutorial_taskflow_api.py                                                             1           0  0.11s           2025-09-04T11:54:43
/home/airflow/.local/lib/python3.12/site-packages/airflow/example_dags/example_xcomargs.py                                                                  2           0  0.11s           2025-09-04T11:54:40
/home/airflow/.local/lib/python3.12/site-packages/airflow/example_dags/example_python_decorator.py                                                          1           0  0.10s           2025-09-04T11:54:41
/home/airflow/.local/lib/python3.12/site-packages/airflow/example_dags/tutorial_objectstorage.py                                                            1           0  0.10s           2025-09-04T11:54:40
/home/airflow/.local/lib/python3.12/site-packages/airflow/example_dags/example_external_task_marker_dag.py                                                  2           0  0.10s           2025-09-04T11:54:41
/home/airflow/.local/lib/python3.12/site-packages/airflow/example_dags/example_time_delta_sensor_async.py                                                   1           0  0.10s           2025-09-04T11:54:41
/home/airflow/.local/lib/python3.12/site-packages/airflow/example_dags/example_branch_day_of_week_operator.py                                               1           0  0.10s           2025-09-04T11:54:42
/home/airflow/.local/lib/python3.12/site-packages/airflow/example_dags/example_short_circuit_decorator.py                                                   1           0  0.09s           2025-09-04T11:54:39
/home/airflow/.local/lib/python3.12/site-packages/airflow/example_dags/example_python_operator.py                                                           1           0  0.09s           2025-09-04T11:54:39
/home/airflow/.local/lib/python3.12/site-packages/airflow/example_dags/example_sensor_decorator.py                                                          1           0  0.09s           2025-09-04T11:54:43
/home/airflow/.local/lib/python3.12/site-packages/airflow/example_dags/example_dynamic_task_mapping.py                                                      1           0  0.09s           2025-09-04T11:54:41
/home/airflow/.local/lib/python3.12/site-packages/airflow/example_dags/example_latest_only_with_trigger.py                                                  1           0  0.09s           2025-09-04T11:54:43
/home/airflow/.local/lib/python3.12/site-packages/airflow/example_dags/plugins/decreasing_priority_weight_strategy.py                                       0           0  0.08s           2025-09-04T11:54:43
/home/airflow/.local/lib/python3.12/site-packages/airflow/example_dags/tutorial_taskflow_api_virtualenv.py                                                  1           0  0.08s           2025-09-04T11:54:42
/home/airflow/.local/lib/python3.12/site-packages/airflow/example_dags/subdags/subdag.py                                                                    0           0  0.08s           2025-09-04T11:54:43
/home/airflow/.local/lib/python3.12/site-packages/airflow/example_dags/plugins/event_listener.py                                                            0           0  0.05s           2025-09-04T11:54:43
/home/airflow/.local/lib/python3.12/site-packages/airflow/example_dags/plugins/listener_plugin.py                                                           0           0  0.05s           2025-09-04T11:54:43
================================================================================
[2025-09-04T11:55:32.681+0000] {manager.py:878} INFO - 
================================================================================
DAG File Processing Stats

File Path                                                                                                                          PID    Runtime      # DAGs    # Errors  Last Runtime    Last Run
---------------------------------------------------------------------------------------------------------------------------------  -----  ---------  --------  ----------  --------------  -------------------
/home/airflow/.local/lib/python3.12/site-packages/airflow/example_dags/plugins/workday.py                                                                   0           0  0.52s           2025-09-04T11:55:18
/home/airflow/.local/lib/python3.12/site-packages/airflow/example_dags/example_dag_decorator.py                                                             1           0  0.34s           2025-09-04T11:55:06
/home/airflow/.local/lib/python3.12/site-packages/airflow/example_dags/example_branch_operator_decorator.py                                                 1           0  0.29s           2025-09-04T11:55:08
/home/airflow/.local/lib/python3.12/site-packages/airflow/example_dags/example_latest_only.py                                                               1           0  0.26s           2025-09-04T11:55:08
/home/airflow/.local/lib/python3.12/site-packages/airflow/example_dags/example_subdag_operator.py                                                           3           0  0.23s           2025-09-04T11:55:14
/home/airflow/.local/lib/python3.12/site-packages/airflow/example_dags/example_params_ui_tutorial.py                                                        1           0  0.22s           2025-09-04T11:55:07
/home/airflow/.local/lib/python3.12/site-packages/airflow/example_dags/example_branch_day_of_week_operator.py                                               1           0  0.20s           2025-09-04T11:55:13
/home/airflow/.local/lib/python3.12/site-packages/airflow/example_dags/example_skip_dag.py                                                                  1           0  0.20s           2025-09-04T11:55:09
/home/airflow/.local/lib/python3.12/site-packages/airflow/example_dags/example_datasets.py                                                                 10           0  0.20s           2025-09-04T11:55:06
/home/airflow/.local/lib/python3.12/site-packages/airflow/example_dags/example_task_group_decorator.py                                                      1           0  0.19s           2025-09-04T11:55:07
/home/airflow/.local/lib/python3.12/site-packages/airflow/example_dags/example_passing_params_via_test_command.py                                           1           0  0.19s           2025-09-04T11:55:09
/home/airflow/.local/lib/python3.12/site-packages/airflow/example_dags/example_local_kubernetes_executor.py                                                 1           0  0.19s           2025-09-04T11:55:09
/home/airflow/.local/lib/python3.12/site-packages/airflow/example_dags/example_xcom.py                                                                      1           0  0.17s           2025-09-04T11:55:05
/home/airflow/.local/lib/python3.12/site-packages/airflow/example_dags/example_xcomargs.py                                                                  2           0  0.16s           2025-09-04T11:55:11
/home/airflow/.local/lib/python3.12/site-packages/airflow/example_dags/example_complex.py                                                                   1           0  0.16s           2025-09-04T11:55:05
/home/airflow/.local/lib/python3.12/site-packages/airflow/example_dags/example_external_task_marker_dag.py                                                  2           0  0.16s           2025-09-04T11:55:12
/home/airflow/.local/lib/python3.12/site-packages/airflow/example_dags/example_params_trigger_ui.py                                                         1           0  0.16s           2025-09-04T11:55:12
/home/airflow/.local/lib/python3.12/site-packages/airflow/example_dags/example_bash_operator.py                                                             1           0  0.16s           2025-09-04T11:55:09
/home/airflow/.local/lib/python3.12/site-packages/airflow/example_dags/tutorial.py                                                                          1           0  0.16s           2025-09-04T11:55:09
/home/airflow/.local/lib/python3.12/site-packages/airflow/example_dags/example_dynamic_task_mapping.py                                                      1           0  0.15s           2025-09-04T11:55:12
/home/airflow/.local/lib/python3.12/site-packages/airflow/example_dags/example_short_circuit_operator.py                                                    1           0  0.15s           2025-09-04T11:55:05
/home/airflow/.local/lib/python3.12/site-packages/airflow/example_dags/example_task_group.py                                                                1           0  0.15s           2025-09-04T11:55:07
/home/airflow/.local/lib/python3.12/site-packages/airflow/example_dags/tutorial_taskflow_api_virtualenv.py                                                  1           0  0.15s           2025-09-04T11:55:14
/home/airflow/.local/lib/python3.12/site-packages/airflow/example_dags/example_branch_operator.py                                                           1           0  0.15s           2025-09-04T11:55:06
/home/airflow/.local/lib/python3.12/site-packages/airflow/example_dags/tutorial_objectstorage.py                                                            1           0  0.14s           2025-09-04T11:55:11
/home/airflow/.local/lib/python3.12/site-packages/airflow/example_dags/example_sla_dag.py                                                                   1           0  0.14s           2025-09-04T11:55:04
/home/airflow/.local/lib/python3.12/site-packages/airflow/example_dags/example_trigger_target_dag.py                                                        1           0  0.14s           2025-09-04T11:55:09
/home/airflow/.local/lib/python3.12/site-packages/airflow/example_dags/example_branch_labels.py                                                             1           0  0.14s           2025-09-04T11:55:07
/home/airflow/.local/lib/python3.12/site-packages/airflow/example_dags/example_dynamic_task_mapping_with_no_taskflow_operators.py                           1           0  0.14s           2025-09-04T11:55:07
/home/airflow/.local/lib/python3.12/site-packages/airflow/example_dags/example_trigger_controller_dag.py                                                    1           0  0.14s           2025-09-04T11:55:09
/home/airflow/.local/lib/python3.12/site-packages/airflow/example_dags/example_setup_teardown_taskflow.py                                                   1           0  0.14s           2025-09-04T11:55:13
/home/airflow/.local/lib/python3.12/site-packages/airflow/example_dags/example_kubernetes_executor.py                                                       1           0  0.14s           2025-09-04T11:55:06
/home/airflow/.local/lib/python3.12/site-packages/airflow/example_dags/example_latest_only_with_trigger.py                                                  1           0  0.14s           2025-09-04T11:55:14
/home/airflow/.local/lib/python3.12/site-packages/airflow/example_dags/example_bash_decorator.py                                                            1           0  0.14s           2025-09-04T11:55:09
/home/airflow/.local/lib/python3.12/site-packages/airflow/example_dags/tutorial_dag.py                                                                      1           0  0.14s           2025-09-04T11:55:13
/home/airflow/.local/lib/python3.12/site-packages/airflow/example_dags/example_nested_branch_dag.py                                                         1           0  0.14s           2025-09-04T11:55:04
/home/airflow/.local/lib/python3.12/site-packages/airflow/example_dags/example_sensors.py                                                                   1           0  0.14s           2025-09-04T11:55:09
/home/airflow/.local/lib/python3.12/site-packages/airflow/example_dags/subdags/subdag.py                                                                    0           0  0.13s           2025-09-04T11:55:14
/home/airflow/.local/lib/python3.12/site-packages/airflow/example_dags/example_branch_datetime_operator.py                                                  3           0  0.13s           2025-09-04T11:55:06
/home/airflow/.local/lib/python3.12/site-packages/airflow/example_dags/example_branch_python_dop_operator_3.py                                              1           0  0.13s           2025-09-04T11:55:12
/home/airflow/.local/lib/python3.12/site-packages/airflow/example_dags/example_python_decorator.py                                                          1           0  0.13s           2025-09-04T11:55:12
/home/airflow/.local/lib/python3.12/site-packages/airflow/example_dags/example_display_name.py                                                              1           0  0.12s           2025-09-04T11:55:09
/home/airflow/.local/lib/python3.12/site-packages/airflow/example_dags/example_sensor_decorator.py                                                          1           0  0.12s           2025-09-04T11:55:13
/home/airflow/.local/lib/python3.12/site-packages/airflow/example_dags/example_python_operator.py                                                           1           0  0.12s           2025-09-04T11:55:09
/home/airflow/.local/lib/python3.12/site-packages/airflow/example_dags/example_setup_teardown.py                                                            1           0  0.12s           2025-09-04T11:55:07
/home/airflow/.local/lib/python3.12/site-packages/airflow/example_dags/example_short_circuit_decorator.py                                                   1           0  0.11s           2025-09-04T11:55:09
/home/airflow/.local/lib/python3.12/site-packages/airflow/example_dags/example_time_delta_sensor_async.py                                                   1           0  0.11s           2025-09-04T11:55:12
/home/airflow/.local/lib/python3.12/site-packages/airflow/example_dags/plugins/event_listener.py                                                            0           0  0.11s           2025-09-04T11:55:14
/home/airflow/.local/lib/python3.12/site-packages/airflow/example_dags/tutorial_taskflow_api.py                                                             1           0  0.10s           2025-09-04T11:55:14
/home/airflow/.local/lib/python3.12/site-packages/airflow/example_dags/plugins/decreasing_priority_weight_strategy.py                                       0           0  0.09s           2025-09-04T11:55:14
/home/airflow/.local/lib/python3.12/site-packages/airflow/example_dags/plugins/listener_plugin.py                                                           0           0  0.06s           2025-09-04T11:55:14
================================================================================
[2025-09-04T11:56:02.746+0000] {manager.py:878} INFO - 
================================================================================
DAG File Processing Stats

File Path                                                                                                                          PID    Runtime      # DAGs    # Errors  Last Runtime    Last Run
---------------------------------------------------------------------------------------------------------------------------------  -----  ---------  --------  ----------  --------------  -------------------
/home/airflow/.local/lib/python3.12/site-packages/airflow/example_dags/plugins/workday.py                                                                   0           0  0.54s           2025-09-04T11:55:50
/home/airflow/.local/lib/python3.12/site-packages/airflow/example_dags/example_dag_decorator.py                                                             1           0  0.45s           2025-09-04T11:55:37
/home/airflow/.local/lib/python3.12/site-packages/airflow/example_dags/example_dynamic_task_mapping_with_no_taskflow_operators.py                           1           0  0.25s           2025-09-04T11:55:38
/home/airflow/.local/lib/python3.12/site-packages/airflow/example_dags/example_passing_params_via_test_command.py                                           1           0  0.22s           2025-09-04T11:55:39
/home/airflow/.local/lib/python3.12/site-packages/airflow/example_dags/example_datasets.py                                                                 10           0  0.22s           2025-09-04T11:55:37
/home/airflow/.local/lib/python3.12/site-packages/airflow/example_dags/example_skip_dag.py                                                                  1           0  0.21s           2025-09-04T11:55:39
/home/airflow/.local/lib/python3.12/site-packages/airflow/example_dags/example_branch_operator_decorator.py                                                 1           0  0.20s           2025-09-04T11:55:39
/home/airflow/.local/lib/python3.12/site-packages/airflow/example_dags/example_local_kubernetes_executor.py                                                 1           0  0.18s           2025-09-04T11:55:39
/home/airflow/.local/lib/python3.12/site-packages/airflow/example_dags/example_complex.py                                                                   1           0  0.18s           2025-09-04T11:55:36
/home/airflow/.local/lib/python3.12/site-packages/airflow/example_dags/example_xcomargs.py                                                                  2           0  0.17s           2025-09-04T11:55:41
/home/airflow/.local/lib/python3.12/site-packages/airflow/example_dags/example_display_name.py                                                              1           0  0.16s           2025-09-04T11:55:39
/home/airflow/.local/lib/python3.12/site-packages/airflow/example_dags/tutorial.py                                                                          1           0  0.16s           2025-09-04T11:55:39
/home/airflow/.local/lib/python3.12/site-packages/airflow/example_dags/example_trigger_controller_dag.py                                                    1           0  0.16s           2025-09-04T11:55:39
/home/airflow/.local/lib/python3.12/site-packages/airflow/example_dags/example_branch_day_of_week_operator.py                                               1           0  0.15s           2025-09-04T11:55:44
/home/airflow/.local/lib/python3.12/site-packages/airflow/example_dags/example_setup_teardown.py                                                            1           0  0.15s           2025-09-04T11:55:37
/home/airflow/.local/lib/python3.12/site-packages/airflow/example_dags/example_sla_dag.py                                                                   1           0  0.15s           2025-09-04T11:55:34
/home/airflow/.local/lib/python3.12/site-packages/airflow/example_dags/tutorial_taskflow_api_virtualenv.py                                                  1           0  0.15s           2025-09-04T11:55:44
/home/airflow/.local/lib/python3.12/site-packages/airflow/example_dags/tutorial_taskflow_api.py                                                             1           0  0.14s           2025-09-04T11:55:44
/home/airflow/.local/lib/python3.12/site-packages/airflow/example_dags/tutorial_objectstorage.py                                                            1           0  0.14s           2025-09-04T11:55:41
/home/airflow/.local/lib/python3.12/site-packages/airflow/example_dags/example_params_trigger_ui.py                                                         1           0  0.14s           2025-09-04T11:55:42
/home/airflow/.local/lib/python3.12/site-packages/airflow/example_dags/example_subdag_operator.py                                                           3           0  0.14s           2025-09-04T11:55:44
/home/airflow/.local/lib/python3.12/site-packages/airflow/example_dags/example_bash_operator.py                                                             1           0  0.14s           2025-09-04T11:55:40
/home/airflow/.local/lib/python3.12/site-packages/airflow/example_dags/example_branch_operator.py                                                           1           0  0.14s           2025-09-04T11:55:37
/home/airflow/.local/lib/python3.12/site-packages/airflow/example_dags/example_branch_datetime_operator.py                                                  3           0  0.14s           2025-09-04T11:55:36
/home/airflow/.local/lib/python3.12/site-packages/airflow/example_dags/example_python_decorator.py                                                          1           0  0.14s           2025-09-04T11:55:42
/home/airflow/.local/lib/python3.12/site-packages/airflow/example_dags/example_bash_decorator.py                                                            1           0  0.13s           2025-09-04T11:55:40
/home/airflow/.local/lib/python3.12/site-packages/airflow/example_dags/example_nested_branch_dag.py                                                         1           0  0.13s           2025-09-04T11:55:34
/home/airflow/.local/lib/python3.12/site-packages/airflow/example_dags/example_latest_only.py                                                               1           0  0.13s           2025-09-04T11:55:39
/home/airflow/.local/lib/python3.12/site-packages/airflow/example_dags/example_time_delta_sensor_async.py                                                   1           0  0.13s           2025-09-04T11:55:42
/home/airflow/.local/lib/python3.12/site-packages/airflow/example_dags/example_setup_teardown_taskflow.py                                                   1           0  0.13s           2025-09-04T11:55:44
/home/airflow/.local/lib/python3.12/site-packages/airflow/example_dags/example_python_operator.py                                                           1           0  0.12s           2025-09-04T11:55:40
/home/airflow/.local/lib/python3.12/site-packages/airflow/example_dags/example_branch_python_dop_operator_3.py                                              1           0  0.12s           2025-09-04T11:55:42
/home/airflow/.local/lib/python3.12/site-packages/airflow/example_dags/example_branch_labels.py                                                             1           0  0.12s           2025-09-04T11:55:37
/home/airflow/.local/lib/python3.12/site-packages/airflow/example_dags/example_kubernetes_executor.py                                                       1           0  0.12s           2025-09-04T11:55:37
/home/airflow/.local/lib/python3.12/site-packages/airflow/example_dags/example_task_group_decorator.py                                                      1           0  0.12s           2025-09-04T11:55:37
/home/airflow/.local/lib/python3.12/site-packages/airflow/example_dags/example_sensors.py                                                                   1           0  0.12s           2025-09-04T11:55:40
/home/airflow/.local/lib/python3.12/site-packages/airflow/example_dags/example_params_ui_tutorial.py                                                        1           0  0.12s           2025-09-04T11:55:37
/home/airflow/.local/lib/python3.12/site-packages/airflow/example_dags/tutorial_dag.py                                                                      1           0  0.12s           2025-09-04T11:55:43
/home/airflow/.local/lib/python3.12/site-packages/airflow/example_dags/example_trigger_target_dag.py                                                        1           0  0.11s           2025-09-04T11:55:39
/home/airflow/.local/lib/python3.12/site-packages/airflow/example_dags/example_task_group.py                                                                1           0  0.11s           2025-09-04T11:55:37
/home/airflow/.local/lib/python3.12/site-packages/airflow/example_dags/example_latest_only_with_trigger.py                                                  1           0  0.11s           2025-09-04T11:55:44
/home/airflow/.local/lib/python3.12/site-packages/airflow/example_dags/example_external_task_marker_dag.py                                                  2           0  0.11s           2025-09-04T11:55:42
/home/airflow/.local/lib/python3.12/site-packages/airflow/example_dags/example_short_circuit_decorator.py                                                   1           0  0.10s           2025-09-04T11:55:40
/home/airflow/.local/lib/python3.12/site-packages/airflow/example_dags/example_xcom.py                                                                      1           0  0.10s           2025-09-04T11:55:35
/home/airflow/.local/lib/python3.12/site-packages/airflow/example_dags/example_dynamic_task_mapping.py                                                      1           0  0.10s           2025-09-04T11:55:42
/home/airflow/.local/lib/python3.12/site-packages/airflow/example_dags/example_short_circuit_operator.py                                                    1           0  0.10s           2025-09-04T11:55:35
/home/airflow/.local/lib/python3.12/site-packages/airflow/example_dags/example_sensor_decorator.py                                                          1           0  0.09s           2025-09-04T11:55:44
/home/airflow/.local/lib/python3.12/site-packages/airflow/example_dags/subdags/subdag.py                                                                    0           0  0.08s           2025-09-04T11:55:45
/home/airflow/.local/lib/python3.12/site-packages/airflow/example_dags/plugins/decreasing_priority_weight_strategy.py                                       0           0  0.07s           2025-09-04T11:55:44
/home/airflow/.local/lib/python3.12/site-packages/airflow/example_dags/plugins/event_listener.py                                                            0           0  0.07s           2025-09-04T11:55:44
/home/airflow/.local/lib/python3.12/site-packages/airflow/example_dags/plugins/listener_plugin.py                                                           0           0  0.06s           2025-09-04T11:55:44
================================================================================
[2025-09-04T11:56:33.161+0000] {manager.py:878} INFO - 
================================================================================
DAG File Processing Stats

File Path                                                                                                                          PID    Runtime      # DAGs    # Errors  Last Runtime    Last Run
---------------------------------------------------------------------------------------------------------------------------------  -----  ---------  --------  ----------  --------------  -------------------
/home/airflow/.local/lib/python3.12/site-packages/airflow/example_dags/plugins/workday.py                                                                   0           0  0.81s           2025-09-04T11:56:21
/home/airflow/.local/lib/python3.12/site-packages/airflow/example_dags/example_dag_decorator.py                                                             1           0  0.49s           2025-09-04T11:56:08
/home/airflow/.local/lib/python3.12/site-packages/airflow/example_dags/example_datasets.py                                                                 10           0  0.29s           2025-09-04T11:56:07
/home/airflow/.local/lib/python3.12/site-packages/airflow/example_dags/example_short_circuit_decorator.py                                                   1           0  0.22s           2025-09-04T11:56:10
/home/airflow/.local/lib/python3.12/site-packages/airflow/example_dags/example_dynamic_task_mapping_with_no_taskflow_operators.py                           1           0  0.21s           2025-09-04T11:56:09
/home/airflow/.local/lib/python3.12/site-packages/airflow/example_dags/example_branch_datetime_operator.py                                                  3           0  0.20s           2025-09-04T11:56:07
/home/airflow/.local/lib/python3.12/site-packages/airflow/example_dags/example_xcomargs.py                                                                  2           0  0.20s           2025-09-04T11:56:11
/home/airflow/.local/lib/python3.12/site-packages/airflow/example_dags/example_python_operator.py                                                           1           0  0.19s           2025-09-04T11:56:10
/home/airflow/.local/lib/python3.12/site-packages/airflow/example_dags/example_subdag_operator.py                                                           3           0  0.18s           2025-09-04T11:56:15
/home/airflow/.local/lib/python3.12/site-packages/airflow/example_dags/example_latest_only.py                                                               1           0  0.18s           2025-09-04T11:56:09
/home/airflow/.local/lib/python3.12/site-packages/airflow/example_dags/example_params_ui_tutorial.py                                                        1           0  0.18s           2025-09-04T11:56:08
/home/airflow/.local/lib/python3.12/site-packages/airflow/example_dags/example_local_kubernetes_executor.py                                                 1           0  0.17s           2025-09-04T11:56:09
/home/airflow/.local/lib/python3.12/site-packages/airflow/example_dags/tutorial_objectstorage.py                                                            1           0  0.17s           2025-09-04T11:56:11
/home/airflow/.local/lib/python3.12/site-packages/airflow/example_dags/example_branch_operator_decorator.py                                                 1           0  0.17s           2025-09-04T11:56:09
/home/airflow/.local/lib/python3.12/site-packages/airflow/example_dags/example_setup_teardown_taskflow.py                                                   1           0  0.17s           2025-09-04T11:56:14
/home/airflow/.local/lib/python3.12/site-packages/airflow/example_dags/example_external_task_marker_dag.py                                                  2           0  0.17s           2025-09-04T11:56:13
/home/airflow/.local/lib/python3.12/site-packages/airflow/example_dags/example_task_group.py                                                                1           0  0.16s           2025-09-04T11:56:08
/home/airflow/.local/lib/python3.12/site-packages/airflow/example_dags/tutorial_taskflow_api.py                                                             1           0  0.16s           2025-09-04T11:56:15
/home/airflow/.local/lib/python3.12/site-packages/airflow/example_dags/example_sla_dag.py                                                                   1           0  0.16s           2025-09-04T11:56:05
/home/airflow/.local/lib/python3.12/site-packages/airflow/example_dags/example_params_trigger_ui.py                                                         1           0  0.16s           2025-09-04T11:56:13
/home/airflow/.local/lib/python3.12/site-packages/airflow/example_dags/example_dynamic_task_mapping.py                                                      1           0  0.16s           2025-09-04T11:56:13
/home/airflow/.local/lib/python3.12/site-packages/airflow/example_dags/example_complex.py                                                                   1           0  0.15s           2025-09-04T11:56:06
/home/airflow/.local/lib/python3.12/site-packages/airflow/example_dags/example_nested_branch_dag.py                                                         1           0  0.15s           2025-09-04T11:56:05
/home/airflow/.local/lib/python3.12/site-packages/airflow/example_dags/example_skip_dag.py                                                                  1           0  0.15s           2025-09-04T11:56:10
/home/airflow/.local/lib/python3.12/site-packages/airflow/example_dags/example_branch_operator.py                                                           1           0  0.15s           2025-09-04T11:56:07
/home/airflow/.local/lib/python3.12/site-packages/airflow/example_dags/example_branch_day_of_week_operator.py                                               1           0  0.15s           2025-09-04T11:56:14
/home/airflow/.local/lib/python3.12/site-packages/airflow/example_dags/example_time_delta_sensor_async.py                                                   1           0  0.15s           2025-09-04T11:56:13
/home/airflow/.local/lib/python3.12/site-packages/airflow/example_dags/example_sensors.py                                                                   1           0  0.15s           2025-09-04T11:56:10
/home/airflow/.local/lib/python3.12/site-packages/airflow/example_dags/tutorial_dag.py                                                                      1           0  0.14s           2025-09-04T11:56:14
/home/airflow/.local/lib/python3.12/site-packages/airflow/example_dags/example_python_decorator.py                                                          1           0  0.14s           2025-09-04T11:56:13
/home/airflow/.local/lib/python3.12/site-packages/airflow/example_dags/tutorial.py                                                                          1           0  0.14s           2025-09-04T11:56:10
/home/airflow/.local/lib/python3.12/site-packages/airflow/example_dags/example_task_group_decorator.py                                                      1           0  0.14s           2025-09-04T11:56:08
/home/airflow/.local/lib/python3.12/site-packages/airflow/example_dags/example_trigger_controller_dag.py                                                    1           0  0.14s           2025-09-04T11:56:09
/home/airflow/.local/lib/python3.12/site-packages/airflow/example_dags/example_bash_operator.py                                                             1           0  0.14s           2025-09-04T11:56:10
/home/airflow/.local/lib/python3.12/site-packages/airflow/example_dags/example_passing_params_via_test_command.py                                           1           0  0.14s           2025-09-04T11:56:10
/home/airflow/.local/lib/python3.12/site-packages/airflow/example_dags/example_trigger_target_dag.py                                                        1           0  0.13s           2025-09-04T11:56:10
/home/airflow/.local/lib/python3.12/site-packages/airflow/example_dags/example_short_circuit_operator.py                                                    1           0  0.13s           2025-09-04T11:56:06
/home/airflow/.local/lib/python3.12/site-packages/airflow/example_dags/example_branch_python_dop_operator_3.py                                              1           0  0.13s           2025-09-04T11:56:13
/home/airflow/.local/lib/python3.12/site-packages/airflow/example_dags/example_xcom.py                                                                      1           0  0.13s           2025-09-04T11:56:06
/home/airflow/.local/lib/python3.12/site-packages/airflow/example_dags/example_kubernetes_executor.py                                                       1           0  0.13s           2025-09-04T11:56:07
/home/airflow/.local/lib/python3.12/site-packages/airflow/example_dags/tutorial_taskflow_api_virtualenv.py                                                  1           0  0.13s           2025-09-04T11:56:14
/home/airflow/.local/lib/python3.12/site-packages/airflow/example_dags/example_bash_decorator.py                                                            1           0  0.13s           2025-09-04T11:56:10
/home/airflow/.local/lib/python3.12/site-packages/airflow/example_dags/example_display_name.py                                                              1           0  0.12s           2025-09-04T11:56:10
/home/airflow/.local/lib/python3.12/site-packages/airflow/example_dags/example_latest_only_with_trigger.py                                                  1           0  0.12s           2025-09-04T11:56:14
/home/airflow/.local/lib/python3.12/site-packages/airflow/example_dags/example_setup_teardown.py                                                            1           0  0.12s           2025-09-04T11:56:07
/home/airflow/.local/lib/python3.12/site-packages/airflow/example_dags/example_branch_labels.py                                                             1           0  0.12s           2025-09-04T11:56:08
/home/airflow/.local/lib/python3.12/site-packages/airflow/example_dags/example_sensor_decorator.py                                                          1           0  0.11s           2025-09-04T11:56:14
/home/airflow/.local/lib/python3.12/site-packages/airflow/example_dags/plugins/event_listener.py                                                            0           0  0.09s           2025-09-04T11:56:15
/home/airflow/.local/lib/python3.12/site-packages/airflow/example_dags/subdags/subdag.py                                                                    0           0  0.09s           2025-09-04T11:56:16
/home/airflow/.local/lib/python3.12/site-packages/airflow/example_dags/plugins/decreasing_priority_weight_strategy.py                                       0           0  0.07s           2025-09-04T11:56:15
/home/airflow/.local/lib/python3.12/site-packages/airflow/example_dags/plugins/listener_plugin.py                                                           0           0  0.06s           2025-09-04T11:56:15
================================================================================
[2025-09-04T11:57:03.281+0000] {manager.py:878} INFO - 
================================================================================
DAG File Processing Stats

File Path                                                                                                                          PID    Runtime      # DAGs    # Errors  Last Runtime    Last Run
---------------------------------------------------------------------------------------------------------------------------------  -----  ---------  --------  ----------  --------------  -------------------
/home/airflow/.local/lib/python3.12/site-packages/airflow/example_dags/plugins/workday.py                                                                   0           0  0.59s           2025-09-04T11:56:52
/home/airflow/.local/lib/python3.12/site-packages/airflow/example_dags/example_dag_decorator.py                                                             1           0  0.38s           2025-09-04T11:56:38
/home/airflow/.local/lib/python3.12/site-packages/airflow/example_dags/example_datasets.py                                                                 10           0  0.29s           2025-09-04T11:56:38
/home/airflow/.local/lib/python3.12/site-packages/airflow/example_dags/example_short_circuit_operator.py                                                    1           0  0.25s           2025-09-04T11:56:36
/home/airflow/.local/lib/python3.12/site-packages/airflow/example_dags/example_xcom.py                                                                      1           0  0.25s           2025-09-04T11:56:36
/home/airflow/.local/lib/python3.12/site-packages/airflow/example_dags/example_bash_operator.py                                                             1           0  0.23s           2025-09-04T11:56:41
/home/airflow/.local/lib/python3.12/site-packages/airflow/example_dags/example_branch_operator_decorator.py                                                 1           0  0.22s           2025-09-04T11:56:40
/home/airflow/.local/lib/python3.12/site-packages/airflow/example_dags/example_local_kubernetes_executor.py                                                 1           0  0.22s           2025-09-04T11:56:40
/home/airflow/.local/lib/python3.12/site-packages/airflow/example_dags/example_skip_dag.py                                                                  1           0  0.22s           2025-09-04T11:56:40
/home/airflow/.local/lib/python3.12/site-packages/airflow/example_dags/tutorial.py                                                                          1           0  0.22s           2025-09-04T11:56:40
/home/airflow/.local/lib/python3.12/site-packages/airflow/example_dags/example_dynamic_task_mapping_with_no_taskflow_operators.py                           1           0  0.21s           2025-09-04T11:56:40
/home/airflow/.local/lib/python3.12/site-packages/airflow/example_dags/example_task_group.py                                                                1           0  0.21s           2025-09-04T11:56:38
/home/airflow/.local/lib/python3.12/site-packages/airflow/example_dags/example_kubernetes_executor.py                                                       1           0  0.21s           2025-09-04T11:56:38
/home/airflow/.local/lib/python3.12/site-packages/airflow/example_dags/example_latest_only.py                                                               1           0  0.20s           2025-09-04T11:56:40
/home/airflow/.local/lib/python3.12/site-packages/airflow/example_dags/example_branch_operator.py                                                           1           0  0.19s           2025-09-04T11:56:38
/home/airflow/.local/lib/python3.12/site-packages/airflow/example_dags/example_short_circuit_decorator.py                                                   1           0  0.19s           2025-09-04T11:56:41
/home/airflow/.local/lib/python3.12/site-packages/airflow/example_dags/example_xcomargs.py                                                                  2           0  0.19s           2025-09-04T11:56:42
/home/airflow/.local/lib/python3.12/site-packages/airflow/example_dags/example_python_operator.py                                                           1           0  0.19s           2025-09-04T11:56:41
/home/airflow/.local/lib/python3.12/site-packages/airflow/example_dags/example_branch_datetime_operator.py                                                  3           0  0.19s           2025-09-04T11:56:37
/home/airflow/.local/lib/python3.12/site-packages/airflow/example_dags/example_branch_labels.py                                                             1           0  0.19s           2025-09-04T11:56:38
/home/airflow/.local/lib/python3.12/site-packages/airflow/example_dags/example_display_name.py                                                              1           0  0.19s           2025-09-04T11:56:40
/home/airflow/.local/lib/python3.12/site-packages/airflow/example_dags/example_complex.py                                                                   1           0  0.18s           2025-09-04T11:56:36
/home/airflow/.local/lib/python3.12/site-packages/airflow/example_dags/example_setup_teardown.py                                                            1           0  0.18s           2025-09-04T11:56:38
/home/airflow/.local/lib/python3.12/site-packages/airflow/example_dags/example_passing_params_via_test_command.py                                           1           0  0.18s           2025-09-04T11:56:40
/home/airflow/.local/lib/python3.12/site-packages/airflow/example_dags/tutorial_objectstorage.py                                                            1           0  0.17s           2025-09-04T11:56:42
/home/airflow/.local/lib/python3.12/site-packages/airflow/example_dags/example_bash_decorator.py                                                            1           0  0.17s           2025-09-04T11:56:41
/home/airflow/.local/lib/python3.12/site-packages/airflow/example_dags/example_params_trigger_ui.py                                                         1           0  0.17s           2025-09-04T11:56:43
/home/airflow/.local/lib/python3.12/site-packages/airflow/example_dags/example_task_group_decorator.py                                                      1           0  0.16s           2025-09-04T11:56:38
/home/airflow/.local/lib/python3.12/site-packages/airflow/example_dags/example_params_ui_tutorial.py                                                        1           0  0.16s           2025-09-04T11:56:38
/home/airflow/.local/lib/python3.12/site-packages/airflow/example_dags/example_branch_python_dop_operator_3.py                                              1           0  0.15s           2025-09-04T11:56:43
/home/airflow/.local/lib/python3.12/site-packages/airflow/example_dags/example_branch_day_of_week_operator.py                                               1           0  0.15s           2025-09-04T11:56:45
/home/airflow/.local/lib/python3.12/site-packages/airflow/example_dags/example_trigger_target_dag.py                                                        1           0  0.15s           2025-09-04T11:56:40
/home/airflow/.local/lib/python3.12/site-packages/airflow/example_dags/example_sensors.py                                                                   1           0  0.15s           2025-09-04T11:56:40
/home/airflow/.local/lib/python3.12/site-packages/airflow/example_dags/example_sla_dag.py                                                                   1           0  0.14s           2025-09-04T11:56:35
/home/airflow/.local/lib/python3.12/site-packages/airflow/example_dags/example_trigger_controller_dag.py                                                    1           0  0.14s           2025-09-04T11:56:40
/home/airflow/.local/lib/python3.12/site-packages/airflow/example_dags/example_setup_teardown_taskflow.py                                                   1           0  0.14s           2025-09-04T11:56:44
/home/airflow/.local/lib/python3.12/site-packages/airflow/example_dags/example_nested_branch_dag.py                                                         1           0  0.14s           2025-09-04T11:56:35
/home/airflow/.local/lib/python3.12/site-packages/airflow/example_dags/tutorial_dag.py                                                                      1           0  0.14s           2025-09-04T11:56:44
/home/airflow/.local/lib/python3.12/site-packages/airflow/example_dags/example_subdag_operator.py                                                           3           0  0.13s           2025-09-04T11:56:45
/home/airflow/.local/lib/python3.12/site-packages/airflow/example_dags/example_latest_only_with_trigger.py                                                  1           0  0.13s           2025-09-04T11:56:45
/home/airflow/.local/lib/python3.12/site-packages/airflow/example_dags/example_python_decorator.py                                                          1           0  0.12s           2025-09-04T11:56:43
/home/airflow/.local/lib/python3.12/site-packages/airflow/example_dags/example_time_delta_sensor_async.py                                                   1           0  0.12s           2025-09-04T11:56:43
/home/airflow/.local/lib/python3.12/site-packages/airflow/example_dags/tutorial_taskflow_api_virtualenv.py                                                  1           0  0.11s           2025-09-04T11:56:45
/home/airflow/.local/lib/python3.12/site-packages/airflow/example_dags/tutorial_taskflow_api.py                                                             1           0  0.11s           2025-09-04T11:56:45
/home/airflow/.local/lib/python3.12/site-packages/airflow/example_dags/example_sensor_decorator.py                                                          1           0  0.10s           2025-09-04T11:56:45
/home/airflow/.local/lib/python3.12/site-packages/airflow/example_dags/example_external_task_marker_dag.py                                                  2           0  0.10s           2025-09-04T11:56:43
/home/airflow/.local/lib/python3.12/site-packages/airflow/example_dags/example_dynamic_task_mapping.py                                                      1           0  0.10s           2025-09-04T11:56:43
/home/airflow/.local/lib/python3.12/site-packages/airflow/example_dags/subdags/subdag.py                                                                    0           0  0.08s           2025-09-04T11:56:46
/home/airflow/.local/lib/python3.12/site-packages/airflow/example_dags/plugins/event_listener.py                                                            0           0  0.06s           2025-09-04T11:56:45
/home/airflow/.local/lib/python3.12/site-packages/airflow/example_dags/plugins/decreasing_priority_weight_strategy.py                                       0           0  0.06s           2025-09-04T11:56:45
/home/airflow/.local/lib/python3.12/site-packages/airflow/example_dags/plugins/listener_plugin.py                                                           0           0  0.05s           2025-09-04T11:56:45
================================================================================
[2025-09-04T11:57:33.458+0000] {manager.py:878} INFO - 
================================================================================
DAG File Processing Stats

File Path                                                                                                                          PID    Runtime      # DAGs    # Errors  Last Runtime    Last Run
---------------------------------------------------------------------------------------------------------------------------------  -----  ---------  --------  ----------  --------------  -------------------
/home/airflow/.local/lib/python3.12/site-packages/airflow/example_dags/plugins/workday.py                                                                   0           0  0.47s           2025-09-04T11:57:23
/home/airflow/.local/lib/python3.12/site-packages/airflow/example_dags/example_dag_decorator.py                                                             1           0  0.34s           2025-09-04T11:57:09
/home/airflow/.local/lib/python3.12/site-packages/airflow/example_dags/example_datasets.py                                                                 10           0  0.31s           2025-09-04T11:57:08
/home/airflow/.local/lib/python3.12/site-packages/airflow/example_dags/example_params_ui_tutorial.py                                                        1           0  0.25s           2025-09-04T11:57:08
/home/airflow/.local/lib/python3.12/site-packages/airflow/example_dags/example_branch_operator_decorator.py                                                 1           0  0.24s           2025-09-04T11:57:10
/home/airflow/.local/lib/python3.12/site-packages/airflow/example_dags/example_branch_datetime_operator.py                                                  3           0  0.22s           2025-09-04T11:57:08
/home/airflow/.local/lib/python3.12/site-packages/airflow/example_dags/example_setup_teardown_taskflow.py                                                   1           0  0.21s           2025-09-04T11:57:16
/home/airflow/.local/lib/python3.12/site-packages/airflow/example_dags/tutorial_dag.py                                                                      1           0  0.21s           2025-09-04T11:57:16
/home/airflow/.local/lib/python3.12/site-packages/airflow/example_dags/example_branch_labels.py                                                             1           0  0.21s           2025-09-04T11:57:08
/home/airflow/.local/lib/python3.12/site-packages/airflow/example_dags/example_trigger_controller_dag.py                                                    1           0  0.21s           2025-09-04T11:57:10
/home/airflow/.local/lib/python3.12/site-packages/airflow/example_dags/tutorial.py                                                                          1           0  0.19s           2025-09-04T11:57:10
/home/airflow/.local/lib/python3.12/site-packages/airflow/example_dags/example_local_kubernetes_executor.py                                                 1           0  0.18s           2025-09-04T11:57:10
/home/airflow/.local/lib/python3.12/site-packages/airflow/example_dags/example_subdag_operator.py                                                           3           0  0.18s           2025-09-04T11:57:16
/home/airflow/.local/lib/python3.12/site-packages/airflow/example_dags/example_passing_params_via_test_command.py                                           1           0  0.18s           2025-09-04T11:57:11
/home/airflow/.local/lib/python3.12/site-packages/airflow/example_dags/example_display_name.py                                                              1           0  0.18s           2025-09-04T11:57:10
/home/airflow/.local/lib/python3.12/site-packages/airflow/example_dags/example_skip_dag.py                                                                  1           0  0.18s           2025-09-04T11:57:11
/home/airflow/.local/lib/python3.12/site-packages/airflow/example_dags/example_short_circuit_operator.py                                                    1           0  0.17s           2025-09-04T11:57:06
/home/airflow/.local/lib/python3.12/site-packages/airflow/example_dags/example_xcom.py                                                                      1           0  0.17s           2025-09-04T11:57:06
/home/airflow/.local/lib/python3.12/site-packages/airflow/example_dags/example_bash_operator.py                                                             1           0  0.17s           2025-09-04T11:57:11
/home/airflow/.local/lib/python3.12/site-packages/airflow/example_dags/example_params_trigger_ui.py                                                         1           0  0.15s           2025-09-04T11:57:14
/home/airflow/.local/lib/python3.12/site-packages/airflow/example_dags/example_sensor_decorator.py                                                          1           0  0.15s           2025-09-04T11:57:16
/home/airflow/.local/lib/python3.12/site-packages/airflow/example_dags/plugins/listener_plugin.py                                                           0           0  0.15s           2025-09-04T11:57:16
/home/airflow/.local/lib/python3.12/site-packages/airflow/example_dags/example_latest_only_with_trigger.py                                                  1           0  0.14s           2025-09-04T11:57:16
/home/airflow/.local/lib/python3.12/site-packages/airflow/example_dags/example_setup_teardown.py                                                            1           0  0.14s           2025-09-04T11:57:08
/home/airflow/.local/lib/python3.12/site-packages/airflow/example_dags/example_kubernetes_executor.py                                                       1           0  0.14s           2025-09-04T11:57:08
/home/airflow/.local/lib/python3.12/site-packages/airflow/example_dags/example_complex.py                                                                   1           0  0.14s           2025-09-04T11:57:07
/home/airflow/.local/lib/python3.12/site-packages/airflow/example_dags/example_task_group_decorator.py                                                      1           0  0.14s           2025-09-04T11:57:09
/home/airflow/.local/lib/python3.12/site-packages/airflow/example_dags/example_branch_operator.py                                                           1           0  0.14s           2025-09-04T11:57:08
/home/airflow/.local/lib/python3.12/site-packages/airflow/example_dags/example_sla_dag.py                                                                   1           0  0.13s           2025-09-04T11:57:05
/home/airflow/.local/lib/python3.12/site-packages/airflow/example_dags/example_python_operator.py                                                           1           0  0.13s           2025-09-04T11:57:11
/home/airflow/.local/lib/python3.12/site-packages/airflow/example_dags/example_short_circuit_decorator.py                                                   1           0  0.13s           2025-09-04T11:57:11
/home/airflow/.local/lib/python3.12/site-packages/airflow/example_dags/example_nested_branch_dag.py                                                         1           0  0.13s           2025-09-04T11:57:05
/home/airflow/.local/lib/python3.12/site-packages/airflow/example_dags/tutorial_taskflow_api.py                                                             1           0  0.13s           2025-09-04T11:57:16
/home/airflow/.local/lib/python3.12/site-packages/airflow/example_dags/example_branch_python_dop_operator_3.py                                              1           0  0.13s           2025-09-04T11:57:14
/home/airflow/.local/lib/python3.12/site-packages/airflow/example_dags/example_xcomargs.py                                                                  2           0  0.12s           2025-09-04T11:57:12
/home/airflow/.local/lib/python3.12/site-packages/airflow/example_dags/example_dynamic_task_mapping_with_no_taskflow_operators.py                           1           0  0.12s           2025-09-04T11:57:10
/home/airflow/.local/lib/python3.12/site-packages/airflow/example_dags/example_task_group.py                                                                1           0  0.11s           2025-09-04T11:57:09
/home/airflow/.local/lib/python3.12/site-packages/airflow/example_dags/example_trigger_target_dag.py                                                        1           0  0.11s           2025-09-04T11:57:11
/home/airflow/.local/lib/python3.12/site-packages/airflow/example_dags/example_time_delta_sensor_async.py                                                   1           0  0.10s           2025-09-04T11:57:14
/home/airflow/.local/lib/python3.12/site-packages/airflow/example_dags/tutorial_objectstorage.py                                                            1           0  0.10s           2025-09-04T11:57:12
/home/airflow/.local/lib/python3.12/site-packages/airflow/example_dags/example_latest_only.py                                                               1           0  0.09s           2025-09-04T11:57:10
/home/airflow/.local/lib/python3.12/site-packages/airflow/example_dags/example_branch_day_of_week_operator.py                                               1           0  0.09s           2025-09-04T11:57:16
/home/airflow/.local/lib/python3.12/site-packages/airflow/example_dags/example_bash_decorator.py                                                            1           0  0.09s           2025-09-04T11:57:11
/home/airflow/.local/lib/python3.12/site-packages/airflow/example_dags/example_sensors.py                                                                   1           0  0.09s           2025-09-04T11:57:11
/home/airflow/.local/lib/python3.12/site-packages/airflow/example_dags/tutorial_taskflow_api_virtualenv.py                                                  1           0  0.09s           2025-09-04T11:57:16
/home/airflow/.local/lib/python3.12/site-packages/airflow/example_dags/example_python_decorator.py                                                          1           0  0.09s           2025-09-04T11:57:14
/home/airflow/.local/lib/python3.12/site-packages/airflow/example_dags/subdags/subdag.py                                                                    0           0  0.08s           2025-09-04T11:57:16
/home/airflow/.local/lib/python3.12/site-packages/airflow/example_dags/example_external_task_marker_dag.py                                                  2           0  0.08s           2025-09-04T11:57:14
/home/airflow/.local/lib/python3.12/site-packages/airflow/example_dags/example_dynamic_task_mapping.py                                                      1           0  0.08s           2025-09-04T11:57:14
/home/airflow/.local/lib/python3.12/site-packages/airflow/example_dags/plugins/decreasing_priority_weight_strategy.py                                       0           0  0.07s           2025-09-04T11:57:16
/home/airflow/.local/lib/python3.12/site-packages/airflow/example_dags/plugins/event_listener.py                                                            0           0  0.06s           2025-09-04T11:57:16
================================================================================
[2025-09-04T11:58:03.684+0000] {manager.py:878} INFO - 
================================================================================
DAG File Processing Stats

File Path                                                                                                                          PID    Runtime      # DAGs    # Errors  Last Runtime    Last Run
---------------------------------------------------------------------------------------------------------------------------------  -----  ---------  --------  ----------  --------------  -------------------
/home/airflow/.local/lib/python3.12/site-packages/airflow/example_dags/plugins/workday.py                                                                   0           0  0.62s           2025-09-04T11:57:54
/home/airflow/.local/lib/python3.12/site-packages/airflow/example_dags/example_dag_decorator.py                                                             1           0  0.31s           2025-09-04T11:57:39
/home/airflow/.local/lib/python3.12/site-packages/airflow/example_dags/example_branch_datetime_operator.py                                                  3           0  0.22s           2025-09-04T11:57:38
/home/airflow/.local/lib/python3.12/site-packages/airflow/example_dags/example_local_kubernetes_executor.py                                                 1           0  0.20s           2025-09-04T11:57:40
/home/airflow/.local/lib/python3.12/site-packages/airflow/example_dags/example_datasets.py                                                                 10           0  0.20s           2025-09-04T11:57:38
/home/airflow/.local/lib/python3.12/site-packages/airflow/example_dags/example_bash_operator.py                                                             1           0  0.17s           2025-09-04T11:57:41
/home/airflow/.local/lib/python3.12/site-packages/airflow/example_dags/example_setup_teardown.py                                                            1           0  0.17s           2025-09-04T11:57:38
/home/airflow/.local/lib/python3.12/site-packages/airflow/example_dags/example_bash_decorator.py                                                            1           0  0.17s           2025-09-04T11:57:41
/home/airflow/.local/lib/python3.12/site-packages/airflow/example_dags/example_params_ui_tutorial.py                                                        1           0  0.16s           2025-09-04T11:57:39
/home/airflow/.local/lib/python3.12/site-packages/airflow/example_dags/example_sla_dag.py                                                                   1           0  0.16s           2025-09-04T11:57:36
/home/airflow/.local/lib/python3.12/site-packages/airflow/example_dags/example_task_group.py                                                                1           0  0.16s           2025-09-04T11:57:39
/home/airflow/.local/lib/python3.12/site-packages/airflow/example_dags/example_trigger_controller_dag.py                                                    1           0  0.16s           2025-09-04T11:57:40
/home/airflow/.local/lib/python3.12/site-packages/airflow/example_dags/example_branch_operator_decorator.py                                                 1           0  0.15s           2025-09-04T11:57:41
/home/airflow/.local/lib/python3.12/site-packages/airflow/example_dags/example_branch_labels.py                                                             1           0  0.15s           2025-09-04T11:57:39
/home/airflow/.local/lib/python3.12/site-packages/airflow/example_dags/example_nested_branch_dag.py                                                         1           0  0.14s           2025-09-04T11:57:36
/home/airflow/.local/lib/python3.12/site-packages/airflow/example_dags/example_kubernetes_executor.py                                                       1           0  0.14s           2025-09-04T11:57:38
/home/airflow/.local/lib/python3.12/site-packages/airflow/example_dags/example_passing_params_via_test_command.py                                           1           0  0.14s           2025-09-04T11:57:41
/home/airflow/.local/lib/python3.12/site-packages/airflow/example_dags/tutorial_dag.py                                                                      1           0  0.14s           2025-09-04T11:57:46
/home/airflow/.local/lib/python3.12/site-packages/airflow/example_dags/example_setup_teardown_taskflow.py                                                   1           0  0.14s           2025-09-04T11:57:46
/home/airflow/.local/lib/python3.12/site-packages/airflow/example_dags/example_dynamic_task_mapping_with_no_taskflow_operators.py                           1           0  0.13s           2025-09-04T11:57:40
/home/airflow/.local/lib/python3.12/site-packages/airflow/example_dags/example_latest_only.py                                                               1           0  0.13s           2025-09-04T11:57:40
/home/airflow/.local/lib/python3.12/site-packages/airflow/example_dags/example_python_operator.py                                                           1           0  0.13s           2025-09-04T11:57:41
/home/airflow/.local/lib/python3.12/site-packages/airflow/example_dags/example_subdag_operator.py                                                           3           0  0.13s           2025-09-04T11:57:46
/home/airflow/.local/lib/python3.12/site-packages/airflow/example_dags/example_short_circuit_operator.py                                                    1           0  0.13s           2025-09-04T11:57:37
/home/airflow/.local/lib/python3.12/site-packages/airflow/example_dags/example_sensors.py                                                                   1           0  0.13s           2025-09-04T11:57:41
/home/airflow/.local/lib/python3.12/site-packages/airflow/example_dags/example_branch_operator.py                                                           1           0  0.12s           2025-09-04T11:57:38
/home/airflow/.local/lib/python3.12/site-packages/airflow/example_dags/example_task_group_decorator.py                                                      1           0  0.12s           2025-09-04T11:57:39
/home/airflow/.local/lib/python3.12/site-packages/airflow/example_dags/example_complex.py                                                                   1           0  0.12s           2025-09-04T11:57:37
/home/airflow/.local/lib/python3.12/site-packages/airflow/example_dags/example_trigger_target_dag.py                                                        1           0  0.12s           2025-09-04T11:57:41
/home/airflow/.local/lib/python3.12/site-packages/airflow/example_dags/example_xcom.py                                                                      1           0  0.12s           2025-09-04T11:57:37
/home/airflow/.local/lib/python3.12/site-packages/airflow/example_dags/example_short_circuit_decorator.py                                                   1           0  0.12s           2025-09-04T11:57:41
/home/airflow/.local/lib/python3.12/site-packages/airflow/example_dags/tutorial.py                                                                          1           0  0.12s           2025-09-04T11:57:41
/home/airflow/.local/lib/python3.12/site-packages/airflow/example_dags/example_xcomargs.py                                                                  2           0  0.12s           2025-09-04T11:57:42
/home/airflow/.local/lib/python3.12/site-packages/airflow/example_dags/tutorial_taskflow_api.py                                                             1           0  0.12s           2025-09-04T11:57:46
/home/airflow/.local/lib/python3.12/site-packages/airflow/example_dags/example_latest_only_with_trigger.py                                                  1           0  0.11s           2025-09-04T11:57:46
/home/airflow/.local/lib/python3.12/site-packages/airflow/example_dags/example_sensor_decorator.py                                                          1           0  0.11s           2025-09-04T11:57:46
/home/airflow/.local/lib/python3.12/site-packages/airflow/example_dags/example_params_trigger_ui.py                                                         1           0  0.10s           2025-09-04T11:57:45
/home/airflow/.local/lib/python3.12/site-packages/airflow/example_dags/example_display_name.py                                                              1           0  0.10s           2025-09-04T11:57:40
/home/airflow/.local/lib/python3.12/site-packages/airflow/example_dags/example_skip_dag.py                                                                  1           0  0.10s           2025-09-04T11:57:41
/home/airflow/.local/lib/python3.12/site-packages/airflow/example_dags/example_external_task_marker_dag.py                                                  2           0  0.10s           2025-09-04T11:57:45
/home/airflow/.local/lib/python3.12/site-packages/airflow/example_dags/example_dynamic_task_mapping.py                                                      1           0  0.10s           2025-09-04T11:57:45
/home/airflow/.local/lib/python3.12/site-packages/airflow/example_dags/example_time_delta_sensor_async.py                                                   1           0  0.10s           2025-09-04T11:57:45
/home/airflow/.local/lib/python3.12/site-packages/airflow/example_dags/tutorial_objectstorage.py                                                            1           0  0.09s           2025-09-04T11:57:42
/home/airflow/.local/lib/python3.12/site-packages/airflow/example_dags/example_branch_day_of_week_operator.py                                               1           0  0.09s           2025-09-04T11:57:46
/home/airflow/.local/lib/python3.12/site-packages/airflow/example_dags/example_python_decorator.py                                                          1           0  0.09s           2025-09-04T11:57:45
/home/airflow/.local/lib/python3.12/site-packages/airflow/example_dags/tutorial_taskflow_api_virtualenv.py                                                  1           0  0.09s           2025-09-04T11:57:46
/home/airflow/.local/lib/python3.12/site-packages/airflow/example_dags/example_branch_python_dop_operator_3.py                                              1           0  0.09s           2025-09-04T11:57:45
/home/airflow/.local/lib/python3.12/site-packages/airflow/example_dags/subdags/subdag.py                                                                    0           0  0.07s           2025-09-04T11:57:47
/home/airflow/.local/lib/python3.12/site-packages/airflow/example_dags/plugins/listener_plugin.py                                                           0           0  0.06s           2025-09-04T11:57:46
/home/airflow/.local/lib/python3.12/site-packages/airflow/example_dags/plugins/event_listener.py                                                            0           0  0.05s           2025-09-04T11:57:46
/home/airflow/.local/lib/python3.12/site-packages/airflow/example_dags/plugins/decreasing_priority_weight_strategy.py                                       0           0  0.05s           2025-09-04T11:57:46
================================================================================
[2025-09-04T11:58:33.954+0000] {manager.py:878} INFO - 
================================================================================
DAG File Processing Stats

File Path                                                                                                                          PID    Runtime      # DAGs    # Errors  Last Runtime    Last Run
---------------------------------------------------------------------------------------------------------------------------------  -----  ---------  --------  ----------  --------------  -------------------
/home/airflow/.local/lib/python3.12/site-packages/airflow/example_dags/plugins/workday.py                                                                   0           0  0.55s           2025-09-04T11:58:25
/home/airflow/.local/lib/python3.12/site-packages/airflow/example_dags/example_dag_decorator.py                                                             1           0  0.46s           2025-09-04T11:58:09
/home/airflow/.local/lib/python3.12/site-packages/airflow/example_dags/example_datasets.py                                                                 10           0  0.25s           2025-09-04T11:58:09
/home/airflow/.local/lib/python3.12/site-packages/airflow/example_dags/example_subdag_operator.py                                                           3           0  0.20s           2025-09-04T11:58:17
/home/airflow/.local/lib/python3.12/site-packages/airflow/example_dags/example_bash_decorator.py                                                            1           0  0.20s           2025-09-04T11:58:11
/home/airflow/.local/lib/python3.12/site-packages/airflow/example_dags/example_sensor_decorator.py                                                          1           0  0.18s           2025-09-04T11:58:17
/home/airflow/.local/lib/python3.12/site-packages/airflow/example_dags/tutorial_taskflow_api.py                                                             1           0  0.17s           2025-09-04T11:58:17
/home/airflow/.local/lib/python3.12/site-packages/airflow/example_dags/example_branch_datetime_operator.py                                                  3           0  0.17s           2025-09-04T11:58:09
/home/airflow/.local/lib/python3.12/site-packages/airflow/example_dags/example_params_trigger_ui.py                                                         1           0  0.17s           2025-09-04T11:58:15
/home/airflow/.local/lib/python3.12/site-packages/airflow/example_dags/example_sla_dag.py                                                                   1           0  0.17s           2025-09-04T11:58:06
/home/airflow/.local/lib/python3.12/site-packages/airflow/example_dags/subdags/subdag.py                                                                    0           0  0.17s           2025-09-04T11:58:18
/home/airflow/.local/lib/python3.12/site-packages/airflow/example_dags/example_kubernetes_executor.py                                                       1           0  0.17s           2025-09-04T11:58:09
/home/airflow/.local/lib/python3.12/site-packages/airflow/example_dags/example_nested_branch_dag.py                                                         1           0  0.16s           2025-09-04T11:58:06
/home/airflow/.local/lib/python3.12/site-packages/airflow/example_dags/example_xcomargs.py                                                                  2           0  0.16s           2025-09-04T11:58:13
/home/airflow/.local/lib/python3.12/site-packages/airflow/example_dags/example_external_task_marker_dag.py                                                  2           0  0.16s           2025-09-04T11:58:15
/home/airflow/.local/lib/python3.12/site-packages/airflow/example_dags/example_passing_params_via_test_command.py                                           1           0  0.16s           2025-09-04T11:58:11
/home/airflow/.local/lib/python3.12/site-packages/airflow/example_dags/example_python_decorator.py                                                          1           0  0.15s           2025-09-04T11:58:15
/home/airflow/.local/lib/python3.12/site-packages/airflow/example_dags/example_branch_day_of_week_operator.py                                               1           0  0.15s           2025-09-04T11:58:16
/home/airflow/.local/lib/python3.12/site-packages/airflow/example_dags/example_branch_python_dop_operator_3.py                                              1           0  0.15s           2025-09-04T11:58:15
/home/airflow/.local/lib/python3.12/site-packages/airflow/example_dags/example_dynamic_task_mapping_with_no_taskflow_operators.py                           1           0  0.15s           2025-09-04T11:58:10
/home/airflow/.local/lib/python3.12/site-packages/airflow/example_dags/example_branch_operator.py                                                           1           0  0.14s           2025-09-04T11:58:09
/home/airflow/.local/lib/python3.12/site-packages/airflow/example_dags/example_setup_teardown.py                                                            1           0  0.14s           2025-09-04T11:58:09
/home/airflow/.local/lib/python3.12/site-packages/airflow/example_dags/tutorial_taskflow_api_virtualenv.py                                                  1           0  0.14s           2025-09-04T11:58:16
/home/airflow/.local/lib/python3.12/site-packages/airflow/example_dags/example_params_ui_tutorial.py                                                        1           0  0.14s           2025-09-04T11:58:09
/home/airflow/.local/lib/python3.12/site-packages/airflow/example_dags/example_sensors.py                                                                   1           0  0.14s           2025-09-04T11:58:11
/home/airflow/.local/lib/python3.12/site-packages/airflow/example_dags/tutorial_objectstorage.py                                                            1           0  0.14s           2025-09-04T11:58:13
/home/airflow/.local/lib/python3.12/site-packages/airflow/example_dags/example_bash_operator.py                                                             1           0  0.14s           2025-09-04T11:58:12
/home/airflow/.local/lib/python3.12/site-packages/airflow/example_dags/example_latest_only_with_trigger.py                                                  1           0  0.13s           2025-09-04T11:58:17
/home/airflow/.local/lib/python3.12/site-packages/airflow/example_dags/example_branch_operator_decorator.py                                                 1           0  0.13s           2025-09-04T11:58:11
/home/airflow/.local/lib/python3.12/site-packages/airflow/example_dags/example_trigger_target_dag.py                                                        1           0  0.13s           2025-09-04T11:58:11
/home/airflow/.local/lib/python3.12/site-packages/airflow/example_dags/example_skip_dag.py                                                                  1           0  0.13s           2025-09-04T11:58:11
/home/airflow/.local/lib/python3.12/site-packages/airflow/example_dags/example_task_group.py                                                                1           0  0.13s           2025-09-04T11:58:09
/home/airflow/.local/lib/python3.12/site-packages/airflow/example_dags/example_local_kubernetes_executor.py                                                 1           0  0.13s           2025-09-04T11:58:11
/home/airflow/.local/lib/python3.12/site-packages/airflow/example_dags/example_time_delta_sensor_async.py                                                   1           0  0.13s           2025-09-04T11:58:15
/home/airflow/.local/lib/python3.12/site-packages/airflow/example_dags/example_task_group_decorator.py                                                      1           0  0.13s           2025-09-04T11:58:09
/home/airflow/.local/lib/python3.12/site-packages/airflow/example_dags/example_latest_only.py                                                               1           0  0.13s           2025-09-04T11:58:10
/home/airflow/.local/lib/python3.12/site-packages/airflow/example_dags/example_short_circuit_decorator.py                                                   1           0  0.13s           2025-09-04T11:58:12
/home/airflow/.local/lib/python3.12/site-packages/airflow/example_dags/example_dynamic_task_mapping.py                                                      1           0  0.12s           2025-09-04T11:58:15
/home/airflow/.local/lib/python3.12/site-packages/airflow/example_dags/tutorial_dag.py                                                                      1           0  0.12s           2025-09-04T11:58:16
/home/airflow/.local/lib/python3.12/site-packages/airflow/example_dags/example_trigger_controller_dag.py                                                    1           0  0.12s           2025-09-04T11:58:10
/home/airflow/.local/lib/python3.12/site-packages/airflow/example_dags/example_setup_teardown_taskflow.py                                                   1           0  0.12s           2025-09-04T11:58:16
/home/airflow/.local/lib/python3.12/site-packages/airflow/example_dags/example_branch_labels.py                                                             1           0  0.12s           2025-09-04T11:58:09
/home/airflow/.local/lib/python3.12/site-packages/airflow/example_dags/example_complex.py                                                                   1           0  0.11s           2025-09-04T11:58:07
/home/airflow/.local/lib/python3.12/site-packages/airflow/example_dags/example_python_operator.py                                                           1           0  0.11s           2025-09-04T11:58:12
/home/airflow/.local/lib/python3.12/site-packages/airflow/example_dags/plugins/listener_plugin.py                                                           0           0  0.11s           2025-09-04T11:58:17
/home/airflow/.local/lib/python3.12/site-packages/airflow/example_dags/example_display_name.py                                                              1           0  0.11s           2025-09-04T11:58:11
/home/airflow/.local/lib/python3.12/site-packages/airflow/example_dags/tutorial.py                                                                          1           0  0.10s           2025-09-04T11:58:11
/home/airflow/.local/lib/python3.12/site-packages/airflow/example_dags/plugins/event_listener.py                                                            0           0  0.10s           2025-09-04T11:58:17
/home/airflow/.local/lib/python3.12/site-packages/airflow/example_dags/example_xcom.py                                                                      1           0  0.10s           2025-09-04T11:58:07
/home/airflow/.local/lib/python3.12/site-packages/airflow/example_dags/example_short_circuit_operator.py                                                    1           0  0.10s           2025-09-04T11:58:07
/home/airflow/.local/lib/python3.12/site-packages/airflow/example_dags/plugins/decreasing_priority_weight_strategy.py                                       0           0  0.09s           2025-09-04T11:58:17
================================================================================
[2025-09-04T11:59:04.506+0000] {manager.py:878} INFO - 
================================================================================
DAG File Processing Stats

File Path                                                                                                                          PID    Runtime      # DAGs    # Errors  Last Runtime    Last Run
---------------------------------------------------------------------------------------------------------------------------------  -----  ---------  --------  ----------  --------------  -------------------
/home/airflow/.local/lib/python3.12/site-packages/airflow/example_dags/example_dag_decorator.py                                                             1           0  0.59s           2025-09-04T11:58:41
/home/airflow/.local/lib/python3.12/site-packages/airflow/example_dags/plugins/workday.py                                                                   0           0  0.47s           2025-09-04T11:58:55
/home/airflow/.local/lib/python3.12/site-packages/airflow/example_dags/example_branch_operator_decorator.py                                                 1           0  0.31s           2025-09-04T11:58:41
/home/airflow/.local/lib/python3.12/site-packages/airflow/example_dags/example_dynamic_task_mapping_with_no_taskflow_operators.py                           1           0  0.23s           2025-09-04T11:58:41
/home/airflow/.local/lib/python3.12/site-packages/airflow/example_dags/example_python_decorator.py                                                          1           0  0.20s           2025-09-04T11:58:46
/home/airflow/.local/lib/python3.12/site-packages/airflow/example_dags/example_local_kubernetes_executor.py                                                 1           0  0.19s           2025-09-04T11:58:42
/home/airflow/.local/lib/python3.12/site-packages/airflow/example_dags/example_kubernetes_executor.py                                                       1           0  0.19s           2025-09-04T11:58:39
/home/airflow/.local/lib/python3.12/site-packages/airflow/example_dags/example_latest_only.py                                                               1           0  0.18s           2025-09-04T11:58:41
/home/airflow/.local/lib/python3.12/site-packages/airflow/example_dags/example_trigger_controller_dag.py                                                    1           0  0.17s           2025-09-04T11:58:42
/home/airflow/.local/lib/python3.12/site-packages/airflow/example_dags/example_time_delta_sensor_async.py                                                   1           0  0.17s           2025-09-04T11:58:46
/home/airflow/.local/lib/python3.12/site-packages/airflow/example_dags/example_external_task_marker_dag.py                                                  2           0  0.15s           2025-09-04T11:58:46
/home/airflow/.local/lib/python3.12/site-packages/airflow/example_dags/example_datasets.py                                                                 10           0  0.15s           2025-09-04T11:58:39
/home/airflow/.local/lib/python3.12/site-packages/airflow/example_dags/example_display_name.py                                                              1           0  0.15s           2025-09-04T11:58:42
/home/airflow/.local/lib/python3.12/site-packages/airflow/example_dags/example_skip_dag.py                                                                  1           0  0.15s           2025-09-04T11:58:42
/home/airflow/.local/lib/python3.12/site-packages/airflow/example_dags/tutorial.py                                                                          1           0  0.15s           2025-09-04T11:58:42
/home/airflow/.local/lib/python3.12/site-packages/airflow/example_dags/example_setup_teardown.py                                                            1           0  0.15s           2025-09-04T11:58:39
/home/airflow/.local/lib/python3.12/site-packages/airflow/example_dags/example_complex.py                                                                   1           0  0.15s           2025-09-04T11:58:38
/home/airflow/.local/lib/python3.12/site-packages/airflow/example_dags/example_dynamic_task_mapping.py                                                      1           0  0.14s           2025-09-04T11:58:46
/home/airflow/.local/lib/python3.12/site-packages/airflow/example_dags/example_params_trigger_ui.py                                                         1           0  0.14s           2025-09-04T11:58:46
/home/airflow/.local/lib/python3.12/site-packages/airflow/example_dags/example_bash_decorator.py                                                            1           0  0.14s           2025-09-04T11:58:42
/home/airflow/.local/lib/python3.12/site-packages/airflow/example_dags/example_bash_operator.py                                                             1           0  0.14s           2025-09-04T11:58:42
/home/airflow/.local/lib/python3.12/site-packages/airflow/example_dags/example_latest_only_with_trigger.py                                                  1           0  0.13s           2025-09-04T11:58:48
/home/airflow/.local/lib/python3.12/site-packages/airflow/example_dags/example_short_circuit_operator.py                                                    1           0  0.12s           2025-09-04T11:58:38
/home/airflow/.local/lib/python3.12/site-packages/airflow/example_dags/example_subdag_operator.py                                                           3           0  0.12s           2025-09-04T11:58:48
/home/airflow/.local/lib/python3.12/site-packages/airflow/example_dags/example_xcomargs.py                                                                  2           0  0.12s           2025-09-04T11:58:44
/home/airflow/.local/lib/python3.12/site-packages/airflow/example_dags/example_passing_params_via_test_command.py                                           1           0  0.12s           2025-09-04T11:58:42
/home/airflow/.local/lib/python3.12/site-packages/airflow/example_dags/example_xcom.py                                                                      1           0  0.12s           2025-09-04T11:58:38
/home/airflow/.local/lib/python3.12/site-packages/airflow/example_dags/example_params_ui_tutorial.py                                                        1           0  0.12s           2025-09-04T11:58:39
/home/airflow/.local/lib/python3.12/site-packages/airflow/example_dags/example_branch_labels.py                                                             1           0  0.12s           2025-09-04T11:58:39
/home/airflow/.local/lib/python3.12/site-packages/airflow/example_dags/subdags/subdag.py                                                                    0           0  0.12s           2025-09-04T11:58:49
/home/airflow/.local/lib/python3.12/site-packages/airflow/example_dags/example_branch_python_dop_operator_3.py                                              1           0  0.12s           2025-09-04T11:58:46
/home/airflow/.local/lib/python3.12/site-packages/airflow/example_dags/example_branch_operator.py                                                           1           0  0.12s           2025-09-04T11:58:39
/home/airflow/.local/lib/python3.12/site-packages/airflow/example_dags/example_python_operator.py                                                           1           0  0.12s           2025-09-04T11:58:42
/home/airflow/.local/lib/python3.12/site-packages/airflow/example_dags/example_sensors.py                                                                   1           0  0.11s           2025-09-04T11:58:42
/home/airflow/.local/lib/python3.12/site-packages/airflow/example_dags/example_branch_day_of_week_operator.py                                               1           0  0.11s           2025-09-04T11:58:47
/home/airflow/.local/lib/python3.12/site-packages/airflow/example_dags/tutorial_objectstorage.py                                                            1           0  0.11s           2025-09-04T11:58:44
/home/airflow/.local/lib/python3.12/site-packages/airflow/example_dags/plugins/event_listener.py                                                            0           0  0.10s           2025-09-04T11:58:48
/home/airflow/.local/lib/python3.12/site-packages/airflow/example_dags/example_short_circuit_decorator.py                                                   1           0  0.10s           2025-09-04T11:58:43
/home/airflow/.local/lib/python3.12/site-packages/airflow/example_dags/example_trigger_target_dag.py                                                        1           0  0.10s           2025-09-04T11:58:42
/home/airflow/.local/lib/python3.12/site-packages/airflow/example_dags/example_branch_datetime_operator.py                                                  3           0  0.10s           2025-09-04T11:58:39
/home/airflow/.local/lib/python3.12/site-packages/airflow/example_dags/example_sla_dag.py                                                                   1           0  0.10s           2025-09-04T11:58:37
/home/airflow/.local/lib/python3.12/site-packages/airflow/example_dags/example_task_group_decorator.py                                                      1           0  0.10s           2025-09-04T11:58:39
/home/airflow/.local/lib/python3.12/site-packages/airflow/example_dags/plugins/listener_plugin.py                                                           0           0  0.10s           2025-09-04T11:58:48
/home/airflow/.local/lib/python3.12/site-packages/airflow/example_dags/example_nested_branch_dag.py                                                         1           0  0.09s           2025-09-04T11:58:37
/home/airflow/.local/lib/python3.12/site-packages/airflow/example_dags/tutorial_dag.py                                                                      1           0  0.09s           2025-09-04T11:58:47
/home/airflow/.local/lib/python3.12/site-packages/airflow/example_dags/example_setup_teardown_taskflow.py                                                   1           0  0.09s           2025-09-04T11:58:47
/home/airflow/.local/lib/python3.12/site-packages/airflow/example_dags/example_task_group.py                                                                1           0  0.09s           2025-09-04T11:58:39
/home/airflow/.local/lib/python3.12/site-packages/airflow/example_dags/tutorial_taskflow_api_virtualenv.py                                                  1           0  0.09s           2025-09-04T11:58:47
/home/airflow/.local/lib/python3.12/site-packages/airflow/example_dags/tutorial_taskflow_api.py                                                             1           0  0.09s           2025-09-04T11:58:48
/home/airflow/.local/lib/python3.12/site-packages/airflow/example_dags/example_sensor_decorator.py                                                          1           0  0.07s           2025-09-04T11:58:47
/home/airflow/.local/lib/python3.12/site-packages/airflow/example_dags/plugins/decreasing_priority_weight_strategy.py                                       0           0  0.06s           2025-09-04T11:58:48
================================================================================
[2025-09-04T11:59:34.621+0000] {manager.py:878} INFO - 
================================================================================
DAG File Processing Stats

File Path                                                                                                                          PID    Runtime      # DAGs    # Errors  Last Runtime    Last Run
---------------------------------------------------------------------------------------------------------------------------------  -----  ---------  --------  ----------  --------------  -------------------
/home/airflow/.local/lib/python3.12/site-packages/airflow/example_dags/example_dag_decorator.py                                                             1           0  0.76s           2025-09-04T11:59:12
/home/airflow/.local/lib/python3.12/site-packages/airflow/example_dags/plugins/workday.py                                                                   0           0  0.65s           2025-09-04T11:59:26
/home/airflow/.local/lib/python3.12/site-packages/airflow/example_dags/example_complex.py                                                                   1           0  0.27s           2025-09-04T11:59:09
/home/airflow/.local/lib/python3.12/site-packages/airflow/example_dags/example_branch_day_of_week_operator.py                                               1           0  0.25s           2025-09-04T11:59:18
/home/airflow/.local/lib/python3.12/site-packages/airflow/example_dags/example_subdag_operator.py                                                           3           0  0.25s           2025-09-04T11:59:19
/home/airflow/.local/lib/python3.12/site-packages/airflow/example_dags/example_branch_operator_decorator.py                                                 1           0  0.24s           2025-09-04T11:59:12
/home/airflow/.local/lib/python3.12/site-packages/airflow/example_dags/tutorial_taskflow_api_virtualenv.py                                                  1           0  0.23s           2025-09-04T11:59:18
/home/airflow/.local/lib/python3.12/site-packages/airflow/example_dags/example_sensor_decorator.py                                                          1           0  0.22s           2025-09-04T11:59:19
/home/airflow/.local/lib/python3.12/site-packages/airflow/example_dags/example_local_kubernetes_executor.py                                                 1           0  0.22s           2025-09-04T11:59:12
/home/airflow/.local/lib/python3.12/site-packages/airflow/example_dags/example_dynamic_task_mapping_with_no_taskflow_operators.py                           1           0  0.21s           2025-09-04T11:59:12
/home/airflow/.local/lib/python3.12/site-packages/airflow/example_dags/example_passing_params_via_test_command.py                                           1           0  0.21s           2025-09-04T11:59:13
/home/airflow/.local/lib/python3.12/site-packages/airflow/example_dags/example_skip_dag.py                                                                  1           0  0.20s           2025-09-04T11:59:13
/home/airflow/.local/lib/python3.12/site-packages/airflow/example_dags/example_task_group.py                                                                1           0  0.20s           2025-09-04T11:59:10
/home/airflow/.local/lib/python3.12/site-packages/airflow/example_dags/example_params_ui_tutorial.py                                                        1           0  0.19s           2025-09-04T11:59:10
/home/airflow/.local/lib/python3.12/site-packages/airflow/example_dags/example_external_task_marker_dag.py                                                  2           0  0.19s           2025-09-04T11:59:17
/home/airflow/.local/lib/python3.12/site-packages/airflow/example_dags/example_trigger_target_dag.py                                                        1           0  0.18s           2025-09-04T11:59:13
/home/airflow/.local/lib/python3.12/site-packages/airflow/example_dags/example_sensors.py                                                                   1           0  0.18s           2025-09-04T11:59:13
/home/airflow/.local/lib/python3.12/site-packages/airflow/example_dags/example_xcomargs.py                                                                  2           0  0.18s           2025-09-04T11:59:15
/home/airflow/.local/lib/python3.12/site-packages/airflow/example_dags/example_datasets.py                                                                 10           0  0.18s           2025-09-04T11:59:09
/home/airflow/.local/lib/python3.12/site-packages/airflow/example_dags/example_latest_only.py                                                               1           0  0.18s           2025-09-04T11:59:12
/home/airflow/.local/lib/python3.12/site-packages/airflow/example_dags/example_dynamic_task_mapping.py                                                      1           0  0.18s           2025-09-04T11:59:17
/home/airflow/.local/lib/python3.12/site-packages/airflow/example_dags/tutorial.py                                                                          1           0  0.18s           2025-09-04T11:59:13
/home/airflow/.local/lib/python3.12/site-packages/airflow/example_dags/example_short_circuit_operator.py                                                    1           0  0.18s           2025-09-04T11:59:08
/home/airflow/.local/lib/python3.12/site-packages/airflow/example_dags/example_task_group_decorator.py                                                      1           0  0.17s           2025-09-04T11:59:10
/home/airflow/.local/lib/python3.12/site-packages/airflow/example_dags/example_bash_decorator.py                                                            1           0  0.17s           2025-09-04T11:59:13
/home/airflow/.local/lib/python3.12/site-packages/airflow/example_dags/example_xcom.py                                                                      1           0  0.17s           2025-09-04T11:59:08
/home/airflow/.local/lib/python3.12/site-packages/airflow/example_dags/example_trigger_controller_dag.py                                                    1           0  0.17s           2025-09-04T11:59:12
/home/airflow/.local/lib/python3.12/site-packages/airflow/example_dags/example_bash_operator.py                                                             1           0  0.17s           2025-09-04T11:59:13
/home/airflow/.local/lib/python3.12/site-packages/airflow/example_dags/example_params_trigger_ui.py                                                         1           0  0.17s           2025-09-04T11:59:17
/home/airflow/.local/lib/python3.12/site-packages/airflow/example_dags/example_display_name.py                                                              1           0  0.16s           2025-09-04T11:59:13
/home/airflow/.local/lib/python3.12/site-packages/airflow/example_dags/tutorial_objectstorage.py                                                            1           0  0.16s           2025-09-04T11:59:15
/home/airflow/.local/lib/python3.12/site-packages/airflow/example_dags/example_latest_only_with_trigger.py                                                  1           0  0.16s           2025-09-04T11:59:19
/home/airflow/.local/lib/python3.12/site-packages/airflow/example_dags/example_setup_teardown_taskflow.py                                                   1           0  0.15s           2025-09-04T11:59:18
/home/airflow/.local/lib/python3.12/site-packages/airflow/example_dags/example_short_circuit_decorator.py                                                   1           0  0.15s           2025-09-04T11:59:13
/home/airflow/.local/lib/python3.12/site-packages/airflow/example_dags/example_branch_python_dop_operator_3.py                                              1           0  0.15s           2025-09-04T11:59:17
/home/airflow/.local/lib/python3.12/site-packages/airflow/example_dags/tutorial_dag.py                                                                      1           0  0.14s           2025-09-04T11:59:18
/home/airflow/.local/lib/python3.12/site-packages/airflow/example_dags/example_python_decorator.py                                                          1           0  0.13s           2025-09-04T11:59:17
/home/airflow/.local/lib/python3.12/site-packages/airflow/example_dags/tutorial_taskflow_api.py                                                             1           0  0.13s           2025-09-04T11:59:19
/home/airflow/.local/lib/python3.12/site-packages/airflow/example_dags/plugins/decreasing_priority_weight_strategy.py                                       0           0  0.13s           2025-09-04T11:59:19
/home/airflow/.local/lib/python3.12/site-packages/airflow/example_dags/example_sla_dag.py                                                                   1           0  0.13s           2025-09-04T11:59:07
/home/airflow/.local/lib/python3.12/site-packages/airflow/example_dags/example_python_operator.py                                                           1           0  0.13s           2025-09-04T11:59:13
/home/airflow/.local/lib/python3.12/site-packages/airflow/example_dags/example_time_delta_sensor_async.py                                                   1           0  0.12s           2025-09-04T11:59:17
/home/airflow/.local/lib/python3.12/site-packages/airflow/example_dags/example_branch_datetime_operator.py                                                  3           0  0.12s           2025-09-04T11:59:09
/home/airflow/.local/lib/python3.12/site-packages/airflow/example_dags/example_nested_branch_dag.py                                                         1           0  0.12s           2025-09-04T11:59:07
/home/airflow/.local/lib/python3.12/site-packages/airflow/example_dags/plugins/event_listener.py                                                            0           0  0.12s           2025-09-04T11:59:19
/home/airflow/.local/lib/python3.12/site-packages/airflow/example_dags/example_branch_operator.py                                                           1           0  0.12s           2025-09-04T11:59:09
/home/airflow/.local/lib/python3.12/site-packages/airflow/example_dags/example_kubernetes_executor.py                                                       1           0  0.11s           2025-09-04T11:59:10
/home/airflow/.local/lib/python3.12/site-packages/airflow/example_dags/example_setup_teardown.py                                                            1           0  0.11s           2025-09-04T11:59:10
/home/airflow/.local/lib/python3.12/site-packages/airflow/example_dags/example_branch_labels.py                                                             1           0  0.11s           2025-09-04T11:59:10
/home/airflow/.local/lib/python3.12/site-packages/airflow/example_dags/subdags/subdag.py                                                                    0           0  0.10s           2025-09-04T11:59:19
/home/airflow/.local/lib/python3.12/site-packages/airflow/example_dags/plugins/listener_plugin.py                                                           0           0  0.09s           2025-09-04T11:59:19
================================================================================
[2025-09-04T11:59:45.747+0000] {manager.py:452} INFO - Exiting gracefully upon receiving signal 15
[2025-09-04T12:01:14.640+0000] {manager.py:470} INFO - Processing files using up to 2 processes at a time 
[2025-09-04T12:01:14.642+0000] {manager.py:471} INFO - Process each file at most once every 30 seconds
[2025-09-04T12:01:14.644+0000] {manager.py:472} INFO - Checking for new files in /opt/airflow/dags every 300 seconds
[2025-09-04T12:01:14.647+0000] {manager.py:737} INFO - Searching for files in /opt/airflow/dags
[2025-09-04T12:01:14.673+0000] {manager.py:740} INFO - There are 51 files in /opt/airflow/dags
[2025-09-04T12:01:14.848+0000] {manager.py:878} INFO - 
================================================================================
DAG File Processing Stats

File Path                                                                                                                            PID  Runtime      # DAGs    # Errors  Last Runtime    Last Run
---------------------------------------------------------------------------------------------------------------------------------  -----  ---------  --------  ----------  --------------  ----------
/home/airflow/.local/lib/python3.12/site-packages/airflow/example_dags/example_sla_dag.py                                             52  0.06s             0           0
/home/airflow/.local/lib/python3.12/site-packages/airflow/example_dags/example_nested_branch_dag.py                                   53  0.05s             0           0
/home/airflow/.local/lib/python3.12/site-packages/airflow/example_dags/example_xcom.py                                                                      0           0
/home/airflow/.local/lib/python3.12/site-packages/airflow/example_dags/example_short_circuit_operator.py                                                    0           0
/home/airflow/.local/lib/python3.12/site-packages/airflow/example_dags/example_complex.py                                                                   0           0
/home/airflow/.local/lib/python3.12/site-packages/airflow/example_dags/example_dag_decorator.py                                                             0           0
/home/airflow/.local/lib/python3.12/site-packages/airflow/example_dags/example_datasets.py                                                                  0           0
/home/airflow/.local/lib/python3.12/site-packages/airflow/example_dags/example_branch_datetime_operator.py                                                  0           0
/home/airflow/.local/lib/python3.12/site-packages/airflow/example_dags/example_branch_operator.py                                                           0           0
/home/airflow/.local/lib/python3.12/site-packages/airflow/example_dags/example_kubernetes_executor.py                                                       0           0
/home/airflow/.local/lib/python3.12/site-packages/airflow/example_dags/example_setup_teardown.py                                                            0           0
/home/airflow/.local/lib/python3.12/site-packages/airflow/example_dags/example_branch_labels.py                                                             0           0
/home/airflow/.local/lib/python3.12/site-packages/airflow/example_dags/example_params_ui_tutorial.py                                                        0           0
/home/airflow/.local/lib/python3.12/site-packages/airflow/example_dags/example_task_group_decorator.py                                                      0           0
/home/airflow/.local/lib/python3.12/site-packages/airflow/example_dags/example_task_group.py                                                                0           0
/home/airflow/.local/lib/python3.12/site-packages/airflow/example_dags/example_dynamic_task_mapping_with_no_taskflow_operators.py                           0           0
/home/airflow/.local/lib/python3.12/site-packages/airflow/example_dags/example_latest_only.py                                                               0           0
/home/airflow/.local/lib/python3.12/site-packages/airflow/example_dags/example_branch_operator_decorator.py                                                 0           0
/home/airflow/.local/lib/python3.12/site-packages/airflow/example_dags/example_local_kubernetes_executor.py                                                 0           0
/home/airflow/.local/lib/python3.12/site-packages/airflow/example_dags/example_trigger_controller_dag.py                                                    0           0
/home/airflow/.local/lib/python3.12/site-packages/airflow/example_dags/example_display_name.py                                                              0           0
/home/airflow/.local/lib/python3.12/site-packages/airflow/example_dags/tutorial.py                                                                          0           0
/home/airflow/.local/lib/python3.12/site-packages/airflow/example_dags/example_skip_dag.py                                                                  0           0
/home/airflow/.local/lib/python3.12/site-packages/airflow/example_dags/example_passing_params_via_test_command.py                                           0           0
/home/airflow/.local/lib/python3.12/site-packages/airflow/example_dags/example_trigger_target_dag.py                                                        0           0
/home/airflow/.local/lib/python3.12/site-packages/airflow/example_dags/example_sensors.py                                                                   0           0
/home/airflow/.local/lib/python3.12/site-packages/airflow/example_dags/example_bash_decorator.py                                                            0           0
/home/airflow/.local/lib/python3.12/site-packages/airflow/example_dags/example_bash_operator.py                                                             0           0
/home/airflow/.local/lib/python3.12/site-packages/airflow/example_dags/example_python_operator.py                                                           0           0
/home/airflow/.local/lib/python3.12/site-packages/airflow/example_dags/example_short_circuit_decorator.py                                                   0           0
/home/airflow/.local/lib/python3.12/site-packages/airflow/example_dags/example_xcomargs.py                                                                  0           0
/home/airflow/.local/lib/python3.12/site-packages/airflow/example_dags/tutorial_objectstorage.py                                                            0           0
/home/airflow/.local/lib/python3.12/site-packages/airflow/example_dags/example_params_trigger_ui.py                                                         0           0
/home/airflow/.local/lib/python3.12/site-packages/airflow/example_dags/example_branch_python_dop_operator_3.py                                              0           0
/home/airflow/.local/lib/python3.12/site-packages/airflow/example_dags/example_time_delta_sensor_async.py                                                   0           0
/home/airflow/.local/lib/python3.12/site-packages/airflow/example_dags/example_python_decorator.py                                                          0           0
/home/airflow/.local/lib/python3.12/site-packages/airflow/example_dags/example_external_task_marker_dag.py                                                  0           0
/home/airflow/.local/lib/python3.12/site-packages/airflow/example_dags/example_dynamic_task_mapping.py                                                      0           0
/home/airflow/.local/lib/python3.12/site-packages/airflow/example_dags/tutorial_dag.py                                                                      0           0
/home/airflow/.local/lib/python3.12/site-packages/airflow/example_dags/example_setup_teardown_taskflow.py                                                   0           0
/home/airflow/.local/lib/python3.12/site-packages/airflow/example_dags/example_branch_day_of_week_operator.py                                               0           0
/home/airflow/.local/lib/python3.12/site-packages/airflow/example_dags/tutorial_taskflow_api_virtualenv.py                                                  0           0
/home/airflow/.local/lib/python3.12/site-packages/airflow/example_dags/example_sensor_decorator.py                                                          0           0
/home/airflow/.local/lib/python3.12/site-packages/airflow/example_dags/example_latest_only_with_trigger.py                                                  0           0
/home/airflow/.local/lib/python3.12/site-packages/airflow/example_dags/tutorial_taskflow_api.py                                                             0           0
/home/airflow/.local/lib/python3.12/site-packages/airflow/example_dags/example_subdag_operator.py                                                           0           0
/home/airflow/.local/lib/python3.12/site-packages/airflow/example_dags/plugins/event_listener.py                                                            0           0
/home/airflow/.local/lib/python3.12/site-packages/airflow/example_dags/plugins/listener_plugin.py                                                           0           0
/home/airflow/.local/lib/python3.12/site-packages/airflow/example_dags/plugins/workday.py                                                                   0           0
/home/airflow/.local/lib/python3.12/site-packages/airflow/example_dags/plugins/decreasing_priority_weight_strategy.py                                       0           0
/home/airflow/.local/lib/python3.12/site-packages/airflow/example_dags/subdags/subdag.py                                                                    0           0
================================================================================
[2025-09-04T12:01:15.619+0000] {manager.py:452} INFO - Exiting gracefully upon receiving signal 15
[2025-09-04T12:01:15.619+0000] {manager.py:452} INFO - Exiting gracefully upon receiving signal 15
[2025-09-04T12:01:15.780+0000] {manager.py:452} INFO - Exiting gracefully upon receiving signal 15
[2025-09-04T12:01:28.386+0000] {manager.py:470} INFO - Processing files using up to 2 processes at a time 
[2025-09-04T12:01:28.390+0000] {manager.py:471} INFO - Process each file at most once every 30 seconds
[2025-09-04T12:01:28.393+0000] {manager.py:472} INFO - Checking for new files in /opt/airflow/dags every 300 seconds
[2025-09-04T12:01:28.397+0000] {manager.py:737} INFO - Searching for files in /opt/airflow/dags
[2025-09-04T12:01:28.437+0000] {manager.py:740} INFO - There are 51 files in /opt/airflow/dags
[2025-09-04T12:01:28.567+0000] {manager.py:878} INFO - 
================================================================================
DAG File Processing Stats

File Path                                                                                                                            PID  Runtime      # DAGs    # Errors  Last Runtime    Last Run
---------------------------------------------------------------------------------------------------------------------------------  -----  ---------  --------  ----------  --------------  ----------
/home/airflow/.local/lib/python3.12/site-packages/airflow/example_dags/example_sla_dag.py                                             46  0.06s             0           0
/home/airflow/.local/lib/python3.12/site-packages/airflow/example_dags/example_nested_branch_dag.py                                   47  0.05s             0           0
/home/airflow/.local/lib/python3.12/site-packages/airflow/example_dags/example_xcom.py                                                                      0           0
/home/airflow/.local/lib/python3.12/site-packages/airflow/example_dags/example_short_circuit_operator.py                                                    0           0
/home/airflow/.local/lib/python3.12/site-packages/airflow/example_dags/example_complex.py                                                                   0           0
/home/airflow/.local/lib/python3.12/site-packages/airflow/example_dags/example_dag_decorator.py                                                             0           0
/home/airflow/.local/lib/python3.12/site-packages/airflow/example_dags/example_datasets.py                                                                  0           0
/home/airflow/.local/lib/python3.12/site-packages/airflow/example_dags/example_branch_datetime_operator.py                                                  0           0
/home/airflow/.local/lib/python3.12/site-packages/airflow/example_dags/example_branch_operator.py                                                           0           0
/home/airflow/.local/lib/python3.12/site-packages/airflow/example_dags/example_kubernetes_executor.py                                                       0           0
/home/airflow/.local/lib/python3.12/site-packages/airflow/example_dags/example_setup_teardown.py                                                            0           0
/home/airflow/.local/lib/python3.12/site-packages/airflow/example_dags/example_branch_labels.py                                                             0           0
/home/airflow/.local/lib/python3.12/site-packages/airflow/example_dags/example_params_ui_tutorial.py                                                        0           0
/home/airflow/.local/lib/python3.12/site-packages/airflow/example_dags/example_task_group_decorator.py                                                      0           0
/home/airflow/.local/lib/python3.12/site-packages/airflow/example_dags/example_task_group.py                                                                0           0
/home/airflow/.local/lib/python3.12/site-packages/airflow/example_dags/example_dynamic_task_mapping_with_no_taskflow_operators.py                           0           0
/home/airflow/.local/lib/python3.12/site-packages/airflow/example_dags/example_latest_only.py                                                               0           0
/home/airflow/.local/lib/python3.12/site-packages/airflow/example_dags/example_branch_operator_decorator.py                                                 0           0
/home/airflow/.local/lib/python3.12/site-packages/airflow/example_dags/example_local_kubernetes_executor.py                                                 0           0
/home/airflow/.local/lib/python3.12/site-packages/airflow/example_dags/example_trigger_controller_dag.py                                                    0           0
/home/airflow/.local/lib/python3.12/site-packages/airflow/example_dags/example_display_name.py                                                              0           0
/home/airflow/.local/lib/python3.12/site-packages/airflow/example_dags/tutorial.py                                                                          0           0
/home/airflow/.local/lib/python3.12/site-packages/airflow/example_dags/example_skip_dag.py                                                                  0           0
/home/airflow/.local/lib/python3.12/site-packages/airflow/example_dags/example_passing_params_via_test_command.py                                           0           0
/home/airflow/.local/lib/python3.12/site-packages/airflow/example_dags/example_trigger_target_dag.py                                                        0           0
/home/airflow/.local/lib/python3.12/site-packages/airflow/example_dags/example_sensors.py                                                                   0           0
/home/airflow/.local/lib/python3.12/site-packages/airflow/example_dags/example_bash_decorator.py                                                            0           0
/home/airflow/.local/lib/python3.12/site-packages/airflow/example_dags/example_bash_operator.py                                                             0           0
/home/airflow/.local/lib/python3.12/site-packages/airflow/example_dags/example_python_operator.py                                                           0           0
/home/airflow/.local/lib/python3.12/site-packages/airflow/example_dags/example_short_circuit_decorator.py                                                   0           0
/home/airflow/.local/lib/python3.12/site-packages/airflow/example_dags/example_xcomargs.py                                                                  0           0
/home/airflow/.local/lib/python3.12/site-packages/airflow/example_dags/tutorial_objectstorage.py                                                            0           0
/home/airflow/.local/lib/python3.12/site-packages/airflow/example_dags/example_params_trigger_ui.py                                                         0           0
/home/airflow/.local/lib/python3.12/site-packages/airflow/example_dags/example_branch_python_dop_operator_3.py                                              0           0
/home/airflow/.local/lib/python3.12/site-packages/airflow/example_dags/example_time_delta_sensor_async.py                                                   0           0
/home/airflow/.local/lib/python3.12/site-packages/airflow/example_dags/example_python_decorator.py                                                          0           0
/home/airflow/.local/lib/python3.12/site-packages/airflow/example_dags/example_external_task_marker_dag.py                                                  0           0
/home/airflow/.local/lib/python3.12/site-packages/airflow/example_dags/example_dynamic_task_mapping.py                                                      0           0
/home/airflow/.local/lib/python3.12/site-packages/airflow/example_dags/tutorial_dag.py                                                                      0           0
/home/airflow/.local/lib/python3.12/site-packages/airflow/example_dags/example_setup_teardown_taskflow.py                                                   0           0
/home/airflow/.local/lib/python3.12/site-packages/airflow/example_dags/example_branch_day_of_week_operator.py                                               0           0
/home/airflow/.local/lib/python3.12/site-packages/airflow/example_dags/tutorial_taskflow_api_virtualenv.py                                                  0           0
/home/airflow/.local/lib/python3.12/site-packages/airflow/example_dags/example_sensor_decorator.py                                                          0           0
/home/airflow/.local/lib/python3.12/site-packages/airflow/example_dags/example_latest_only_with_trigger.py                                                  0           0
/home/airflow/.local/lib/python3.12/site-packages/airflow/example_dags/tutorial_taskflow_api.py                                                             0           0
/home/airflow/.local/lib/python3.12/site-packages/airflow/example_dags/example_subdag_operator.py                                                           0           0
/home/airflow/.local/lib/python3.12/site-packages/airflow/example_dags/plugins/event_listener.py                                                            0           0
/home/airflow/.local/lib/python3.12/site-packages/airflow/example_dags/plugins/listener_plugin.py                                                           0           0
/home/airflow/.local/lib/python3.12/site-packages/airflow/example_dags/plugins/workday.py                                                                   0           0
/home/airflow/.local/lib/python3.12/site-packages/airflow/example_dags/plugins/decreasing_priority_weight_strategy.py                                       0           0
/home/airflow/.local/lib/python3.12/site-packages/airflow/example_dags/subdags/subdag.py                                                                    0           0
================================================================================
[2025-09-04T12:01:58.886+0000] {manager.py:878} INFO - 
================================================================================
DAG File Processing Stats

File Path                                                                                                                            PID  Runtime      # DAGs    # Errors  Last Runtime    Last Run
---------------------------------------------------------------------------------------------------------------------------------  -----  ---------  --------  ----------  --------------  -------------------
/home/airflow/.local/lib/python3.12/site-packages/airflow/example_dags/plugins/workday.py                                                                   0           0  1.38s           2025-09-04T12:01:37
/home/airflow/.local/lib/python3.12/site-packages/airflow/example_dags/example_datasets.py                                                                 10           0  0.52s           2025-09-04T12:01:30
/home/airflow/.local/lib/python3.12/site-packages/airflow/example_dags/example_xcomargs.py                                                                  2           0  0.37s           2025-09-04T12:01:33
/home/airflow/.local/lib/python3.12/site-packages/airflow/example_dags/example_dag_decorator.py                                                             1           0  0.37s           2025-09-04T12:01:29
/home/airflow/.local/lib/python3.12/site-packages/airflow/example_dags/example_branch_datetime_operator.py                                                  3           0  0.37s           2025-09-04T12:01:30
/home/airflow/.local/lib/python3.12/site-packages/airflow/example_dags/example_nested_branch_dag.py                                  105  0.01s             1           0  0.33s           2025-09-04T12:01:28
/home/airflow/.local/lib/python3.12/site-packages/airflow/example_dags/example_sla_dag.py                                            104  0.02s             1           0  0.33s           2025-09-04T12:01:28
/home/airflow/.local/lib/python3.12/site-packages/airflow/example_dags/example_skip_dag.py                                                                  1           0  0.32s           2025-09-04T12:01:32
/home/airflow/.local/lib/python3.12/site-packages/airflow/example_dags/example_xcom.py                                                                      1           0  0.32s           2025-09-04T12:01:29
/home/airflow/.local/lib/python3.12/site-packages/airflow/example_dags/tutorial.py                                                                          1           0  0.29s           2025-09-04T12:01:31
/home/airflow/.local/lib/python3.12/site-packages/airflow/example_dags/example_branch_day_of_week_operator.py                                               1           0  0.28s           2025-09-04T12:01:34
/home/airflow/.local/lib/python3.12/site-packages/airflow/example_dags/tutorial_objectstorage.py                                                            1           0  0.28s           2025-09-04T12:01:33
/home/airflow/.local/lib/python3.12/site-packages/airflow/example_dags/example_bash_operator.py                                                             1           0  0.28s           2025-09-04T12:01:32
/home/airflow/.local/lib/python3.12/site-packages/airflow/example_dags/example_passing_params_via_test_command.py                                           1           0  0.27s           2025-09-04T12:01:32
/home/airflow/.local/lib/python3.12/site-packages/airflow/example_dags/example_external_task_marker_dag.py                                                  2           0  0.27s           2025-09-04T12:01:34
/home/airflow/.local/lib/python3.12/site-packages/airflow/example_dags/example_python_decorator.py                                                          1           0  0.27s           2025-09-04T12:01:34
/home/airflow/.local/lib/python3.12/site-packages/airflow/example_dags/example_short_circuit_decorator.py                                                   1           0  0.26s           2025-09-04T12:01:32
/home/airflow/.local/lib/python3.12/site-packages/airflow/example_dags/example_time_delta_sensor_async.py                                                   1           0  0.26s           2025-09-04T12:01:33
/home/airflow/.local/lib/python3.12/site-packages/airflow/example_dags/tutorial_taskflow_api_virtualenv.py                                                  1           0  0.25s           2025-09-04T12:01:34
/home/airflow/.local/lib/python3.12/site-packages/airflow/example_dags/example_dynamic_task_mapping.py                                                      1           0  0.25s           2025-09-04T12:01:34
/home/airflow/.local/lib/python3.12/site-packages/airflow/example_dags/example_python_operator.py                                                           1           0  0.25s           2025-09-04T12:01:32
/home/airflow/.local/lib/python3.12/site-packages/airflow/example_dags/example_kubernetes_executor.py                                                       1           0  0.24s           2025-09-04T12:01:30
/home/airflow/.local/lib/python3.12/site-packages/airflow/example_dags/example_latest_only.py                                                               1           0  0.24s           2025-09-04T12:01:31
/home/airflow/.local/lib/python3.12/site-packages/airflow/example_dags/example_params_trigger_ui.py                                                         1           0  0.24s           2025-09-04T12:01:33
/home/airflow/.local/lib/python3.12/site-packages/airflow/example_dags/example_branch_operator.py                                                           1           0  0.23s           2025-09-04T12:01:30
/home/airflow/.local/lib/python3.12/site-packages/airflow/example_dags/example_subdag_operator.py                                                           3           0  0.23s           2025-09-04T12:01:35
/home/airflow/.local/lib/python3.12/site-packages/airflow/example_dags/example_dynamic_task_mapping_with_no_taskflow_operators.py                           1           0  0.23s           2025-09-04T12:01:31
/home/airflow/.local/lib/python3.12/site-packages/airflow/example_dags/example_display_name.py                                                              1           0  0.23s           2025-09-04T12:01:31
/home/airflow/.local/lib/python3.12/site-packages/airflow/example_dags/example_setup_teardown.py                                                            1           0  0.23s           2025-09-04T12:01:30
/home/airflow/.local/lib/python3.12/site-packages/airflow/example_dags/tutorial_dag.py                                                                      1           0  0.22s           2025-09-04T12:01:34
/home/airflow/.local/lib/python3.12/site-packages/airflow/example_dags/example_sensors.py                                                                   1           0  0.22s           2025-09-04T12:01:32
/home/airflow/.local/lib/python3.12/site-packages/airflow/example_dags/example_params_ui_tutorial.py                                                        1           0  0.22s           2025-09-04T12:01:30
/home/airflow/.local/lib/python3.12/site-packages/airflow/example_dags/example_branch_python_dop_operator_3.py                                              1           0  0.21s           2025-09-04T12:01:33
/home/airflow/.local/lib/python3.12/site-packages/airflow/example_dags/example_branch_operator_decorator.py                                                 1           0  0.21s           2025-09-04T12:01:31
/home/airflow/.local/lib/python3.12/site-packages/airflow/example_dags/example_task_group.py                                                                1           0  0.21s           2025-09-04T12:01:31
/home/airflow/.local/lib/python3.12/site-packages/airflow/example_dags/example_setup_teardown_taskflow.py                                                   1           0  0.21s           2025-09-04T12:01:34
/home/airflow/.local/lib/python3.12/site-packages/airflow/example_dags/example_task_group_decorator.py                                                      1           0  0.21s           2025-09-04T12:01:30
/home/airflow/.local/lib/python3.12/site-packages/airflow/example_dags/example_bash_decorator.py                                                            1           0  0.20s           2025-09-04T12:01:32
/home/airflow/.local/lib/python3.12/site-packages/airflow/example_dags/example_local_kubernetes_executor.py                                                 1           0  0.20s           2025-09-04T12:01:31
/home/airflow/.local/lib/python3.12/site-packages/airflow/example_dags/example_complex.py                                                                   1           0  0.20s           2025-09-04T12:01:29
/home/airflow/.local/lib/python3.12/site-packages/airflow/example_dags/example_latest_only_with_trigger.py                                                  1           0  0.20s           2025-09-04T12:01:35
/home/airflow/.local/lib/python3.12/site-packages/airflow/example_dags/example_short_circuit_operator.py                                                    1           0  0.20s           2025-09-04T12:01:29
/home/airflow/.local/lib/python3.12/site-packages/airflow/example_dags/example_trigger_controller_dag.py                                                    1           0  0.20s           2025-09-04T12:01:31
/home/airflow/.local/lib/python3.12/site-packages/airflow/example_dags/example_sensor_decorator.py                                                          1           0  0.19s           2025-09-04T12:01:35
/home/airflow/.local/lib/python3.12/site-packages/airflow/example_dags/example_trigger_target_dag.py                                                        1           0  0.19s           2025-09-04T12:01:32
/home/airflow/.local/lib/python3.12/site-packages/airflow/example_dags/example_branch_labels.py                                                             1           0  0.18s           2025-09-04T12:01:30
/home/airflow/.local/lib/python3.12/site-packages/airflow/example_dags/tutorial_taskflow_api.py                                                             1           0  0.17s           2025-09-04T12:01:35
/home/airflow/.local/lib/python3.12/site-packages/airflow/example_dags/plugins/event_listener.py                                                            0           0  0.11s           2025-09-04T12:01:35
/home/airflow/.local/lib/python3.12/site-packages/airflow/example_dags/plugins/listener_plugin.py                                                           0           0  0.07s           2025-09-04T12:01:35
/home/airflow/.local/lib/python3.12/site-packages/airflow/example_dags/subdags/subdag.py                                                                    0           0  0.07s           2025-09-04T12:01:36
/home/airflow/.local/lib/python3.12/site-packages/airflow/example_dags/plugins/decreasing_priority_weight_strategy.py                                       0           0  0.07s           2025-09-04T12:01:36
================================================================================
[2025-09-04T12:02:29.809+0000] {manager.py:878} INFO - 
================================================================================
DAG File Processing Stats

File Path                                                                                                                            PID  Runtime      # DAGs    # Errors  Last Runtime    Last Run
---------------------------------------------------------------------------------------------------------------------------------  -----  ---------  --------  ----------  --------------  -------------------
/home/airflow/.local/lib/python3.12/site-packages/airflow/example_dags/plugins/workday.py                                                                   0           0  1.38s           2025-09-04T12:02:08
/home/airflow/.local/lib/python3.12/site-packages/airflow/example_dags/example_dag_decorator.py                                                             1           0  0.28s           2025-09-04T12:02:00
/home/airflow/.local/lib/python3.12/site-packages/airflow/example_dags/example_passing_params_via_test_command.py                                           1           0  0.26s           2025-09-04T12:02:02
/home/airflow/.local/lib/python3.12/site-packages/airflow/example_dags/example_local_kubernetes_executor.py                                                 1           0  0.24s           2025-09-04T12:02:01
/home/airflow/.local/lib/python3.12/site-packages/airflow/example_dags/example_params_trigger_ui.py                                                         1           0  0.23s           2025-09-04T12:02:04
/home/airflow/.local/lib/python3.12/site-packages/airflow/example_dags/example_branch_python_dop_operator_3.py                                              1           0  0.21s           2025-09-04T12:02:04
/home/airflow/.local/lib/python3.12/site-packages/airflow/example_dags/example_xcom.py                                                                      1           0  0.20s           2025-09-04T12:02:00
/home/airflow/.local/lib/python3.12/site-packages/airflow/example_dags/example_datasets.py                                                                 10           0  0.19s           2025-09-04T12:02:00
/home/airflow/.local/lib/python3.12/site-packages/airflow/example_dags/example_trigger_controller_dag.py                                                    1           0  0.19s           2025-09-04T12:02:01
/home/airflow/.local/lib/python3.12/site-packages/airflow/example_dags/example_trigger_target_dag.py                                                        1           0  0.19s           2025-09-04T12:02:02
/home/airflow/.local/lib/python3.12/site-packages/airflow/example_dags/example_display_name.py                                                              1           0  0.19s           2025-09-04T12:02:02
/home/airflow/.local/lib/python3.12/site-packages/airflow/example_dags/example_skip_dag.py                                                                  1           0  0.18s           2025-09-04T12:02:02
/home/airflow/.local/lib/python3.12/site-packages/airflow/example_dags/example_subdag_operator.py                                                           3           0  0.18s           2025-09-04T12:02:06
/home/airflow/.local/lib/python3.12/site-packages/airflow/example_dags/example_short_circuit_decorator.py                                                   1           0  0.18s           2025-09-04T12:02:04
/home/airflow/.local/lib/python3.12/site-packages/airflow/example_dags/example_short_circuit_operator.py                                                    1           0  0.18s           2025-09-04T12:02:00
/home/airflow/.local/lib/python3.12/site-packages/airflow/example_dags/example_xcomargs.py                                                                  2           0  0.16s           2025-09-04T12:02:04
/home/airflow/.local/lib/python3.12/site-packages/airflow/example_dags/example_branch_operator_decorator.py                                                 1           0  0.16s           2025-09-04T12:02:01
/home/airflow/.local/lib/python3.12/site-packages/airflow/example_dags/example_dynamic_task_mapping_with_no_taskflow_operators.py                           1           0  0.15s           2025-09-04T12:02:01
/home/airflow/.local/lib/python3.12/site-packages/airflow/example_dags/example_setup_teardown.py                                                            1           0  0.15s           2025-09-04T12:02:00
/home/airflow/.local/lib/python3.12/site-packages/airflow/example_dags/example_params_ui_tutorial.py                                                        1           0  0.15s           2025-09-04T12:02:01
/home/airflow/.local/lib/python3.12/site-packages/airflow/example_dags/example_bash_operator.py                                                             1           0  0.15s           2025-09-04T12:02:02
/home/airflow/.local/lib/python3.12/site-packages/airflow/example_dags/example_bash_decorator.py                                                            1           0  0.14s           2025-09-04T12:02:02
/home/airflow/.local/lib/python3.12/site-packages/airflow/example_dags/example_latest_only.py                                                               1           0  0.14s           2025-09-04T12:02:01
/home/airflow/.local/lib/python3.12/site-packages/airflow/example_dags/tutorial.py                                                                          1           0  0.14s           2025-09-04T12:02:02
/home/airflow/.local/lib/python3.12/site-packages/airflow/example_dags/example_branch_labels.py                                                             1           0  0.13s           2025-09-04T12:02:00
/home/airflow/.local/lib/python3.12/site-packages/airflow/example_dags/example_task_group.py                                                                1           0  0.13s           2025-09-04T12:02:01
/home/airflow/.local/lib/python3.12/site-packages/airflow/example_dags/example_python_decorator.py                                                          1           0  0.13s           2025-09-04T12:02:04
/home/airflow/.local/lib/python3.12/site-packages/airflow/example_dags/example_time_delta_sensor_async.py                                                   1           0  0.13s           2025-09-04T12:02:04
/home/airflow/.local/lib/python3.12/site-packages/airflow/example_dags/example_dynamic_task_mapping.py                                                      1           0  0.13s           2025-09-04T12:02:04
/home/airflow/.local/lib/python3.12/site-packages/airflow/example_dags/example_sensors.py                                                                   1           0  0.13s           2025-09-04T12:02:02
/home/airflow/.local/lib/python3.12/site-packages/airflow/example_dags/example_kubernetes_executor.py                                                       1           0  0.13s           2025-09-04T12:02:00
/home/airflow/.local/lib/python3.12/site-packages/airflow/example_dags/example_python_operator.py                                                           1           0  0.13s           2025-09-04T12:02:02
/home/airflow/.local/lib/python3.12/site-packages/airflow/example_dags/example_sla_dag.py                                            162  0.02s             1           0  0.13s           2025-09-04T12:01:58
/home/airflow/.local/lib/python3.12/site-packages/airflow/example_dags/example_external_task_marker_dag.py                                                  2           0  0.13s           2025-09-04T12:02:04
/home/airflow/.local/lib/python3.12/site-packages/airflow/example_dags/example_task_group_decorator.py                                                      1           0  0.13s           2025-09-04T12:02:01
/home/airflow/.local/lib/python3.12/site-packages/airflow/example_dags/example_nested_branch_dag.py                                  163  0.01s             1           0  0.12s           2025-09-04T12:01:58
/home/airflow/.local/lib/python3.12/site-packages/airflow/example_dags/example_branch_datetime_operator.py                                                  3           0  0.12s           2025-09-04T12:02:00
/home/airflow/.local/lib/python3.12/site-packages/airflow/example_dags/example_complex.py                                                                   1           0  0.12s           2025-09-04T12:02:00
/home/airflow/.local/lib/python3.12/site-packages/airflow/example_dags/tutorial_objectstorage.py                                                            1           0  0.12s           2025-09-04T12:02:04
/home/airflow/.local/lib/python3.12/site-packages/airflow/example_dags/example_sensor_decorator.py                                                          1           0  0.12s           2025-09-04T12:02:06
/home/airflow/.local/lib/python3.12/site-packages/airflow/example_dags/example_setup_teardown_taskflow.py                                                   1           0  0.12s           2025-09-04T12:02:04
/home/airflow/.local/lib/python3.12/site-packages/airflow/example_dags/subdags/subdag.py                                                                    0           0  0.12s           2025-09-04T12:02:07
/home/airflow/.local/lib/python3.12/site-packages/airflow/example_dags/example_latest_only_with_trigger.py                                                  1           0  0.12s           2025-09-04T12:02:06
/home/airflow/.local/lib/python3.12/site-packages/airflow/example_dags/plugins/event_listener.py                                                            0           0  0.11s           2025-09-04T12:02:06
/home/airflow/.local/lib/python3.12/site-packages/airflow/example_dags/tutorial_dag.py                                                                      1           0  0.11s           2025-09-04T12:02:04
/home/airflow/.local/lib/python3.12/site-packages/airflow/example_dags/example_branch_operator.py                                                           1           0  0.11s           2025-09-04T12:02:00
/home/airflow/.local/lib/python3.12/site-packages/airflow/example_dags/example_branch_day_of_week_operator.py                                               1           0  0.11s           2025-09-04T12:02:05
/home/airflow/.local/lib/python3.12/site-packages/airflow/example_dags/tutorial_taskflow_api.py                                                             1           0  0.10s           2025-09-04T12:02:06
/home/airflow/.local/lib/python3.12/site-packages/airflow/example_dags/plugins/listener_plugin.py                                                           0           0  0.10s           2025-09-04T12:02:06
/home/airflow/.local/lib/python3.12/site-packages/airflow/example_dags/plugins/decreasing_priority_weight_strategy.py                                       0           0  0.09s           2025-09-04T12:02:07
/home/airflow/.local/lib/python3.12/site-packages/airflow/example_dags/tutorial_taskflow_api_virtualenv.py                                                  1           0  0.09s           2025-09-04T12:02:05
================================================================================
[2025-09-04T12:03:00.254+0000] {manager.py:878} INFO - 
================================================================================
DAG File Processing Stats

File Path                                                                                                                            PID  Runtime      # DAGs    # Errors  Last Runtime    Last Run
---------------------------------------------------------------------------------------------------------------------------------  -----  ---------  --------  ----------  --------------  -------------------
/home/airflow/.local/lib/python3.12/site-packages/airflow/example_dags/plugins/workday.py                                                                   0           0  0.43s           2025-09-04T12:02:39
/home/airflow/.local/lib/python3.12/site-packages/airflow/example_dags/example_dag_decorator.py                                                             1           0  0.26s           2025-09-04T12:02:31
/home/airflow/.local/lib/python3.12/site-packages/airflow/example_dags/example_task_group_decorator.py                                                      1           0  0.20s           2025-09-04T12:02:31
/home/airflow/.local/lib/python3.12/site-packages/airflow/example_dags/example_task_group.py                                                                1           0  0.20s           2025-09-04T12:02:31
/home/airflow/.local/lib/python3.12/site-packages/airflow/example_dags/example_bash_operator.py                                                             1           0  0.17s           2025-09-04T12:02:33
/home/airflow/.local/lib/python3.12/site-packages/airflow/example_dags/example_datasets.py                                                                 10           0  0.17s           2025-09-04T12:02:31
/home/airflow/.local/lib/python3.12/site-packages/airflow/example_dags/example_dynamic_task_mapping_with_no_taskflow_operators.py                           1           0  0.17s           2025-09-04T12:02:31
/home/airflow/.local/lib/python3.12/site-packages/airflow/example_dags/example_sla_dag.py                                            220  0.01s             1           0  0.15s           2025-09-04T12:02:29
/home/airflow/.local/lib/python3.12/site-packages/airflow/example_dags/example_latest_only.py                                                               1           0  0.15s           2025-09-04T12:02:32
/home/airflow/.local/lib/python3.12/site-packages/airflow/example_dags/example_branch_operator_decorator.py                                                 1           0  0.15s           2025-09-04T12:02:32
/home/airflow/.local/lib/python3.12/site-packages/airflow/example_dags/example_bash_decorator.py                                                            1           0  0.14s           2025-09-04T12:02:33
/home/airflow/.local/lib/python3.12/site-packages/airflow/example_dags/example_python_operator.py                                                           1           0  0.14s           2025-09-04T12:02:33
/home/airflow/.local/lib/python3.12/site-packages/airflow/example_dags/example_nested_branch_dag.py                                  221  0.00s             1           0  0.14s           2025-09-04T12:02:29
/home/airflow/.local/lib/python3.12/site-packages/airflow/example_dags/tutorial.py                                                                          1           0  0.14s           2025-09-04T12:02:32
/home/airflow/.local/lib/python3.12/site-packages/airflow/example_dags/example_subdag_operator.py                                                           3           0  0.13s           2025-09-04T12:02:37
/home/airflow/.local/lib/python3.12/site-packages/airflow/example_dags/example_sensors.py                                                                   1           0  0.13s           2025-09-04T12:02:33
/home/airflow/.local/lib/python3.12/site-packages/airflow/example_dags/example_skip_dag.py                                                                  1           0  0.13s           2025-09-04T12:02:32
/home/airflow/.local/lib/python3.12/site-packages/airflow/example_dags/example_passing_params_via_test_command.py                                           1           0  0.13s           2025-09-04T12:02:33
/home/airflow/.local/lib/python3.12/site-packages/airflow/example_dags/example_local_kubernetes_executor.py                                                 1           0  0.12s           2025-09-04T12:02:32
/home/airflow/.local/lib/python3.12/site-packages/airflow/example_dags/example_short_circuit_decorator.py                                                   1           0  0.12s           2025-09-04T12:02:35
/home/airflow/.local/lib/python3.12/site-packages/airflow/example_dags/example_kubernetes_executor.py                                                       1           0  0.12s           2025-09-04T12:02:31
/home/airflow/.local/lib/python3.12/site-packages/airflow/example_dags/example_params_trigger_ui.py                                                         1           0  0.12s           2025-09-04T12:02:35
/home/airflow/.local/lib/python3.12/site-packages/airflow/example_dags/example_trigger_controller_dag.py                                                    1           0  0.11s           2025-09-04T12:02:32
/home/airflow/.local/lib/python3.12/site-packages/airflow/example_dags/example_params_ui_tutorial.py                                                        1           0  0.11s           2025-09-04T12:02:31
/home/airflow/.local/lib/python3.12/site-packages/airflow/example_dags/example_external_task_marker_dag.py                                                  2           0  0.11s           2025-09-04T12:02:35
/home/airflow/.local/lib/python3.12/site-packages/airflow/example_dags/example_latest_only_with_trigger.py                                                  1           0  0.11s           2025-09-04T12:02:36
/home/airflow/.local/lib/python3.12/site-packages/airflow/example_dags/example_setup_teardown.py                                                            1           0  0.11s           2025-09-04T12:02:31
/home/airflow/.local/lib/python3.12/site-packages/airflow/example_dags/example_sensor_decorator.py                                                          1           0  0.11s           2025-09-04T12:02:36
/home/airflow/.local/lib/python3.12/site-packages/airflow/example_dags/example_complex.py                                                                   1           0  0.11s           2025-09-04T12:02:31
/home/airflow/.local/lib/python3.12/site-packages/airflow/example_dags/example_python_decorator.py                                                          1           0  0.10s           2025-09-04T12:02:35
/home/airflow/.local/lib/python3.12/site-packages/airflow/example_dags/example_trigger_target_dag.py                                                        1           0  0.10s           2025-09-04T12:02:33
/home/airflow/.local/lib/python3.12/site-packages/airflow/example_dags/example_setup_teardown_taskflow.py                                                   1           0  0.10s           2025-09-04T12:02:35
/home/airflow/.local/lib/python3.12/site-packages/airflow/example_dags/example_branch_labels.py                                                             1           0  0.10s           2025-09-04T12:02:31
/home/airflow/.local/lib/python3.12/site-packages/airflow/example_dags/example_branch_day_of_week_operator.py                                               1           0  0.10s           2025-09-04T12:02:36
/home/airflow/.local/lib/python3.12/site-packages/airflow/example_dags/example_display_name.py                                                              1           0  0.10s           2025-09-04T12:02:32
/home/airflow/.local/lib/python3.12/site-packages/airflow/example_dags/example_branch_datetime_operator.py                                                  3           0  0.10s           2025-09-04T12:02:31
/home/airflow/.local/lib/python3.12/site-packages/airflow/example_dags/plugins/decreasing_priority_weight_strategy.py                                       0           0  0.10s           2025-09-04T12:02:38
/home/airflow/.local/lib/python3.12/site-packages/airflow/example_dags/example_xcomargs.py                                                                  2           0  0.10s           2025-09-04T12:02:35
/home/airflow/.local/lib/python3.12/site-packages/airflow/example_dags/example_branch_operator.py                                                           1           0  0.09s           2025-09-04T12:02:31
/home/airflow/.local/lib/python3.12/site-packages/airflow/example_dags/example_branch_python_dop_operator_3.py                                              1           0  0.09s           2025-09-04T12:02:35
/home/airflow/.local/lib/python3.12/site-packages/airflow/example_dags/example_dynamic_task_mapping.py                                                      1           0  0.09s           2025-09-04T12:02:35
/home/airflow/.local/lib/python3.12/site-packages/airflow/example_dags/example_xcom.py                                                                      1           0  0.09s           2025-09-04T12:02:30
/home/airflow/.local/lib/python3.12/site-packages/airflow/example_dags/tutorial_taskflow_api.py                                                             1           0  0.09s           2025-09-04T12:02:36
/home/airflow/.local/lib/python3.12/site-packages/airflow/example_dags/example_time_delta_sensor_async.py                                                   1           0  0.09s           2025-09-04T12:02:35
/home/airflow/.local/lib/python3.12/site-packages/airflow/example_dags/tutorial_objectstorage.py                                                            1           0  0.09s           2025-09-04T12:02:35
/home/airflow/.local/lib/python3.12/site-packages/airflow/example_dags/example_short_circuit_operator.py                                                    1           0  0.09s           2025-09-04T12:02:30
/home/airflow/.local/lib/python3.12/site-packages/airflow/example_dags/subdags/subdag.py                                                                    0           0  0.08s           2025-09-04T12:02:38
/home/airflow/.local/lib/python3.12/site-packages/airflow/example_dags/tutorial_taskflow_api_virtualenv.py                                                  1           0  0.08s           2025-09-04T12:02:36
/home/airflow/.local/lib/python3.12/site-packages/airflow/example_dags/tutorial_dag.py                                                                      1           0  0.08s           2025-09-04T12:02:35
/home/airflow/.local/lib/python3.12/site-packages/airflow/example_dags/plugins/event_listener.py                                                            0           0  0.05s           2025-09-04T12:02:37
/home/airflow/.local/lib/python3.12/site-packages/airflow/example_dags/plugins/listener_plugin.py                                                           0           0  0.04s           2025-09-04T12:02:37
================================================================================
[2025-09-04T12:03:30.417+0000] {manager.py:878} INFO - 
================================================================================
DAG File Processing Stats

File Path                                                                                                                            PID  Runtime      # DAGs    # Errors  Last Runtime    Last Run
---------------------------------------------------------------------------------------------------------------------------------  -----  ---------  --------  ----------  --------------  -------------------
/home/airflow/.local/lib/python3.12/site-packages/airflow/example_dags/plugins/workday.py                                                                   0           0  0.79s           2025-09-04T12:03:10
/home/airflow/.local/lib/python3.12/site-packages/airflow/example_dags/example_subdag_operator.py                                                           3           0  0.28s           2025-09-04T12:03:08
/home/airflow/.local/lib/python3.12/site-packages/airflow/example_dags/example_setup_teardown_taskflow.py                                                   1           0  0.24s           2025-09-04T12:03:06
/home/airflow/.local/lib/python3.12/site-packages/airflow/example_dags/example_dynamic_task_mapping.py                                                      1           0  0.22s           2025-09-04T12:03:06
/home/airflow/.local/lib/python3.12/site-packages/airflow/example_dags/tutorial_dag.py                                                                      1           0  0.22s           2025-09-04T12:03:06
/home/airflow/.local/lib/python3.12/site-packages/airflow/example_dags/example_dag_decorator.py                                                             1           0  0.21s           2025-09-04T12:03:01
/home/airflow/.local/lib/python3.12/site-packages/airflow/example_dags/example_python_decorator.py                                                          1           0  0.21s           2025-09-04T12:03:05
/home/airflow/.local/lib/python3.12/site-packages/airflow/example_dags/example_sensor_decorator.py                                                          1           0  0.21s           2025-09-04T12:03:07
/home/airflow/.local/lib/python3.12/site-packages/airflow/example_dags/example_bash_operator.py                                                             1           0  0.21s           2025-09-04T12:03:05
/home/airflow/.local/lib/python3.12/site-packages/airflow/example_dags/example_params_trigger_ui.py                                                         1           0  0.20s           2025-09-04T12:03:05
/home/airflow/.local/lib/python3.12/site-packages/airflow/example_dags/example_external_task_marker_dag.py                                                  2           0  0.20s           2025-09-04T12:03:05
/home/airflow/.local/lib/python3.12/site-packages/airflow/example_dags/example_branch_python_dop_operator_3.py                                              1           0  0.18s           2025-09-04T12:03:05
/home/airflow/.local/lib/python3.12/site-packages/airflow/example_dags/example_python_operator.py                                                           1           0  0.17s           2025-09-04T12:03:05
/home/airflow/.local/lib/python3.12/site-packages/airflow/example_dags/example_latest_only_with_trigger.py                                                  1           0  0.17s           2025-09-04T12:03:07
/home/airflow/.local/lib/python3.12/site-packages/airflow/example_dags/example_kubernetes_executor.py                                                       1           0  0.16s           2025-09-04T12:03:01
/home/airflow/.local/lib/python3.12/site-packages/airflow/example_dags/example_local_kubernetes_executor.py                                                 1           0  0.16s           2025-09-04T12:03:02
/home/airflow/.local/lib/python3.12/site-packages/airflow/example_dags/example_branch_day_of_week_operator.py                                               1           0  0.16s           2025-09-04T12:03:07
/home/airflow/.local/lib/python3.12/site-packages/airflow/example_dags/tutorial_objectstorage.py                                                            1           0  0.15s           2025-09-04T12:03:05
/home/airflow/.local/lib/python3.12/site-packages/airflow/example_dags/example_branch_operator.py                                                           1           0  0.15s           2025-09-04T12:03:01
/home/airflow/.local/lib/python3.12/site-packages/airflow/example_dags/tutorial.py                                                                          1           0  0.14s           2025-09-04T12:03:02
/home/airflow/.local/lib/python3.12/site-packages/airflow/example_dags/example_setup_teardown.py                                                            1           0  0.14s           2025-09-04T12:03:02
/home/airflow/.local/lib/python3.12/site-packages/airflow/example_dags/tutorial_taskflow_api.py                                                             1           0  0.14s           2025-09-04T12:03:07
/home/airflow/.local/lib/python3.12/site-packages/airflow/example_dags/example_datasets.py                                                                 10           0  0.13s           2025-09-04T12:03:01
/home/airflow/.local/lib/python3.12/site-packages/airflow/example_dags/tutorial_taskflow_api_virtualenv.py                                                  1           0  0.13s           2025-09-04T12:03:07
/home/airflow/.local/lib/python3.12/site-packages/airflow/example_dags/example_sla_dag.py                                            278  0.02s             1           0  0.13s           2025-09-04T12:03:00
/home/airflow/.local/lib/python3.12/site-packages/airflow/example_dags/example_time_delta_sensor_async.py                                                   1           0  0.13s           2025-09-04T12:03:05
/home/airflow/.local/lib/python3.12/site-packages/airflow/example_dags/example_nested_branch_dag.py                                  279  0.01s             1           0  0.13s           2025-09-04T12:03:00
/home/airflow/.local/lib/python3.12/site-packages/airflow/example_dags/example_short_circuit_decorator.py                                                   1           0  0.13s           2025-09-04T12:03:05
/home/airflow/.local/lib/python3.12/site-packages/airflow/example_dags/example_xcomargs.py                                                                  2           0  0.12s           2025-09-04T12:03:05
/home/airflow/.local/lib/python3.12/site-packages/airflow/example_dags/example_passing_params_via_test_command.py                                           1           0  0.12s           2025-09-04T12:03:03
/home/airflow/.local/lib/python3.12/site-packages/airflow/example_dags/example_display_name.py                                                              1           0  0.12s           2025-09-04T12:03:02
/home/airflow/.local/lib/python3.12/site-packages/airflow/example_dags/example_branch_labels.py                                                             1           0  0.12s           2025-09-04T12:03:02
/home/airflow/.local/lib/python3.12/site-packages/airflow/example_dags/example_sensors.py                                                                   1           0  0.12s           2025-09-04T12:03:03
/home/airflow/.local/lib/python3.12/site-packages/airflow/example_dags/example_skip_dag.py                                                                  1           0  0.11s           2025-09-04T12:03:02
/home/airflow/.local/lib/python3.12/site-packages/airflow/example_dags/example_complex.py                                                                   1           0  0.11s           2025-09-04T12:03:01
/home/airflow/.local/lib/python3.12/site-packages/airflow/example_dags/example_bash_decorator.py                                                            1           0  0.11s           2025-09-04T12:03:03
/home/airflow/.local/lib/python3.12/site-packages/airflow/example_dags/plugins/decreasing_priority_weight_strategy.py                                       0           0  0.11s           2025-09-04T12:03:08
/home/airflow/.local/lib/python3.12/site-packages/airflow/example_dags/example_branch_datetime_operator.py                                                  3           0  0.11s           2025-09-04T12:03:01
/home/airflow/.local/lib/python3.12/site-packages/airflow/example_dags/plugins/event_listener.py                                                            0           0  0.11s           2025-09-04T12:03:07
/home/airflow/.local/lib/python3.12/site-packages/airflow/example_dags/plugins/listener_plugin.py                                                           0           0  0.11s           2025-09-04T12:03:08
/home/airflow/.local/lib/python3.12/site-packages/airflow/example_dags/subdags/subdag.py                                                                    0           0  0.10s           2025-09-04T12:03:08
/home/airflow/.local/lib/python3.12/site-packages/airflow/example_dags/example_xcom.py                                                                      1           0  0.10s           2025-09-04T12:03:01
/home/airflow/.local/lib/python3.12/site-packages/airflow/example_dags/example_params_ui_tutorial.py                                                        1           0  0.10s           2025-09-04T12:03:02
/home/airflow/.local/lib/python3.12/site-packages/airflow/example_dags/example_branch_operator_decorator.py                                                 1           0  0.10s           2025-09-04T12:03:02
/home/airflow/.local/lib/python3.12/site-packages/airflow/example_dags/example_task_group_decorator.py                                                      1           0  0.09s           2025-09-04T12:03:02
/home/airflow/.local/lib/python3.12/site-packages/airflow/example_dags/example_task_group.py                                                                1           0  0.09s           2025-09-04T12:03:02
/home/airflow/.local/lib/python3.12/site-packages/airflow/example_dags/example_trigger_target_dag.py                                                        1           0  0.09s           2025-09-04T12:03:03
/home/airflow/.local/lib/python3.12/site-packages/airflow/example_dags/example_trigger_controller_dag.py                                                    1           0  0.09s           2025-09-04T12:03:02
/home/airflow/.local/lib/python3.12/site-packages/airflow/example_dags/example_dynamic_task_mapping_with_no_taskflow_operators.py                           1           0  0.09s           2025-09-04T12:03:02
/home/airflow/.local/lib/python3.12/site-packages/airflow/example_dags/example_latest_only.py                                                               1           0  0.08s           2025-09-04T12:03:02
/home/airflow/.local/lib/python3.12/site-packages/airflow/example_dags/example_short_circuit_operator.py                                                    1           0  0.08s           2025-09-04T12:03:01
================================================================================
[2025-09-04T12:04:00.527+0000] {manager.py:878} INFO - 
================================================================================
DAG File Processing Stats

File Path                                                                                                                            PID  Runtime      # DAGs    # Errors  Last Runtime    Last Run
---------------------------------------------------------------------------------------------------------------------------------  -----  ---------  --------  ----------  --------------  -------------------
/home/airflow/.local/lib/python3.12/site-packages/airflow/example_dags/plugins/workday.py                                                                   0           0  0.50s           2025-09-04T12:03:42
/home/airflow/.local/lib/python3.12/site-packages/airflow/example_dags/example_dag_decorator.py                                                             1           0  0.32s           2025-09-04T12:03:32
/home/airflow/.local/lib/python3.12/site-packages/airflow/example_dags/example_task_group_decorator.py                                                      1           0  0.24s           2025-09-04T12:03:32
/home/airflow/.local/lib/python3.12/site-packages/airflow/example_dags/example_params_ui_tutorial.py                                                        1           0  0.24s           2025-09-04T12:03:32
/home/airflow/.local/lib/python3.12/site-packages/airflow/example_dags/example_subdag_operator.py                                                           3           0  0.22s           2025-09-04T12:03:38
/home/airflow/.local/lib/python3.12/site-packages/airflow/example_dags/example_sensor_decorator.py                                                          1           0  0.19s           2025-09-04T12:03:38
/home/airflow/.local/lib/python3.12/site-packages/airflow/example_dags/example_branch_datetime_operator.py                                                  3           0  0.19s           2025-09-04T12:03:32
/home/airflow/.local/lib/python3.12/site-packages/airflow/example_dags/example_latest_only_with_trigger.py                                                  1           0  0.19s           2025-09-04T12:03:38
/home/airflow/.local/lib/python3.12/site-packages/airflow/example_dags/example_datasets.py                                                                 10           0  0.17s           2025-09-04T12:03:31
/home/airflow/.local/lib/python3.12/site-packages/airflow/example_dags/example_complex.py                                                                   1           0  0.15s           2025-09-04T12:03:31
/home/airflow/.local/lib/python3.12/site-packages/airflow/example_dags/example_task_group.py                                                                1           0  0.15s           2025-09-04T12:03:32
/home/airflow/.local/lib/python3.12/site-packages/airflow/example_dags/example_branch_operator.py                                                           1           0  0.14s           2025-09-04T12:03:32
/home/airflow/.local/lib/python3.12/site-packages/airflow/example_dags/example_passing_params_via_test_command.py                                           1           0  0.14s           2025-09-04T12:03:34
/home/airflow/.local/lib/python3.12/site-packages/airflow/example_dags/example_short_circuit_operator.py                                                    1           0  0.14s           2025-09-04T12:03:31
/home/airflow/.local/lib/python3.12/site-packages/airflow/example_dags/example_xcom.py                                                                      1           0  0.14s           2025-09-04T12:03:31
/home/airflow/.local/lib/python3.12/site-packages/airflow/example_dags/example_setup_teardown_taskflow.py                                                   1           0  0.13s           2025-09-04T12:03:37
/home/airflow/.local/lib/python3.12/site-packages/airflow/example_dags/example_params_trigger_ui.py                                                         1           0  0.13s           2025-09-04T12:03:35
/home/airflow/.local/lib/python3.12/site-packages/airflow/example_dags/tutorial_objectstorage.py                                                            1           0  0.13s           2025-09-04T12:03:35
/home/airflow/.local/lib/python3.12/site-packages/airflow/example_dags/example_kubernetes_executor.py                                                       1           0  0.12s           2025-09-04T12:03:32
/home/airflow/.local/lib/python3.12/site-packages/airflow/example_dags/example_branch_day_of_week_operator.py                                               1           0  0.12s           2025-09-04T12:03:38
/home/airflow/.local/lib/python3.12/site-packages/airflow/example_dags/tutorial_taskflow_api.py                                                             1           0  0.12s           2025-09-04T12:03:38
/home/airflow/.local/lib/python3.12/site-packages/airflow/example_dags/example_dynamic_task_mapping_with_no_taskflow_operators.py                           1           0  0.12s           2025-09-04T12:03:32
/home/airflow/.local/lib/python3.12/site-packages/airflow/example_dags/example_sla_dag.py                                            336  0.00s             1           0  0.12s           2025-09-04T12:03:30
/home/airflow/.local/lib/python3.12/site-packages/airflow/example_dags/example_trigger_target_dag.py                                                        1           0  0.12s           2025-09-04T12:03:34
/home/airflow/.local/lib/python3.12/site-packages/airflow/example_dags/example_python_decorator.py                                                          1           0  0.12s           2025-09-04T12:03:36
/home/airflow/.local/lib/python3.12/site-packages/airflow/example_dags/example_bash_operator.py                                                             1           0  0.11s           2025-09-04T12:03:35
/home/airflow/.local/lib/python3.12/site-packages/airflow/example_dags/example_dynamic_task_mapping.py                                                      1           0  0.11s           2025-09-04T12:03:37
/home/airflow/.local/lib/python3.12/site-packages/airflow/example_dags/tutorial.py                                                                          1           0  0.11s           2025-09-04T12:03:33
/home/airflow/.local/lib/python3.12/site-packages/airflow/example_dags/example_nested_branch_dag.py                                                         1           0  0.11s           2025-09-04T12:03:30
/home/airflow/.local/lib/python3.12/site-packages/airflow/example_dags/example_branch_operator_decorator.py                                                 1           0  0.11s           2025-09-04T12:03:32
/home/airflow/.local/lib/python3.12/site-packages/airflow/example_dags/example_sensors.py                                                                   1           0  0.11s           2025-09-04T12:03:34
/home/airflow/.local/lib/python3.12/site-packages/airflow/example_dags/example_bash_decorator.py                                                            1           0  0.11s           2025-09-04T12:03:34
/home/airflow/.local/lib/python3.12/site-packages/airflow/example_dags/example_short_circuit_decorator.py                                                   1           0  0.11s           2025-09-04T12:03:35
/home/airflow/.local/lib/python3.12/site-packages/airflow/example_dags/example_xcomargs.py                                                                  2           0  0.11s           2025-09-04T12:03:35
/home/airflow/.local/lib/python3.12/site-packages/airflow/example_dags/example_skip_dag.py                                                                  1           0  0.11s           2025-09-04T12:03:33
/home/airflow/.local/lib/python3.12/site-packages/airflow/example_dags/tutorial_taskflow_api_virtualenv.py                                                  1           0  0.10s           2025-09-04T12:03:38
/home/airflow/.local/lib/python3.12/site-packages/airflow/example_dags/example_branch_labels.py                                                             1           0  0.10s           2025-09-04T12:03:32
/home/airflow/.local/lib/python3.12/site-packages/airflow/example_dags/example_display_name.py                                                              1           0  0.10s           2025-09-04T12:03:33
/home/airflow/.local/lib/python3.12/site-packages/airflow/example_dags/example_local_kubernetes_executor.py                                                 1           0  0.10s           2025-09-04T12:03:32
/home/airflow/.local/lib/python3.12/site-packages/airflow/example_dags/example_external_task_marker_dag.py                                                  2           0  0.10s           2025-09-04T12:03:36
/home/airflow/.local/lib/python3.12/site-packages/airflow/example_dags/tutorial_dag.py                                                                      1           0  0.09s           2025-09-04T12:03:37
/home/airflow/.local/lib/python3.12/site-packages/airflow/example_dags/example_trigger_controller_dag.py                                                    1           0  0.09s           2025-09-04T12:03:32
/home/airflow/.local/lib/python3.12/site-packages/airflow/example_dags/example_setup_teardown.py                                                            1           0  0.09s           2025-09-04T12:03:32
/home/airflow/.local/lib/python3.12/site-packages/airflow/example_dags/example_branch_python_dop_operator_3.py                                              1           0  0.09s           2025-09-04T12:03:35
/home/airflow/.local/lib/python3.12/site-packages/airflow/example_dags/example_python_operator.py                                                           1           0  0.09s           2025-09-04T12:03:35
/home/airflow/.local/lib/python3.12/site-packages/airflow/example_dags/plugins/event_listener.py                                                            0           0  0.09s           2025-09-04T12:03:38
/home/airflow/.local/lib/python3.12/site-packages/airflow/example_dags/plugins/listener_plugin.py                                                           0           0  0.08s           2025-09-04T12:03:38
/home/airflow/.local/lib/python3.12/site-packages/airflow/example_dags/example_latest_only.py                                                               1           0  0.08s           2025-09-04T12:03:32
/home/airflow/.local/lib/python3.12/site-packages/airflow/example_dags/example_time_delta_sensor_async.py                                                   1           0  0.07s           2025-09-04T12:03:35
/home/airflow/.local/lib/python3.12/site-packages/airflow/example_dags/plugins/decreasing_priority_weight_strategy.py                                       0           0  0.07s           2025-09-04T12:03:38
/home/airflow/.local/lib/python3.12/site-packages/airflow/example_dags/subdags/subdag.py                                                                    0           0  0.07s           2025-09-04T12:03:38
================================================================================
[2025-09-04T12:04:31.247+0000] {manager.py:878} INFO - 
================================================================================
DAG File Processing Stats

File Path                                                                                                                            PID  Runtime      # DAGs    # Errors  Last Runtime    Last Run
---------------------------------------------------------------------------------------------------------------------------------  -----  ---------  --------  ----------  --------------  -------------------
/home/airflow/.local/lib/python3.12/site-packages/airflow/example_dags/plugins/workday.py                                                                   0           0  0.83s           2025-09-04T12:04:14
/home/airflow/.local/lib/python3.12/site-packages/airflow/example_dags/example_dag_decorator.py                                                             1           0  0.40s           2025-09-04T12:04:02
/home/airflow/.local/lib/python3.12/site-packages/airflow/example_dags/example_datasets.py                                                                 10           0  0.26s           2025-09-04T12:04:02
/home/airflow/.local/lib/python3.12/site-packages/airflow/example_dags/example_branch_operator_decorator.py                                                 1           0  0.24s           2025-09-04T12:04:03
/home/airflow/.local/lib/python3.12/site-packages/airflow/example_dags/example_short_circuit_operator.py                                                    1           0  0.24s           2025-09-04T12:04:02
/home/airflow/.local/lib/python3.12/site-packages/airflow/example_dags/example_xcom.py                                                                      1           0  0.24s           2025-09-04T12:04:02
/home/airflow/.local/lib/python3.12/site-packages/airflow/example_dags/example_subdag_operator.py                                                           3           0  0.23s           2025-09-04T12:04:09
/home/airflow/.local/lib/python3.12/site-packages/airflow/example_dags/example_dynamic_task_mapping.py                                                      1           0  0.23s           2025-09-04T12:04:07
/home/airflow/.local/lib/python3.12/site-packages/airflow/example_dags/example_sla_dag.py                                            394  0.01s             1           0  0.23s           2025-09-04T12:04:00
/home/airflow/.local/lib/python3.12/site-packages/airflow/example_dags/example_bash_operator.py                                                             1           0  0.22s           2025-09-04T12:04:06
/home/airflow/.local/lib/python3.12/site-packages/airflow/example_dags/example_latest_only.py                                                               1           0  0.21s           2025-09-04T12:04:03
/home/airflow/.local/lib/python3.12/site-packages/airflow/example_dags/example_branch_day_of_week_operator.py                                               1           0  0.20s           2025-09-04T12:04:08
/home/airflow/.local/lib/python3.12/site-packages/airflow/example_dags/example_branch_datetime_operator.py                                                  3           0  0.20s           2025-09-04T12:04:02
/home/airflow/.local/lib/python3.12/site-packages/airflow/example_dags/tutorial_dag.py                                                                      1           0  0.20s           2025-09-04T12:04:07
/home/airflow/.local/lib/python3.12/site-packages/airflow/example_dags/example_complex.py                                                                   1           0  0.19s           2025-09-04T12:04:02
/home/airflow/.local/lib/python3.12/site-packages/airflow/example_dags/example_skip_dag.py                                                                  1           0  0.19s           2025-09-04T12:04:04
/home/airflow/.local/lib/python3.12/site-packages/airflow/example_dags/example_nested_branch_dag.py                                  395  0.00s             1           0  0.18s           2025-09-04T12:04:00
/home/airflow/.local/lib/python3.12/site-packages/airflow/example_dags/example_branch_operator.py                                                           1           0  0.18s           2025-09-04T12:04:02
/home/airflow/.local/lib/python3.12/site-packages/airflow/example_dags/example_latest_only_with_trigger.py                                                  1           0  0.18s           2025-09-04T12:04:08
/home/airflow/.local/lib/python3.12/site-packages/airflow/example_dags/example_short_circuit_decorator.py                                                   1           0  0.18s           2025-09-04T12:04:06
/home/airflow/.local/lib/python3.12/site-packages/airflow/example_dags/example_passing_params_via_test_command.py                                           1           0  0.18s           2025-09-04T12:04:05
/home/airflow/.local/lib/python3.12/site-packages/airflow/example_dags/example_setup_teardown_taskflow.py                                                   1           0  0.18s           2025-09-04T12:04:07
/home/airflow/.local/lib/python3.12/site-packages/airflow/example_dags/example_sensor_decorator.py                                                          1           0  0.17s           2025-09-04T12:04:08
/home/airflow/.local/lib/python3.12/site-packages/airflow/example_dags/example_python_operator.py                                                           1           0  0.17s           2025-09-04T12:04:06
/home/airflow/.local/lib/python3.12/site-packages/airflow/example_dags/tutorial_taskflow_api_virtualenv.py                                                  1           0  0.17s           2025-09-04T12:04:08
/home/airflow/.local/lib/python3.12/site-packages/airflow/example_dags/example_kubernetes_executor.py                                                       1           0  0.17s           2025-09-04T12:04:02
/home/airflow/.local/lib/python3.12/site-packages/airflow/example_dags/example_local_kubernetes_executor.py                                                 1           0  0.16s           2025-09-04T12:04:03
/home/airflow/.local/lib/python3.12/site-packages/airflow/example_dags/example_setup_teardown.py                                                            1           0  0.16s           2025-09-04T12:04:02
/home/airflow/.local/lib/python3.12/site-packages/airflow/example_dags/example_python_decorator.py                                                          1           0  0.15s           2025-09-04T12:04:07
/home/airflow/.local/lib/python3.12/site-packages/airflow/example_dags/example_params_ui_tutorial.py                                                        1           0  0.15s           2025-09-04T12:04:03
/home/airflow/.local/lib/python3.12/site-packages/airflow/example_dags/tutorial.py                                                                          1           0  0.15s           2025-09-04T12:04:03
/home/airflow/.local/lib/python3.12/site-packages/airflow/example_dags/tutorial_objectstorage.py                                                            1           0  0.15s           2025-09-04T12:04:06
/home/airflow/.local/lib/python3.12/site-packages/airflow/example_dags/example_params_trigger_ui.py                                                         1           0  0.15s           2025-09-04T12:04:06
/home/airflow/.local/lib/python3.12/site-packages/airflow/example_dags/example_branch_labels.py                                                             1           0  0.15s           2025-09-04T12:04:03
/home/airflow/.local/lib/python3.12/site-packages/airflow/example_dags/example_sensors.py                                                                   1           0  0.15s           2025-09-04T12:04:05
/home/airflow/.local/lib/python3.12/site-packages/airflow/example_dags/example_external_task_marker_dag.py                                                  2           0  0.15s           2025-09-04T12:04:07
/home/airflow/.local/lib/python3.12/site-packages/airflow/example_dags/example_trigger_controller_dag.py                                                    1           0  0.15s           2025-09-04T12:04:03
/home/airflow/.local/lib/python3.12/site-packages/airflow/example_dags/example_xcomargs.py                                                                  2           0  0.14s           2025-09-04T12:04:06
/home/airflow/.local/lib/python3.12/site-packages/airflow/example_dags/example_task_group.py                                                                1           0  0.14s           2025-09-04T12:04:03
/home/airflow/.local/lib/python3.12/site-packages/airflow/example_dags/example_task_group_decorator.py                                                      1           0  0.14s           2025-09-04T12:04:03
/home/airflow/.local/lib/python3.12/site-packages/airflow/example_dags/example_dynamic_task_mapping_with_no_taskflow_operators.py                           1           0  0.13s           2025-09-04T12:04:03
/home/airflow/.local/lib/python3.12/site-packages/airflow/example_dags/example_trigger_target_dag.py                                                        1           0  0.13s           2025-09-04T12:04:05
/home/airflow/.local/lib/python3.12/site-packages/airflow/example_dags/example_time_delta_sensor_async.py                                                   1           0  0.13s           2025-09-04T12:04:07
/home/airflow/.local/lib/python3.12/site-packages/airflow/example_dags/tutorial_taskflow_api.py                                                             1           0  0.13s           2025-09-04T12:04:08
/home/airflow/.local/lib/python3.12/site-packages/airflow/example_dags/example_branch_python_dop_operator_3.py                                              1           0  0.13s           2025-09-04T12:04:06
/home/airflow/.local/lib/python3.12/site-packages/airflow/example_dags/example_bash_decorator.py                                                            1           0  0.13s           2025-09-04T12:04:05
/home/airflow/.local/lib/python3.12/site-packages/airflow/example_dags/example_display_name.py                                                              1           0  0.13s           2025-09-04T12:04:03
/home/airflow/.local/lib/python3.12/site-packages/airflow/example_dags/plugins/listener_plugin.py                                                           0           0  0.10s           2025-09-04T12:04:09
/home/airflow/.local/lib/python3.12/site-packages/airflow/example_dags/plugins/event_listener.py                                                            0           0  0.10s           2025-09-04T12:04:09
/home/airflow/.local/lib/python3.12/site-packages/airflow/example_dags/plugins/decreasing_priority_weight_strategy.py                                       0           0  0.08s           2025-09-04T12:04:09
/home/airflow/.local/lib/python3.12/site-packages/airflow/example_dags/subdags/subdag.py                                                                    0           0  0.07s           2025-09-04T12:04:09
================================================================================
[2025-09-04T12:05:01.308+0000] {manager.py:878} INFO - 
================================================================================
DAG File Processing Stats

File Path                                                                                                                          PID    Runtime      # DAGs    # Errors  Last Runtime    Last Run
---------------------------------------------------------------------------------------------------------------------------------  -----  ---------  --------  ----------  --------------  -------------------
/home/airflow/.local/lib/python3.12/site-packages/airflow/example_dags/plugins/workday.py                                                                   0           0  0.54s           2025-09-04T12:04:44
/home/airflow/.local/lib/python3.12/site-packages/airflow/example_dags/example_dag_decorator.py                                                             1           0  0.22s           2025-09-04T12:04:32
/home/airflow/.local/lib/python3.12/site-packages/airflow/example_dags/example_params_ui_tutorial.py                                                        1           0  0.21s           2025-09-04T12:04:33
/home/airflow/.local/lib/python3.12/site-packages/airflow/example_dags/example_bash_decorator.py                                                            1           0  0.19s           2025-09-04T12:04:35
/home/airflow/.local/lib/python3.12/site-packages/airflow/example_dags/example_task_group_decorator.py                                                      1           0  0.19s           2025-09-04T12:04:33
/home/airflow/.local/lib/python3.12/site-packages/airflow/example_dags/example_dynamic_task_mapping.py                                                      1           0  0.18s           2025-09-04T12:04:38
/home/airflow/.local/lib/python3.12/site-packages/airflow/example_dags/example_branch_labels.py                                                             1           0  0.16s           2025-09-04T12:04:33
/home/airflow/.local/lib/python3.12/site-packages/airflow/example_dags/example_subdag_operator.py                                                           3           0  0.16s           2025-09-04T12:04:39
/home/airflow/.local/lib/python3.12/site-packages/airflow/example_dags/example_datasets.py                                                                 10           0  0.16s           2025-09-04T12:04:32
/home/airflow/.local/lib/python3.12/site-packages/airflow/example_dags/example_skip_dag.py                                                                  1           0  0.16s           2025-09-04T12:04:34
/home/airflow/.local/lib/python3.12/site-packages/airflow/example_dags/tutorial_dag.py                                                                      1           0  0.15s           2025-09-04T12:04:38
/home/airflow/.local/lib/python3.12/site-packages/airflow/example_dags/example_bash_operator.py                                                             1           0  0.15s           2025-09-04T12:04:36
/home/airflow/.local/lib/python3.12/site-packages/airflow/example_dags/example_branch_operator.py                                                           1           0  0.14s           2025-09-04T12:04:33
/home/airflow/.local/lib/python3.12/site-packages/airflow/example_dags/example_params_trigger_ui.py                                                         1           0  0.14s           2025-09-04T12:04:37
/home/airflow/.local/lib/python3.12/site-packages/airflow/example_dags/example_branch_datetime_operator.py                                                  3           0  0.14s           2025-09-04T12:04:33
/home/airflow/.local/lib/python3.12/site-packages/airflow/example_dags/example_sla_dag.py                                                                   1           0  0.14s           2025-09-04T12:04:31
/home/airflow/.local/lib/python3.12/site-packages/airflow/example_dags/example_short_circuit_operator.py                                                    1           0  0.13s           2025-09-04T12:04:32
/home/airflow/.local/lib/python3.12/site-packages/airflow/example_dags/example_xcom.py                                                                      1           0  0.13s           2025-09-04T12:04:32
/home/airflow/.local/lib/python3.12/site-packages/airflow/example_dags/example_kubernetes_executor.py                                                       1           0  0.13s           2025-09-04T12:04:33
/home/airflow/.local/lib/python3.12/site-packages/airflow/example_dags/example_nested_branch_dag.py                                                         1           0  0.13s           2025-09-04T12:04:31
/home/airflow/.local/lib/python3.12/site-packages/airflow/example_dags/example_latest_only_with_trigger.py                                                  1           0  0.13s           2025-09-04T12:04:39
/home/airflow/.local/lib/python3.12/site-packages/airflow/example_dags/example_short_circuit_decorator.py                                                   1           0  0.13s           2025-09-04T12:04:36
/home/airflow/.local/lib/python3.12/site-packages/airflow/example_dags/example_complex.py                                                                   1           0  0.13s           2025-09-04T12:04:32
/home/airflow/.local/lib/python3.12/site-packages/airflow/example_dags/example_setup_teardown_taskflow.py                                                   1           0  0.12s           2025-09-04T12:04:38
/home/airflow/.local/lib/python3.12/site-packages/airflow/example_dags/example_display_name.py                                                              1           0  0.12s           2025-09-04T12:04:34
/home/airflow/.local/lib/python3.12/site-packages/airflow/example_dags/example_task_group.py                                                                1           0  0.12s           2025-09-04T12:04:33
/home/airflow/.local/lib/python3.12/site-packages/airflow/example_dags/plugins/decreasing_priority_weight_strategy.py                                       0           0  0.11s           2025-09-04T12:04:40
/home/airflow/.local/lib/python3.12/site-packages/airflow/example_dags/example_python_operator.py                                                           1           0  0.11s           2025-09-04T12:04:36
/home/airflow/.local/lib/python3.12/site-packages/airflow/example_dags/example_branch_python_dop_operator_3.py                                              1           0  0.11s           2025-09-04T12:04:37
/home/airflow/.local/lib/python3.12/site-packages/airflow/example_dags/example_external_task_marker_dag.py                                                  2           0  0.11s           2025-09-04T12:04:37
/home/airflow/.local/lib/python3.12/site-packages/airflow/example_dags/example_branch_day_of_week_operator.py                                               1           0  0.11s           2025-09-04T12:04:39
/home/airflow/.local/lib/python3.12/site-packages/airflow/example_dags/tutorial.py                                                                          1           0  0.11s           2025-09-04T12:04:34
/home/airflow/.local/lib/python3.12/site-packages/airflow/example_dags/example_dynamic_task_mapping_with_no_taskflow_operators.py                           1           0  0.11s           2025-09-04T12:04:33
/home/airflow/.local/lib/python3.12/site-packages/airflow/example_dags/example_xcomargs.py                                                                  2           0  0.11s           2025-09-04T12:04:36
/home/airflow/.local/lib/python3.12/site-packages/airflow/example_dags/example_local_kubernetes_executor.py                                                 1           0  0.11s           2025-09-04T12:04:34
/home/airflow/.local/lib/python3.12/site-packages/airflow/example_dags/example_setup_teardown.py                                                            1           0  0.11s           2025-09-04T12:04:33
/home/airflow/.local/lib/python3.12/site-packages/airflow/example_dags/tutorial_objectstorage.py                                                            1           0  0.10s           2025-09-04T12:04:37
/home/airflow/.local/lib/python3.12/site-packages/airflow/example_dags/tutorial_taskflow_api.py                                                             1           0  0.10s           2025-09-04T12:04:39
/home/airflow/.local/lib/python3.12/site-packages/airflow/example_dags/example_branch_operator_decorator.py                                                 1           0  0.10s           2025-09-04T12:04:33
/home/airflow/.local/lib/python3.12/site-packages/airflow/example_dags/example_sensors.py                                                                   1           0  0.10s           2025-09-04T12:04:35
/home/airflow/.local/lib/python3.12/site-packages/airflow/example_dags/example_sensor_decorator.py                                                          1           0  0.10s           2025-09-04T12:04:39
/home/airflow/.local/lib/python3.12/site-packages/airflow/example_dags/example_passing_params_via_test_command.py                                           1           0  0.10s           2025-09-04T12:04:35
/home/airflow/.local/lib/python3.12/site-packages/airflow/example_dags/tutorial_taskflow_api_virtualenv.py                                                  1           0  0.09s           2025-09-04T12:04:39
/home/airflow/.local/lib/python3.12/site-packages/airflow/example_dags/example_python_decorator.py                                                          1           0  0.09s           2025-09-04T12:04:37
/home/airflow/.local/lib/python3.12/site-packages/airflow/example_dags/example_trigger_controller_dag.py                                                    1           0  0.09s           2025-09-04T12:04:34
/home/airflow/.local/lib/python3.12/site-packages/airflow/example_dags/example_latest_only.py                                                               1           0  0.09s           2025-09-04T12:04:33
/home/airflow/.local/lib/python3.12/site-packages/airflow/example_dags/example_time_delta_sensor_async.py                                                   1           0  0.09s           2025-09-04T12:04:37
/home/airflow/.local/lib/python3.12/site-packages/airflow/example_dags/example_trigger_target_dag.py                                                        1           0  0.08s           2025-09-04T12:04:35
/home/airflow/.local/lib/python3.12/site-packages/airflow/example_dags/subdags/subdag.py                                                                    0           0  0.07s           2025-09-04T12:04:40
/home/airflow/.local/lib/python3.12/site-packages/airflow/example_dags/plugins/event_listener.py                                                            0           0  0.06s           2025-09-04T12:04:39
/home/airflow/.local/lib/python3.12/site-packages/airflow/example_dags/plugins/listener_plugin.py                                                           0           0  0.06s           2025-09-04T12:04:39
================================================================================
[2025-09-04T12:05:31.749+0000] {manager.py:878} INFO - 
================================================================================
DAG File Processing Stats

File Path                                                                                                                          PID    Runtime      # DAGs    # Errors  Last Runtime    Last Run
---------------------------------------------------------------------------------------------------------------------------------  -----  ---------  --------  ----------  --------------  -------------------
/home/airflow/.local/lib/python3.12/site-packages/airflow/example_dags/plugins/workday.py                                                                   0           0  0.58s           2025-09-04T12:05:15
/home/airflow/.local/lib/python3.12/site-packages/airflow/example_dags/example_dag_decorator.py                                                             1           0  0.40s           2025-09-04T12:05:03
/home/airflow/.local/lib/python3.12/site-packages/airflow/example_dags/example_xcom.py                                                                      1           0  0.25s           2025-09-04T12:05:03
/home/airflow/.local/lib/python3.12/site-packages/airflow/example_dags/example_datasets.py                                                                 10           0  0.24s           2025-09-04T12:05:03
/home/airflow/.local/lib/python3.12/site-packages/airflow/example_dags/example_dynamic_task_mapping.py                                                      1           0  0.22s           2025-09-04T12:05:09
/home/airflow/.local/lib/python3.12/site-packages/airflow/example_dags/example_branch_datetime_operator.py                                                  3           0  0.22s           2025-09-04T12:05:03
/home/airflow/.local/lib/python3.12/site-packages/airflow/example_dags/example_short_circuit_operator.py                                                    1           0  0.22s           2025-09-04T12:05:03
/home/airflow/.local/lib/python3.12/site-packages/airflow/example_dags/example_bash_operator.py                                                             1           0  0.20s           2025-09-04T12:05:07
/home/airflow/.local/lib/python3.12/site-packages/airflow/example_dags/example_params_trigger_ui.py                                                         1           0  0.20s           2025-09-04T12:05:07
/home/airflow/.local/lib/python3.12/site-packages/airflow/example_dags/tutorial_dag.py                                                                      1           0  0.19s           2025-09-04T12:05:09
/home/airflow/.local/lib/python3.12/site-packages/airflow/example_dags/example_python_decorator.py                                                          1           0  0.18s           2025-09-04T12:05:07
/home/airflow/.local/lib/python3.12/site-packages/airflow/example_dags/example_skip_dag.py                                                                  1           0  0.18s           2025-09-04T12:05:04
/home/airflow/.local/lib/python3.12/site-packages/airflow/example_dags/tutorial_objectstorage.py                                                            1           0  0.18s           2025-09-04T12:05:07
/home/airflow/.local/lib/python3.12/site-packages/airflow/example_dags/example_subdag_operator.py                                                           3           0  0.18s           2025-09-04T12:05:10
/home/airflow/.local/lib/python3.12/site-packages/airflow/example_dags/example_trigger_controller_dag.py                                                    1           0  0.17s           2025-09-04T12:05:04
/home/airflow/.local/lib/python3.12/site-packages/airflow/example_dags/example_sensors.py                                                                   1           0  0.17s           2025-09-04T12:05:06
/home/airflow/.local/lib/python3.12/site-packages/airflow/example_dags/example_latest_only_with_trigger.py                                                  1           0  0.17s           2025-09-04T12:05:10
/home/airflow/.local/lib/python3.12/site-packages/airflow/example_dags/example_python_operator.py                                                           1           0  0.16s           2025-09-04T12:05:07
/home/airflow/.local/lib/python3.12/site-packages/airflow/example_dags/example_branch_python_dop_operator_3.py                                              1           0  0.16s           2025-09-04T12:05:07
/home/airflow/.local/lib/python3.12/site-packages/airflow/example_dags/example_setup_teardown_taskflow.py                                                   1           0  0.16s           2025-09-04T12:05:09
/home/airflow/.local/lib/python3.12/site-packages/airflow/example_dags/example_branch_day_of_week_operator.py                                               1           0  0.16s           2025-09-04T12:05:10
/home/airflow/.local/lib/python3.12/site-packages/airflow/example_dags/example_external_task_marker_dag.py                                                  2           0  0.16s           2025-09-04T12:05:08
/home/airflow/.local/lib/python3.12/site-packages/airflow/example_dags/example_passing_params_via_test_command.py                                           1           0  0.15s           2025-09-04T12:05:05
/home/airflow/.local/lib/python3.12/site-packages/airflow/example_dags/example_time_delta_sensor_async.py                                                   1           0  0.15s           2025-09-04T12:05:07
/home/airflow/.local/lib/python3.12/site-packages/airflow/example_dags/example_bash_decorator.py                                                            1           0  0.15s           2025-09-04T12:05:06
/home/airflow/.local/lib/python3.12/site-packages/airflow/example_dags/example_sensor_decorator.py                                                          1           0  0.15s           2025-09-04T12:05:10
/home/airflow/.local/lib/python3.12/site-packages/airflow/example_dags/example_sla_dag.py                                                                   1           0  0.14s           2025-09-04T12:05:01
/home/airflow/.local/lib/python3.12/site-packages/airflow/example_dags/tutorial_taskflow_api.py                                                             1           0  0.14s           2025-09-04T12:05:10
/home/airflow/.local/lib/python3.12/site-packages/airflow/example_dags/example_nested_branch_dag.py                                                         1           0  0.14s           2025-09-04T12:05:01
/home/airflow/.local/lib/python3.12/site-packages/airflow/example_dags/example_kubernetes_executor.py                                                       1           0  0.14s           2025-09-04T12:05:03
/home/airflow/.local/lib/python3.12/site-packages/airflow/example_dags/tutorial_taskflow_api_virtualenv.py                                                  1           0  0.14s           2025-09-04T12:05:10
/home/airflow/.local/lib/python3.12/site-packages/airflow/example_dags/example_branch_operator_decorator.py                                                 1           0  0.13s           2025-09-04T12:05:04
/home/airflow/.local/lib/python3.12/site-packages/airflow/example_dags/tutorial.py                                                                          1           0  0.13s           2025-09-04T12:05:04
/home/airflow/.local/lib/python3.12/site-packages/airflow/example_dags/example_complex.py                                                                   1           0  0.13s           2025-09-04T12:05:03
/home/airflow/.local/lib/python3.12/site-packages/airflow/example_dags/example_params_ui_tutorial.py                                                        1           0  0.13s           2025-09-04T12:05:04
/home/airflow/.local/lib/python3.12/site-packages/airflow/example_dags/example_display_name.py                                                              1           0  0.13s           2025-09-04T12:05:04
/home/airflow/.local/lib/python3.12/site-packages/airflow/example_dags/example_branch_operator.py                                                           1           0  0.13s           2025-09-04T12:05:03
/home/airflow/.local/lib/python3.12/site-packages/airflow/example_dags/plugins/decreasing_priority_weight_strategy.py                                       0           0  0.13s           2025-09-04T12:05:11
/home/airflow/.local/lib/python3.12/site-packages/airflow/example_dags/example_short_circuit_decorator.py                                                   1           0  0.13s           2025-09-04T12:05:07
/home/airflow/.local/lib/python3.12/site-packages/airflow/example_dags/example_setup_teardown.py                                                            1           0  0.12s           2025-09-04T12:05:03
/home/airflow/.local/lib/python3.12/site-packages/airflow/example_dags/example_xcomargs.py                                                                  2           0  0.12s           2025-09-04T12:05:07
/home/airflow/.local/lib/python3.12/site-packages/airflow/example_dags/example_branch_labels.py                                                             1           0  0.12s           2025-09-04T12:05:04
/home/airflow/.local/lib/python3.12/site-packages/airflow/example_dags/example_local_kubernetes_executor.py                                                 1           0  0.12s           2025-09-04T12:05:04
/home/airflow/.local/lib/python3.12/site-packages/airflow/example_dags/example_task_group_decorator.py                                                      1           0  0.11s           2025-09-04T12:05:04
/home/airflow/.local/lib/python3.12/site-packages/airflow/example_dags/example_trigger_target_dag.py                                                        1           0  0.11s           2025-09-04T12:05:05
/home/airflow/.local/lib/python3.12/site-packages/airflow/example_dags/subdags/subdag.py                                                                    0           0  0.11s           2025-09-04T12:05:11
/home/airflow/.local/lib/python3.12/site-packages/airflow/example_dags/example_latest_only.py                                                               1           0  0.10s           2025-09-04T12:05:04
/home/airflow/.local/lib/python3.12/site-packages/airflow/example_dags/example_dynamic_task_mapping_with_no_taskflow_operators.py                           1           0  0.10s           2025-09-04T12:05:04
/home/airflow/.local/lib/python3.12/site-packages/airflow/example_dags/example_task_group.py                                                                1           0  0.10s           2025-09-04T12:05:04
/home/airflow/.local/lib/python3.12/site-packages/airflow/example_dags/plugins/event_listener.py                                                            0           0  0.09s           2025-09-04T12:05:11
/home/airflow/.local/lib/python3.12/site-packages/airflow/example_dags/plugins/listener_plugin.py                                                           0           0  0.08s           2025-09-04T12:05:11
================================================================================
[2025-09-04T12:05:41.647+0000] {manager.py:452} INFO - Exiting gracefully upon receiving signal 15
[2025-09-04T12:06:33.486+0000] {manager.py:470} INFO - Processing files using up to 2 processes at a time 
[2025-09-04T12:06:33.488+0000] {manager.py:471} INFO - Process each file at most once every 30 seconds
[2025-09-04T12:06:33.490+0000] {manager.py:472} INFO - Checking for new files in /opt/airflow/dags every 300 seconds
[2025-09-04T12:06:33.492+0000] {manager.py:737} INFO - Searching for files in /opt/airflow/dags
[2025-09-04T12:06:33.518+0000] {manager.py:740} INFO - There are 51 files in /opt/airflow/dags
[2025-09-04T12:06:33.653+0000] {manager.py:878} INFO - 
================================================================================
DAG File Processing Stats

File Path                                                                                                                            PID  Runtime      # DAGs    # Errors  Last Runtime    Last Run
---------------------------------------------------------------------------------------------------------------------------------  -----  ---------  --------  ----------  --------------  ----------
/home/airflow/.local/lib/python3.12/site-packages/airflow/example_dags/example_sla_dag.py                                             52  0.04s             0           0
/home/airflow/.local/lib/python3.12/site-packages/airflow/example_dags/example_nested_branch_dag.py                                   53  0.03s             0           0
/home/airflow/.local/lib/python3.12/site-packages/airflow/example_dags/example_xcom.py                                                                      0           0
/home/airflow/.local/lib/python3.12/site-packages/airflow/example_dags/example_short_circuit_operator.py                                                    0           0
/home/airflow/.local/lib/python3.12/site-packages/airflow/example_dags/example_complex.py                                                                   0           0
/home/airflow/.local/lib/python3.12/site-packages/airflow/example_dags/example_dag_decorator.py                                                             0           0
/home/airflow/.local/lib/python3.12/site-packages/airflow/example_dags/example_datasets.py                                                                  0           0
/home/airflow/.local/lib/python3.12/site-packages/airflow/example_dags/example_branch_datetime_operator.py                                                  0           0
/home/airflow/.local/lib/python3.12/site-packages/airflow/example_dags/example_branch_operator.py                                                           0           0
/home/airflow/.local/lib/python3.12/site-packages/airflow/example_dags/example_kubernetes_executor.py                                                       0           0
/home/airflow/.local/lib/python3.12/site-packages/airflow/example_dags/example_setup_teardown.py                                                            0           0
/home/airflow/.local/lib/python3.12/site-packages/airflow/example_dags/example_branch_labels.py                                                             0           0
/home/airflow/.local/lib/python3.12/site-packages/airflow/example_dags/example_params_ui_tutorial.py                                                        0           0
/home/airflow/.local/lib/python3.12/site-packages/airflow/example_dags/example_task_group_decorator.py                                                      0           0
/home/airflow/.local/lib/python3.12/site-packages/airflow/example_dags/example_task_group.py                                                                0           0
/home/airflow/.local/lib/python3.12/site-packages/airflow/example_dags/example_dynamic_task_mapping_with_no_taskflow_operators.py                           0           0
/home/airflow/.local/lib/python3.12/site-packages/airflow/example_dags/example_latest_only.py                                                               0           0
/home/airflow/.local/lib/python3.12/site-packages/airflow/example_dags/example_branch_operator_decorator.py                                                 0           0
/home/airflow/.local/lib/python3.12/site-packages/airflow/example_dags/example_local_kubernetes_executor.py                                                 0           0
/home/airflow/.local/lib/python3.12/site-packages/airflow/example_dags/example_trigger_controller_dag.py                                                    0           0
/home/airflow/.local/lib/python3.12/site-packages/airflow/example_dags/example_display_name.py                                                              0           0
/home/airflow/.local/lib/python3.12/site-packages/airflow/example_dags/tutorial.py                                                                          0           0
/home/airflow/.local/lib/python3.12/site-packages/airflow/example_dags/example_skip_dag.py                                                                  0           0
/home/airflow/.local/lib/python3.12/site-packages/airflow/example_dags/example_passing_params_via_test_command.py                                           0           0
/home/airflow/.local/lib/python3.12/site-packages/airflow/example_dags/example_trigger_target_dag.py                                                        0           0
/home/airflow/.local/lib/python3.12/site-packages/airflow/example_dags/example_sensors.py                                                                   0           0
/home/airflow/.local/lib/python3.12/site-packages/airflow/example_dags/example_bash_decorator.py                                                            0           0
/home/airflow/.local/lib/python3.12/site-packages/airflow/example_dags/example_bash_operator.py                                                             0           0
/home/airflow/.local/lib/python3.12/site-packages/airflow/example_dags/example_python_operator.py                                                           0           0
/home/airflow/.local/lib/python3.12/site-packages/airflow/example_dags/example_short_circuit_decorator.py                                                   0           0
/home/airflow/.local/lib/python3.12/site-packages/airflow/example_dags/example_xcomargs.py                                                                  0           0
/home/airflow/.local/lib/python3.12/site-packages/airflow/example_dags/tutorial_objectstorage.py                                                            0           0
/home/airflow/.local/lib/python3.12/site-packages/airflow/example_dags/example_params_trigger_ui.py                                                         0           0
/home/airflow/.local/lib/python3.12/site-packages/airflow/example_dags/example_branch_python_dop_operator_3.py                                              0           0
/home/airflow/.local/lib/python3.12/site-packages/airflow/example_dags/example_time_delta_sensor_async.py                                                   0           0
/home/airflow/.local/lib/python3.12/site-packages/airflow/example_dags/example_python_decorator.py                                                          0           0
/home/airflow/.local/lib/python3.12/site-packages/airflow/example_dags/example_external_task_marker_dag.py                                                  0           0
/home/airflow/.local/lib/python3.12/site-packages/airflow/example_dags/example_dynamic_task_mapping.py                                                      0           0
/home/airflow/.local/lib/python3.12/site-packages/airflow/example_dags/tutorial_dag.py                                                                      0           0
/home/airflow/.local/lib/python3.12/site-packages/airflow/example_dags/example_setup_teardown_taskflow.py                                                   0           0
/home/airflow/.local/lib/python3.12/site-packages/airflow/example_dags/example_branch_day_of_week_operator.py                                               0           0
/home/airflow/.local/lib/python3.12/site-packages/airflow/example_dags/tutorial_taskflow_api_virtualenv.py                                                  0           0
/home/airflow/.local/lib/python3.12/site-packages/airflow/example_dags/example_sensor_decorator.py                                                          0           0
/home/airflow/.local/lib/python3.12/site-packages/airflow/example_dags/example_latest_only_with_trigger.py                                                  0           0
/home/airflow/.local/lib/python3.12/site-packages/airflow/example_dags/tutorial_taskflow_api.py                                                             0           0
/home/airflow/.local/lib/python3.12/site-packages/airflow/example_dags/example_subdag_operator.py                                                           0           0
/home/airflow/.local/lib/python3.12/site-packages/airflow/example_dags/plugins/event_listener.py                                                            0           0
/home/airflow/.local/lib/python3.12/site-packages/airflow/example_dags/plugins/listener_plugin.py                                                           0           0
/home/airflow/.local/lib/python3.12/site-packages/airflow/example_dags/plugins/workday.py                                                                   0           0
/home/airflow/.local/lib/python3.12/site-packages/airflow/example_dags/plugins/decreasing_priority_weight_strategy.py                                       0           0
/home/airflow/.local/lib/python3.12/site-packages/airflow/example_dags/subdags/subdag.py                                                                    0           0
================================================================================
[2025-09-04T12:07:03.668+0000] {manager.py:878} INFO - 
================================================================================
DAG File Processing Stats

File Path                                                                                                                          PID    Runtime      # DAGs    # Errors  Last Runtime    Last Run
---------------------------------------------------------------------------------------------------------------------------------  -----  ---------  --------  ----------  --------------  -------------------
/home/airflow/.local/lib/python3.12/site-packages/airflow/example_dags/plugins/workday.py                                                                   0           0  1.33s           2025-09-04T12:06:38
/home/airflow/.local/lib/python3.12/site-packages/airflow/example_dags/example_dag_decorator.py                                                             1           0  0.39s           2025-09-04T12:06:34
/home/airflow/.local/lib/python3.12/site-packages/airflow/example_dags/example_bash_operator.py                                                             1           0  0.22s           2025-09-04T12:06:35
/home/airflow/.local/lib/python3.12/site-packages/airflow/example_dags/example_datasets.py                                                                 10           0  0.17s           2025-09-04T12:06:34
/home/airflow/.local/lib/python3.12/site-packages/airflow/example_dags/example_xcomargs.py                                                                  2           0  0.16s           2025-09-04T12:06:36
/home/airflow/.local/lib/python3.12/site-packages/airflow/example_dags/example_sla_dag.py                                                                   1           0  0.15s           2025-09-04T12:06:33
/home/airflow/.local/lib/python3.12/site-packages/airflow/example_dags/example_nested_branch_dag.py                                                         1           0  0.15s           2025-09-04T12:06:33
/home/airflow/.local/lib/python3.12/site-packages/airflow/example_dags/example_bash_decorator.py                                                            1           0  0.14s           2025-09-04T12:06:35
/home/airflow/.local/lib/python3.12/site-packages/airflow/example_dags/example_task_group_decorator.py                                                      1           0  0.14s           2025-09-04T12:06:35
/home/airflow/.local/lib/python3.12/site-packages/airflow/example_dags/example_branch_operator.py                                                           1           0  0.14s           2025-09-04T12:06:34
/home/airflow/.local/lib/python3.12/site-packages/airflow/example_dags/example_branch_labels.py                                                             1           0  0.13s           2025-09-04T12:06:34
/home/airflow/.local/lib/python3.12/site-packages/airflow/example_dags/example_branch_python_dop_operator_3.py                                              1           0  0.13s           2025-09-04T12:06:36
/home/airflow/.local/lib/python3.12/site-packages/airflow/example_dags/example_short_circuit_operator.py                                                    1           0  0.13s           2025-09-04T12:06:34
/home/airflow/.local/lib/python3.12/site-packages/airflow/example_dags/example_params_trigger_ui.py                                                         1           0  0.13s           2025-09-04T12:06:36
/home/airflow/.local/lib/python3.12/site-packages/airflow/example_dags/example_branch_operator_decorator.py                                                 1           0  0.13s           2025-09-04T12:06:35
/home/airflow/.local/lib/python3.12/site-packages/airflow/example_dags/example_params_ui_tutorial.py                                                        1           0  0.13s           2025-09-04T12:06:34
/home/airflow/.local/lib/python3.12/site-packages/airflow/example_dags/example_xcom.py                                                                      1           0  0.12s           2025-09-04T12:06:33
/home/airflow/.local/lib/python3.12/site-packages/airflow/example_dags/example_trigger_controller_dag.py                                                    1           0  0.12s           2025-09-04T12:06:35
/home/airflow/.local/lib/python3.12/site-packages/airflow/example_dags/example_kubernetes_executor.py                                                       1           0  0.12s           2025-09-04T12:06:34
/home/airflow/.local/lib/python3.12/site-packages/airflow/example_dags/example_setup_teardown.py                                                            1           0  0.12s           2025-09-04T12:06:34
/home/airflow/.local/lib/python3.12/site-packages/airflow/example_dags/example_branch_datetime_operator.py                                                  3           0  0.12s           2025-09-04T12:06:34
/home/airflow/.local/lib/python3.12/site-packages/airflow/example_dags/example_latest_only_with_trigger.py                                                  1           0  0.12s           2025-09-04T12:06:37
/home/airflow/.local/lib/python3.12/site-packages/airflow/example_dags/example_branch_day_of_week_operator.py                                               1           0  0.12s           2025-09-04T12:06:36
/home/airflow/.local/lib/python3.12/site-packages/airflow/example_dags/example_passing_params_via_test_command.py                                           1           0  0.12s           2025-09-04T12:06:35
/home/airflow/.local/lib/python3.12/site-packages/airflow/example_dags/example_task_group.py                                                                1           0  0.11s           2025-09-04T12:06:35
/home/airflow/.local/lib/python3.12/site-packages/airflow/example_dags/example_subdag_operator.py                                                           3           0  0.11s           2025-09-04T12:06:37
/home/airflow/.local/lib/python3.12/site-packages/airflow/example_dags/example_setup_teardown_taskflow.py                                                   1           0  0.11s           2025-09-04T12:06:36
/home/airflow/.local/lib/python3.12/site-packages/airflow/example_dags/example_local_kubernetes_executor.py                                                 1           0  0.11s           2025-09-04T12:06:35
/home/airflow/.local/lib/python3.12/site-packages/airflow/example_dags/tutorial_dag.py                                                                      1           0  0.11s           2025-09-04T12:06:36
/home/airflow/.local/lib/python3.12/site-packages/airflow/example_dags/example_display_name.py                                                              1           0  0.11s           2025-09-04T12:06:35
/home/airflow/.local/lib/python3.12/site-packages/airflow/example_dags/example_complex.py                                                                   1           0  0.11s           2025-09-04T12:06:34
/home/airflow/.local/lib/python3.12/site-packages/airflow/example_dags/tutorial.py                                                                          1           0  0.11s           2025-09-04T12:06:35
/home/airflow/.local/lib/python3.12/site-packages/airflow/example_dags/tutorial_objectstorage.py                                                            1           0  0.11s           2025-09-04T12:06:36
/home/airflow/.local/lib/python3.12/site-packages/airflow/example_dags/example_time_delta_sensor_async.py                                                   1           0  0.11s           2025-09-04T12:06:36
/home/airflow/.local/lib/python3.12/site-packages/airflow/example_dags/example_python_operator.py                                                           1           0  0.10s           2025-09-04T12:06:36
/home/airflow/.local/lib/python3.12/site-packages/airflow/example_dags/example_skip_dag.py                                                                  1           0  0.10s           2025-09-04T12:06:35
/home/airflow/.local/lib/python3.12/site-packages/airflow/example_dags/example_sensor_decorator.py                                                          1           0  0.10s           2025-09-04T12:06:37
/home/airflow/.local/lib/python3.12/site-packages/airflow/example_dags/example_dynamic_task_mapping.py                                                      1           0  0.10s           2025-09-04T12:06:36
/home/airflow/.local/lib/python3.12/site-packages/airflow/example_dags/example_dynamic_task_mapping_with_no_taskflow_operators.py                           1           0  0.10s           2025-09-04T12:06:35
/home/airflow/.local/lib/python3.12/site-packages/airflow/example_dags/tutorial_taskflow_api.py                                                             1           0  0.10s           2025-09-04T12:06:37
/home/airflow/.local/lib/python3.12/site-packages/airflow/example_dags/example_latest_only.py                                                               1           0  0.10s           2025-09-04T12:06:35
/home/airflow/.local/lib/python3.12/site-packages/airflow/example_dags/example_python_decorator.py                                                          1           0  0.10s           2025-09-04T12:06:36
/home/airflow/.local/lib/python3.12/site-packages/airflow/example_dags/tutorial_taskflow_api_virtualenv.py                                                  1           0  0.10s           2025-09-04T12:06:36
/home/airflow/.local/lib/python3.12/site-packages/airflow/example_dags/example_external_task_marker_dag.py                                                  2           0  0.09s           2025-09-04T12:06:36
/home/airflow/.local/lib/python3.12/site-packages/airflow/example_dags/example_sensors.py                                                                   1           0  0.09s           2025-09-04T12:06:35
/home/airflow/.local/lib/python3.12/site-packages/airflow/example_dags/example_trigger_target_dag.py                                                        1           0  0.08s           2025-09-04T12:06:35
/home/airflow/.local/lib/python3.12/site-packages/airflow/example_dags/example_short_circuit_decorator.py                                                   1           0  0.08s           2025-09-04T12:06:36
/home/airflow/.local/lib/python3.12/site-packages/airflow/example_dags/plugins/decreasing_priority_weight_strategy.py                                       0           0  0.08s           2025-09-04T12:06:38
/home/airflow/.local/lib/python3.12/site-packages/airflow/example_dags/subdags/subdag.py                                                                    0           0  0.08s           2025-09-04T12:06:38
/home/airflow/.local/lib/python3.12/site-packages/airflow/example_dags/plugins/listener_plugin.py                                                           0           0  0.06s           2025-09-04T12:06:37
/home/airflow/.local/lib/python3.12/site-packages/airflow/example_dags/plugins/event_listener.py                                                            0           0  0.06s           2025-09-04T12:06:37
================================================================================
[2025-09-04T12:07:34.256+0000] {manager.py:878} INFO - 
================================================================================
DAG File Processing Stats

File Path                                                                                                                            PID  Runtime      # DAGs    # Errors  Last Runtime    Last Run
---------------------------------------------------------------------------------------------------------------------------------  -----  ---------  --------  ----------  --------------  -------------------
/home/airflow/.local/lib/python3.12/site-packages/airflow/example_dags/plugins/workday.py                                                                   0           0  0.88s           2025-09-04T12:07:11
/home/airflow/.local/lib/python3.12/site-packages/airflow/example_dags/example_dynamic_task_mapping_with_no_taskflow_operators.py                           1           0  0.41s           2025-09-04T12:07:06
/home/airflow/.local/lib/python3.12/site-packages/airflow/example_dags/example_datasets.py                                                                 10           0  0.39s           2025-09-04T12:07:05
/home/airflow/.local/lib/python3.12/site-packages/airflow/example_dags/example_local_kubernetes_executor.py                                                 1           0  0.32s           2025-09-04T12:07:06
/home/airflow/.local/lib/python3.12/site-packages/airflow/example_dags/example_task_group.py                                                                1           0  0.32s           2025-09-04T12:07:06
/home/airflow/.local/lib/python3.12/site-packages/airflow/example_dags/example_branch_operator_decorator.py                                                 1           0  0.31s           2025-09-04T12:07:06
/home/airflow/.local/lib/python3.12/site-packages/airflow/example_dags/example_latest_only.py                                                               1           0  0.30s           2025-09-04T12:07:06
/home/airflow/.local/lib/python3.12/site-packages/airflow/example_dags/example_sla_dag.py                                            168  0.03s             1           0  0.29s           2025-09-04T12:07:04
/home/airflow/.local/lib/python3.12/site-packages/airflow/example_dags/example_params_trigger_ui.py                                                         1           0  0.29s           2025-09-04T12:07:08
/home/airflow/.local/lib/python3.12/site-packages/airflow/example_dags/example_branch_datetime_operator.py                                                  3           0  0.29s           2025-09-04T12:07:05
/home/airflow/.local/lib/python3.12/site-packages/airflow/example_dags/tutorial.py                                                                          1           0  0.29s           2025-09-04T12:07:07
/home/airflow/.local/lib/python3.12/site-packages/airflow/example_dags/example_xcomargs.py                                                                  2           0  0.28s           2025-09-04T12:07:08
/home/airflow/.local/lib/python3.12/site-packages/airflow/example_dags/example_nested_branch_dag.py                                  169  0.01s             1           0  0.28s           2025-09-04T12:07:04
/home/airflow/.local/lib/python3.12/site-packages/airflow/example_dags/tutorial_objectstorage.py                                                            1           0  0.27s           2025-09-04T12:07:08
/home/airflow/.local/lib/python3.12/site-packages/airflow/example_dags/example_sensors.py                                                                   1           0  0.26s           2025-09-04T12:07:07
/home/airflow/.local/lib/python3.12/site-packages/airflow/example_dags/example_branch_operator.py                                                           1           0  0.25s           2025-09-04T12:07:05
/home/airflow/.local/lib/python3.12/site-packages/airflow/example_dags/example_dag_decorator.py                                                             1           0  0.25s           2025-09-04T12:07:04
/home/airflow/.local/lib/python3.12/site-packages/airflow/example_dags/example_bash_operator.py                                                             1           0  0.25s           2025-09-04T12:07:07
/home/airflow/.local/lib/python3.12/site-packages/airflow/example_dags/example_trigger_controller_dag.py                                                    1           0  0.24s           2025-09-04T12:07:06
/home/airflow/.local/lib/python3.12/site-packages/airflow/example_dags/example_bash_decorator.py                                                            1           0  0.24s           2025-09-04T12:07:07
/home/airflow/.local/lib/python3.12/site-packages/airflow/example_dags/example_branch_labels.py                                                             1           0  0.24s           2025-09-04T12:07:05
/home/airflow/.local/lib/python3.12/site-packages/airflow/example_dags/example_kubernetes_executor.py                                                       1           0  0.23s           2025-09-04T12:07:05
/home/airflow/.local/lib/python3.12/site-packages/airflow/example_dags/example_passing_params_via_test_command.py                                           1           0  0.22s           2025-09-04T12:07:07
/home/airflow/.local/lib/python3.12/site-packages/airflow/example_dags/example_subdag_operator.py                                                           3           0  0.22s           2025-09-04T12:07:10
/home/airflow/.local/lib/python3.12/site-packages/airflow/example_dags/example_params_ui_tutorial.py                                                        1           0  0.22s           2025-09-04T12:07:05
/home/airflow/.local/lib/python3.12/site-packages/airflow/example_dags/example_setup_teardown.py                                                            1           0  0.22s           2025-09-04T12:07:05
/home/airflow/.local/lib/python3.12/site-packages/airflow/example_dags/example_display_name.py                                                              1           0  0.21s           2025-09-04T12:07:06
/home/airflow/.local/lib/python3.12/site-packages/airflow/example_dags/example_external_task_marker_dag.py                                                  2           0  0.20s           2025-09-04T12:07:09
/home/airflow/.local/lib/python3.12/site-packages/airflow/example_dags/example_python_operator.py                                                           1           0  0.20s           2025-09-04T12:07:08
/home/airflow/.local/lib/python3.12/site-packages/airflow/example_dags/example_latest_only_with_trigger.py                                                  1           0  0.20s           2025-09-04T12:07:09
/home/airflow/.local/lib/python3.12/site-packages/airflow/example_dags/example_trigger_target_dag.py                                                        1           0  0.20s           2025-09-04T12:07:07
/home/airflow/.local/lib/python3.12/site-packages/airflow/example_dags/example_skip_dag.py                                                                  1           0  0.20s           2025-09-04T12:07:07
/home/airflow/.local/lib/python3.12/site-packages/airflow/example_dags/example_task_group_decorator.py                                                      1           0  0.20s           2025-09-04T12:07:05
/home/airflow/.local/lib/python3.12/site-packages/airflow/example_dags/example_python_decorator.py                                                          1           0  0.19s           2025-09-04T12:07:09
/home/airflow/.local/lib/python3.12/site-packages/airflow/example_dags/example_branch_python_dop_operator_3.py                                              1           0  0.19s           2025-09-04T12:07:08
/home/airflow/.local/lib/python3.12/site-packages/airflow/example_dags/example_setup_teardown_taskflow.py                                                   1           0  0.19s           2025-09-04T12:07:09
/home/airflow/.local/lib/python3.12/site-packages/airflow/example_dags/example_short_circuit_decorator.py                                                   1           0  0.19s           2025-09-04T12:07:08
/home/airflow/.local/lib/python3.12/site-packages/airflow/example_dags/example_branch_day_of_week_operator.py                                               1           0  0.19s           2025-09-04T12:07:09
/home/airflow/.local/lib/python3.12/site-packages/airflow/example_dags/example_dynamic_task_mapping.py                                                      1           0  0.18s           2025-09-04T12:07:09
/home/airflow/.local/lib/python3.12/site-packages/airflow/example_dags/example_sensor_decorator.py                                                          1           0  0.18s           2025-09-04T12:07:09
/home/airflow/.local/lib/python3.12/site-packages/airflow/example_dags/example_xcom.py                                                                      1           0  0.18s           2025-09-04T12:07:04
/home/airflow/.local/lib/python3.12/site-packages/airflow/example_dags/tutorial_taskflow_api_virtualenv.py                                                  1           0  0.18s           2025-09-04T12:07:09
/home/airflow/.local/lib/python3.12/site-packages/airflow/example_dags/tutorial_dag.py                                                                      1           0  0.18s           2025-09-04T12:07:09
/home/airflow/.local/lib/python3.12/site-packages/airflow/example_dags/example_time_delta_sensor_async.py                                                   1           0  0.18s           2025-09-04T12:07:08
/home/airflow/.local/lib/python3.12/site-packages/airflow/example_dags/tutorial_taskflow_api.py                                                             1           0  0.17s           2025-09-04T12:07:10
/home/airflow/.local/lib/python3.12/site-packages/airflow/example_dags/example_short_circuit_operator.py                                                    1           0  0.17s           2025-09-04T12:07:04
/home/airflow/.local/lib/python3.12/site-packages/airflow/example_dags/example_complex.py                                                                   1           0  0.15s           2025-09-04T12:07:04
/home/airflow/.local/lib/python3.12/site-packages/airflow/example_dags/plugins/listener_plugin.py                                                           0           0  0.08s           2025-09-04T12:07:10
/home/airflow/.local/lib/python3.12/site-packages/airflow/example_dags/plugins/event_listener.py                                                            0           0  0.07s           2025-09-04T12:07:10
/home/airflow/.local/lib/python3.12/site-packages/airflow/example_dags/plugins/decreasing_priority_weight_strategy.py                                       0           0  0.07s           2025-09-04T12:07:10
/home/airflow/.local/lib/python3.12/site-packages/airflow/example_dags/subdags/subdag.py                                                                    0           0  0.07s           2025-09-04T12:07:10
================================================================================
[2025-09-04T12:08:04.699+0000] {manager.py:878} INFO - 
================================================================================
DAG File Processing Stats

File Path                                                                                                                            PID  Runtime      # DAGs    # Errors  Last Runtime    Last Run
---------------------------------------------------------------------------------------------------------------------------------  -----  ---------  --------  ----------  --------------  -------------------
/home/airflow/.local/lib/python3.12/site-packages/airflow/example_dags/plugins/workday.py                                                                   0           0  0.55s           2025-09-04T12:07:41
/home/airflow/.local/lib/python3.12/site-packages/airflow/example_dags/example_datasets.py                                                                 10           0  0.39s           2025-09-04T12:07:35
/home/airflow/.local/lib/python3.12/site-packages/airflow/example_dags/example_dag_decorator.py                                                             1           0  0.34s           2025-09-04T12:07:35
/home/airflow/.local/lib/python3.12/site-packages/airflow/example_dags/example_nested_branch_dag.py                                  227  0.00s             1           0  0.31s           2025-09-04T12:07:34
/home/airflow/.local/lib/python3.12/site-packages/airflow/example_dags/example_sla_dag.py                                            226  0.01s             1           0  0.31s           2025-09-04T12:07:34
/home/airflow/.local/lib/python3.12/site-packages/airflow/example_dags/example_xcomargs.py                                                                  2           0  0.25s           2025-09-04T12:07:39
/home/airflow/.local/lib/python3.12/site-packages/airflow/example_dags/example_branch_operator.py                                                           1           0  0.25s           2025-09-04T12:07:35
/home/airflow/.local/lib/python3.12/site-packages/airflow/example_dags/example_branch_datetime_operator.py                                                  3           0  0.24s           2025-09-04T12:07:35
/home/airflow/.local/lib/python3.12/site-packages/airflow/example_dags/example_params_ui_tutorial.py                                                        1           0  0.24s           2025-09-04T12:07:36
/home/airflow/.local/lib/python3.12/site-packages/airflow/example_dags/example_params_trigger_ui.py                                                         1           0  0.24s           2025-09-04T12:07:39
/home/airflow/.local/lib/python3.12/site-packages/airflow/example_dags/example_subdag_operator.py                                                           3           0  0.24s           2025-09-04T12:07:41
/home/airflow/.local/lib/python3.12/site-packages/airflow/example_dags/example_branch_labels.py                                                             1           0  0.23s           2025-09-04T12:07:36
/home/airflow/.local/lib/python3.12/site-packages/airflow/example_dags/tutorial_taskflow_api.py                                                             1           0  0.23s           2025-09-04T12:07:41
/home/airflow/.local/lib/python3.12/site-packages/airflow/example_dags/example_sensors.py                                                                   1           0  0.23s           2025-09-04T12:07:38
/home/airflow/.local/lib/python3.12/site-packages/airflow/example_dags/example_setup_teardown.py                                                            1           0  0.23s           2025-09-04T12:07:36
/home/airflow/.local/lib/python3.12/site-packages/airflow/example_dags/example_python_decorator.py                                                          1           0  0.23s           2025-09-04T12:07:40
/home/airflow/.local/lib/python3.12/site-packages/airflow/example_dags/example_bash_decorator.py                                                            1           0  0.22s           2025-09-04T12:07:38
/home/airflow/.local/lib/python3.12/site-packages/airflow/example_dags/example_xcom.py                                                                      1           0  0.22s           2025-09-04T12:07:34
/home/airflow/.local/lib/python3.12/site-packages/airflow/example_dags/tutorial_objectstorage.py                                                            1           0  0.21s           2025-09-04T12:07:39
/home/airflow/.local/lib/python3.12/site-packages/airflow/example_dags/example_kubernetes_executor.py                                                       1           0  0.21s           2025-09-04T12:07:35
/home/airflow/.local/lib/python3.12/site-packages/airflow/example_dags/example_task_group_decorator.py                                                      1           0  0.21s           2025-09-04T12:07:36
/home/airflow/.local/lib/python3.12/site-packages/airflow/example_dags/tutorial_taskflow_api_virtualenv.py                                                  1           0  0.20s           2025-09-04T12:07:40
/home/airflow/.local/lib/python3.12/site-packages/airflow/example_dags/example_branch_python_dop_operator_3.py                                              1           0  0.19s           2025-09-04T12:07:39
/home/airflow/.local/lib/python3.12/site-packages/airflow/example_dags/example_setup_teardown_taskflow.py                                                   1           0  0.19s           2025-09-04T12:07:40
/home/airflow/.local/lib/python3.12/site-packages/airflow/example_dags/example_task_group.py                                                                1           0  0.18s           2025-09-04T12:07:36
/home/airflow/.local/lib/python3.12/site-packages/airflow/example_dags/tutorial.py                                                                          1           0  0.18s           2025-09-04T12:07:37
/home/airflow/.local/lib/python3.12/site-packages/airflow/example_dags/example_short_circuit_decorator.py                                                   1           0  0.18s           2025-09-04T12:07:39
/home/airflow/.local/lib/python3.12/site-packages/airflow/example_dags/example_sensor_decorator.py                                                          1           0  0.17s           2025-09-04T12:07:40
/home/airflow/.local/lib/python3.12/site-packages/airflow/example_dags/example_latest_only_with_trigger.py                                                  1           0  0.17s           2025-09-04T12:07:40
/home/airflow/.local/lib/python3.12/site-packages/airflow/example_dags/example_python_operator.py                                                           1           0  0.17s           2025-09-04T12:07:39
/home/airflow/.local/lib/python3.12/site-packages/airflow/example_dags/example_trigger_controller_dag.py                                                    1           0  0.17s           2025-09-04T12:07:37
/home/airflow/.local/lib/python3.12/site-packages/airflow/example_dags/example_skip_dag.py                                                                  1           0  0.17s           2025-09-04T12:07:37
/home/airflow/.local/lib/python3.12/site-packages/airflow/example_dags/example_time_delta_sensor_async.py                                                   1           0  0.16s           2025-09-04T12:07:39
/home/airflow/.local/lib/python3.12/site-packages/airflow/example_dags/example_branch_day_of_week_operator.py                                               1           0  0.16s           2025-09-04T12:07:40
/home/airflow/.local/lib/python3.12/site-packages/airflow/example_dags/example_branch_operator_decorator.py                                                 1           0  0.16s           2025-09-04T12:07:36
/home/airflow/.local/lib/python3.12/site-packages/airflow/example_dags/example_local_kubernetes_executor.py                                                 1           0  0.15s           2025-09-04T12:07:36
/home/airflow/.local/lib/python3.12/site-packages/airflow/example_dags/example_passing_params_via_test_command.py                                           1           0  0.14s           2025-09-04T12:07:37
/home/airflow/.local/lib/python3.12/site-packages/airflow/example_dags/example_short_circuit_operator.py                                                    1           0  0.14s           2025-09-04T12:07:34
/home/airflow/.local/lib/python3.12/site-packages/airflow/example_dags/example_external_task_marker_dag.py                                                  2           0  0.14s           2025-09-04T12:07:40
/home/airflow/.local/lib/python3.12/site-packages/airflow/example_dags/tutorial_dag.py                                                                      1           0  0.14s           2025-09-04T12:07:40
/home/airflow/.local/lib/python3.12/site-packages/airflow/example_dags/example_dynamic_task_mapping.py                                                      1           0  0.13s           2025-09-04T12:07:40
/home/airflow/.local/lib/python3.12/site-packages/airflow/example_dags/example_dynamic_task_mapping_with_no_taskflow_operators.py                           1           0  0.13s           2025-09-04T12:07:36
/home/airflow/.local/lib/python3.12/site-packages/airflow/example_dags/example_display_name.py                                                              1           0  0.13s           2025-09-04T12:07:37
/home/airflow/.local/lib/python3.12/site-packages/airflow/example_dags/example_complex.py                                                                   1           0  0.13s           2025-09-04T12:07:34
/home/airflow/.local/lib/python3.12/site-packages/airflow/example_dags/example_bash_operator.py                                                             1           0  0.12s           2025-09-04T12:07:38
/home/airflow/.local/lib/python3.12/site-packages/airflow/example_dags/example_trigger_target_dag.py                                                        1           0  0.11s           2025-09-04T12:07:37
/home/airflow/.local/lib/python3.12/site-packages/airflow/example_dags/example_latest_only.py                                                               1           0  0.11s           2025-09-04T12:07:36
/home/airflow/.local/lib/python3.12/site-packages/airflow/example_dags/plugins/listener_plugin.py                                                           0           0  0.10s           2025-09-04T12:07:41
/home/airflow/.local/lib/python3.12/site-packages/airflow/example_dags/plugins/event_listener.py                                                            0           0  0.08s           2025-09-04T12:07:41
/home/airflow/.local/lib/python3.12/site-packages/airflow/example_dags/plugins/decreasing_priority_weight_strategy.py                                       0           0  0.07s           2025-09-04T12:07:41
/home/airflow/.local/lib/python3.12/site-packages/airflow/example_dags/subdags/subdag.py                                                                    0           0  0.06s           2025-09-04T12:07:41
================================================================================
[2025-09-04T12:08:34.880+0000] {manager.py:878} INFO - 
================================================================================
DAG File Processing Stats

File Path                                                                                                                            PID  Runtime      # DAGs    # Errors  Last Runtime    Last Run
---------------------------------------------------------------------------------------------------------------------------------  -----  ---------  --------  ----------  --------------  -------------------
/home/airflow/.local/lib/python3.12/site-packages/airflow/example_dags/plugins/workday.py                                                                   0           0  0.47s           2025-09-04T12:08:12
/home/airflow/.local/lib/python3.12/site-packages/airflow/example_dags/example_subdag_operator.py                                                           3           0  0.27s           2025-09-04T12:08:12
/home/airflow/.local/lib/python3.12/site-packages/airflow/example_dags/example_dag_decorator.py                                                             1           0  0.22s           2025-09-04T12:08:06
/home/airflow/.local/lib/python3.12/site-packages/airflow/example_dags/tutorial_taskflow_api_virtualenv.py                                                  1           0  0.21s           2025-09-04T12:08:11
/home/airflow/.local/lib/python3.12/site-packages/airflow/example_dags/tutorial_taskflow_api.py                                                             1           0  0.18s           2025-09-04T12:08:11
/home/airflow/.local/lib/python3.12/site-packages/airflow/example_dags/example_trigger_target_dag.py                                                        1           0  0.16s           2025-09-04T12:08:08
/home/airflow/.local/lib/python3.12/site-packages/airflow/example_dags/example_dynamic_task_mapping_with_no_taskflow_operators.py                           1           0  0.14s           2025-09-04T12:08:06
/home/airflow/.local/lib/python3.12/site-packages/airflow/example_dags/example_latest_only_with_trigger.py                                                  1           0  0.14s           2025-09-04T12:08:11
/home/airflow/.local/lib/python3.12/site-packages/airflow/example_dags/example_xcom.py                                                                      1           0  0.13s           2025-09-04T12:08:04
/home/airflow/.local/lib/python3.12/site-packages/airflow/example_dags/example_datasets.py                                                                 10           0  0.13s           2025-09-04T12:08:06
/home/airflow/.local/lib/python3.12/site-packages/airflow/example_dags/example_task_group.py                                                                1           0  0.13s           2025-09-04T12:08:06
/home/airflow/.local/lib/python3.12/site-packages/airflow/example_dags/example_bash_operator.py                                                             1           0  0.13s           2025-09-04T12:08:09
/home/airflow/.local/lib/python3.12/site-packages/airflow/example_dags/example_sensor_decorator.py                                                          1           0  0.13s           2025-09-04T12:08:11
/home/airflow/.local/lib/python3.12/site-packages/airflow/example_dags/plugins/event_listener.py                                                            0           0  0.12s           2025-09-04T12:08:12
/home/airflow/.local/lib/python3.12/site-packages/airflow/example_dags/example_setup_teardown_taskflow.py                                                   1           0  0.12s           2025-09-04T12:08:11
/home/airflow/.local/lib/python3.12/site-packages/airflow/example_dags/example_branch_day_of_week_operator.py                                               1           0  0.12s           2025-09-04T12:08:11
/home/airflow/.local/lib/python3.12/site-packages/airflow/example_dags/tutorial.py                                                                          1           0  0.12s           2025-09-04T12:08:08
/home/airflow/.local/lib/python3.12/site-packages/airflow/example_dags/example_sla_dag.py                                            284  0.01s             1           0  0.12s           2025-09-04T12:08:04
/home/airflow/.local/lib/python3.12/site-packages/airflow/example_dags/example_params_ui_tutorial.py                                                        1           0  0.12s           2025-09-04T12:08:06
/home/airflow/.local/lib/python3.12/site-packages/airflow/example_dags/example_setup_teardown.py                                                            1           0  0.12s           2025-09-04T12:08:06
/home/airflow/.local/lib/python3.12/site-packages/airflow/example_dags/tutorial_dag.py                                                                      1           0  0.12s           2025-09-04T12:08:11
/home/airflow/.local/lib/python3.12/site-packages/airflow/example_dags/example_kubernetes_executor.py                                                       1           0  0.12s           2025-09-04T12:08:06
/home/airflow/.local/lib/python3.12/site-packages/airflow/example_dags/example_branch_python_dop_operator_3.py                                              1           0  0.11s           2025-09-04T12:08:10
/home/airflow/.local/lib/python3.12/site-packages/airflow/example_dags/example_branch_operator_decorator.py                                                 1           0  0.11s           2025-09-04T12:08:06
/home/airflow/.local/lib/python3.12/site-packages/airflow/example_dags/plugins/decreasing_priority_weight_strategy.py                                       0           0  0.11s           2025-09-04T12:08:12
/home/airflow/.local/lib/python3.12/site-packages/airflow/example_dags/example_python_operator.py                                                           1           0  0.11s           2025-09-04T12:08:09
/home/airflow/.local/lib/python3.12/site-packages/airflow/example_dags/example_short_circuit_operator.py                                                    1           0  0.11s           2025-09-04T12:08:05
/home/airflow/.local/lib/python3.12/site-packages/airflow/example_dags/example_params_trigger_ui.py                                                         1           0  0.11s           2025-09-04T12:08:09
/home/airflow/.local/lib/python3.12/site-packages/airflow/example_dags/example_branch_operator.py                                                           1           0  0.11s           2025-09-04T12:08:06
/home/airflow/.local/lib/python3.12/site-packages/airflow/example_dags/example_complex.py                                                                   1           0  0.11s           2025-09-04T12:08:05
/home/airflow/.local/lib/python3.12/site-packages/airflow/example_dags/example_latest_only.py                                                               1           0  0.11s           2025-09-04T12:08:06
/home/airflow/.local/lib/python3.12/site-packages/airflow/example_dags/example_dynamic_task_mapping.py                                                      1           0  0.10s           2025-09-04T12:08:11
/home/airflow/.local/lib/python3.12/site-packages/airflow/example_dags/example_branch_datetime_operator.py                                                  3           0  0.10s           2025-09-04T12:08:06
/home/airflow/.local/lib/python3.12/site-packages/airflow/example_dags/example_task_group_decorator.py                                                      1           0  0.10s           2025-09-04T12:08:06
/home/airflow/.local/lib/python3.12/site-packages/airflow/example_dags/example_time_delta_sensor_async.py                                                   1           0  0.10s           2025-09-04T12:08:10
/home/airflow/.local/lib/python3.12/site-packages/airflow/example_dags/subdags/subdag.py                                                                    0           0  0.10s           2025-09-04T12:08:12
/home/airflow/.local/lib/python3.12/site-packages/airflow/example_dags/example_short_circuit_decorator.py                                                   1           0  0.10s           2025-09-04T12:08:09
/home/airflow/.local/lib/python3.12/site-packages/airflow/example_dags/example_sensors.py                                                                   1           0  0.10s           2025-09-04T12:08:09
/home/airflow/.local/lib/python3.12/site-packages/airflow/example_dags/example_python_decorator.py                                                          1           0  0.10s           2025-09-04T12:08:10
/home/airflow/.local/lib/python3.12/site-packages/airflow/example_dags/tutorial_objectstorage.py                                                            1           0  0.10s           2025-09-04T12:08:09
/home/airflow/.local/lib/python3.12/site-packages/airflow/example_dags/example_nested_branch_dag.py                                  285  0.00s             1           0  0.10s           2025-09-04T12:08:04
/home/airflow/.local/lib/python3.12/site-packages/airflow/example_dags/example_local_kubernetes_executor.py                                                 1           0  0.09s           2025-09-04T12:08:07
/home/airflow/.local/lib/python3.12/site-packages/airflow/example_dags/example_xcomargs.py                                                                  2           0  0.09s           2025-09-04T12:08:09
/home/airflow/.local/lib/python3.12/site-packages/airflow/example_dags/example_bash_decorator.py                                                            1           0  0.09s           2025-09-04T12:08:09
/home/airflow/.local/lib/python3.12/site-packages/airflow/example_dags/example_external_task_marker_dag.py                                                  2           0  0.09s           2025-09-04T12:08:10
/home/airflow/.local/lib/python3.12/site-packages/airflow/example_dags/example_branch_labels.py                                                             1           0  0.09s           2025-09-04T12:08:06
/home/airflow/.local/lib/python3.12/site-packages/airflow/example_dags/example_passing_params_via_test_command.py                                           1           0  0.09s           2025-09-04T12:08:08
/home/airflow/.local/lib/python3.12/site-packages/airflow/example_dags/example_trigger_controller_dag.py                                                    1           0  0.09s           2025-09-04T12:08:08
/home/airflow/.local/lib/python3.12/site-packages/airflow/example_dags/example_skip_dag.py                                                                  1           0  0.09s           2025-09-04T12:08:08
/home/airflow/.local/lib/python3.12/site-packages/airflow/example_dags/plugins/listener_plugin.py                                                           0           0  0.08s           2025-09-04T12:08:12
/home/airflow/.local/lib/python3.12/site-packages/airflow/example_dags/example_display_name.py                                                              1           0  0.07s           2025-09-04T12:08:08
================================================================================
[2025-09-04T12:09:04.404+0000] {manager.py:452} INFO - Exiting gracefully upon receiving signal 15
[2025-09-04T12:09:52.992+0000] {manager.py:470} INFO - Processing files using up to 2 processes at a time 
[2025-09-04T12:09:52.994+0000] {manager.py:471} INFO - Process each file at most once every 30 seconds
[2025-09-04T12:09:52.996+0000] {manager.py:472} INFO - Checking for new files in /opt/airflow/dags every 300 seconds
[2025-09-04T12:09:52.998+0000] {manager.py:737} INFO - Searching for files in /opt/airflow/dags
[2025-09-04T12:09:53.040+0000] {manager.py:740} INFO - There are 1 files in /opt/airflow/dags
[2025-09-04T12:09:53.171+0000] {manager.py:878} INFO - 
================================================================================
DAG File Processing Stats

File Path                                PID  Runtime      # DAGs    # Errors  Last Runtime    Last Run
-------------------------------------  -----  ---------  --------  ----------  --------------  ----------
/opt/airflow/dags/tcc_pipeline_dag.py     51  0.05s             0           0
================================================================================
[2025-09-04T12:10:23.380+0000] {manager.py:878} INFO - 
================================================================================
DAG File Processing Stats

File Path                              PID    Runtime      # DAGs    # Errors  Last Runtime    Last Run
-------------------------------------  -----  ---------  --------  ----------  --------------  -------------------
/opt/airflow/dags/tcc_pipeline_dag.py                           1           0  0.59s           2025-09-04T12:09:53
================================================================================
[2025-09-04T12:10:54.258+0000] {manager.py:878} INFO - 
================================================================================
DAG File Processing Stats

File Path                                PID  Runtime      # DAGs    # Errors  Last Runtime    Last Run
-------------------------------------  -----  ---------  --------  ----------  --------------  -------------------
/opt/airflow/dags/tcc_pipeline_dag.py     69  0.00s             1           0  0.15s           2025-09-04T12:10:24
================================================================================
[2025-09-04T12:11:24.672+0000] {manager.py:878} INFO - 
================================================================================
DAG File Processing Stats

File Path                                PID  Runtime      # DAGs    # Errors  Last Runtime    Last Run
-------------------------------------  -----  ---------  --------  ----------  --------------  -------------------
/opt/airflow/dags/tcc_pipeline_dag.py     76  0.01s             1           0  0.16s           2025-09-04T12:10:54
================================================================================
[2025-09-04T12:11:55.001+0000] {manager.py:878} INFO - 
================================================================================
DAG File Processing Stats

File Path                                PID  Runtime      # DAGs    # Errors  Last Runtime    Last Run
-------------------------------------  -----  ---------  --------  ----------  --------------  -------------------
/opt/airflow/dags/tcc_pipeline_dag.py     83  0.01s             1           0  0.14s           2025-09-04T12:11:24
================================================================================
[2025-09-04T12:12:25.307+0000] {manager.py:878} INFO - 
================================================================================
DAG File Processing Stats

File Path                                PID  Runtime      # DAGs    # Errors  Last Runtime    Last Run
-------------------------------------  -----  ---------  --------  ----------  --------------  -------------------
/opt/airflow/dags/tcc_pipeline_dag.py     90  0.00s             1           0  0.24s           2025-09-04T12:11:55
================================================================================
[2025-09-04T12:12:55.599+0000] {manager.py:878} INFO - 
================================================================================
DAG File Processing Stats

File Path                                PID  Runtime      # DAGs    # Errors  Last Runtime    Last Run
-------------------------------------  -----  ---------  --------  ----------  --------------  -------------------
/opt/airflow/dags/tcc_pipeline_dag.py     97  0.00s             1           0  0.14s           2025-09-04T12:12:25
================================================================================
[2025-09-04T12:13:25.941+0000] {manager.py:878} INFO - 
================================================================================
DAG File Processing Stats

File Path                                PID  Runtime      # DAGs    # Errors  Last Runtime    Last Run
-------------------------------------  -----  ---------  --------  ----------  --------------  -------------------
/opt/airflow/dags/tcc_pipeline_dag.py    104  0.00s             1           0  0.16s           2025-09-04T12:12:55
================================================================================
[2025-09-04T12:13:56.304+0000] {manager.py:878} INFO - 
================================================================================
DAG File Processing Stats

File Path                                PID  Runtime      # DAGs    # Errors  Last Runtime    Last Run
-------------------------------------  -----  ---------  --------  ----------  --------------  -------------------
/opt/airflow/dags/tcc_pipeline_dag.py    111  0.00s             1           0  0.17s           2025-09-04T12:13:26
================================================================================
[2025-09-04T12:14:26.591+0000] {manager.py:878} INFO - 
================================================================================
DAG File Processing Stats

File Path                                PID  Runtime      # DAGs    # Errors  Last Runtime    Last Run
-------------------------------------  -----  ---------  --------  ----------  --------------  -------------------
/opt/airflow/dags/tcc_pipeline_dag.py    118  0.01s             1           0  0.20s           2025-09-04T12:13:56
================================================================================
[2025-09-04T12:14:53.849+0000] {manager.py:737} INFO - Searching for files in /opt/airflow/dags
[2025-09-04T12:14:53.882+0000] {manager.py:740} INFO - There are 1 files in /opt/airflow/dags
[2025-09-04T12:14:56.945+0000] {manager.py:878} INFO - 
================================================================================
DAG File Processing Stats

File Path                                PID  Runtime      # DAGs    # Errors  Last Runtime    Last Run
-------------------------------------  -----  ---------  --------  ----------  --------------  -------------------
/opt/airflow/dags/tcc_pipeline_dag.py    125  0.00s             1           0  0.13s           2025-09-04T12:14:26
================================================================================
[2025-09-04T12:15:27.223+0000] {manager.py:878} INFO - 
================================================================================
DAG File Processing Stats

File Path                                PID  Runtime      # DAGs    # Errors  Last Runtime    Last Run
-------------------------------------  -----  ---------  --------  ----------  --------------  -------------------
/opt/airflow/dags/tcc_pipeline_dag.py    132  0.00s             1           0  0.16s           2025-09-04T12:14:57
================================================================================
[2025-09-04T12:15:57.662+0000] {manager.py:878} INFO - 
================================================================================
DAG File Processing Stats

File Path                                PID  Runtime      # DAGs    # Errors  Last Runtime    Last Run
-------------------------------------  -----  ---------  --------  ----------  --------------  -------------------
/opt/airflow/dags/tcc_pipeline_dag.py    139  0.00s             1           0  0.16s           2025-09-04T12:15:27
================================================================================
[2025-09-04T12:16:28.034+0000] {manager.py:878} INFO - 
================================================================================
DAG File Processing Stats

File Path                                PID  Runtime      # DAGs    # Errors  Last Runtime    Last Run
-------------------------------------  -----  ---------  --------  ----------  --------------  -------------------
/opt/airflow/dags/tcc_pipeline_dag.py    146  0.00s             1           0  0.18s           2025-09-04T12:15:57
================================================================================
[2025-09-04T12:16:58.404+0000] {manager.py:878} INFO - 
================================================================================
DAG File Processing Stats

File Path                                PID  Runtime      # DAGs    # Errors  Last Runtime    Last Run
-------------------------------------  -----  ---------  --------  ----------  --------------  -------------------
/opt/airflow/dags/tcc_pipeline_dag.py    153  0.01s             1           0  0.21s           2025-09-04T12:16:28
================================================================================
[2025-09-04T12:17:28.751+0000] {manager.py:878} INFO - 
================================================================================
DAG File Processing Stats

File Path                                PID  Runtime      # DAGs    # Errors  Last Runtime    Last Run
-------------------------------------  -----  ---------  --------  ----------  --------------  -------------------
/opt/airflow/dags/tcc_pipeline_dag.py    160  0.00s             1           0  0.26s           2025-09-04T12:16:58
================================================================================
[2025-09-04T12:17:59.207+0000] {manager.py:878} INFO - 
================================================================================
DAG File Processing Stats

File Path                                PID  Runtime      # DAGs    # Errors  Last Runtime    Last Run
-------------------------------------  -----  ---------  --------  ----------  --------------  -------------------
/opt/airflow/dags/tcc_pipeline_dag.py    167  0.01s             1           0  0.30s           2025-09-04T12:17:29
================================================================================
[2025-09-04T12:18:29.561+0000] {manager.py:878} INFO - 
================================================================================
DAG File Processing Stats

File Path                                PID  Runtime      # DAGs    # Errors  Last Runtime    Last Run
-------------------------------------  -----  ---------  --------  ----------  --------------  -------------------
/opt/airflow/dags/tcc_pipeline_dag.py    174  0.01s             1           0  0.15s           2025-09-04T12:17:59
================================================================================
[2025-09-04T12:18:59.862+0000] {manager.py:878} INFO - 
================================================================================
DAG File Processing Stats

File Path                                PID  Runtime      # DAGs    # Errors  Last Runtime    Last Run
-------------------------------------  -----  ---------  --------  ----------  --------------  -------------------
/opt/airflow/dags/tcc_pipeline_dag.py    181  0.00s             1           0  0.17s           2025-09-04T12:18:29
================================================================================
[2025-09-04T12:19:30.258+0000] {manager.py:878} INFO - 
================================================================================
DAG File Processing Stats

File Path                                PID  Runtime      # DAGs    # Errors  Last Runtime    Last Run
-------------------------------------  -----  ---------  --------  ----------  --------------  -------------------
/opt/airflow/dags/tcc_pipeline_dag.py    188  0.00s             1           0  0.23s           2025-09-04T12:19:00
================================================================================
[2025-09-04T12:19:54.532+0000] {manager.py:737} INFO - Searching for files in /opt/airflow/dags
[2025-09-04T12:19:54.630+0000] {manager.py:740} INFO - There are 1 files in /opt/airflow/dags
[2025-09-04T12:20:00.748+0000] {manager.py:878} INFO - 
================================================================================
DAG File Processing Stats

File Path                                PID  Runtime      # DAGs    # Errors  Last Runtime    Last Run
-------------------------------------  -----  ---------  --------  ----------  --------------  -------------------
/opt/airflow/dags/tcc_pipeline_dag.py    195  0.00s             1           0  0.18s           2025-09-04T12:19:30
================================================================================
[2025-09-04T12:20:31.041+0000] {manager.py:878} INFO - 
================================================================================
DAG File Processing Stats

File Path                                PID  Runtime      # DAGs    # Errors  Last Runtime    Last Run
-------------------------------------  -----  ---------  --------  ----------  --------------  -------------------
/opt/airflow/dags/tcc_pipeline_dag.py    202  0.01s             1           0  0.16s           2025-09-04T12:20:00
================================================================================
[2025-09-04T12:21:01.545+0000] {manager.py:878} INFO - 
================================================================================
DAG File Processing Stats

File Path                                PID  Runtime      # DAGs    # Errors  Last Runtime    Last Run
-------------------------------------  -----  ---------  --------  ----------  --------------  -------------------
/opt/airflow/dags/tcc_pipeline_dag.py    209  0.00s             1           0  0.19s           2025-09-04T12:20:31
================================================================================
[2025-09-04T12:21:31.882+0000] {manager.py:878} INFO - 
================================================================================
DAG File Processing Stats

File Path                                PID  Runtime      # DAGs    # Errors  Last Runtime    Last Run
-------------------------------------  -----  ---------  --------  ----------  --------------  -------------------
/opt/airflow/dags/tcc_pipeline_dag.py    217  0.01s             1           0  0.22s           2025-09-04T12:21:01
================================================================================
[2025-09-04T12:22:02.323+0000] {manager.py:878} INFO - 
================================================================================
DAG File Processing Stats

File Path                                PID  Runtime      # DAGs    # Errors  Last Runtime    Last Run
-------------------------------------  -----  ---------  --------  ----------  --------------  -------------------
/opt/airflow/dags/tcc_pipeline_dag.py    224  0.00s             1           0  0.27s           2025-09-04T12:21:32
================================================================================
[2025-09-04T12:22:32.705+0000] {manager.py:878} INFO - 
================================================================================
DAG File Processing Stats

File Path                                PID  Runtime      # DAGs    # Errors  Last Runtime    Last Run
-------------------------------------  -----  ---------  --------  ----------  --------------  -------------------
/opt/airflow/dags/tcc_pipeline_dag.py    232  0.01s             1           0  0.14s           2025-09-04T12:22:02
================================================================================
[2025-09-04T12:23:03.060+0000] {manager.py:878} INFO - 
================================================================================
DAG File Processing Stats

File Path                                PID  Runtime      # DAGs    # Errors  Last Runtime    Last Run
-------------------------------------  -----  ---------  --------  ----------  --------------  -------------------
/opt/airflow/dags/tcc_pipeline_dag.py    239  0.00s             1           0  0.17s           2025-09-04T12:22:32
================================================================================
[2025-09-04T12:23:33.368+0000] {manager.py:878} INFO - 
================================================================================
DAG File Processing Stats

File Path                                PID  Runtime      # DAGs    # Errors  Last Runtime    Last Run
-------------------------------------  -----  ---------  --------  ----------  --------------  -------------------
/opt/airflow/dags/tcc_pipeline_dag.py    246  0.00s             1           0  0.19s           2025-09-04T12:23:03
================================================================================
[2025-09-04T12:24:03.795+0000] {manager.py:878} INFO - 
================================================================================
DAG File Processing Stats

File Path                                PID  Runtime      # DAGs    # Errors  Last Runtime    Last Run
-------------------------------------  -----  ---------  --------  ----------  --------------  -------------------
/opt/airflow/dags/tcc_pipeline_dag.py    253  0.01s             1           0  0.14s           2025-09-04T12:23:33
================================================================================
[2025-09-04T12:24:34.106+0000] {manager.py:878} INFO - 
================================================================================
DAG File Processing Stats

File Path                                PID  Runtime      # DAGs    # Errors  Last Runtime    Last Run
-------------------------------------  -----  ---------  --------  ----------  --------------  -------------------
/opt/airflow/dags/tcc_pipeline_dag.py    260  0.00s             1           0  0.19s           2025-09-04T12:24:03
================================================================================
[2025-09-04T12:24:55.394+0000] {manager.py:737} INFO - Searching for files in /opt/airflow/dags
[2025-09-04T12:24:55.438+0000] {manager.py:740} INFO - There are 1 files in /opt/airflow/dags
[2025-09-04T12:25:04.568+0000] {manager.py:878} INFO - 
================================================================================
DAG File Processing Stats

File Path                                PID  Runtime      # DAGs    # Errors  Last Runtime    Last Run
-------------------------------------  -----  ---------  --------  ----------  --------------  -------------------
/opt/airflow/dags/tcc_pipeline_dag.py    268  0.00s             1           0  0.16s           2025-09-04T12:24:34
================================================================================
[2025-09-04T12:25:34.859+0000] {manager.py:878} INFO - 
================================================================================
DAG File Processing Stats

File Path                                PID  Runtime      # DAGs    # Errors  Last Runtime    Last Run
-------------------------------------  -----  ---------  --------  ----------  --------------  -------------------
/opt/airflow/dags/tcc_pipeline_dag.py    275  0.00s             1           0  0.15s           2025-09-04T12:25:04
================================================================================
[2025-09-04T12:26:05.225+0000] {manager.py:878} INFO - 
================================================================================
DAG File Processing Stats

File Path                                PID  Runtime      # DAGs    # Errors  Last Runtime    Last Run
-------------------------------------  -----  ---------  --------  ----------  --------------  -------------------
/opt/airflow/dags/tcc_pipeline_dag.py    281  0.00s             1           0  0.14s           2025-09-04T12:25:34
================================================================================
[2025-09-04T12:26:35.517+0000] {manager.py:878} INFO - 
================================================================================
DAG File Processing Stats

File Path                                PID  Runtime      # DAGs    # Errors  Last Runtime    Last Run
-------------------------------------  -----  ---------  --------  ----------  --------------  -------------------
/opt/airflow/dags/tcc_pipeline_dag.py    288  0.00s             1           0  0.12s           2025-09-04T12:26:05
================================================================================
[2025-09-04T12:27:05.869+0000] {manager.py:878} INFO - 
================================================================================
DAG File Processing Stats

File Path                                PID  Runtime      # DAGs    # Errors  Last Runtime    Last Run
-------------------------------------  -----  ---------  --------  ----------  --------------  -------------------
/opt/airflow/dags/tcc_pipeline_dag.py    295  0.01s             1           0  0.18s           2025-09-04T12:26:35
================================================================================
[2025-09-04T12:27:36.233+0000] {manager.py:878} INFO - 
================================================================================
DAG File Processing Stats

File Path                                PID  Runtime      # DAGs    # Errors  Last Runtime    Last Run
-------------------------------------  -----  ---------  --------  ----------  --------------  -------------------
/opt/airflow/dags/tcc_pipeline_dag.py    302  0.01s             1           0  0.15s           2025-09-04T12:27:06
================================================================================
[2025-09-04T12:28:06.532+0000] {manager.py:878} INFO - 
================================================================================
DAG File Processing Stats

File Path                                PID  Runtime      # DAGs    # Errors  Last Runtime    Last Run
-------------------------------------  -----  ---------  --------  ----------  --------------  -------------------
/opt/airflow/dags/tcc_pipeline_dag.py    309  0.01s             1           0  0.18s           2025-09-04T12:27:36
================================================================================
[2025-09-04T12:28:36.906+0000] {manager.py:878} INFO - 
================================================================================
DAG File Processing Stats

File Path                                PID  Runtime      # DAGs    # Errors  Last Runtime    Last Run
-------------------------------------  -----  ---------  --------  ----------  --------------  -------------------
/opt/airflow/dags/tcc_pipeline_dag.py    316  0.00s             1           0  0.17s           2025-09-04T12:28:06
================================================================================
[2025-09-04T12:29:07.265+0000] {manager.py:878} INFO - 
================================================================================
DAG File Processing Stats

File Path                                PID  Runtime      # DAGs    # Errors  Last Runtime    Last Run
-------------------------------------  -----  ---------  --------  ----------  --------------  -------------------
/opt/airflow/dags/tcc_pipeline_dag.py    323  0.01s             1           0  0.25s           2025-09-04T12:28:37
================================================================================
[2025-09-04T12:29:37.696+0000] {manager.py:878} INFO - 
================================================================================
DAG File Processing Stats

File Path                                PID  Runtime      # DAGs    # Errors  Last Runtime    Last Run
-------------------------------------  -----  ---------  --------  ----------  --------------  -------------------
/opt/airflow/dags/tcc_pipeline_dag.py    330  0.00s             1           0  0.18s           2025-09-04T12:29:07
================================================================================
[2025-09-04T12:29:38.236+0000] {manager.py:452} INFO - Exiting gracefully upon receiving signal 15
[2025-09-04T12:30:24.552+0000] {manager.py:470} INFO - Processing files using up to 2 processes at a time 
[2025-09-04T12:30:24.554+0000] {manager.py:471} INFO - Process each file at most once every 30 seconds
[2025-09-04T12:30:24.557+0000] {manager.py:472} INFO - Checking for new files in /opt/airflow/dags every 300 seconds
[2025-09-04T12:30:24.560+0000] {manager.py:737} INFO - Searching for files in /opt/airflow/dags
[2025-09-04T12:30:24.620+0000] {manager.py:740} INFO - There are 1 files in /opt/airflow/dags
[2025-09-04T12:30:24.748+0000] {manager.py:878} INFO - 
================================================================================
DAG File Processing Stats

File Path                                PID  Runtime      # DAGs    # Errors  Last Runtime    Last Run
-------------------------------------  -----  ---------  --------  ----------  --------------  ----------
/opt/airflow/dags/tcc_pipeline_dag.py     52  0.05s             0           0
================================================================================
[2025-09-04T12:30:55.001+0000] {manager.py:878} INFO - 
================================================================================
DAG File Processing Stats

File Path                              PID    Runtime      # DAGs    # Errors  Last Runtime    Last Run
-------------------------------------  -----  ---------  --------  ----------  --------------  -------------------
/opt/airflow/dags/tcc_pipeline_dag.py                           1           0  0.45s           2025-09-04T12:30:25
================================================================================
[2025-09-04T12:31:25.643+0000] {manager.py:878} INFO - 
================================================================================
DAG File Processing Stats

File Path                                PID  Runtime      # DAGs    # Errors  Last Runtime    Last Run
-------------------------------------  -----  ---------  --------  ----------  --------------  -------------------
/opt/airflow/dags/tcc_pipeline_dag.py     70  0.01s             1           0  0.15s           2025-09-04T12:30:55
================================================================================
[2025-09-04T12:31:56.032+0000] {manager.py:878} INFO - 
================================================================================
DAG File Processing Stats

File Path                                PID  Runtime      # DAGs    # Errors  Last Runtime    Last Run
-------------------------------------  -----  ---------  --------  ----------  --------------  -------------------
/opt/airflow/dags/tcc_pipeline_dag.py     77  0.00s             1           0  0.17s           2025-09-04T12:31:25
================================================================================
[2025-09-04T12:32:26.351+0000] {manager.py:878} INFO - 
================================================================================
DAG File Processing Stats

File Path                                PID  Runtime      # DAGs    # Errors  Last Runtime    Last Run
-------------------------------------  -----  ---------  --------  ----------  --------------  -------------------
/opt/airflow/dags/tcc_pipeline_dag.py     84  0.01s             1           0  0.22s           2025-09-04T12:31:56
================================================================================
[2025-09-04T12:32:56.734+0000] {manager.py:878} INFO - 
================================================================================
DAG File Processing Stats

File Path                                PID  Runtime      # DAGs    # Errors  Last Runtime    Last Run
-------------------------------------  -----  ---------  --------  ----------  --------------  -------------------
/opt/airflow/dags/tcc_pipeline_dag.py     91  0.01s             1           0  0.20s           2025-09-04T12:32:26
================================================================================
[2025-09-04T12:33:27.055+0000] {manager.py:878} INFO - 
================================================================================
DAG File Processing Stats

File Path                                PID  Runtime      # DAGs    # Errors  Last Runtime    Last Run
-------------------------------------  -----  ---------  --------  ----------  --------------  -------------------
/opt/airflow/dags/tcc_pipeline_dag.py     98  0.00s             1           0  0.21s           2025-09-04T12:32:56
================================================================================
[2025-09-04T12:33:57.419+0000] {manager.py:878} INFO - 
================================================================================
DAG File Processing Stats

File Path                                PID  Runtime      # DAGs    # Errors  Last Runtime    Last Run
-------------------------------------  -----  ---------  --------  ----------  --------------  -------------------
/opt/airflow/dags/tcc_pipeline_dag.py    105  0.00s             1           0  0.16s           2025-09-04T12:33:27
================================================================================
[2025-09-04T12:34:27.690+0000] {manager.py:878} INFO - 
================================================================================
DAG File Processing Stats

File Path                                PID  Runtime      # DAGs    # Errors  Last Runtime    Last Run
-------------------------------------  -----  ---------  --------  ----------  --------------  -------------------
/opt/airflow/dags/tcc_pipeline_dag.py    112  0.00s             1           0  0.15s           2025-09-04T12:33:57
================================================================================
[2025-09-04T12:34:58.061+0000] {manager.py:878} INFO - 
================================================================================
DAG File Processing Stats

File Path                                PID  Runtime      # DAGs    # Errors  Last Runtime    Last Run
-------------------------------------  -----  ---------  --------  ----------  --------------  -------------------
/opt/airflow/dags/tcc_pipeline_dag.py    119  0.00s             1           0  0.14s           2025-09-04T12:34:27
================================================================================
[2025-09-04T12:35:25.335+0000] {manager.py:737} INFO - Searching for files in /opt/airflow/dags
[2025-09-04T12:35:25.398+0000] {manager.py:740} INFO - There are 1 files in /opt/airflow/dags
[2025-09-04T12:35:28.476+0000] {manager.py:878} INFO - 
================================================================================
DAG File Processing Stats

File Path                                PID  Runtime      # DAGs    # Errors  Last Runtime    Last Run
-------------------------------------  -----  ---------  --------  ----------  --------------  -------------------
/opt/airflow/dags/tcc_pipeline_dag.py    126  0.01s             1           0  0.19s           2025-09-04T12:34:58
================================================================================
[2025-09-04T12:35:43.184+0000] {manager.py:452} INFO - Exiting gracefully upon receiving signal 15
[2025-09-04T12:36:31.852+0000] {manager.py:470} INFO - Processing files using up to 2 processes at a time 
[2025-09-04T12:36:31.854+0000] {manager.py:471} INFO - Process each file at most once every 30 seconds
[2025-09-04T12:36:31.856+0000] {manager.py:472} INFO - Checking for new files in /opt/airflow/dags every 300 seconds
[2025-09-04T12:36:31.858+0000] {manager.py:737} INFO - Searching for files in /opt/airflow/dags
[2025-09-04T12:36:31.902+0000] {manager.py:740} INFO - There are 1 files in /opt/airflow/dags
[2025-09-04T12:36:32.004+0000] {manager.py:878} INFO - 
================================================================================
DAG File Processing Stats

File Path                                PID  Runtime      # DAGs    # Errors  Last Runtime    Last Run
-------------------------------------  -----  ---------  --------  ----------  --------------  ----------
/opt/airflow/dags/tcc_pipeline_dag.py     52  0.04s             0           0
================================================================================
[2025-09-04T12:37:02.225+0000] {manager.py:878} INFO - 
================================================================================
DAG File Processing Stats

File Path                              PID    Runtime      # DAGs    # Errors  Last Runtime    Last Run
-------------------------------------  -----  ---------  --------  ----------  --------------  -------------------
/opt/airflow/dags/tcc_pipeline_dag.py                           1           0  0.40s           2025-09-04T12:36:32
================================================================================
[2025-09-04T12:37:32.870+0000] {manager.py:878} INFO - 
================================================================================
DAG File Processing Stats

File Path                                PID  Runtime      # DAGs    # Errors  Last Runtime    Last Run
-------------------------------------  -----  ---------  --------  ----------  --------------  -------------------
/opt/airflow/dags/tcc_pipeline_dag.py     70  0.00s             1           0  0.14s           2025-09-04T12:37:02
================================================================================
[2025-09-04T12:38:03.215+0000] {manager.py:878} INFO - 
================================================================================
DAG File Processing Stats

File Path                                PID  Runtime      # DAGs    # Errors  Last Runtime    Last Run
-------------------------------------  -----  ---------  --------  ----------  --------------  -------------------
/opt/airflow/dags/tcc_pipeline_dag.py     77  0.01s             1           0  0.16s           2025-09-04T12:37:33
================================================================================
[2025-09-04T12:38:33.495+0000] {manager.py:878} INFO - 
================================================================================
DAG File Processing Stats

File Path                                PID  Runtime      # DAGs    # Errors  Last Runtime    Last Run
-------------------------------------  -----  ---------  --------  ----------  --------------  -------------------
/opt/airflow/dags/tcc_pipeline_dag.py     84  0.00s             1           0  0.18s           2025-09-04T12:38:03
================================================================================
[2025-09-04T12:39:03.938+0000] {manager.py:878} INFO - 
================================================================================
DAG File Processing Stats

File Path                                PID  Runtime      # DAGs    # Errors  Last Runtime    Last Run
-------------------------------------  -----  ---------  --------  ----------  --------------  -------------------
/opt/airflow/dags/tcc_pipeline_dag.py     91  0.01s             1           0  0.19s           2025-09-04T12:38:33
================================================================================
[2025-09-04T12:39:34.295+0000] {manager.py:878} INFO - 
================================================================================
DAG File Processing Stats

File Path                                PID  Runtime      # DAGs    # Errors  Last Runtime    Last Run
-------------------------------------  -----  ---------  --------  ----------  --------------  -------------------
/opt/airflow/dags/tcc_pipeline_dag.py     98  0.01s             1           0  0.19s           2025-09-04T12:39:04
================================================================================
[2025-09-04T12:40:04.653+0000] {manager.py:878} INFO - 
================================================================================
DAG File Processing Stats

File Path                                PID  Runtime      # DAGs    # Errors  Last Runtime    Last Run
-------------------------------------  -----  ---------  --------  ----------  --------------  -------------------
/opt/airflow/dags/tcc_pipeline_dag.py    105  0.01s             1           0  0.28s           2025-09-04T12:39:34
================================================================================
[2025-09-04T12:40:34.895+0000] {manager.py:878} INFO - 
================================================================================
DAG File Processing Stats

File Path                                PID  Runtime      # DAGs    # Errors  Last Runtime    Last Run
-------------------------------------  -----  ---------  --------  ----------  --------------  -------------------
/opt/airflow/dags/tcc_pipeline_dag.py    112  0.00s             1           0  0.13s           2025-09-04T12:40:04
================================================================================
[2025-09-04T12:41:05.231+0000] {manager.py:878} INFO - 
================================================================================
DAG File Processing Stats

File Path                                PID  Runtime      # DAGs    # Errors  Last Runtime    Last Run
-------------------------------------  -----  ---------  --------  ----------  --------------  -------------------
/opt/airflow/dags/tcc_pipeline_dag.py    119  0.00s             1           0  0.17s           2025-09-04T12:40:35
================================================================================
[2025-09-04T12:41:32.507+0000] {manager.py:737} INFO - Searching for files in /opt/airflow/dags
[2025-09-04T12:41:32.530+0000] {manager.py:740} INFO - There are 1 files in /opt/airflow/dags
[2025-09-04T12:41:35.570+0000] {manager.py:878} INFO - 
================================================================================
DAG File Processing Stats

File Path                                PID  Runtime      # DAGs    # Errors  Last Runtime    Last Run
-------------------------------------  -----  ---------  --------  ----------  --------------  -------------------
/opt/airflow/dags/tcc_pipeline_dag.py    126  0.00s             1           0  0.15s           2025-09-04T12:41:05
================================================================================
[2025-09-04T12:42:05.838+0000] {manager.py:878} INFO - 
================================================================================
DAG File Processing Stats

File Path                                PID  Runtime      # DAGs    # Errors  Last Runtime    Last Run
-------------------------------------  -----  ---------  --------  ----------  --------------  -------------------
/opt/airflow/dags/tcc_pipeline_dag.py    133  0.00s             1           0  0.11s           2025-09-04T12:41:35
================================================================================
[2025-09-04T12:42:36.163+0000] {manager.py:878} INFO - 
================================================================================
DAG File Processing Stats

File Path                                PID  Runtime      # DAGs    # Errors  Last Runtime    Last Run
-------------------------------------  -----  ---------  --------  ----------  --------------  -------------------
/opt/airflow/dags/tcc_pipeline_dag.py    140  0.00s             1           0  0.12s           2025-09-04T12:42:05
================================================================================
[2025-09-04T12:43:06.469+0000] {manager.py:878} INFO - 
================================================================================
DAG File Processing Stats

File Path                                PID  Runtime      # DAGs    # Errors  Last Runtime    Last Run
-------------------------------------  -----  ---------  --------  ----------  --------------  -------------------
/opt/airflow/dags/tcc_pipeline_dag.py    153  0.00s             1           0  0.16s           2025-09-04T12:42:36
================================================================================
[2025-09-04T12:43:36.983+0000] {manager.py:878} INFO - 
================================================================================
DAG File Processing Stats

File Path                                PID  Runtime      # DAGs    # Errors  Last Runtime    Last Run
-------------------------------------  -----  ---------  --------  ----------  --------------  -------------------
/opt/airflow/dags/tcc_pipeline_dag.py    160  0.01s             1           0  0.15s           2025-09-04T12:43:06
================================================================================
[2025-09-04T12:44:07.353+0000] {manager.py:878} INFO - 
================================================================================
DAG File Processing Stats

File Path                                PID  Runtime      # DAGs    # Errors  Last Runtime    Last Run
-------------------------------------  -----  ---------  --------  ----------  --------------  -------------------
/opt/airflow/dags/tcc_pipeline_dag.py    167  0.00s             1           0  0.19s           2025-09-04T12:43:37
================================================================================
[2025-09-04T12:44:37.661+0000] {manager.py:878} INFO - 
================================================================================
DAG File Processing Stats

File Path                                PID  Runtime      # DAGs    # Errors  Last Runtime    Last Run
-------------------------------------  -----  ---------  --------  ----------  --------------  -------------------
/opt/airflow/dags/tcc_pipeline_dag.py    175  0.00s             1           0  0.16s           2025-09-04T12:44:07
================================================================================
[2025-09-04T12:45:07.933+0000] {manager.py:878} INFO - 
================================================================================
DAG File Processing Stats

File Path                                PID  Runtime      # DAGs    # Errors  Last Runtime    Last Run
-------------------------------------  -----  ---------  --------  ----------  --------------  -------------------
/opt/airflow/dags/tcc_pipeline_dag.py    182  0.00s             1           0  0.20s           2025-09-04T12:44:37
================================================================================
[2025-09-04T12:45:38.362+0000] {manager.py:878} INFO - 
================================================================================
DAG File Processing Stats

File Path                                PID  Runtime      # DAGs    # Errors  Last Runtime    Last Run
-------------------------------------  -----  ---------  --------  ----------  --------------  -------------------
/opt/airflow/dags/tcc_pipeline_dag.py    189  0.00s             1           0  0.20s           2025-09-04T12:45:08
================================================================================
[2025-09-04T12:46:08.778+0000] {manager.py:878} INFO - 
================================================================================
DAG File Processing Stats

File Path                                PID  Runtime      # DAGs    # Errors  Last Runtime    Last Run
-------------------------------------  -----  ---------  --------  ----------  --------------  -------------------
/opt/airflow/dags/tcc_pipeline_dag.py    196  0.00s             1           0  0.24s           2025-09-04T12:45:38
================================================================================
[2025-09-04T12:46:33.080+0000] {manager.py:737} INFO - Searching for files in /opt/airflow/dags
[2025-09-04T12:46:33.169+0000] {manager.py:740} INFO - There are 1 files in /opt/airflow/dags
[2025-09-04T12:46:39.281+0000] {manager.py:878} INFO - 
================================================================================
DAG File Processing Stats

File Path                                PID  Runtime      # DAGs    # Errors  Last Runtime    Last Run
-------------------------------------  -----  ---------  --------  ----------  --------------  -------------------
/opt/airflow/dags/tcc_pipeline_dag.py    204  0.01s             1           0  0.20s           2025-09-04T12:46:08
================================================================================
[2025-09-04T12:47:09.590+0000] {manager.py:878} INFO - 
================================================================================
DAG File Processing Stats

File Path                                PID  Runtime      # DAGs    # Errors  Last Runtime    Last Run
-------------------------------------  -----  ---------  --------  ----------  --------------  -------------------
/opt/airflow/dags/tcc_pipeline_dag.py    211  0.01s             1           0  0.19s           2025-09-04T12:46:39
================================================================================
[2025-09-04T12:47:40.015+0000] {manager.py:878} INFO - 
================================================================================
DAG File Processing Stats

File Path                                PID  Runtime      # DAGs    # Errors  Last Runtime    Last Run
-------------------------------------  -----  ---------  --------  ----------  --------------  -------------------
/opt/airflow/dags/tcc_pipeline_dag.py    218  0.01s             1           0  0.14s           2025-09-04T12:47:09
================================================================================
[2025-09-04T12:48:10.389+0000] {manager.py:878} INFO - 
================================================================================
DAG File Processing Stats

File Path                                PID  Runtime      # DAGs    # Errors  Last Runtime    Last Run
-------------------------------------  -----  ---------  --------  ----------  --------------  -------------------
/opt/airflow/dags/tcc_pipeline_dag.py    225  0.00s             1           0  0.24s           2025-09-04T12:47:40
================================================================================
[2025-09-04T12:48:40.957+0000] {manager.py:878} INFO - 
================================================================================
DAG File Processing Stats

File Path                                PID  Runtime      # DAGs    # Errors  Last Runtime    Last Run
-------------------------------------  -----  ---------  --------  ----------  --------------  -------------------
/opt/airflow/dags/tcc_pipeline_dag.py    232  0.00s             1           0  0.23s           2025-09-04T12:48:10
================================================================================
[2025-09-04T12:49:11.260+0000] {manager.py:878} INFO - 
================================================================================
DAG File Processing Stats

File Path                                PID  Runtime      # DAGs    # Errors  Last Runtime    Last Run
-------------------------------------  -----  ---------  --------  ----------  --------------  -------------------
/opt/airflow/dags/tcc_pipeline_dag.py    239  0.00s             1           0  0.17s           2025-09-04T12:48:41
================================================================================
[2025-09-04T12:49:41.663+0000] {manager.py:878} INFO - 
================================================================================
DAG File Processing Stats

File Path                              PID    Runtime      # DAGs    # Errors  Last Runtime    Last Run
-------------------------------------  -----  ---------  --------  ----------  --------------  -------------------
/opt/airflow/dags/tcc_pipeline_dag.py                           1           0  0.43s           2025-09-04T12:49:11
================================================================================
[2025-09-04T12:50:12.161+0000] {manager.py:878} INFO - 
================================================================================
DAG File Processing Stats

File Path                              PID    Runtime      # DAGs    # Errors  Last Runtime    Last Run
-------------------------------------  -----  ---------  --------  ----------  --------------  -------------------
/opt/airflow/dags/tcc_pipeline_dag.py                           1           0  0.25s           2025-09-04T12:49:42
================================================================================
[2025-09-04T12:50:42.711+0000] {manager.py:878} INFO - 
================================================================================
DAG File Processing Stats

File Path                              PID    Runtime      # DAGs    # Errors  Last Runtime    Last Run
-------------------------------------  -----  ---------  --------  ----------  --------------  -------------------
/opt/airflow/dags/tcc_pipeline_dag.py                           1           0  0.32s           2025-09-04T12:50:12
================================================================================
[2025-09-04T12:51:13.293+0000] {manager.py:878} INFO - 
================================================================================
DAG File Processing Stats

File Path                                PID  Runtime      # DAGs    # Errors  Last Runtime    Last Run
-------------------------------------  -----  ---------  --------  ----------  --------------  -------------------
/opt/airflow/dags/tcc_pipeline_dag.py    267  0.01s             1           0  0.23s           2025-09-04T12:50:43
================================================================================
[2025-09-04T12:51:33.670+0000] {manager.py:737} INFO - Searching for files in /opt/airflow/dags
[2025-09-04T12:51:33.728+0000] {manager.py:740} INFO - There are 1 files in /opt/airflow/dags
[2025-09-04T12:51:43.886+0000] {manager.py:878} INFO - 
================================================================================
DAG File Processing Stats

File Path                                PID  Runtime      # DAGs    # Errors  Last Runtime    Last Run
-------------------------------------  -----  ---------  --------  ----------  --------------  -------------------
/opt/airflow/dags/tcc_pipeline_dag.py    274  0.00s             1           0  0.19s           2025-09-04T12:51:13
================================================================================
[2025-09-04T12:52:14.272+0000] {manager.py:878} INFO - 
================================================================================
DAG File Processing Stats

File Path                                PID  Runtime      # DAGs    # Errors  Last Runtime    Last Run
-------------------------------------  -----  ---------  --------  ----------  --------------  -------------------
/opt/airflow/dags/tcc_pipeline_dag.py    281  0.01s             1           0  0.23s           2025-09-04T12:51:44
================================================================================
[2025-09-04T12:52:44.684+0000] {manager.py:878} INFO - 
================================================================================
DAG File Processing Stats

File Path                                PID  Runtime      # DAGs    # Errors  Last Runtime    Last Run
-------------------------------------  -----  ---------  --------  ----------  --------------  -------------------
/opt/airflow/dags/tcc_pipeline_dag.py    288  0.00s             1           0  0.19s           2025-09-04T12:52:14
================================================================================
[2025-09-04T12:53:15.113+0000] {manager.py:878} INFO - 
================================================================================
DAG File Processing Stats

File Path                                PID  Runtime      # DAGs    # Errors  Last Runtime    Last Run
-------------------------------------  -----  ---------  --------  ----------  --------------  -------------------
/opt/airflow/dags/tcc_pipeline_dag.py    295  0.00s             1           0  0.24s           2025-09-04T12:52:44
================================================================================
[2025-09-04T12:53:45.602+0000] {manager.py:878} INFO - 
================================================================================
DAG File Processing Stats

File Path                                PID  Runtime      # DAGs    # Errors  Last Runtime    Last Run
-------------------------------------  -----  ---------  --------  ----------  --------------  -------------------
/opt/airflow/dags/tcc_pipeline_dag.py    303  0.00s             1           0  0.19s           2025-09-04T12:53:15
================================================================================
[2025-09-04T12:54:15.886+0000] {manager.py:878} INFO - 
================================================================================
DAG File Processing Stats

File Path                                PID  Runtime      # DAGs    # Errors  Last Runtime    Last Run
-------------------------------------  -----  ---------  --------  ----------  --------------  -------------------
/opt/airflow/dags/tcc_pipeline_dag.py    310  0.00s             1           0  0.22s           2025-09-04T12:53:45
================================================================================
[2025-09-04T12:54:46.303+0000] {manager.py:878} INFO - 
================================================================================
DAG File Processing Stats

File Path                                PID  Runtime      # DAGs    # Errors  Last Runtime    Last Run
-------------------------------------  -----  ---------  --------  ----------  --------------  -------------------
/opt/airflow/dags/tcc_pipeline_dag.py    317  0.00s             1           0  0.23s           2025-09-04T12:54:16
================================================================================
[2025-09-04T12:55:16.857+0000] {manager.py:878} INFO - 
================================================================================
DAG File Processing Stats

File Path                                PID  Runtime      # DAGs    # Errors  Last Runtime    Last Run
-------------------------------------  -----  ---------  --------  ----------  --------------  -------------------
/opt/airflow/dags/tcc_pipeline_dag.py    324  0.02s             1           0  0.21s           2025-09-04T12:54:46
================================================================================
[2025-09-04T12:55:47.350+0000] {manager.py:878} INFO - 
================================================================================
DAG File Processing Stats

File Path                                PID  Runtime      # DAGs    # Errors  Last Runtime    Last Run
-------------------------------------  -----  ---------  --------  ----------  --------------  -------------------
/opt/airflow/dags/tcc_pipeline_dag.py    331  0.00s             1           0  0.18s           2025-09-04T12:55:17
================================================================================
[2025-09-04T12:56:17.684+0000] {manager.py:878} INFO - 
================================================================================
DAG File Processing Stats

File Path                                PID  Runtime      # DAGs    # Errors  Last Runtime    Last Run
-------------------------------------  -----  ---------  --------  ----------  --------------  -------------------
/opt/airflow/dags/tcc_pipeline_dag.py    338  0.01s             1           0  0.19s           2025-09-04T12:55:47
================================================================================
[2025-09-04T12:56:33.891+0000] {manager.py:737} INFO - Searching for files in /opt/airflow/dags
[2025-09-04T12:56:33.942+0000] {manager.py:740} INFO - There are 1 files in /opt/airflow/dags
[2025-09-04T12:56:48.094+0000] {manager.py:878} INFO - 
================================================================================
DAG File Processing Stats

File Path                                PID  Runtime      # DAGs    # Errors  Last Runtime    Last Run
-------------------------------------  -----  ---------  --------  ----------  --------------  -------------------
/opt/airflow/dags/tcc_pipeline_dag.py    345  0.00s             1           0  0.20s           2025-09-04T12:56:17
================================================================================
[2025-09-04T12:57:18.380+0000] {manager.py:878} INFO - 
================================================================================
DAG File Processing Stats

File Path                                PID  Runtime      # DAGs    # Errors  Last Runtime    Last Run
-------------------------------------  -----  ---------  --------  ----------  --------------  -------------------
/opt/airflow/dags/tcc_pipeline_dag.py    352  0.01s             1           0  0.24s           2025-09-04T12:56:48
================================================================================
[2025-09-04T12:57:48.817+0000] {manager.py:878} INFO - 
================================================================================
DAG File Processing Stats

File Path                                PID  Runtime      # DAGs    # Errors  Last Runtime    Last Run
-------------------------------------  -----  ---------  --------  ----------  --------------  -------------------
/opt/airflow/dags/tcc_pipeline_dag.py    359  0.01s             1           0  0.26s           2025-09-04T12:57:18
================================================================================
[2025-09-04T12:58:19.134+0000] {manager.py:878} INFO - 
================================================================================
DAG File Processing Stats

File Path                                PID  Runtime      # DAGs    # Errors  Last Runtime    Last Run
-------------------------------------  -----  ---------  --------  ----------  --------------  -------------------
/opt/airflow/dags/tcc_pipeline_dag.py    366  0.01s             1           0  0.23s           2025-09-04T12:57:49
================================================================================
[2025-09-04T12:58:49.555+0000] {manager.py:878} INFO - 
================================================================================
DAG File Processing Stats

File Path                                PID  Runtime      # DAGs    # Errors  Last Runtime    Last Run
-------------------------------------  -----  ---------  --------  ----------  --------------  -------------------
/opt/airflow/dags/tcc_pipeline_dag.py    373  0.01s             1           0  0.24s           2025-09-04T12:58:19
================================================================================
[2025-09-04T12:59:19.906+0000] {manager.py:878} INFO - 
================================================================================
DAG File Processing Stats

File Path                                PID  Runtime      # DAGs    # Errors  Last Runtime    Last Run
-------------------------------------  -----  ---------  --------  ----------  --------------  -------------------
/opt/airflow/dags/tcc_pipeline_dag.py    380  0.00s             1           0  0.16s           2025-09-04T12:58:49
================================================================================
[2025-09-04T12:59:50.362+0000] {manager.py:878} INFO - 
================================================================================
DAG File Processing Stats

File Path                                PID  Runtime      # DAGs    # Errors  Last Runtime    Last Run
-------------------------------------  -----  ---------  --------  ----------  --------------  -------------------
/opt/airflow/dags/tcc_pipeline_dag.py    387  0.00s             1           0  0.23s           2025-09-04T12:59:20
================================================================================
[2025-09-04T13:00:20.811+0000] {manager.py:878} INFO - 
================================================================================
DAG File Processing Stats

File Path                                PID  Runtime      # DAGs    # Errors  Last Runtime    Last Run
-------------------------------------  -----  ---------  --------  ----------  --------------  -------------------
/opt/airflow/dags/tcc_pipeline_dag.py    394  0.00s             1           0  0.21s           2025-09-04T12:59:50
================================================================================
[2025-09-04T13:00:40.176+0000] {manager.py:452} INFO - Exiting gracefully upon receiving signal 15
[2025-09-04T13:01:46.254+0000] {manager.py:470} INFO - Processing files using up to 2 processes at a time 
[2025-09-04T13:01:46.262+0000] {manager.py:471} INFO - Process each file at most once every 30 seconds
[2025-09-04T13:01:46.270+0000] {manager.py:472} INFO - Checking for new files in /opt/airflow/dags every 300 seconds
[2025-09-04T13:01:46.272+0000] {manager.py:737} INFO - Searching for files in /opt/airflow/dags
[2025-09-04T13:01:46.307+0000] {manager.py:740} INFO - There are 1 files in /opt/airflow/dags
[2025-09-04T13:01:46.585+0000] {manager.py:878} INFO - 
================================================================================
DAG File Processing Stats

File Path                                PID  Runtime      # DAGs    # Errors  Last Runtime    Last Run
-------------------------------------  -----  ---------  --------  ----------  --------------  ----------
/opt/airflow/dags/tcc_pipeline_dag.py     64  0.06s             0           0
================================================================================
[2025-09-04T13:02:16.836+0000] {manager.py:878} INFO - 
================================================================================
DAG File Processing Stats

File Path                              PID    Runtime      # DAGs    # Errors  Last Runtime    Last Run
-------------------------------------  -----  ---------  --------  ----------  --------------  -------------------
/opt/airflow/dags/tcc_pipeline_dag.py                           1           0  0.56s           2025-09-04T13:01:47
================================================================================
[2025-09-04T13:02:47.635+0000] {manager.py:878} INFO - 
================================================================================
DAG File Processing Stats

File Path                                PID  Runtime      # DAGs    # Errors  Last Runtime    Last Run
-------------------------------------  -----  ---------  --------  ----------  --------------  -------------------
/opt/airflow/dags/tcc_pipeline_dag.py     83  0.01s             1           0  0.14s           2025-09-04T13:02:17
================================================================================
[2025-09-04T13:03:18.094+0000] {manager.py:878} INFO - 
================================================================================
DAG File Processing Stats

File Path                                PID  Runtime      # DAGs    # Errors  Last Runtime    Last Run
-------------------------------------  -----  ---------  --------  ----------  --------------  -------------------
/opt/airflow/dags/tcc_pipeline_dag.py     90  0.01s             1           0  0.19s           2025-09-04T13:02:47
================================================================================
[2025-09-04T13:03:48.401+0000] {manager.py:878} INFO - 
================================================================================
DAG File Processing Stats

File Path                                PID  Runtime      # DAGs    # Errors  Last Runtime    Last Run
-------------------------------------  -----  ---------  --------  ----------  --------------  -------------------
/opt/airflow/dags/tcc_pipeline_dag.py     97  0.00s             1           0  0.22s           2025-09-04T13:03:18
================================================================================
[2025-09-04T13:04:18.743+0000] {manager.py:878} INFO - 
================================================================================
DAG File Processing Stats

File Path                                PID  Runtime      # DAGs    # Errors  Last Runtime    Last Run
-------------------------------------  -----  ---------  --------  ----------  --------------  -------------------
/opt/airflow/dags/tcc_pipeline_dag.py    104  0.00s             1           0  0.20s           2025-09-04T13:03:48
================================================================================
[2025-09-04T13:04:49.117+0000] {manager.py:878} INFO - 
================================================================================
DAG File Processing Stats

File Path                                PID  Runtime      # DAGs    # Errors  Last Runtime    Last Run
-------------------------------------  -----  ---------  --------  ----------  --------------  -------------------
/opt/airflow/dags/tcc_pipeline_dag.py    111  0.01s             1           0  0.19s           2025-09-04T13:04:18
================================================================================
[2025-09-04T13:05:19.549+0000] {manager.py:878} INFO - 
================================================================================
DAG File Processing Stats

File Path                                PID  Runtime      # DAGs    # Errors  Last Runtime    Last Run
-------------------------------------  -----  ---------  --------  ----------  --------------  -------------------
/opt/airflow/dags/tcc_pipeline_dag.py    118  0.00s             1           0  0.18s           2025-09-04T13:04:49
================================================================================
[2025-09-04T13:05:49.884+0000] {manager.py:878} INFO - 
================================================================================
DAG File Processing Stats

File Path                                PID  Runtime      # DAGs    # Errors  Last Runtime    Last Run
-------------------------------------  -----  ---------  --------  ----------  --------------  -------------------
/opt/airflow/dags/tcc_pipeline_dag.py    125  0.00s             1           0  0.19s           2025-09-04T13:05:19
================================================================================
[2025-09-04T13:06:20.219+0000] {manager.py:878} INFO - 
================================================================================
DAG File Processing Stats

File Path                                PID  Runtime      # DAGs    # Errors  Last Runtime    Last Run
-------------------------------------  -----  ---------  --------  ----------  --------------  -------------------
/opt/airflow/dags/tcc_pipeline_dag.py    132  0.01s             1           0  0.17s           2025-09-04T13:05:50
================================================================================
[2025-09-04T13:06:46.393+0000] {manager.py:737} INFO - Searching for files in /opt/airflow/dags
[2025-09-04T13:06:46.435+0000] {manager.py:740} INFO - There are 1 files in /opt/airflow/dags
[2025-09-04T13:06:50.500+0000] {manager.py:878} INFO - 
================================================================================
DAG File Processing Stats

File Path                                PID  Runtime      # DAGs    # Errors  Last Runtime    Last Run
-------------------------------------  -----  ---------  --------  ----------  --------------  -------------------
/opt/airflow/dags/tcc_pipeline_dag.py    138  0.00s             1           0  0.15s           2025-09-04T13:06:20
================================================================================
[2025-09-04T13:07:20.991+0000] {manager.py:878} INFO - 
================================================================================
DAG File Processing Stats

File Path                                PID  Runtime      # DAGs    # Errors  Last Runtime    Last Run
-------------------------------------  -----  ---------  --------  ----------  --------------  -------------------
/opt/airflow/dags/tcc_pipeline_dag.py    144  0.00s             1           0  0.19s           2025-09-04T13:06:50
================================================================================
[2025-09-04T13:07:51.410+0000] {manager.py:878} INFO - 
================================================================================
DAG File Processing Stats

File Path                                PID  Runtime      # DAGs    # Errors  Last Runtime    Last Run
-------------------------------------  -----  ---------  --------  ----------  --------------  -------------------
/opt/airflow/dags/tcc_pipeline_dag.py    151  0.00s             1           0  0.19s           2025-09-04T13:07:21
================================================================================
[2025-09-04T13:08:21.823+0000] {manager.py:878} INFO - 
================================================================================
DAG File Processing Stats

File Path                                PID  Runtime      # DAGs    # Errors  Last Runtime    Last Run
-------------------------------------  -----  ---------  --------  ----------  --------------  -------------------
/opt/airflow/dags/tcc_pipeline_dag.py    158  0.01s             1           0  0.21s           2025-09-04T13:07:51
================================================================================
[2025-09-04T13:08:52.169+0000] {manager.py:878} INFO - 
================================================================================
DAG File Processing Stats

File Path                                PID  Runtime      # DAGs    # Errors  Last Runtime    Last Run
-------------------------------------  -----  ---------  --------  ----------  --------------  -------------------
/opt/airflow/dags/tcc_pipeline_dag.py    165  0.00s             1           0  0.18s           2025-09-04T13:08:21
================================================================================
[2025-09-04T13:09:22.547+0000] {manager.py:878} INFO - 
================================================================================
DAG File Processing Stats

File Path                                PID  Runtime      # DAGs    # Errors  Last Runtime    Last Run
-------------------------------------  -----  ---------  --------  ----------  --------------  -------------------
/opt/airflow/dags/tcc_pipeline_dag.py    178  0.02s             1           0  0.24s           2025-09-04T13:08:52
================================================================================
[2025-09-04T13:09:52.885+0000] {manager.py:878} INFO - 
================================================================================
DAG File Processing Stats

File Path                                PID  Runtime      # DAGs    # Errors  Last Runtime    Last Run
-------------------------------------  -----  ---------  --------  ----------  --------------  -------------------
/opt/airflow/dags/tcc_pipeline_dag.py    185  0.01s             1           0  0.26s           2025-09-04T13:09:22
================================================================================
[2025-09-04T13:10:23.123+0000] {manager.py:878} INFO - 
================================================================================
DAG File Processing Stats

File Path                                PID  Runtime      # DAGs    # Errors  Last Runtime    Last Run
-------------------------------------  -----  ---------  --------  ----------  --------------  -------------------
/opt/airflow/dags/tcc_pipeline_dag.py    193  0.02s             1           0  0.16s           2025-09-04T13:09:53
================================================================================
[2025-09-04T13:10:53.544+0000] {manager.py:878} INFO - 
================================================================================
DAG File Processing Stats

File Path                                PID  Runtime      # DAGs    # Errors  Last Runtime    Last Run
-------------------------------------  -----  ---------  --------  ----------  --------------  -------------------
/opt/airflow/dags/tcc_pipeline_dag.py    200  0.01s             1           0  0.21s           2025-09-04T13:10:23
================================================================================
[2025-09-04T13:11:23.829+0000] {manager.py:878} INFO - 
================================================================================
DAG File Processing Stats

File Path                                PID  Runtime      # DAGs    # Errors  Last Runtime    Last Run
-------------------------------------  -----  ---------  --------  ----------  --------------  -------------------
/opt/airflow/dags/tcc_pipeline_dag.py    207  0.00s             1           0  0.15s           2025-09-04T13:10:53
================================================================================
[2025-09-04T13:11:47.056+0000] {manager.py:737} INFO - Searching for files in /opt/airflow/dags
[2025-09-04T13:11:47.095+0000] {manager.py:740} INFO - There are 1 files in /opt/airflow/dags
[2025-09-04T13:11:54.206+0000] {manager.py:878} INFO - 
================================================================================
DAG File Processing Stats

File Path                                PID  Runtime      # DAGs    # Errors  Last Runtime    Last Run
-------------------------------------  -----  ---------  --------  ----------  --------------  -------------------
/opt/airflow/dags/tcc_pipeline_dag.py    214  0.00s             1           0  0.19s           2025-09-04T13:11:24
================================================================================
[2025-09-04T13:12:24.695+0000] {manager.py:878} INFO - 
================================================================================
DAG File Processing Stats

File Path                                PID  Runtime      # DAGs    # Errors  Last Runtime    Last Run
-------------------------------------  -----  ---------  --------  ----------  --------------  -------------------
/opt/airflow/dags/tcc_pipeline_dag.py    221  0.01s             1           0  0.20s           2025-09-04T13:11:54
================================================================================
[2025-09-04T13:12:55.062+0000] {manager.py:878} INFO - 
================================================================================
DAG File Processing Stats

File Path                                PID  Runtime      # DAGs    # Errors  Last Runtime    Last Run
-------------------------------------  -----  ---------  --------  ----------  --------------  -------------------
/opt/airflow/dags/tcc_pipeline_dag.py    228  0.00s             1           0  0.18s           2025-09-04T13:12:24
================================================================================
[2025-09-04T13:13:25.553+0000] {manager.py:878} INFO - 
================================================================================
DAG File Processing Stats

File Path                                PID  Runtime      # DAGs    # Errors  Last Runtime    Last Run
-------------------------------------  -----  ---------  --------  ----------  --------------  -------------------
/opt/airflow/dags/tcc_pipeline_dag.py    235  0.01s             1           0  0.24s           2025-09-04T13:12:55
================================================================================
[2025-09-04T13:13:55.702+0000] {manager.py:878} INFO - 
================================================================================
DAG File Processing Stats

File Path                              PID    Runtime      # DAGs    # Errors  Last Runtime    Last Run
-------------------------------------  -----  ---------  --------  ----------  --------------  -------------------
/opt/airflow/dags/tcc_pipeline_dag.py                           1           0  0.53s           2025-09-04T13:13:55
================================================================================
[2025-09-04T13:14:24.001+0000] {manager.py:452} INFO - Exiting gracefully upon receiving signal 15
[2025-09-04T13:15:25.355+0000] {manager.py:470} INFO - Processing files using up to 2 processes at a time 
[2025-09-04T13:15:25.357+0000] {manager.py:471} INFO - Process each file at most once every 30 seconds
[2025-09-04T13:15:25.359+0000] {manager.py:472} INFO - Checking for new files in /opt/airflow/dags every 300 seconds
[2025-09-04T13:15:25.360+0000] {manager.py:737} INFO - Searching for files in /opt/airflow/dags
[2025-09-04T13:15:25.391+0000] {manager.py:740} INFO - There are 1 files in /opt/airflow/dags
[2025-09-04T13:15:25.518+0000] {manager.py:878} INFO - 
================================================================================
DAG File Processing Stats

File Path                                PID  Runtime      # DAGs    # Errors  Last Runtime    Last Run
-------------------------------------  -----  ---------  --------  ----------  --------------  ----------
/opt/airflow/dags/tcc_pipeline_dag.py     57  0.06s             0           0
================================================================================
[2025-09-04T13:15:55.746+0000] {manager.py:878} INFO - 
================================================================================
DAG File Processing Stats

File Path                              PID    Runtime      # DAGs    # Errors  Last Runtime    Last Run
-------------------------------------  -----  ---------  --------  ----------  --------------  -------------------
/opt/airflow/dags/tcc_pipeline_dag.py                           1           0  0.51s           2025-09-04T13:15:25
================================================================================
[2025-09-04T13:16:26.531+0000] {manager.py:878} INFO - 
================================================================================
DAG File Processing Stats

File Path                                PID  Runtime      # DAGs    # Errors  Last Runtime    Last Run
-------------------------------------  -----  ---------  --------  ----------  --------------  -------------------
/opt/airflow/dags/tcc_pipeline_dag.py     71  0.01s             1           0  0.24s           2025-09-04T13:15:56
================================================================================
[2025-09-04T13:16:57.065+0000] {manager.py:878} INFO - 
================================================================================
DAG File Processing Stats

File Path                                PID  Runtime      # DAGs    # Errors  Last Runtime    Last Run
-------------------------------------  -----  ---------  --------  ----------  --------------  -------------------
/opt/airflow/dags/tcc_pipeline_dag.py     84  0.01s             1           0  0.22s           2025-09-04T13:16:26
================================================================================
[2025-09-04T13:17:27.359+0000] {manager.py:878} INFO - 
================================================================================
DAG File Processing Stats

File Path                                PID  Runtime      # DAGs    # Errors  Last Runtime    Last Run
-------------------------------------  -----  ---------  --------  ----------  --------------  -------------------
/opt/airflow/dags/tcc_pipeline_dag.py     91  0.01s             1           0  0.22s           2025-09-04T13:16:57
================================================================================
[2025-09-04T13:17:57.614+0000] {manager.py:878} INFO - 
================================================================================
DAG File Processing Stats

File Path                                PID  Runtime      # DAGs    # Errors  Last Runtime    Last Run
-------------------------------------  -----  ---------  --------  ----------  --------------  -------------------
/opt/airflow/dags/tcc_pipeline_dag.py    102  0.01s             1           0  0.18s           2025-09-04T13:17:27
================================================================================
[2025-09-04T13:18:28.134+0000] {manager.py:878} INFO - 
================================================================================
DAG File Processing Stats

File Path                                PID  Runtime      # DAGs    # Errors  Last Runtime    Last Run
-------------------------------------  -----  ---------  --------  ----------  --------------  -------------------
/opt/airflow/dags/tcc_pipeline_dag.py    109  0.01s             1           0  0.29s           2025-09-04T13:17:57
================================================================================
[2025-09-04T13:18:58.506+0000] {manager.py:878} INFO - 
================================================================================
DAG File Processing Stats

File Path                                PID  Runtime      # DAGs    # Errors  Last Runtime    Last Run
-------------------------------------  -----  ---------  --------  ----------  --------------  -------------------
/opt/airflow/dags/tcc_pipeline_dag.py    116  0.00s             1           0  0.25s           2025-09-04T13:18:28
================================================================================
[2025-09-04T13:19:28.918+0000] {manager.py:878} INFO - 
================================================================================
DAG File Processing Stats

File Path                                PID  Runtime      # DAGs    # Errors  Last Runtime    Last Run
-------------------------------------  -----  ---------  --------  ----------  --------------  -------------------
/opt/airflow/dags/tcc_pipeline_dag.py    123  0.01s             1           0  0.19s           2025-09-04T13:18:58
================================================================================
[2025-09-04T13:19:59.201+0000] {manager.py:878} INFO - 
================================================================================
DAG File Processing Stats

File Path                                PID  Runtime      # DAGs    # Errors  Last Runtime    Last Run
-------------------------------------  -----  ---------  --------  ----------  --------------  -------------------
/opt/airflow/dags/tcc_pipeline_dag.py    130  0.01s             1           0  0.21s           2025-09-04T13:19:29
================================================================================
[2025-09-04T13:20:25.429+0000] {manager.py:737} INFO - Searching for files in /opt/airflow/dags
[2025-09-04T13:20:25.473+0000] {manager.py:740} INFO - There are 1 files in /opt/airflow/dags
[2025-09-04T13:20:29.563+0000] {manager.py:878} INFO - 
================================================================================
DAG File Processing Stats

File Path                                PID  Runtime      # DAGs    # Errors  Last Runtime    Last Run
-------------------------------------  -----  ---------  --------  ----------  --------------  -------------------
/opt/airflow/dags/tcc_pipeline_dag.py    137  0.01s             1           0  0.17s           2025-09-04T13:19:59
================================================================================
[2025-09-04T13:20:59.851+0000] {manager.py:878} INFO - 
================================================================================
DAG File Processing Stats

File Path                                PID  Runtime      # DAGs    # Errors  Last Runtime    Last Run
-------------------------------------  -----  ---------  --------  ----------  --------------  -------------------
/opt/airflow/dags/tcc_pipeline_dag.py    144  0.01s             1           0  0.22s           2025-09-04T13:20:29
================================================================================
[2025-09-04T13:21:30.383+0000] {manager.py:878} INFO - 
================================================================================
DAG File Processing Stats

File Path                                PID  Runtime      # DAGs    # Errors  Last Runtime    Last Run
-------------------------------------  -----  ---------  --------  ----------  --------------  -------------------
/opt/airflow/dags/tcc_pipeline_dag.py    151  0.01s             1           0  0.25s           2025-09-04T13:21:00
================================================================================
[2025-09-04T13:22:00.713+0000] {manager.py:878} INFO - 
================================================================================
DAG File Processing Stats

File Path                                PID  Runtime      # DAGs    # Errors  Last Runtime    Last Run
-------------------------------------  -----  ---------  --------  ----------  --------------  -------------------
/opt/airflow/dags/tcc_pipeline_dag.py    158  0.00s             1           0  0.17s           2025-09-04T13:21:30
================================================================================
[2025-09-04T13:22:31.065+0000] {manager.py:878} INFO - 
================================================================================
DAG File Processing Stats

File Path                                PID  Runtime      # DAGs    # Errors  Last Runtime    Last Run
-------------------------------------  -----  ---------  --------  ----------  --------------  -------------------
/opt/airflow/dags/tcc_pipeline_dag.py    165  0.01s             1           0  0.27s           2025-09-04T13:22:00
================================================================================
[2025-09-04T13:23:01.483+0000] {manager.py:878} INFO - 
================================================================================
DAG File Processing Stats

File Path                                PID  Runtime      # DAGs    # Errors  Last Runtime    Last Run
-------------------------------------  -----  ---------  --------  ----------  --------------  -------------------
/opt/airflow/dags/tcc_pipeline_dag.py    172  0.00s             1           0  0.23s           2025-09-04T13:22:31
================================================================================
[2025-09-04T13:23:18.036+0000] {manager.py:452} INFO - Exiting gracefully upon receiving signal 15
[2025-09-04T13:24:17.955+0000] {manager.py:470} INFO - Processing files using up to 2 processes at a time 
[2025-09-04T13:24:17.959+0000] {manager.py:471} INFO - Process each file at most once every 30 seconds
[2025-09-04T13:24:17.966+0000] {manager.py:472} INFO - Checking for new files in /opt/airflow/dags every 300 seconds
[2025-09-04T13:24:17.971+0000] {manager.py:737} INFO - Searching for files in /opt/airflow/dags
[2025-09-04T13:24:18.008+0000] {manager.py:740} INFO - There are 1 files in /opt/airflow/dags
[2025-09-04T13:24:18.143+0000] {manager.py:878} INFO - 
================================================================================
DAG File Processing Stats

File Path                                PID  Runtime      # DAGs    # Errors  Last Runtime    Last Run
-------------------------------------  -----  ---------  --------  ----------  --------------  ----------
/opt/airflow/dags/tcc_pipeline_dag.py     63  0.07s             0           0
================================================================================
[2025-09-04T13:24:48.376+0000] {manager.py:878} INFO - 
================================================================================
DAG File Processing Stats

File Path                              PID    Runtime      # DAGs    # Errors  Last Runtime    Last Run
-------------------------------------  -----  ---------  --------  ----------  --------------  -------------------
/opt/airflow/dags/tcc_pipeline_dag.py                           1           0  0.79s           2025-09-04T13:24:18
================================================================================
[2025-09-04T13:25:18.770+0000] {manager.py:878} INFO - 
================================================================================
DAG File Processing Stats

File Path                              PID    Runtime      # DAGs    # Errors  Last Runtime    Last Run
-------------------------------------  -----  ---------  --------  ----------  --------------  -------------------
/opt/airflow/dags/tcc_pipeline_dag.py                           1           0  0.26s           2025-09-04T13:24:49
================================================================================
[2025-09-04T13:25:49.221+0000] {manager.py:878} INFO - 
================================================================================
DAG File Processing Stats

File Path                              PID    Runtime      # DAGs    # Errors  Last Runtime    Last Run
-------------------------------------  -----  ---------  --------  ----------  --------------  -------------------
/opt/airflow/dags/tcc_pipeline_dag.py                           1           0  0.24s           2025-09-04T13:25:20
================================================================================
[2025-09-04T13:26:19.677+0000] {manager.py:878} INFO - 
================================================================================
DAG File Processing Stats

File Path                              PID    Runtime      # DAGs    # Errors  Last Runtime    Last Run
-------------------------------------  -----  ---------  --------  ----------  --------------  -------------------
/opt/airflow/dags/tcc_pipeline_dag.py                           1           0  0.19s           2025-09-04T13:25:50
================================================================================
[2025-09-04T13:26:49.979+0000] {manager.py:878} INFO - 
================================================================================
DAG File Processing Stats

File Path                              PID    Runtime      # DAGs    # Errors  Last Runtime    Last Run
-------------------------------------  -----  ---------  --------  ----------  --------------  -------------------
/opt/airflow/dags/tcc_pipeline_dag.py                           1           0  0.19s           2025-09-04T13:26:20
================================================================================
[2025-09-04T13:27:20.406+0000] {manager.py:878} INFO - 
================================================================================
DAG File Processing Stats

File Path                              PID    Runtime      # DAGs    # Errors  Last Runtime    Last Run
-------------------------------------  -----  ---------  --------  ----------  --------------  -------------------
/opt/airflow/dags/tcc_pipeline_dag.py                           1           0  0.18s           2025-09-04T13:26:51
================================================================================
[2025-09-04T13:27:50.879+0000] {manager.py:878} INFO - 
================================================================================
DAG File Processing Stats

File Path                              PID    Runtime      # DAGs    # Errors  Last Runtime    Last Run
-------------------------------------  -----  ---------  --------  ----------  --------------  -------------------
/opt/airflow/dags/tcc_pipeline_dag.py                           1           0  0.19s           2025-09-04T13:27:21
================================================================================
[2025-09-04T13:28:21.304+0000] {manager.py:878} INFO - 
================================================================================
DAG File Processing Stats

File Path                              PID    Runtime      # DAGs    # Errors  Last Runtime    Last Run
-------------------------------------  -----  ---------  --------  ----------  --------------  -------------------
/opt/airflow/dags/tcc_pipeline_dag.py                           1           0  0.22s           2025-09-04T13:27:52
================================================================================
[2025-09-04T13:28:51.772+0000] {manager.py:878} INFO - 
================================================================================
DAG File Processing Stats

File Path                              PID    Runtime      # DAGs    # Errors  Last Runtime    Last Run
-------------------------------------  -----  ---------  --------  ----------  --------------  -------------------
/opt/airflow/dags/tcc_pipeline_dag.py                           1           0  0.17s           2025-09-04T13:28:22
================================================================================
[2025-09-04T13:29:18.075+0000] {manager.py:737} INFO - Searching for files in /opt/airflow/dags
[2025-09-04T13:29:18.163+0000] {manager.py:740} INFO - There are 1 files in /opt/airflow/dags
[2025-09-04T13:29:22.222+0000] {manager.py:878} INFO - 
================================================================================
DAG File Processing Stats

File Path                              PID    Runtime      # DAGs    # Errors  Last Runtime    Last Run
-------------------------------------  -----  ---------  --------  ----------  --------------  -------------------
/opt/airflow/dags/tcc_pipeline_dag.py                           1           0  0.22s           2025-09-04T13:28:53
================================================================================
[2025-09-04T13:29:52.682+0000] {manager.py:878} INFO - 
================================================================================
DAG File Processing Stats

File Path                              PID    Runtime      # DAGs    # Errors  Last Runtime    Last Run
-------------------------------------  -----  ---------  --------  ----------  --------------  -------------------
/opt/airflow/dags/tcc_pipeline_dag.py                           1           0  0.26s           2025-09-04T13:29:23
================================================================================
[2025-09-04T13:30:22.933+0000] {manager.py:878} INFO - 
================================================================================
DAG File Processing Stats

File Path                              PID    Runtime      # DAGs    # Errors  Last Runtime    Last Run
-------------------------------------  -----  ---------  --------  ----------  --------------  -------------------
/opt/airflow/dags/tcc_pipeline_dag.py                           1           0  0.19s           2025-09-04T13:29:53
================================================================================
[2025-09-04T13:30:53.285+0000] {manager.py:878} INFO - 
================================================================================
DAG File Processing Stats

File Path                              PID    Runtime      # DAGs    # Errors  Last Runtime    Last Run
-------------------------------------  -----  ---------  --------  ----------  --------------  -------------------
/opt/airflow/dags/tcc_pipeline_dag.py                           1           0  0.21s           2025-09-04T13:30:24
================================================================================
[2025-09-04T13:31:23.739+0000] {manager.py:878} INFO - 
================================================================================
DAG File Processing Stats

File Path                              PID    Runtime      # DAGs    # Errors  Last Runtime    Last Run
-------------------------------------  -----  ---------  --------  ----------  --------------  -------------------
/opt/airflow/dags/tcc_pipeline_dag.py                           1           0  0.31s           2025-09-04T13:30:54
================================================================================
[2025-09-04T13:31:54.158+0000] {manager.py:878} INFO - 
================================================================================
DAG File Processing Stats

File Path                              PID    Runtime      # DAGs    # Errors  Last Runtime    Last Run
-------------------------------------  -----  ---------  --------  ----------  --------------  -------------------
/opt/airflow/dags/tcc_pipeline_dag.py                           1           0  0.22s           2025-09-04T13:31:24
================================================================================
[2025-09-04T13:32:24.522+0000] {manager.py:878} INFO - 
================================================================================
DAG File Processing Stats

File Path                              PID    Runtime      # DAGs    # Errors  Last Runtime    Last Run
-------------------------------------  -----  ---------  --------  ----------  --------------  -------------------
/opt/airflow/dags/tcc_pipeline_dag.py                           1           0  0.26s           2025-09-04T13:31:55
================================================================================
[2025-09-04T13:32:54.844+0000] {manager.py:878} INFO - 
================================================================================
DAG File Processing Stats

File Path                              PID    Runtime      # DAGs    # Errors  Last Runtime    Last Run
-------------------------------------  -----  ---------  --------  ----------  --------------  -------------------
/opt/airflow/dags/tcc_pipeline_dag.py                           1           0  0.18s           2025-09-04T13:32:25
================================================================================
[2025-09-04T13:32:57.326+0000] {manager.py:452} INFO - Exiting gracefully upon receiving signal 15
[2025-09-04T13:33:57.248+0000] {manager.py:470} INFO - Processing files using up to 2 processes at a time 
[2025-09-04T13:33:57.251+0000] {manager.py:471} INFO - Process each file at most once every 30 seconds
[2025-09-04T13:33:57.253+0000] {manager.py:472} INFO - Checking for new files in /opt/airflow/dags every 300 seconds
[2025-09-04T13:33:57.254+0000] {manager.py:737} INFO - Searching for files in /opt/airflow/dags
[2025-09-04T13:33:57.286+0000] {manager.py:740} INFO - There are 1 files in /opt/airflow/dags
[2025-09-04T13:33:57.390+0000] {manager.py:878} INFO - 
================================================================================
DAG File Processing Stats

File Path                                PID  Runtime      # DAGs    # Errors  Last Runtime    Last Run
-------------------------------------  -----  ---------  --------  ----------  --------------  ----------
/opt/airflow/dags/tcc_pipeline_dag.py     58  0.05s             0           0
================================================================================
[2025-09-04T13:34:27.593+0000] {manager.py:878} INFO - 
================================================================================
DAG File Processing Stats

File Path                              PID    Runtime      # DAGs    # Errors  Last Runtime    Last Run
-------------------------------------  -----  ---------  --------  ----------  --------------  -------------------
/opt/airflow/dags/tcc_pipeline_dag.py                           1           0  0.57s           2025-09-04T13:33:57
================================================================================
[2025-09-04T13:34:57.870+0000] {manager.py:878} INFO - 
================================================================================
DAG File Processing Stats

File Path                              PID    Runtime      # DAGs    # Errors  Last Runtime    Last Run
-------------------------------------  -----  ---------  --------  ----------  --------------  -------------------
/opt/airflow/dags/tcc_pipeline_dag.py                           1           0  0.37s           2025-09-04T13:34:28
================================================================================
[2025-09-04T13:35:28.183+0000] {manager.py:878} INFO - 
================================================================================
DAG File Processing Stats

File Path                              PID    Runtime      # DAGs    # Errors  Last Runtime    Last Run
-------------------------------------  -----  ---------  --------  ----------  --------------  -------------------
/opt/airflow/dags/tcc_pipeline_dag.py                           1           0  0.18s           2025-09-04T13:34:59
================================================================================
[2025-09-04T13:35:58.601+0000] {manager.py:878} INFO - 
================================================================================
DAG File Processing Stats

File Path                              PID    Runtime      # DAGs    # Errors  Last Runtime    Last Run
-------------------------------------  -----  ---------  --------  ----------  --------------  -------------------
/opt/airflow/dags/tcc_pipeline_dag.py                           1           0  0.26s           2025-09-04T13:35:29
================================================================================
[2025-09-04T13:36:28.950+0000] {manager.py:878} INFO - 
================================================================================
DAG File Processing Stats

File Path                              PID    Runtime      # DAGs    # Errors  Last Runtime    Last Run
-------------------------------------  -----  ---------  --------  ----------  --------------  -------------------
/opt/airflow/dags/tcc_pipeline_dag.py                           1           0  0.23s           2025-09-04T13:35:59
================================================================================
[2025-09-04T13:36:59.418+0000] {manager.py:878} INFO - 
================================================================================
DAG File Processing Stats

File Path                              PID    Runtime      # DAGs    # Errors  Last Runtime    Last Run
-------------------------------------  -----  ---------  --------  ----------  --------------  -------------------
/opt/airflow/dags/tcc_pipeline_dag.py                           1           0  0.29s           2025-09-04T13:36:30
================================================================================
[2025-09-04T13:37:29.763+0000] {manager.py:878} INFO - 
================================================================================
DAG File Processing Stats

File Path                              PID    Runtime      # DAGs    # Errors  Last Runtime    Last Run
-------------------------------------  -----  ---------  --------  ----------  --------------  -------------------
/opt/airflow/dags/tcc_pipeline_dag.py                           1           0  0.21s           2025-09-04T13:37:00
================================================================================
[2025-09-04T13:38:00.236+0000] {manager.py:878} INFO - 
================================================================================
DAG File Processing Stats

File Path                              PID    Runtime      # DAGs    # Errors  Last Runtime    Last Run
-------------------------------------  -----  ---------  --------  ----------  --------------  -------------------
/opt/airflow/dags/tcc_pipeline_dag.py                           1           0  0.19s           2025-09-04T13:37:30
================================================================================
[2025-09-04T13:38:30.560+0000] {manager.py:878} INFO - 
================================================================================
DAG File Processing Stats

File Path                              PID    Runtime      # DAGs    # Errors  Last Runtime    Last Run
-------------------------------------  -----  ---------  --------  ----------  --------------  -------------------
/opt/airflow/dags/tcc_pipeline_dag.py                           1           0  0.25s           2025-09-04T13:38:01
================================================================================
[2025-09-04T13:38:57.944+0000] {manager.py:737} INFO - Searching for files in /opt/airflow/dags
[2025-09-04T13:38:58.021+0000] {manager.py:740} INFO - There are 1 files in /opt/airflow/dags
[2025-09-04T13:39:01.110+0000] {manager.py:878} INFO - 
================================================================================
DAG File Processing Stats

File Path                              PID    Runtime      # DAGs    # Errors  Last Runtime    Last Run
-------------------------------------  -----  ---------  --------  ----------  --------------  -------------------
/opt/airflow/dags/tcc_pipeline_dag.py                           1           0  0.19s           2025-09-04T13:38:31
================================================================================
[2025-09-04T13:39:20.819+0000] {manager.py:452} INFO - Exiting gracefully upon receiving signal 15
[2025-09-04T13:40:20.899+0000] {manager.py:470} INFO - Processing files using up to 2 processes at a time 
[2025-09-04T13:40:20.902+0000] {manager.py:471} INFO - Process each file at most once every 30 seconds
[2025-09-04T13:40:20.904+0000] {manager.py:472} INFO - Checking for new files in /opt/airflow/dags every 300 seconds
[2025-09-04T13:40:20.905+0000] {manager.py:737} INFO - Searching for files in /opt/airflow/dags
[2025-09-04T13:40:20.939+0000] {manager.py:740} INFO - There are 1 files in /opt/airflow/dags
[2025-09-04T13:40:21.052+0000] {manager.py:878} INFO - 
================================================================================
DAG File Processing Stats

File Path                                PID  Runtime      # DAGs    # Errors  Last Runtime    Last Run
-------------------------------------  -----  ---------  --------  ----------  --------------  ----------
/opt/airflow/dags/tcc_pipeline_dag.py     58  0.06s             0           0
================================================================================
[2025-09-04T13:40:51.335+0000] {manager.py:878} INFO - 
================================================================================
DAG File Processing Stats

File Path                              PID    Runtime      # DAGs    # Errors  Last Runtime    Last Run
-------------------------------------  -----  ---------  --------  ----------  --------------  -------------------
/opt/airflow/dags/tcc_pipeline_dag.py                           1           0  0.56s           2025-09-04T13:40:21
================================================================================
[2025-09-04T13:41:21.382+0000] {manager.py:878} INFO - 
================================================================================
DAG File Processing Stats

File Path                              PID    Runtime      # DAGs    # Errors  Last Runtime    Last Run
-------------------------------------  -----  ---------  --------  ----------  --------------  -------------------
/opt/airflow/dags/tcc_pipeline_dag.py                           1           0  0.25s           2025-09-04T13:40:52
================================================================================
[2025-09-04T13:41:51.658+0000] {manager.py:878} INFO - 
================================================================================
DAG File Processing Stats

File Path                              PID    Runtime      # DAGs    # Errors  Last Runtime    Last Run
-------------------------------------  -----  ---------  --------  ----------  --------------  -------------------
/opt/airflow/dags/tcc_pipeline_dag.py                           1           0  0.29s           2025-09-04T13:41:22
================================================================================
[2025-09-04T13:42:22.011+0000] {manager.py:878} INFO - 
================================================================================
DAG File Processing Stats

File Path                              PID    Runtime      # DAGs    # Errors  Last Runtime    Last Run
-------------------------------------  -----  ---------  --------  ----------  --------------  -------------------
/opt/airflow/dags/tcc_pipeline_dag.py                           1           0  0.30s           2025-09-04T13:41:52
================================================================================
[2025-09-04T13:42:52.339+0000] {manager.py:878} INFO - 
================================================================================
DAG File Processing Stats

File Path                              PID    Runtime      # DAGs    # Errors  Last Runtime    Last Run
-------------------------------------  -----  ---------  --------  ----------  --------------  -------------------
/opt/airflow/dags/tcc_pipeline_dag.py                           1           0  0.22s           2025-09-04T13:42:23
================================================================================
[2025-09-04T13:43:22.796+0000] {manager.py:878} INFO - 
================================================================================
DAG File Processing Stats

File Path                              PID    Runtime      # DAGs    # Errors  Last Runtime    Last Run
-------------------------------------  -----  ---------  --------  ----------  --------------  -------------------
/opt/airflow/dags/tcc_pipeline_dag.py                           1           0  0.17s           2025-09-04T13:42:53
================================================================================
[2025-09-04T13:43:53.115+0000] {manager.py:878} INFO - 
================================================================================
DAG File Processing Stats

File Path                              PID    Runtime      # DAGs    # Errors  Last Runtime    Last Run
-------------------------------------  -----  ---------  --------  ----------  --------------  -------------------
/opt/airflow/dags/tcc_pipeline_dag.py                           1           0  0.22s           2025-09-04T13:43:24
================================================================================
[2025-09-04T13:44:23.429+0000] {manager.py:878} INFO - 
================================================================================
DAG File Processing Stats

File Path                              PID    Runtime      # DAGs    # Errors  Last Runtime    Last Run
-------------------------------------  -----  ---------  --------  ----------  --------------  -------------------
/opt/airflow/dags/tcc_pipeline_dag.py                           1           0  0.21s           2025-09-04T13:43:54
================================================================================
[2025-09-04T13:44:53.902+0000] {manager.py:878} INFO - 
================================================================================
DAG File Processing Stats

File Path                              PID    Runtime      # DAGs    # Errors  Last Runtime    Last Run
-------------------------------------  -----  ---------  --------  ----------  --------------  -------------------
/opt/airflow/dags/tcc_pipeline_dag.py                           1           0  0.18s           2025-09-04T13:44:24
================================================================================
[2025-09-04T13:45:21.227+0000] {manager.py:737} INFO - Searching for files in /opt/airflow/dags
[2025-09-04T13:45:21.323+0000] {manager.py:740} INFO - There are 1 files in /opt/airflow/dags
[2025-09-04T13:45:24.393+0000] {manager.py:878} INFO - 
================================================================================
DAG File Processing Stats

File Path                              PID    Runtime      # DAGs    # Errors  Last Runtime    Last Run
-------------------------------------  -----  ---------  --------  ----------  --------------  -------------------
/opt/airflow/dags/tcc_pipeline_dag.py                           1           0  0.22s           2025-09-04T13:44:55
================================================================================
[2025-09-04T13:45:54.767+0000] {manager.py:878} INFO - 
================================================================================
DAG File Processing Stats

File Path                              PID    Runtime      # DAGs    # Errors  Last Runtime    Last Run
-------------------------------------  -----  ---------  --------  ----------  --------------  -------------------
/opt/airflow/dags/tcc_pipeline_dag.py                           1           0  0.24s           2025-09-04T13:45:25
================================================================================
[2025-09-04T13:46:25.185+0000] {manager.py:878} INFO - 
================================================================================
DAG File Processing Stats

File Path                              PID    Runtime      # DAGs    # Errors  Last Runtime    Last Run
-------------------------------------  -----  ---------  --------  ----------  --------------  -------------------
/opt/airflow/dags/tcc_pipeline_dag.py                           1           0  0.19s           2025-09-04T13:45:56
================================================================================
[2025-09-04T13:46:55.528+0000] {manager.py:878} INFO - 
================================================================================
DAG File Processing Stats

File Path                              PID    Runtime      # DAGs    # Errors  Last Runtime    Last Run
-------------------------------------  -----  ---------  --------  ----------  --------------  -------------------
/opt/airflow/dags/tcc_pipeline_dag.py                           1           0  0.18s           2025-09-04T13:46:26
================================================================================
[2025-09-04T13:47:25.944+0000] {manager.py:878} INFO - 
================================================================================
DAG File Processing Stats

File Path                              PID    Runtime      # DAGs    # Errors  Last Runtime    Last Run
-------------------------------------  -----  ---------  --------  ----------  --------------  -------------------
/opt/airflow/dags/tcc_pipeline_dag.py                           1           0  0.31s           2025-09-04T13:46:56
================================================================================
[2025-09-04T13:47:56.530+0000] {manager.py:878} INFO - 
================================================================================
DAG File Processing Stats

File Path                              PID    Runtime      # DAGs    # Errors  Last Runtime    Last Run
-------------------------------------  -----  ---------  --------  ----------  --------------  -------------------
/opt/airflow/dags/tcc_pipeline_dag.py                           1           0  0.27s           2025-09-04T13:47:27
================================================================================
[2025-09-04T13:48:26.851+0000] {manager.py:878} INFO - 
================================================================================
DAG File Processing Stats

File Path                              PID    Runtime      # DAGs    # Errors  Last Runtime    Last Run
-------------------------------------  -----  ---------  --------  ----------  --------------  -------------------
/opt/airflow/dags/tcc_pipeline_dag.py                           1           0  0.20s           2025-09-04T13:47:57
================================================================================
[2025-09-04T13:48:57.400+0000] {manager.py:878} INFO - 
================================================================================
DAG File Processing Stats

File Path                              PID    Runtime      # DAGs    # Errors  Last Runtime    Last Run
-------------------------------------  -----  ---------  --------  ----------  --------------  -------------------
/opt/airflow/dags/tcc_pipeline_dag.py                           1           0  0.21s           2025-09-04T13:48:28
================================================================================
[2025-09-04T13:49:27.740+0000] {manager.py:878} INFO - 
================================================================================
DAG File Processing Stats

File Path                              PID    Runtime      # DAGs    # Errors  Last Runtime    Last Run
-------------------------------------  -----  ---------  --------  ----------  --------------  -------------------
/opt/airflow/dags/tcc_pipeline_dag.py                           1           0  0.23s           2025-09-04T13:48:58
================================================================================
[2025-09-04T13:49:34.202+0000] {manager.py:452} INFO - Exiting gracefully upon receiving signal 15
[2025-09-04T13:50:32.083+0000] {manager.py:470} INFO - Processing files using up to 2 processes at a time 
[2025-09-04T13:50:32.086+0000] {manager.py:471} INFO - Process each file at most once every 30 seconds
[2025-09-04T13:50:32.089+0000] {manager.py:472} INFO - Checking for new files in /opt/airflow/dags every 300 seconds
[2025-09-04T13:50:32.091+0000] {manager.py:737} INFO - Searching for files in /opt/airflow/dags
[2025-09-04T13:50:32.117+0000] {manager.py:740} INFO - There are 1 files in /opt/airflow/dags
[2025-09-04T13:50:32.239+0000] {manager.py:878} INFO - 
================================================================================
DAG File Processing Stats

File Path                                PID  Runtime      # DAGs    # Errors  Last Runtime    Last Run
-------------------------------------  -----  ---------  --------  ----------  --------------  ----------
/opt/airflow/dags/tcc_pipeline_dag.py     58  0.06s             0           0
================================================================================
[2025-09-04T13:51:02.510+0000] {manager.py:878} INFO - 
================================================================================
DAG File Processing Stats

File Path                              PID    Runtime      # DAGs    # Errors  Last Runtime    Last Run
-------------------------------------  -----  ---------  --------  ----------  --------------  -------------------
/opt/airflow/dags/tcc_pipeline_dag.py                           1           0  0.51s           2025-09-04T13:50:32
================================================================================
[2025-09-04T13:51:33.249+0000] {manager.py:878} INFO - 
================================================================================
DAG File Processing Stats

File Path                                PID  Runtime      # DAGs    # Errors  Last Runtime    Last Run
-------------------------------------  -----  ---------  --------  ----------  --------------  -------------------
/opt/airflow/dags/tcc_pipeline_dag.py     72  0.01s             1           0  0.16s           2025-09-04T13:51:03
================================================================================
[2025-09-04T13:52:03.656+0000] {manager.py:878} INFO - 
================================================================================
DAG File Processing Stats

File Path                                PID  Runtime      # DAGs    # Errors  Last Runtime    Last Run
-------------------------------------  -----  ---------  --------  ----------  --------------  -------------------
/opt/airflow/dags/tcc_pipeline_dag.py     79  0.00s             1           0  0.20s           2025-09-04T13:51:33
================================================================================
[2025-09-04T13:52:33.984+0000] {manager.py:878} INFO - 
================================================================================
DAG File Processing Stats

File Path                                PID  Runtime      # DAGs    # Errors  Last Runtime    Last Run
-------------------------------------  -----  ---------  --------  ----------  --------------  -------------------
/opt/airflow/dags/tcc_pipeline_dag.py     90  0.01s             1           0  0.20s           2025-09-04T13:52:03
================================================================================
[2025-09-04T13:53:04.468+0000] {manager.py:878} INFO - 
================================================================================
DAG File Processing Stats

File Path                                PID  Runtime      # DAGs    # Errors  Last Runtime    Last Run
-------------------------------------  -----  ---------  --------  ----------  --------------  -------------------
/opt/airflow/dags/tcc_pipeline_dag.py     97  0.00s             1           0  0.31s           2025-09-04T13:52:34
================================================================================
[2025-09-04T13:53:34.788+0000] {manager.py:878} INFO - 
================================================================================
DAG File Processing Stats

File Path                                PID  Runtime      # DAGs    # Errors  Last Runtime    Last Run
-------------------------------------  -----  ---------  --------  ----------  --------------  -------------------
/opt/airflow/dags/tcc_pipeline_dag.py    104  0.00s             1           0  0.21s           2025-09-04T13:53:04
================================================================================
[2025-09-04T13:54:05.135+0000] {manager.py:878} INFO - 
================================================================================
DAG File Processing Stats

File Path                                PID  Runtime      # DAGs    # Errors  Last Runtime    Last Run
-------------------------------------  -----  ---------  --------  ----------  --------------  -------------------
/opt/airflow/dags/tcc_pipeline_dag.py    117  0.01s             1           0  0.20s           2025-09-04T13:53:34
================================================================================
[2025-09-04T13:54:35.564+0000] {manager.py:878} INFO - 
================================================================================
DAG File Processing Stats

File Path                                PID  Runtime      # DAGs    # Errors  Last Runtime    Last Run
-------------------------------------  -----  ---------  --------  ----------  --------------  -------------------
/opt/airflow/dags/tcc_pipeline_dag.py    124  0.00s             1           0  0.21s           2025-09-04T13:54:05
================================================================================
[2025-09-04T13:55:05.959+0000] {manager.py:878} INFO - 
================================================================================
DAG File Processing Stats

File Path                                PID  Runtime      # DAGs    # Errors  Last Runtime    Last Run
-------------------------------------  -----  ---------  --------  ----------  --------------  -------------------
/opt/airflow/dags/tcc_pipeline_dag.py    131  0.01s             1           0  0.22s           2025-09-04T13:54:35
================================================================================
[2025-09-04T13:55:32.266+0000] {manager.py:737} INFO - Searching for files in /opt/airflow/dags
[2025-09-04T13:55:32.333+0000] {manager.py:740} INFO - There are 1 files in /opt/airflow/dags
[2025-09-04T13:55:36.473+0000] {manager.py:878} INFO - 
================================================================================
DAG File Processing Stats

File Path                                PID  Runtime      # DAGs    # Errors  Last Runtime    Last Run
-------------------------------------  -----  ---------  --------  ----------  --------------  -------------------
/opt/airflow/dags/tcc_pipeline_dag.py    137  0.01s             1           0  0.17s           2025-09-04T13:55:06
================================================================================
[2025-09-04T13:56:06.852+0000] {manager.py:878} INFO - 
================================================================================
DAG File Processing Stats

File Path                                PID  Runtime      # DAGs    # Errors  Last Runtime    Last Run
-------------------------------------  -----  ---------  --------  ----------  --------------  -------------------
/opt/airflow/dags/tcc_pipeline_dag.py    144  0.01s             1           0  0.25s           2025-09-04T13:55:36
================================================================================
[2025-09-04T13:56:37.294+0000] {manager.py:878} INFO - 
================================================================================
DAG File Processing Stats

File Path                                PID  Runtime      # DAGs    # Errors  Last Runtime    Last Run
-------------------------------------  -----  ---------  --------  ----------  --------------  -------------------
/opt/airflow/dags/tcc_pipeline_dag.py    151  0.00s             1           0  0.20s           2025-09-04T13:56:07
================================================================================
[2025-09-04T13:57:07.703+0000] {manager.py:878} INFO - 
================================================================================
DAG File Processing Stats

File Path                                PID  Runtime      # DAGs    # Errors  Last Runtime    Last Run
-------------------------------------  -----  ---------  --------  ----------  --------------  -------------------
/opt/airflow/dags/tcc_pipeline_dag.py    158  0.00s             1           0  0.19s           2025-09-04T13:56:37
================================================================================
[2025-09-04T13:57:12.373+0000] {manager.py:452} INFO - Exiting gracefully upon receiving signal 15
[2025-09-04T13:58:08.283+0000] {manager.py:470} INFO - Processing files using up to 2 processes at a time 
[2025-09-04T13:58:08.285+0000] {manager.py:471} INFO - Process each file at most once every 30 seconds
[2025-09-04T13:58:08.286+0000] {manager.py:472} INFO - Checking for new files in /opt/airflow/dags every 300 seconds
[2025-09-04T13:58:08.288+0000] {manager.py:737} INFO - Searching for files in /opt/airflow/dags
[2025-09-04T13:58:08.322+0000] {manager.py:740} INFO - There are 1 files in /opt/airflow/dags
[2025-09-04T13:58:08.532+0000] {manager.py:878} INFO - 
================================================================================
DAG File Processing Stats

File Path                                PID  Runtime      # DAGs    # Errors  Last Runtime    Last Run
-------------------------------------  -----  ---------  --------  ----------  --------------  ----------
/opt/airflow/dags/tcc_pipeline_dag.py     59  0.06s             0           0
================================================================================
[2025-09-04T13:58:38.783+0000] {manager.py:878} INFO - 
================================================================================
DAG File Processing Stats

File Path                              PID    Runtime      # DAGs    # Errors  Last Runtime    Last Run
-------------------------------------  -----  ---------  --------  ----------  --------------  -------------------
/opt/airflow/dags/tcc_pipeline_dag.py                           1           0  0.53s           2025-09-04T13:58:09
================================================================================
[2025-09-04T13:59:09.568+0000] {manager.py:878} INFO - 
================================================================================
DAG File Processing Stats

File Path                                PID  Runtime      # DAGs    # Errors  Last Runtime    Last Run
-------------------------------------  -----  ---------  --------  ----------  --------------  -------------------
/opt/airflow/dags/tcc_pipeline_dag.py     77  0.00s             1           0  0.25s           2025-09-04T13:58:39
================================================================================
[2025-09-04T13:59:40.050+0000] {manager.py:878} INFO - 
================================================================================
DAG File Processing Stats

File Path                                PID  Runtime      # DAGs    # Errors  Last Runtime    Last Run
-------------------------------------  -----  ---------  --------  ----------  --------------  -------------------
/opt/airflow/dags/tcc_pipeline_dag.py     84  0.01s             1           0  0.19s           2025-09-04T13:59:09
================================================================================
[2025-09-04T14:00:10.296+0000] {manager.py:878} INFO - 
================================================================================
DAG File Processing Stats

File Path                              PID    Runtime      # DAGs    # Errors  Last Runtime    Last Run
-------------------------------------  -----  ---------  --------  ----------  --------------  -------------------
/opt/airflow/dags/tcc_pipeline_dag.py                           1           0  0.25s           2025-09-04T13:59:40
================================================================================
[2025-09-04T14:00:41.073+0000] {manager.py:878} INFO - 
================================================================================
DAG File Processing Stats

File Path                                PID  Runtime      # DAGs    # Errors  Last Runtime    Last Run
-------------------------------------  -----  ---------  --------  ----------  --------------  -------------------
/opt/airflow/dags/tcc_pipeline_dag.py     98  0.01s             1           0  0.18s           2025-09-04T14:00:10
================================================================================
[2025-09-04T14:01:11.531+0000] {manager.py:878} INFO - 
================================================================================
DAG File Processing Stats

File Path                                PID  Runtime      # DAGs    # Errors  Last Runtime    Last Run
-------------------------------------  -----  ---------  --------  ----------  --------------  -------------------
/opt/airflow/dags/tcc_pipeline_dag.py    106  0.01s             1           0  0.27s           2025-09-04T14:00:41
================================================================================
[2025-09-04T14:01:41.915+0000] {manager.py:878} INFO - 
================================================================================
DAG File Processing Stats

File Path                                PID  Runtime      # DAGs    # Errors  Last Runtime    Last Run
-------------------------------------  -----  ---------  --------  ----------  --------------  -------------------
/opt/airflow/dags/tcc_pipeline_dag.py    113  0.01s             1           0  0.18s           2025-09-04T14:01:11
================================================================================
[2025-09-04T14:02:12.324+0000] {manager.py:878} INFO - 
================================================================================
DAG File Processing Stats

File Path                                PID  Runtime      # DAGs    # Errors  Last Runtime    Last Run
-------------------------------------  -----  ---------  --------  ----------  --------------  -------------------
/opt/airflow/dags/tcc_pipeline_dag.py    126  0.00s             1           0  0.21s           2025-09-04T14:01:42
================================================================================
[2025-09-04T14:02:42.678+0000] {manager.py:878} INFO - 
================================================================================
DAG File Processing Stats

File Path                                PID  Runtime      # DAGs    # Errors  Last Runtime    Last Run
-------------------------------------  -----  ---------  --------  ----------  --------------  -------------------
/opt/airflow/dags/tcc_pipeline_dag.py    133  0.01s             1           0  0.17s           2025-09-04T14:02:12
================================================================================
[2025-09-04T14:03:08.963+0000] {manager.py:737} INFO - Searching for files in /opt/airflow/dags
[2025-09-04T14:03:09.020+0000] {manager.py:740} INFO - There are 1 files in /opt/airflow/dags
[2025-09-04T14:03:13.092+0000] {manager.py:878} INFO - 
================================================================================
DAG File Processing Stats

File Path                                PID  Runtime      # DAGs    # Errors  Last Runtime    Last Run
-------------------------------------  -----  ---------  --------  ----------  --------------  -------------------
/opt/airflow/dags/tcc_pipeline_dag.py    140  0.00s             1           0  0.22s           2025-09-04T14:02:42
================================================================================
[2025-09-04T14:03:43.572+0000] {manager.py:878} INFO - 
================================================================================
DAG File Processing Stats

File Path                                PID  Runtime      # DAGs    # Errors  Last Runtime    Last Run
-------------------------------------  -----  ---------  --------  ----------  --------------  -------------------
/opt/airflow/dags/tcc_pipeline_dag.py    147  0.01s             1           0  0.26s           2025-09-04T14:03:13
================================================================================
[2025-09-04T14:04:13.914+0000] {manager.py:878} INFO - 
================================================================================
DAG File Processing Stats

File Path                                PID  Runtime      # DAGs    # Errors  Last Runtime    Last Run
-------------------------------------  -----  ---------  --------  ----------  --------------  -------------------
/opt/airflow/dags/tcc_pipeline_dag.py    155  0.01s             1           0  0.32s           2025-09-04T14:03:43
================================================================================
[2025-09-04T14:04:44.173+0000] {manager.py:878} INFO - 
================================================================================
DAG File Processing Stats

File Path                                PID  Runtime      # DAGs    # Errors  Last Runtime    Last Run
-------------------------------------  -----  ---------  --------  ----------  --------------  -------------------
/opt/airflow/dags/tcc_pipeline_dag.py    162  0.00s             1           0  0.20s           2025-09-04T14:04:14
================================================================================
[2025-09-04T14:05:14.661+0000] {manager.py:878} INFO - 
================================================================================
DAG File Processing Stats

File Path                                PID  Runtime      # DAGs    # Errors  Last Runtime    Last Run
-------------------------------------  -----  ---------  --------  ----------  --------------  -------------------
/opt/airflow/dags/tcc_pipeline_dag.py    169  0.00s             1           0  0.21s           2025-09-04T14:04:44
================================================================================
[2025-09-04T14:05:45.007+0000] {manager.py:878} INFO - 
================================================================================
DAG File Processing Stats

File Path                                PID  Runtime      # DAGs    # Errors  Last Runtime    Last Run
-------------------------------------  -----  ---------  --------  ----------  --------------  -------------------
/opt/airflow/dags/tcc_pipeline_dag.py    176  0.00s             1           0  0.23s           2025-09-04T14:05:14
================================================================================
[2025-09-04T14:05:55.509+0000] {manager.py:452} INFO - Exiting gracefully upon receiving signal 15
[2025-09-04T14:06:55.663+0000] {manager.py:470} INFO - Processing files using up to 2 processes at a time 
[2025-09-04T14:06:55.665+0000] {manager.py:471} INFO - Process each file at most once every 30 seconds
[2025-09-04T14:06:55.667+0000] {manager.py:472} INFO - Checking for new files in /opt/airflow/dags every 300 seconds
[2025-09-04T14:06:55.669+0000] {manager.py:737} INFO - Searching for files in /opt/airflow/dags
[2025-09-04T14:06:55.698+0000] {manager.py:740} INFO - There are 1 files in /opt/airflow/dags
[2025-09-04T14:06:55.814+0000] {manager.py:878} INFO - 
================================================================================
DAG File Processing Stats

File Path                                PID  Runtime      # DAGs    # Errors  Last Runtime    Last Run
-------------------------------------  -----  ---------  --------  ----------  --------------  ----------
/opt/airflow/dags/tcc_pipeline_dag.py     57  0.06s             0           0
================================================================================
[2025-09-04T14:07:26.041+0000] {manager.py:878} INFO - 
================================================================================
DAG File Processing Stats

File Path                              PID    Runtime      # DAGs    # Errors  Last Runtime    Last Run
-------------------------------------  -----  ---------  --------  ----------  --------------  -------------------
/opt/airflow/dags/tcc_pipeline_dag.py                           1           0  0.52s           2025-09-04T14:06:56
================================================================================
[2025-09-04T14:07:56.877+0000] {manager.py:878} INFO - 
================================================================================
DAG File Processing Stats

File Path                                PID  Runtime      # DAGs    # Errors  Last Runtime    Last Run
-------------------------------------  -----  ---------  --------  ----------  --------------  -------------------
/opt/airflow/dags/tcc_pipeline_dag.py     81  0.00s             1           0  0.27s           2025-09-04T14:07:26
================================================================================
[2025-09-04T14:27:31.330+0000] {manager.py:470} INFO - Processing files using up to 2 processes at a time 
[2025-09-04T14:27:31.342+0000] {manager.py:471} INFO - Process each file at most once every 30 seconds
[2025-09-04T14:27:31.344+0000] {manager.py:472} INFO - Checking for new files in /opt/airflow/dags every 300 seconds
[2025-09-04T14:27:31.346+0000] {manager.py:737} INFO - Searching for files in /opt/airflow/dags
[2025-09-04T14:27:31.396+0000] {manager.py:740} INFO - There are 1 files in /opt/airflow/dags
[2025-09-04T14:27:35.525+0000] {manager.py:878} INFO - 
================================================================================
DAG File Processing Stats

File Path                              PID    Runtime      # DAGs    # Errors  Last Runtime    Last Run
-------------------------------------  -----  ---------  --------  ----------  --------------  -------------------
/opt/airflow/dags/tcc_pipeline_dag.py                           1           0  0.20s           2025-09-04T14:27:31
================================================================================
[2025-09-04T14:28:05.938+0000] {manager.py:878} INFO - 
================================================================================
DAG File Processing Stats

File Path                              PID    Runtime      # DAGs    # Errors  Last Runtime    Last Run
-------------------------------------  -----  ---------  --------  ----------  --------------  -------------------
/opt/airflow/dags/tcc_pipeline_dag.py                           1           0  0.20s           2025-09-04T14:28:01
================================================================================
[2025-09-04T14:28:36.262+0000] {manager.py:878} INFO - 
================================================================================
DAG File Processing Stats

File Path                              PID    Runtime      # DAGs    # Errors  Last Runtime    Last Run
-------------------------------------  -----  ---------  --------  ----------  --------------  -------------------
/opt/airflow/dags/tcc_pipeline_dag.py                           1           0  0.16s           2025-09-04T14:28:32
================================================================================
[2025-09-04T14:29:06.609+0000] {manager.py:878} INFO - 
================================================================================
DAG File Processing Stats

File Path                              PID    Runtime      # DAGs    # Errors  Last Runtime    Last Run
-------------------------------------  -----  ---------  --------  ----------  --------------  -------------------
/opt/airflow/dags/tcc_pipeline_dag.py                           1           0  0.15s           2025-09-04T14:29:02
================================================================================
[2025-09-04T14:29:36.933+0000] {manager.py:878} INFO - 
================================================================================
DAG File Processing Stats

File Path                              PID    Runtime      # DAGs    # Errors  Last Runtime    Last Run
-------------------------------------  -----  ---------  --------  ----------  --------------  -------------------
/opt/airflow/dags/tcc_pipeline_dag.py                           1           0  0.22s           2025-09-04T14:29:33
================================================================================
[2025-09-04T14:30:07.385+0000] {manager.py:878} INFO - 
================================================================================
DAG File Processing Stats

File Path                              PID    Runtime      # DAGs    # Errors  Last Runtime    Last Run
-------------------------------------  -----  ---------  --------  ----------  --------------  -------------------
/opt/airflow/dags/tcc_pipeline_dag.py                           1           0  0.22s           2025-09-04T14:30:03
================================================================================
[2025-09-04T14:30:37.692+0000] {manager.py:878} INFO - 
================================================================================
DAG File Processing Stats

File Path                              PID    Runtime      # DAGs    # Errors  Last Runtime    Last Run
-------------------------------------  -----  ---------  --------  ----------  --------------  -------------------
/opt/airflow/dags/tcc_pipeline_dag.py                           1           0  0.11s           2025-09-04T14:30:33
================================================================================
[2025-09-04T14:31:08.004+0000] {manager.py:878} INFO - 
================================================================================
DAG File Processing Stats

File Path                              PID    Runtime      # DAGs    # Errors  Last Runtime    Last Run
-------------------------------------  -----  ---------  --------  ----------  --------------  -------------------
/opt/airflow/dags/tcc_pipeline_dag.py                           1           0  0.19s           2025-09-04T14:31:04
================================================================================
[2025-09-04T14:31:38.264+0000] {manager.py:878} INFO - 
================================================================================
DAG File Processing Stats

File Path                              PID    Runtime      # DAGs    # Errors  Last Runtime    Last Run
-------------------------------------  -----  ---------  --------  ----------  --------------  -------------------
/opt/airflow/dags/tcc_pipeline_dag.py                           1           0  0.17s           2025-09-04T14:31:34
================================================================================
[2025-09-04T14:32:08.654+0000] {manager.py:878} INFO - 
================================================================================
DAG File Processing Stats

File Path                              PID    Runtime      # DAGs    # Errors  Last Runtime    Last Run
-------------------------------------  -----  ---------  --------  ----------  --------------  -------------------
/opt/airflow/dags/tcc_pipeline_dag.py                           1           0  0.18s           2025-09-04T14:32:04
================================================================================
[2025-09-04T14:32:31.880+0000] {manager.py:737} INFO - Searching for files in /opt/airflow/dags
[2025-09-04T14:32:31.964+0000] {manager.py:740} INFO - There are 1 files in /opt/airflow/dags
[2025-09-04T14:32:39.107+0000] {manager.py:878} INFO - 
================================================================================
DAG File Processing Stats

File Path                              PID    Runtime      # DAGs    # Errors  Last Runtime    Last Run
-------------------------------------  -----  ---------  --------  ----------  --------------  -------------------
/opt/airflow/dags/tcc_pipeline_dag.py                           1           0  0.19s           2025-09-04T14:32:35
================================================================================
[2025-09-04T14:33:09.531+0000] {manager.py:878} INFO - 
================================================================================
DAG File Processing Stats

File Path                              PID    Runtime      # DAGs    # Errors  Last Runtime    Last Run
-------------------------------------  -----  ---------  --------  ----------  --------------  -------------------
/opt/airflow/dags/tcc_pipeline_dag.py                           1           0  0.19s           2025-09-04T14:33:05
================================================================================
[2025-09-04T14:33:39.868+0000] {manager.py:878} INFO - 
================================================================================
DAG File Processing Stats

File Path                              PID    Runtime      # DAGs    # Errors  Last Runtime    Last Run
-------------------------------------  -----  ---------  --------  ----------  --------------  -------------------
/opt/airflow/dags/tcc_pipeline_dag.py                           1           0  0.26s           2025-09-04T14:33:36
================================================================================
[2025-09-04T14:34:10.361+0000] {manager.py:878} INFO - 
================================================================================
DAG File Processing Stats

File Path                              PID    Runtime      # DAGs    # Errors  Last Runtime    Last Run
-------------------------------------  -----  ---------  --------  ----------  --------------  -------------------
/opt/airflow/dags/tcc_pipeline_dag.py                           1           0  0.24s           2025-09-04T14:34:06
================================================================================
[2025-09-04T14:34:40.728+0000] {manager.py:878} INFO - 
================================================================================
DAG File Processing Stats

File Path                              PID    Runtime      # DAGs    # Errors  Last Runtime    Last Run
-------------------------------------  -----  ---------  --------  ----------  --------------  -------------------
/opt/airflow/dags/tcc_pipeline_dag.py                           1           0  0.24s           2025-09-04T14:34:36
================================================================================
[2025-09-04T14:35:11.005+0000] {manager.py:878} INFO - 
================================================================================
DAG File Processing Stats

File Path                              PID    Runtime      # DAGs    # Errors  Last Runtime    Last Run
-------------------------------------  -----  ---------  --------  ----------  --------------  -------------------
/opt/airflow/dags/tcc_pipeline_dag.py                           1           0  0.16s           2025-09-04T14:35:07
================================================================================
[2025-09-04T14:35:35.329+0000] {manager.py:452} INFO - Exiting gracefully upon receiving signal 15
[2025-09-04T14:36:17.741+0000] {manager.py:470} INFO - Processing files using up to 2 processes at a time 
[2025-09-04T14:36:17.743+0000] {manager.py:471} INFO - Process each file at most once every 30 seconds
[2025-09-04T14:36:17.745+0000] {manager.py:472} INFO - Checking for new files in /opt/airflow/dags every 300 seconds
[2025-09-04T14:36:17.746+0000] {manager.py:737} INFO - Searching for files in /opt/airflow/dags
[2025-09-04T14:36:17.779+0000] {manager.py:740} INFO - There are 1 files in /opt/airflow/dags
[2025-09-04T14:36:17.867+0000] {manager.py:878} INFO - 
================================================================================
DAG File Processing Stats

File Path                                PID  Runtime      # DAGs    # Errors  Last Runtime    Last Run
-------------------------------------  -----  ---------  --------  ----------  --------------  ----------
/opt/airflow/dags/tcc_pipeline_dag.py     46  0.04s             0           0
================================================================================
[2025-09-04T14:36:48.110+0000] {manager.py:878} INFO - 
================================================================================
DAG File Processing Stats

File Path                              PID    Runtime      # DAGs    # Errors  Last Runtime    Last Run
-------------------------------------  -----  ---------  --------  ----------  --------------  -------------------
/opt/airflow/dags/tcc_pipeline_dag.py                           1           0  0.39s           2025-09-04T14:36:18
================================================================================
[2025-09-04T14:37:18.762+0000] {manager.py:878} INFO - 
================================================================================
DAG File Processing Stats

File Path                                PID  Runtime      # DAGs    # Errors  Last Runtime    Last Run
-------------------------------------  -----  ---------  --------  ----------  --------------  -------------------
/opt/airflow/dags/tcc_pipeline_dag.py     64  0.00s             1           0  0.22s           2025-09-04T14:36:48
================================================================================
[2025-09-04T14:37:49.180+0000] {manager.py:878} INFO - 
================================================================================
DAG File Processing Stats

File Path                                PID  Runtime      # DAGs    # Errors  Last Runtime    Last Run
-------------------------------------  -----  ---------  --------  ----------  --------------  -------------------
/opt/airflow/dags/tcc_pipeline_dag.py     75  0.01s             1           0  0.20s           2025-09-04T14:37:18
================================================================================
[2025-09-04T14:38:19.484+0000] {manager.py:878} INFO - 
================================================================================
DAG File Processing Stats

File Path                                PID  Runtime      # DAGs    # Errors  Last Runtime    Last Run
-------------------------------------  -----  ---------  --------  ----------  --------------  -------------------
/opt/airflow/dags/tcc_pipeline_dag.py     88  0.00s             1           0  0.17s           2025-09-04T14:37:49
================================================================================
[2025-09-04T14:38:49.831+0000] {manager.py:878} INFO - 
================================================================================
DAG File Processing Stats

File Path                                PID  Runtime      # DAGs    # Errors  Last Runtime    Last Run
-------------------------------------  -----  ---------  --------  ----------  --------------  -------------------
/opt/airflow/dags/tcc_pipeline_dag.py     95  0.00s             1           0  0.17s           2025-09-04T14:38:19
================================================================================
[2025-09-04T14:39:20.251+0000] {manager.py:878} INFO - 
================================================================================
DAG File Processing Stats

File Path                                PID  Runtime      # DAGs    # Errors  Last Runtime    Last Run
-------------------------------------  -----  ---------  --------  ----------  --------------  -------------------
/opt/airflow/dags/tcc_pipeline_dag.py    102  0.00s             1           0  0.20s           2025-09-04T14:38:50
================================================================================
[2025-09-04T14:39:50.554+0000] {manager.py:878} INFO - 
================================================================================
DAG File Processing Stats

File Path                                PID  Runtime      # DAGs    # Errors  Last Runtime    Last Run
-------------------------------------  -----  ---------  --------  ----------  --------------  -------------------
/opt/airflow/dags/tcc_pipeline_dag.py    109  0.00s             1           0  0.14s           2025-09-04T14:39:20
================================================================================
[2025-09-04T14:40:20.952+0000] {manager.py:878} INFO - 
================================================================================
DAG File Processing Stats

File Path                                PID  Runtime      # DAGs    # Errors  Last Runtime    Last Run
-------------------------------------  -----  ---------  --------  ----------  --------------  -------------------
/opt/airflow/dags/tcc_pipeline_dag.py    116  0.01s             1           0  0.33s           2025-09-04T14:39:50
================================================================================
[2025-09-04T14:40:52.801+0000] {manager.py:878} INFO - 
================================================================================
DAG File Processing Stats

File Path                              PID    Runtime      # DAGs    # Errors  Last Runtime    Last Run
-------------------------------------  -----  ---------  --------  ----------  --------------  -------------------
/opt/airflow/dags/tcc_pipeline_dag.py                           1           0  0.25s           2025-09-04T14:40:52
================================================================================
[2025-09-04T14:41:17.915+0000] {manager.py:737} INFO - Searching for files in /opt/airflow/dags
[2025-09-04T14:41:17.953+0000] {manager.py:740} INFO - There are 1 files in /opt/airflow/dags
[2025-09-04T14:41:21.005+0000] {manager.py:878} INFO - 
================================================================================
DAG File Processing Stats

File Path                              PID    Runtime      # DAGs    # Errors  Last Runtime    Last Run
-------------------------------------  -----  ---------  --------  ----------  --------------  -------------------
/opt/airflow/dags/tcc_pipeline_dag.py                           1           0  0.25s           2025-09-04T14:40:52
================================================================================
[2025-09-04T14:41:51.132+0000] {manager.py:878} INFO - 
================================================================================
DAG File Processing Stats

File Path                              PID    Runtime      # DAGs    # Errors  Last Runtime    Last Run
-------------------------------------  -----  ---------  --------  ----------  --------------  -------------------
/opt/airflow/dags/tcc_pipeline_dag.py                           1           0  0.20s           2025-09-04T14:41:22
================================================================================
[2025-09-04T14:41:52.840+0000] {manager.py:452} INFO - Exiting gracefully upon receiving signal 15
[2025-09-04T14:42:32.709+0000] {manager.py:470} INFO - Processing files using up to 2 processes at a time 
[2025-09-04T14:42:32.711+0000] {manager.py:471} INFO - Process each file at most once every 30 seconds
[2025-09-04T14:42:32.713+0000] {manager.py:472} INFO - Checking for new files in /opt/airflow/dags every 300 seconds
[2025-09-04T14:42:32.717+0000] {manager.py:737} INFO - Searching for files in /opt/airflow/dags
[2025-09-04T14:42:32.768+0000] {manager.py:740} INFO - There are 1 files in /opt/airflow/dags
[2025-09-04T14:42:32.911+0000] {manager.py:878} INFO - 
================================================================================
DAG File Processing Stats

File Path                                PID  Runtime      # DAGs    # Errors  Last Runtime    Last Run
-------------------------------------  -----  ---------  --------  ----------  --------------  ----------
/opt/airflow/dags/tcc_pipeline_dag.py     46  0.07s             0           0
================================================================================
[2025-09-04T14:43:03.104+0000] {manager.py:878} INFO - 
================================================================================
DAG File Processing Stats

File Path                              PID    Runtime      # DAGs    # Errors  Last Runtime    Last Run
-------------------------------------  -----  ---------  --------  ----------  --------------  -------------------
/opt/airflow/dags/tcc_pipeline_dag.py                           1           0  0.56s           2025-09-04T14:42:33
================================================================================
[2025-09-04T14:43:33.939+0000] {manager.py:878} INFO - 
================================================================================
DAG File Processing Stats

File Path                                PID  Runtime      # DAGs    # Errors  Last Runtime    Last Run
-------------------------------------  -----  ---------  --------  ----------  --------------  -------------------
/opt/airflow/dags/tcc_pipeline_dag.py     70  0.00s             1           0  0.20s           2025-09-04T14:43:03
================================================================================
[2025-09-04T14:44:04.406+0000] {manager.py:878} INFO - 
================================================================================
DAG File Processing Stats

File Path                                PID  Runtime      # DAGs    # Errors  Last Runtime    Last Run
-------------------------------------  -----  ---------  --------  ----------  --------------  -------------------
/opt/airflow/dags/tcc_pipeline_dag.py     77  0.00s             1           0  0.18s           2025-09-04T14:43:34
================================================================================
[2025-09-04T14:44:34.687+0000] {manager.py:878} INFO - 
================================================================================
DAG File Processing Stats

File Path                                PID  Runtime      # DAGs    # Errors  Last Runtime    Last Run
-------------------------------------  -----  ---------  --------  ----------  --------------  -------------------
/opt/airflow/dags/tcc_pipeline_dag.py     84  0.00s             1           0  0.19s           2025-09-04T14:44:04
================================================================================
[2025-09-04T14:45:05.117+0000] {manager.py:878} INFO - 
================================================================================
DAG File Processing Stats

File Path                                PID  Runtime      # DAGs    # Errors  Last Runtime    Last Run
-------------------------------------  -----  ---------  --------  ----------  --------------  -------------------
/opt/airflow/dags/tcc_pipeline_dag.py     91  0.00s             1           0  0.34s           2025-09-04T14:44:35
================================================================================
[2025-09-04T14:45:35.546+0000] {manager.py:878} INFO - 
================================================================================
DAG File Processing Stats

File Path                                PID  Runtime      # DAGs    # Errors  Last Runtime    Last Run
-------------------------------------  -----  ---------  --------  ----------  --------------  -------------------
/opt/airflow/dags/tcc_pipeline_dag.py     98  0.01s             1           0  0.17s           2025-09-04T14:45:05
================================================================================
[2025-09-04T14:46:05.835+0000] {manager.py:878} INFO - 
================================================================================
DAG File Processing Stats

File Path                                PID  Runtime      # DAGs    # Errors  Last Runtime    Last Run
-------------------------------------  -----  ---------  --------  ----------  --------------  -------------------
/opt/airflow/dags/tcc_pipeline_dag.py    106  0.01s             1           0  0.11s           2025-09-04T14:45:35
================================================================================
[2025-09-04T14:46:36.141+0000] {manager.py:878} INFO - 
================================================================================
DAG File Processing Stats

File Path                                PID  Runtime      # DAGs    # Errors  Last Runtime    Last Run
-------------------------------------  -----  ---------  --------  ----------  --------------  -------------------
/opt/airflow/dags/tcc_pipeline_dag.py    113  0.00s             1           0  0.14s           2025-09-04T14:46:05
================================================================================
[2025-09-04T14:47:06.429+0000] {manager.py:878} INFO - 
================================================================================
DAG File Processing Stats

File Path                                PID  Runtime      # DAGs    # Errors  Last Runtime    Last Run
-------------------------------------  -----  ---------  --------  ----------  --------------  -------------------
/opt/airflow/dags/tcc_pipeline_dag.py    120  0.00s             1           0  0.17s           2025-09-04T14:46:36
================================================================================
[2025-09-04T14:47:32.718+0000] {manager.py:737} INFO - Searching for files in /opt/airflow/dags
[2025-09-04T14:47:32.768+0000] {manager.py:740} INFO - There are 1 files in /opt/airflow/dags
[2025-09-04T14:47:36.707+0000] {manager.py:878} INFO - 
================================================================================
DAG File Processing Stats

File Path                                PID  Runtime      # DAGs    # Errors  Last Runtime    Last Run
-------------------------------------  -----  ---------  --------  ----------  --------------  -------------------
/opt/airflow/dags/tcc_pipeline_dag.py    127  0.01s             1           0  0.12s           2025-09-04T14:47:06
================================================================================
[2025-09-04T14:48:07.116+0000] {manager.py:878} INFO - 
================================================================================
DAG File Processing Stats

File Path                                PID  Runtime      # DAGs    # Errors  Last Runtime    Last Run
-------------------------------------  -----  ---------  --------  ----------  --------------  -------------------
/opt/airflow/dags/tcc_pipeline_dag.py    134  0.00s             1           0  0.18s           2025-09-04T14:47:36
================================================================================
[2025-09-04T14:48:37.406+0000] {manager.py:878} INFO - 
================================================================================
DAG File Processing Stats

File Path                                PID  Runtime      # DAGs    # Errors  Last Runtime    Last Run
-------------------------------------  -----  ---------  --------  ----------  --------------  -------------------
/opt/airflow/dags/tcc_pipeline_dag.py    141  0.00s             1           0  0.23s           2025-09-04T14:48:07
================================================================================
[2025-09-04T14:49:07.665+0000] {manager.py:878} INFO - 
================================================================================
DAG File Processing Stats

File Path                                PID  Runtime      # DAGs    # Errors  Last Runtime    Last Run
-------------------------------------  -----  ---------  --------  ----------  --------------  -------------------
/opt/airflow/dags/tcc_pipeline_dag.py    148  0.00s             1           0  0.16s           2025-09-04T14:48:37
================================================================================
[2025-09-04T14:49:38.035+0000] {manager.py:878} INFO - 
================================================================================
DAG File Processing Stats

File Path                                PID  Runtime      # DAGs    # Errors  Last Runtime    Last Run
-------------------------------------  -----  ---------  --------  ----------  --------------  -------------------
/opt/airflow/dags/tcc_pipeline_dag.py    155  0.00s             1           0  0.18s           2025-09-04T14:49:07
================================================================================
[2025-09-04T14:50:08.347+0000] {manager.py:878} INFO - 
================================================================================
DAG File Processing Stats

File Path                                PID  Runtime      # DAGs    # Errors  Last Runtime    Last Run
-------------------------------------  -----  ---------  --------  ----------  --------------  -------------------
/opt/airflow/dags/tcc_pipeline_dag.py    162  0.00s             1           0  0.19s           2025-09-04T14:49:38
================================================================================
[2025-09-04T14:50:38.710+0000] {manager.py:878} INFO - 
================================================================================
DAG File Processing Stats

File Path                                PID  Runtime      # DAGs    # Errors  Last Runtime    Last Run
-------------------------------------  -----  ---------  --------  ----------  --------------  -------------------
/opt/airflow/dags/tcc_pipeline_dag.py    169  0.00s             1           0  0.14s           2025-09-04T14:50:08
================================================================================
[2025-09-04T14:51:08.993+0000] {manager.py:878} INFO - 
================================================================================
DAG File Processing Stats

File Path                                PID  Runtime      # DAGs    # Errors  Last Runtime    Last Run
-------------------------------------  -----  ---------  --------  ----------  --------------  -------------------
/opt/airflow/dags/tcc_pipeline_dag.py    176  0.01s             1           0  0.13s           2025-09-04T14:50:38
================================================================================
[2025-09-04T14:51:39.387+0000] {manager.py:878} INFO - 
================================================================================
DAG File Processing Stats

File Path                                PID  Runtime      # DAGs    # Errors  Last Runtime    Last Run
-------------------------------------  -----  ---------  --------  ----------  --------------  -------------------
/opt/airflow/dags/tcc_pipeline_dag.py    183  0.01s             1           0  0.12s           2025-09-04T14:51:09
================================================================================
[2025-09-04T14:52:09.700+0000] {manager.py:878} INFO - 
================================================================================
DAG File Processing Stats

File Path                                PID  Runtime      # DAGs    # Errors  Last Runtime    Last Run
-------------------------------------  -----  ---------  --------  ----------  --------------  -------------------
/opt/airflow/dags/tcc_pipeline_dag.py    190  0.00s             1           0  0.20s           2025-09-04T14:51:39
================================================================================
[2025-09-04T14:52:33.018+0000] {manager.py:737} INFO - Searching for files in /opt/airflow/dags
[2025-09-04T14:52:33.132+0000] {manager.py:740} INFO - There are 1 files in /opt/airflow/dags
[2025-09-04T14:52:40.286+0000] {manager.py:878} INFO - 
================================================================================
DAG File Processing Stats

File Path                                PID  Runtime      # DAGs    # Errors  Last Runtime    Last Run
-------------------------------------  -----  ---------  --------  ----------  --------------  -------------------
/opt/airflow/dags/tcc_pipeline_dag.py    197  0.00s             1           0  0.16s           2025-09-04T14:52:09
================================================================================
[2025-09-04T14:53:10.548+0000] {manager.py:878} INFO - 
================================================================================
DAG File Processing Stats

File Path                                PID  Runtime      # DAGs    # Errors  Last Runtime    Last Run
-------------------------------------  -----  ---------  --------  ----------  --------------  -------------------
/opt/airflow/dags/tcc_pipeline_dag.py    204  0.00s             1           0  0.14s           2025-09-04T14:52:40
================================================================================
[2025-09-04T14:53:40.904+0000] {manager.py:878} INFO - 
================================================================================
DAG File Processing Stats

File Path                                PID  Runtime      # DAGs    # Errors  Last Runtime    Last Run
-------------------------------------  -----  ---------  --------  ----------  --------------  -------------------
/opt/airflow/dags/tcc_pipeline_dag.py    211  0.01s             1           0  0.15s           2025-09-04T14:53:10
================================================================================
[2025-09-04T14:54:11.236+0000] {manager.py:878} INFO - 
================================================================================
DAG File Processing Stats

File Path                                PID  Runtime      # DAGs    # Errors  Last Runtime    Last Run
-------------------------------------  -----  ---------  --------  ----------  --------------  -------------------
/opt/airflow/dags/tcc_pipeline_dag.py    218  0.00s             1           0  0.27s           2025-09-04T14:53:41
================================================================================
[2025-09-04T14:54:41.653+0000] {manager.py:878} INFO - 
================================================================================
DAG File Processing Stats

File Path                                PID  Runtime      # DAGs    # Errors  Last Runtime    Last Run
-------------------------------------  -----  ---------  --------  ----------  --------------  -------------------
/opt/airflow/dags/tcc_pipeline_dag.py    226  0.01s             1           0  0.19s           2025-09-04T14:54:11
================================================================================
[2025-09-04T14:55:11.923+0000] {manager.py:878} INFO - 
================================================================================
DAG File Processing Stats

File Path                                PID  Runtime      # DAGs    # Errors  Last Runtime    Last Run
-------------------------------------  -----  ---------  --------  ----------  --------------  -------------------
/opt/airflow/dags/tcc_pipeline_dag.py    233  0.00s             1           0  0.15s           2025-09-04T14:54:41
================================================================================
[2025-09-04T14:55:42.351+0000] {manager.py:878} INFO - 
================================================================================
DAG File Processing Stats

File Path                                PID  Runtime      # DAGs    # Errors  Last Runtime    Last Run
-------------------------------------  -----  ---------  --------  ----------  --------------  -------------------
/opt/airflow/dags/tcc_pipeline_dag.py    240  0.01s             1           0  0.16s           2025-09-04T14:55:12
================================================================================
[2025-09-04T14:56:12.614+0000] {manager.py:878} INFO - 
================================================================================
DAG File Processing Stats

File Path                                PID  Runtime      # DAGs    # Errors  Last Runtime    Last Run
-------------------------------------  -----  ---------  --------  ----------  --------------  -------------------
/opt/airflow/dags/tcc_pipeline_dag.py    247  0.01s             1           0  0.15s           2025-09-04T14:55:42
================================================================================
[2025-09-04T14:56:43.017+0000] {manager.py:878} INFO - 
================================================================================
DAG File Processing Stats

File Path                                PID  Runtime      # DAGs    # Errors  Last Runtime    Last Run
-------------------------------------  -----  ---------  --------  ----------  --------------  -------------------
/opt/airflow/dags/tcc_pipeline_dag.py    254  0.01s             1           0  0.18s           2025-09-04T14:56:12
================================================================================
[2025-09-05T00:35:39.867+0000] {manager.py:470} INFO - Processing files using up to 2 processes at a time 
[2025-09-05T00:35:39.879+0000] {manager.py:471} INFO - Process each file at most once every 30 seconds
[2025-09-05T00:35:39.886+0000] {manager.py:472} INFO - Checking for new files in /opt/airflow/dags every 300 seconds
[2025-09-05T00:35:39.896+0000] {manager.py:737} INFO - Searching for files in /opt/airflow/dags
[2025-09-05T00:35:40.267+0000] {manager.py:740} INFO - There are 1 files in /opt/airflow/dags
[2025-09-05T00:35:40.502+0000] {manager.py:878} INFO - 
================================================================================
DAG File Processing Stats

File Path                                PID  Runtime      # DAGs    # Errors  Last Runtime    Last Run
-------------------------------------  -----  ---------  --------  ----------  --------------  ----------
/opt/airflow/dags/tcc_pipeline_dag.py     71  0.09s             0           0
================================================================================
[2025-09-05T00:36:10.804+0000] {manager.py:878} INFO - 
================================================================================
DAG File Processing Stats

File Path                              PID    Runtime      # DAGs    # Errors  Last Runtime    Last Run
-------------------------------------  -----  ---------  --------  ----------  --------------  -------------------
/opt/airflow/dags/tcc_pipeline_dag.py                           1           0  0.44s           2025-09-05T00:35:40
================================================================================
[2025-09-05T00:36:40.913+0000] {manager.py:878} INFO - 
================================================================================
DAG File Processing Stats

File Path                              PID    Runtime      # DAGs    # Errors  Last Runtime    Last Run
-------------------------------------  -----  ---------  --------  ----------  --------------  -------------------
/opt/airflow/dags/tcc_pipeline_dag.py                           1           0  0.32s           2025-09-05T00:36:11
================================================================================
[2025-09-05T00:37:11.099+0000] {manager.py:878} INFO - 
================================================================================
DAG File Processing Stats

File Path                              PID    Runtime      # DAGs    # Errors  Last Runtime    Last Run
-------------------------------------  -----  ---------  --------  ----------  --------------  -------------------
/opt/airflow/dags/tcc_pipeline_dag.py                           1           0  0.24s           2025-09-05T00:36:42
================================================================================
[2025-09-05T00:37:41.285+0000] {manager.py:878} INFO - 
================================================================================
DAG File Processing Stats

File Path                              PID    Runtime      # DAGs    # Errors  Last Runtime    Last Run
-------------------------------------  -----  ---------  --------  ----------  --------------  -------------------
/opt/airflow/dags/tcc_pipeline_dag.py                           1           0  0.40s           2025-09-05T00:37:12
================================================================================
[2025-09-05T00:38:11.551+0000] {manager.py:878} INFO - 
================================================================================
DAG File Processing Stats

File Path                              PID    Runtime      # DAGs    # Errors  Last Runtime    Last Run
-------------------------------------  -----  ---------  --------  ----------  --------------  -------------------
/opt/airflow/dags/tcc_pipeline_dag.py                           1           0  0.34s           2025-09-05T00:37:43
================================================================================
[2025-09-05T00:38:41.951+0000] {manager.py:878} INFO - 
================================================================================
DAG File Processing Stats

File Path                              PID    Runtime      # DAGs    # Errors  Last Runtime    Last Run
-------------------------------------  -----  ---------  --------  ----------  --------------  -------------------
/opt/airflow/dags/tcc_pipeline_dag.py                           1           0  0.29s           2025-09-05T00:38:13
================================================================================
[2025-09-05T00:39:12.496+0000] {manager.py:878} INFO - 
================================================================================
DAG File Processing Stats

File Path                              PID    Runtime      # DAGs    # Errors  Last Runtime    Last Run
-------------------------------------  -----  ---------  --------  ----------  --------------  -------------------
/opt/airflow/dags/tcc_pipeline_dag.py                           1           0  0.24s           2025-09-05T00:38:44
================================================================================
[2025-09-05T00:39:42.849+0000] {manager.py:878} INFO - 
================================================================================
DAG File Processing Stats

File Path                              PID    Runtime      # DAGs    # Errors  Last Runtime    Last Run
-------------------------------------  -----  ---------  --------  ----------  --------------  -------------------
/opt/airflow/dags/tcc_pipeline_dag.py                           1           0  0.23s           2025-09-05T00:39:14
================================================================================
[2025-09-05T00:40:13.306+0000] {manager.py:878} INFO - 
================================================================================
DAG File Processing Stats

File Path                              PID    Runtime      # DAGs    # Errors  Last Runtime    Last Run
-------------------------------------  -----  ---------  --------  ----------  --------------  -------------------
/opt/airflow/dags/tcc_pipeline_dag.py                           1           0  0.26s           2025-09-05T00:39:45
================================================================================
[2025-09-05T00:40:40.676+0000] {manager.py:737} INFO - Searching for files in /opt/airflow/dags
[2025-09-05T00:40:40.716+0000] {manager.py:740} INFO - There are 1 files in /opt/airflow/dags
[2025-09-05T00:40:43.770+0000] {manager.py:878} INFO - 
================================================================================
DAG File Processing Stats

File Path                              PID    Runtime      # DAGs    # Errors  Last Runtime    Last Run
-------------------------------------  -----  ---------  --------  ----------  --------------  -------------------
/opt/airflow/dags/tcc_pipeline_dag.py                           1           0  0.17s           2025-09-05T00:40:15
================================================================================
[2025-09-05T00:41:14.116+0000] {manager.py:878} INFO - 
================================================================================
DAG File Processing Stats

File Path                              PID    Runtime      # DAGs    # Errors  Last Runtime    Last Run
-------------------------------------  -----  ---------  --------  ----------  --------------  -------------------
/opt/airflow/dags/tcc_pipeline_dag.py                           1           0  0.25s           2025-09-05T00:40:46
================================================================================
[2025-09-05T00:41:44.519+0000] {manager.py:878} INFO - 
================================================================================
DAG File Processing Stats

File Path                              PID    Runtime      # DAGs    # Errors  Last Runtime    Last Run
-------------------------------------  -----  ---------  --------  ----------  --------------  -------------------
/opt/airflow/dags/tcc_pipeline_dag.py                           1           0  0.23s           2025-09-05T00:41:16
================================================================================
[2025-09-05T00:42:14.936+0000] {manager.py:878} INFO - 
================================================================================
DAG File Processing Stats

File Path                              PID    Runtime      # DAGs    # Errors  Last Runtime    Last Run
-------------------------------------  -----  ---------  --------  ----------  --------------  -------------------
/opt/airflow/dags/tcc_pipeline_dag.py                           1           0  0.16s           2025-09-05T00:41:46
================================================================================
[2025-09-05T00:42:45.459+0000] {manager.py:878} INFO - 
================================================================================
DAG File Processing Stats

File Path                              PID    Runtime      # DAGs    # Errors  Last Runtime    Last Run
-------------------------------------  -----  ---------  --------  ----------  --------------  -------------------
/opt/airflow/dags/tcc_pipeline_dag.py                           1           0  0.37s           2025-09-05T00:42:34
================================================================================
[2025-09-05T00:43:16.072+0000] {manager.py:878} INFO - 
================================================================================
DAG File Processing Stats

File Path                              PID    Runtime      # DAGs    # Errors  Last Runtime    Last Run
-------------------------------------  -----  ---------  --------  ----------  --------------  -------------------
/opt/airflow/dags/tcc_pipeline_dag.py                           1           0  0.15s           2025-09-05T00:43:05
================================================================================
[2025-09-05T00:43:46.567+0000] {manager.py:878} INFO - 
================================================================================
DAG File Processing Stats

File Path                              PID    Runtime      # DAGs    # Errors  Last Runtime    Last Run
-------------------------------------  -----  ---------  --------  ----------  --------------  -------------------
/opt/airflow/dags/tcc_pipeline_dag.py                           1           0  0.23s           2025-09-05T00:43:35
================================================================================
[2025-09-05T00:43:56.962+0000] {manager.py:452} INFO - Exiting gracefully upon receiving signal 15
[2025-09-05T00:44:40.704+0000] {manager.py:470} INFO - Processing files using up to 2 processes at a time 
[2025-09-05T00:44:40.710+0000] {manager.py:471} INFO - Process each file at most once every 30 seconds
[2025-09-05T00:44:40.712+0000] {manager.py:472} INFO - Checking for new files in /opt/airflow/dags every 300 seconds
[2025-09-05T00:44:40.714+0000] {manager.py:737} INFO - Searching for files in /opt/airflow/dags
[2025-09-05T00:44:40.753+0000] {manager.py:740} INFO - There are 1 files in /opt/airflow/dags
[2025-09-05T00:44:40.891+0000] {manager.py:878} INFO - 
================================================================================
DAG File Processing Stats

File Path                                PID  Runtime      # DAGs    # Errors  Last Runtime    Last Run
-------------------------------------  -----  ---------  --------  ----------  --------------  ----------
/opt/airflow/dags/tcc_pipeline_dag.py     53  0.06s             0           0
================================================================================
[2025-09-05T00:45:11.170+0000] {manager.py:878} INFO - 
================================================================================
DAG File Processing Stats

File Path                              PID    Runtime      # DAGs    # Errors  Last Runtime    Last Run
-------------------------------------  -----  ---------  --------  ----------  --------------  -------------------
/opt/airflow/dags/tcc_pipeline_dag.py                           1           0  0.69s           2025-09-05T00:44:41
================================================================================
[2025-09-05T00:45:42.041+0000] {manager.py:878} INFO - 
================================================================================
DAG File Processing Stats

File Path                                PID  Runtime      # DAGs    # Errors  Last Runtime    Last Run
-------------------------------------  -----  ---------  --------  ----------  --------------  -------------------
/opt/airflow/dags/tcc_pipeline_dag.py     72  0.00s             1           0  0.15s           2025-09-05T00:45:11
================================================================================
[2025-09-05T00:46:12.485+0000] {manager.py:878} INFO - 
================================================================================
DAG File Processing Stats

File Path                                PID  Runtime      # DAGs    # Errors  Last Runtime    Last Run
-------------------------------------  -----  ---------  --------  ----------  --------------  -------------------
/opt/airflow/dags/tcc_pipeline_dag.py     79  0.01s             1           0  0.13s           2025-09-05T00:45:42
================================================================================
[2025-09-05T00:46:42.797+0000] {manager.py:878} INFO - 
================================================================================
DAG File Processing Stats

File Path                                PID  Runtime      # DAGs    # Errors  Last Runtime    Last Run
-------------------------------------  -----  ---------  --------  ----------  --------------  -------------------
/opt/airflow/dags/tcc_pipeline_dag.py     86  0.01s             1           0  0.23s           2025-09-05T00:46:12
================================================================================
[2025-09-05T00:47:13.158+0000] {manager.py:878} INFO - 
================================================================================
DAG File Processing Stats

File Path                                PID  Runtime      # DAGs    # Errors  Last Runtime    Last Run
-------------------------------------  -----  ---------  --------  ----------  --------------  -------------------
/opt/airflow/dags/tcc_pipeline_dag.py     93  0.00s             1           0  0.19s           2025-09-05T00:46:42
================================================================================
[2025-09-05T00:47:43.584+0000] {manager.py:878} INFO - 
================================================================================
DAG File Processing Stats

File Path                                PID  Runtime      # DAGs    # Errors  Last Runtime    Last Run
-------------------------------------  -----  ---------  --------  ----------  --------------  -------------------
/opt/airflow/dags/tcc_pipeline_dag.py    100  0.00s             1           0  0.17s           2025-09-05T00:47:13
================================================================================
[2025-09-05T00:48:13.951+0000] {manager.py:878} INFO - 
================================================================================
DAG File Processing Stats

File Path                                PID  Runtime      # DAGs    # Errors  Last Runtime    Last Run
-------------------------------------  -----  ---------  --------  ----------  --------------  -------------------
/opt/airflow/dags/tcc_pipeline_dag.py    106  0.00s             1           0  0.17s           2025-09-05T00:47:43
================================================================================
[2025-09-05T00:48:44.351+0000] {manager.py:878} INFO - 
================================================================================
DAG File Processing Stats

File Path                                PID  Runtime      # DAGs    # Errors  Last Runtime    Last Run
-------------------------------------  -----  ---------  --------  ----------  --------------  -------------------
/opt/airflow/dags/tcc_pipeline_dag.py    113  0.00s             1           0  0.16s           2025-09-05T00:48:14
================================================================================
[2025-09-05T00:49:14.642+0000] {manager.py:878} INFO - 
================================================================================
DAG File Processing Stats

File Path                                PID  Runtime      # DAGs    # Errors  Last Runtime    Last Run
-------------------------------------  -----  ---------  --------  ----------  --------------  -------------------
/opt/airflow/dags/tcc_pipeline_dag.py    120  0.00s             1           0  0.15s           2025-09-05T00:48:44
================================================================================
[2025-09-05T00:49:40.886+0000] {manager.py:737} INFO - Searching for files in /opt/airflow/dags
[2025-09-05T00:49:40.977+0000] {manager.py:740} INFO - There are 1 files in /opt/airflow/dags
[2025-09-05T00:49:45.075+0000] {manager.py:878} INFO - 
================================================================================
DAG File Processing Stats

File Path                                PID  Runtime      # DAGs    # Errors  Last Runtime    Last Run
-------------------------------------  -----  ---------  --------  ----------  --------------  -------------------
/opt/airflow/dags/tcc_pipeline_dag.py    127  0.00s             1           0  0.13s           2025-09-05T00:49:14
================================================================================
[2025-09-05T00:50:15.359+0000] {manager.py:878} INFO - 
================================================================================
DAG File Processing Stats

File Path                                PID  Runtime      # DAGs    # Errors  Last Runtime    Last Run
-------------------------------------  -----  ---------  --------  ----------  --------------  -------------------
/opt/airflow/dags/tcc_pipeline_dag.py    134  0.01s             1           0  0.15s           2025-09-05T00:49:45
================================================================================
[2025-09-05T00:50:45.737+0000] {manager.py:878} INFO - 
================================================================================
DAG File Processing Stats

File Path                                PID  Runtime      # DAGs    # Errors  Last Runtime    Last Run
-------------------------------------  -----  ---------  --------  ----------  --------------  -------------------
/opt/airflow/dags/tcc_pipeline_dag.py    141  0.00s             1           0  0.18s           2025-09-05T00:50:15
================================================================================
[2025-09-05T00:51:16.094+0000] {manager.py:878} INFO - 
================================================================================
DAG File Processing Stats

File Path                                PID  Runtime      # DAGs    # Errors  Last Runtime    Last Run
-------------------------------------  -----  ---------  --------  ----------  --------------  -------------------
/opt/airflow/dags/tcc_pipeline_dag.py    148  0.01s             1           0  0.24s           2025-09-05T00:50:45
================================================================================
[2025-09-05T00:51:46.411+0000] {manager.py:878} INFO - 
================================================================================
DAG File Processing Stats

File Path                                PID  Runtime      # DAGs    # Errors  Last Runtime    Last Run
-------------------------------------  -----  ---------  --------  ----------  --------------  -------------------
/opt/airflow/dags/tcc_pipeline_dag.py    155  0.00s             1           0  0.17s           2025-09-05T00:51:16
================================================================================
[2025-09-05T00:52:16.892+0000] {manager.py:878} INFO - 
================================================================================
DAG File Processing Stats

File Path                                PID  Runtime      # DAGs    # Errors  Last Runtime    Last Run
-------------------------------------  -----  ---------  --------  ----------  --------------  -------------------
/opt/airflow/dags/tcc_pipeline_dag.py    168  0.00s             1           0  0.22s           2025-09-05T00:51:46
================================================================================
[2025-09-05T00:52:47.345+0000] {manager.py:878} INFO - 
================================================================================
DAG File Processing Stats

File Path                                PID  Runtime      # DAGs    # Errors  Last Runtime    Last Run
-------------------------------------  -----  ---------  --------  ----------  --------------  -------------------
/opt/airflow/dags/tcc_pipeline_dag.py    175  0.00s             1           0  0.21s           2025-09-05T00:52:17
================================================================================
[2025-09-05T00:53:17.724+0000] {manager.py:878} INFO - 
================================================================================
DAG File Processing Stats

File Path                                PID  Runtime      # DAGs    # Errors  Last Runtime    Last Run
-------------------------------------  -----  ---------  --------  ----------  --------------  -------------------
/opt/airflow/dags/tcc_pipeline_dag.py    182  0.00s             1           0  0.28s           2025-09-05T00:52:47
================================================================================
[2025-09-05T00:53:48.016+0000] {manager.py:878} INFO - 
================================================================================
DAG File Processing Stats

File Path                                PID  Runtime      # DAGs    # Errors  Last Runtime    Last Run
-------------------------------------  -----  ---------  --------  ----------  --------------  -------------------
/opt/airflow/dags/tcc_pipeline_dag.py    189  0.00s             1           0  0.15s           2025-09-05T00:53:17
================================================================================
[2025-09-05T00:54:18.473+0000] {manager.py:878} INFO - 
================================================================================
DAG File Processing Stats

File Path                                PID  Runtime      # DAGs    # Errors  Last Runtime    Last Run
-------------------------------------  -----  ---------  --------  ----------  --------------  -------------------
/opt/airflow/dags/tcc_pipeline_dag.py    196  0.01s             1           0  0.21s           2025-09-05T00:53:48
================================================================================
[2025-09-05T00:54:41.669+0000] {manager.py:737} INFO - Searching for files in /opt/airflow/dags
[2025-09-05T00:54:41.762+0000] {manager.py:740} INFO - There are 1 files in /opt/airflow/dags
[2025-09-05T00:54:48.867+0000] {manager.py:878} INFO - 
================================================================================
DAG File Processing Stats

File Path                                PID  Runtime      # DAGs    # Errors  Last Runtime    Last Run
-------------------------------------  -----  ---------  --------  ----------  --------------  -------------------
/opt/airflow/dags/tcc_pipeline_dag.py    203  0.00s             1           0  0.20s           2025-09-05T00:54:18
================================================================================
[2025-09-05T00:55:19.366+0000] {manager.py:878} INFO - 
================================================================================
DAG File Processing Stats

File Path                                PID  Runtime      # DAGs    # Errors  Last Runtime    Last Run
-------------------------------------  -----  ---------  --------  ----------  --------------  -------------------
/opt/airflow/dags/tcc_pipeline_dag.py    210  0.01s             1           0  0.16s           2025-09-05T00:54:49
================================================================================
[2025-09-05T00:55:49.724+0000] {manager.py:878} INFO - 
================================================================================
DAG File Processing Stats

File Path                                PID  Runtime      # DAGs    # Errors  Last Runtime    Last Run
-------------------------------------  -----  ---------  --------  ----------  --------------  -------------------
/opt/airflow/dags/tcc_pipeline_dag.py    217  0.00s             1           0  0.26s           2025-09-05T00:55:19
================================================================================
[2025-09-05T00:56:20.048+0000] {manager.py:878} INFO - 
================================================================================
DAG File Processing Stats

File Path                                PID  Runtime      # DAGs    # Errors  Last Runtime    Last Run
-------------------------------------  -----  ---------  --------  ----------  --------------  -------------------
/opt/airflow/dags/tcc_pipeline_dag.py    224  0.01s             1           0  0.19s           2025-09-05T00:55:49
================================================================================
[2025-09-05T00:56:50.518+0000] {manager.py:878} INFO - 
================================================================================
DAG File Processing Stats

File Path                                PID  Runtime      # DAGs    # Errors  Last Runtime    Last Run
-------------------------------------  -----  ---------  --------  ----------  --------------  -------------------
/opt/airflow/dags/tcc_pipeline_dag.py    231  0.01s             1           0  0.33s           2025-09-05T00:56:20
================================================================================
[2025-09-05T00:57:20.964+0000] {manager.py:878} INFO - 
================================================================================
DAG File Processing Stats

File Path                                PID  Runtime      # DAGs    # Errors  Last Runtime    Last Run
-------------------------------------  -----  ---------  --------  ----------  --------------  -------------------
/opt/airflow/dags/tcc_pipeline_dag.py    238  0.01s             1           0  0.23s           2025-09-05T00:56:50
================================================================================
[2025-09-05T00:57:51.425+0000] {manager.py:878} INFO - 
================================================================================
DAG File Processing Stats

File Path                                PID  Runtime      # DAGs    # Errors  Last Runtime    Last Run
-------------------------------------  -----  ---------  --------  ----------  --------------  -------------------
/opt/airflow/dags/tcc_pipeline_dag.py    245  0.01s             1           0  0.20s           2025-09-05T00:57:21
================================================================================
[2025-09-05T00:58:21.808+0000] {manager.py:878} INFO - 
================================================================================
DAG File Processing Stats

File Path                                PID  Runtime      # DAGs    # Errors  Last Runtime    Last Run
-------------------------------------  -----  ---------  --------  ----------  --------------  -------------------
/opt/airflow/dags/tcc_pipeline_dag.py    252  0.00s             1           0  0.26s           2025-09-05T00:57:51
================================================================================
[2025-09-05T18:19:42.805+0000] {manager.py:470} INFO - Processing files using up to 2 processes at a time 
[2025-09-05T18:19:42.807+0000] {manager.py:471} INFO - Process each file at most once every 30 seconds
[2025-09-05T18:19:42.809+0000] {manager.py:472} INFO - Checking for new files in /opt/airflow/dags every 300 seconds
[2025-09-05T18:19:42.811+0000] {manager.py:737} INFO - Searching for files in /opt/airflow/dags
[2025-09-05T18:19:42.891+0000] {manager.py:740} INFO - There are 1 files in /opt/airflow/dags
[2025-09-05T18:19:54.072+0000] {manager.py:878} INFO - 
================================================================================
DAG File Processing Stats

File Path                              PID    Runtime      # DAGs    # Errors  Last Runtime    Last Run
-------------------------------------  -----  ---------  --------  ----------  --------------  -------------------
/opt/airflow/dags/tcc_pipeline_dag.py                           1           0  0.17s           2025-09-05T18:19:43
================================================================================
[2025-09-05T18:20:24.414+0000] {manager.py:878} INFO - 
================================================================================
DAG File Processing Stats

File Path                              PID    Runtime      # DAGs    # Errors  Last Runtime    Last Run
-------------------------------------  -----  ---------  --------  ----------  --------------  -------------------
/opt/airflow/dags/tcc_pipeline_dag.py                           1           0  0.12s           2025-09-05T18:20:13
================================================================================
[2025-09-05T18:20:54.667+0000] {manager.py:878} INFO - 
================================================================================
DAG File Processing Stats

File Path                              PID    Runtime      # DAGs    # Errors  Last Runtime    Last Run
-------------------------------------  -----  ---------  --------  ----------  --------------  -------------------
/opt/airflow/dags/tcc_pipeline_dag.py                           1           0  0.14s           2025-09-05T18:20:43
================================================================================
[2025-09-05T18:21:24.899+0000] {manager.py:878} INFO - 
================================================================================
DAG File Processing Stats

File Path                              PID    Runtime      # DAGs    # Errors  Last Runtime    Last Run
-------------------------------------  -----  ---------  --------  ----------  --------------  -------------------
/opt/airflow/dags/tcc_pipeline_dag.py                           1           0  0.11s           2025-09-05T18:21:13
================================================================================
[2025-09-05T18:21:55.222+0000] {manager.py:878} INFO - 
================================================================================
DAG File Processing Stats

File Path                              PID    Runtime      # DAGs    # Errors  Last Runtime    Last Run
-------------------------------------  -----  ---------  --------  ----------  --------------  -------------------
/opt/airflow/dags/tcc_pipeline_dag.py                           1           0  0.15s           2025-09-05T18:21:44
================================================================================
[2025-09-05T18:22:25.535+0000] {manager.py:878} INFO - 
================================================================================
DAG File Processing Stats

File Path                              PID    Runtime      # DAGs    # Errors  Last Runtime    Last Run
-------------------------------------  -----  ---------  --------  ----------  --------------  -------------------
/opt/airflow/dags/tcc_pipeline_dag.py                           1           0  0.21s           2025-09-05T18:22:14
================================================================================
[2025-09-05T18:22:55.976+0000] {manager.py:878} INFO - 
================================================================================
DAG File Processing Stats

File Path                              PID    Runtime      # DAGs    # Errors  Last Runtime    Last Run
-------------------------------------  -----  ---------  --------  ----------  --------------  -------------------
/opt/airflow/dags/tcc_pipeline_dag.py                           1           0  0.34s           2025-09-05T18:22:45
================================================================================
[2025-09-05T18:23:26.393+0000] {manager.py:878} INFO - 
================================================================================
DAG File Processing Stats

File Path                              PID    Runtime      # DAGs    # Errors  Last Runtime    Last Run
-------------------------------------  -----  ---------  --------  ----------  --------------  -------------------
/opt/airflow/dags/tcc_pipeline_dag.py                           1           0  0.16s           2025-09-05T18:23:15
================================================================================
[2025-09-05T18:23:56.714+0000] {manager.py:878} INFO - 
================================================================================
DAG File Processing Stats

File Path                              PID    Runtime      # DAGs    # Errors  Last Runtime    Last Run
-------------------------------------  -----  ---------  --------  ----------  --------------  -------------------
/opt/airflow/dags/tcc_pipeline_dag.py                           1           0  0.12s           2025-09-05T18:23:45
================================================================================
[2025-09-05T18:24:27.035+0000] {manager.py:878} INFO - 
================================================================================
DAG File Processing Stats

File Path                              PID    Runtime      # DAGs    # Errors  Last Runtime    Last Run
-------------------------------------  -----  ---------  --------  ----------  --------------  -------------------
/opt/airflow/dags/tcc_pipeline_dag.py                           1           0  0.16s           2025-09-05T18:24:16
================================================================================
[2025-09-05T18:24:43.172+0000] {manager.py:737} INFO - Searching for files in /opt/airflow/dags
[2025-09-05T18:24:43.219+0000] {manager.py:740} INFO - There are 1 files in /opt/airflow/dags
[2025-09-05T18:24:57.422+0000] {manager.py:878} INFO - 
================================================================================
DAG File Processing Stats

File Path                              PID    Runtime      # DAGs    # Errors  Last Runtime    Last Run
-------------------------------------  -----  ---------  --------  ----------  --------------  -------------------
/opt/airflow/dags/tcc_pipeline_dag.py                           1           0  0.19s           2025-09-05T18:24:46
================================================================================
[2025-09-05T18:25:27.754+0000] {manager.py:878} INFO - 
================================================================================
DAG File Processing Stats

File Path                              PID    Runtime      # DAGs    # Errors  Last Runtime    Last Run
-------------------------------------  -----  ---------  --------  ----------  --------------  -------------------
/opt/airflow/dags/tcc_pipeline_dag.py                           1           0  0.15s           2025-09-05T18:25:16
================================================================================
[2025-09-05T18:25:58.014+0000] {manager.py:878} INFO - 
================================================================================
DAG File Processing Stats

File Path                              PID    Runtime      # DAGs    # Errors  Last Runtime    Last Run
-------------------------------------  -----  ---------  --------  ----------  --------------  -------------------
/opt/airflow/dags/tcc_pipeline_dag.py                           1           0  0.14s           2025-09-05T18:25:47
================================================================================
[2025-09-05T18:26:28.395+0000] {manager.py:878} INFO - 
================================================================================
DAG File Processing Stats

File Path                              PID    Runtime      # DAGs    # Errors  Last Runtime    Last Run
-------------------------------------  -----  ---------  --------  ----------  --------------  -------------------
/opt/airflow/dags/tcc_pipeline_dag.py                           1           0  0.15s           2025-09-05T18:26:17
================================================================================
[2025-09-05T18:26:58.670+0000] {manager.py:878} INFO - 
================================================================================
DAG File Processing Stats

File Path                              PID    Runtime      # DAGs    # Errors  Last Runtime    Last Run
-------------------------------------  -----  ---------  --------  ----------  --------------  -------------------
/opt/airflow/dags/tcc_pipeline_dag.py                           1           0  0.13s           2025-09-05T18:26:47
================================================================================
[2025-09-05T18:27:28.938+0000] {manager.py:878} INFO - 
================================================================================
DAG File Processing Stats

File Path                              PID    Runtime      # DAGs    # Errors  Last Runtime    Last Run
-------------------------------------  -----  ---------  --------  ----------  --------------  -------------------
/opt/airflow/dags/tcc_pipeline_dag.py                           1           0  0.10s           2025-09-05T18:27:17
================================================================================
[2025-09-05T18:27:59.275+0000] {manager.py:878} INFO - 
================================================================================
DAG File Processing Stats

File Path                              PID    Runtime      # DAGs    # Errors  Last Runtime    Last Run
-------------------------------------  -----  ---------  --------  ----------  --------------  -------------------
/opt/airflow/dags/tcc_pipeline_dag.py                           1           0  0.14s           2025-09-05T18:27:48
================================================================================
[2025-09-05T18:28:29.575+0000] {manager.py:878} INFO - 
================================================================================
DAG File Processing Stats

File Path                              PID    Runtime      # DAGs    # Errors  Last Runtime    Last Run
-------------------------------------  -----  ---------  --------  ----------  --------------  -------------------
/opt/airflow/dags/tcc_pipeline_dag.py                           1           0  0.20s           2025-09-05T18:28:18
================================================================================
[2025-09-05T18:29:00.003+0000] {manager.py:878} INFO - 
================================================================================
DAG File Processing Stats

File Path                              PID    Runtime      # DAGs    # Errors  Last Runtime    Last Run
-------------------------------------  -----  ---------  --------  ----------  --------------  -------------------
/opt/airflow/dags/tcc_pipeline_dag.py                           1           0  0.15s           2025-09-05T18:28:48
================================================================================
[2025-09-05T18:29:30.363+0000] {manager.py:878} INFO - 
================================================================================
DAG File Processing Stats

File Path                              PID    Runtime      # DAGs    # Errors  Last Runtime    Last Run
-------------------------------------  -----  ---------  --------  ----------  --------------  -------------------
/opt/airflow/dags/tcc_pipeline_dag.py                           1           0  0.14s           2025-09-05T18:29:19
================================================================================
[2025-09-05T18:29:43.519+0000] {manager.py:737} INFO - Searching for files in /opt/airflow/dags
[2025-09-05T18:29:43.590+0000] {manager.py:740} INFO - There are 1 files in /opt/airflow/dags
[2025-09-05T18:30:00.806+0000] {manager.py:878} INFO - 
================================================================================
DAG File Processing Stats

File Path                              PID    Runtime      # DAGs    # Errors  Last Runtime    Last Run
-------------------------------------  -----  ---------  --------  ----------  --------------  -------------------
/opt/airflow/dags/tcc_pipeline_dag.py                           1           0  0.16s           2025-09-05T18:29:49
================================================================================
[2025-09-05T18:30:31.214+0000] {manager.py:878} INFO - 
================================================================================
DAG File Processing Stats

File Path                              PID    Runtime      # DAGs    # Errors  Last Runtime    Last Run
-------------------------------------  -----  ---------  --------  ----------  --------------  -------------------
/opt/airflow/dags/tcc_pipeline_dag.py                           1           0  0.25s           2025-09-05T18:30:20
================================================================================
[2025-09-05T18:31:01.674+0000] {manager.py:878} INFO - 
================================================================================
DAG File Processing Stats

File Path                              PID    Runtime      # DAGs    # Errors  Last Runtime    Last Run
-------------------------------------  -----  ---------  --------  ----------  --------------  -------------------
/opt/airflow/dags/tcc_pipeline_dag.py                           1           0  0.30s           2025-09-05T18:30:50
================================================================================
[2025-09-05T18:31:32.156+0000] {manager.py:878} INFO - 
================================================================================
DAG File Processing Stats

File Path                              PID    Runtime      # DAGs    # Errors  Last Runtime    Last Run
-------------------------------------  -----  ---------  --------  ----------  --------------  -------------------
/opt/airflow/dags/tcc_pipeline_dag.py                           1           0  0.24s           2025-09-05T18:31:21
================================================================================
[2025-09-05T18:32:02.549+0000] {manager.py:878} INFO - 
================================================================================
DAG File Processing Stats

File Path                              PID    Runtime      # DAGs    # Errors  Last Runtime    Last Run
-------------------------------------  -----  ---------  --------  ----------  --------------  -------------------
/opt/airflow/dags/tcc_pipeline_dag.py                           1           0  0.24s           2025-09-05T18:31:51
================================================================================
[2025-09-05T18:32:32.961+0000] {manager.py:878} INFO - 
================================================================================
DAG File Processing Stats

File Path                              PID    Runtime      # DAGs    # Errors  Last Runtime    Last Run
-------------------------------------  -----  ---------  --------  ----------  --------------  -------------------
/opt/airflow/dags/tcc_pipeline_dag.py                           1           0  0.17s           2025-09-05T18:32:21
================================================================================
[2025-09-05T18:33:03.335+0000] {manager.py:878} INFO - 
================================================================================
DAG File Processing Stats

File Path                              PID    Runtime      # DAGs    # Errors  Last Runtime    Last Run
-------------------------------------  -----  ---------  --------  ----------  --------------  -------------------
/opt/airflow/dags/tcc_pipeline_dag.py                           1           0  0.22s           2025-09-05T18:32:52
================================================================================
[2025-09-05T18:33:33.770+0000] {manager.py:878} INFO - 
================================================================================
DAG File Processing Stats

File Path                              PID    Runtime      # DAGs    # Errors  Last Runtime    Last Run
-------------------------------------  -----  ---------  --------  ----------  --------------  -------------------
/opt/airflow/dags/tcc_pipeline_dag.py                           1           0  0.19s           2025-09-05T18:33:22
================================================================================
[2025-09-05T18:34:04.099+0000] {manager.py:878} INFO - 
================================================================================
DAG File Processing Stats

File Path                              PID    Runtime      # DAGs    # Errors  Last Runtime    Last Run
-------------------------------------  -----  ---------  --------  ----------  --------------  -------------------
/opt/airflow/dags/tcc_pipeline_dag.py                           1           0  0.26s           2025-09-05T18:33:53
================================================================================
[2025-09-05T18:34:34.397+0000] {manager.py:878} INFO - 
================================================================================
DAG File Processing Stats

File Path                              PID    Runtime      # DAGs    # Errors  Last Runtime    Last Run
-------------------------------------  -----  ---------  --------  ----------  --------------  -------------------
/opt/airflow/dags/tcc_pipeline_dag.py                           1           0  0.30s           2025-09-05T18:34:23
================================================================================
[2025-09-05T18:34:43.764+0000] {manager.py:737} INFO - Searching for files in /opt/airflow/dags
[2025-09-05T18:34:43.809+0000] {manager.py:740} INFO - There are 1 files in /opt/airflow/dags
[2025-09-05T18:35:05.015+0000] {manager.py:878} INFO - 
================================================================================
DAG File Processing Stats

File Path                              PID    Runtime      # DAGs    # Errors  Last Runtime    Last Run
-------------------------------------  -----  ---------  --------  ----------  --------------  -------------------
/opt/airflow/dags/tcc_pipeline_dag.py                           1           0  0.20s           2025-09-05T18:34:53
================================================================================
[2025-09-05T18:35:35.345+0000] {manager.py:878} INFO - 
================================================================================
DAG File Processing Stats

File Path                              PID    Runtime      # DAGs    # Errors  Last Runtime    Last Run
-------------------------------------  -----  ---------  --------  ----------  --------------  -------------------
/opt/airflow/dags/tcc_pipeline_dag.py                           1           0  0.20s           2025-09-05T18:35:24
================================================================================
[2025-09-05T18:36:05.799+0000] {manager.py:878} INFO - 
================================================================================
DAG File Processing Stats

File Path                              PID    Runtime      # DAGs    # Errors  Last Runtime    Last Run
-------------------------------------  -----  ---------  --------  ----------  --------------  -------------------
/opt/airflow/dags/tcc_pipeline_dag.py                           1           0  0.23s           2025-09-05T18:35:54
================================================================================
[2025-09-05T18:36:36.210+0000] {manager.py:878} INFO - 
================================================================================
DAG File Processing Stats

File Path                              PID    Runtime      # DAGs    # Errors  Last Runtime    Last Run
-------------------------------------  -----  ---------  --------  ----------  --------------  -------------------
/opt/airflow/dags/tcc_pipeline_dag.py                           1           0  0.25s           2025-09-05T18:36:25
================================================================================
[2025-09-05T18:37:06.700+0000] {manager.py:878} INFO - 
================================================================================
DAG File Processing Stats

File Path                              PID    Runtime      # DAGs    # Errors  Last Runtime    Last Run
-------------------------------------  -----  ---------  --------  ----------  --------------  -------------------
/opt/airflow/dags/tcc_pipeline_dag.py                           1           0  0.22s           2025-09-05T18:36:55
================================================================================
[2025-09-05T18:37:37.050+0000] {manager.py:878} INFO - 
================================================================================
DAG File Processing Stats

File Path                              PID    Runtime      # DAGs    # Errors  Last Runtime    Last Run
-------------------------------------  -----  ---------  --------  ----------  --------------  -------------------
/opt/airflow/dags/tcc_pipeline_dag.py                           1           0  0.22s           2025-09-05T18:37:26
================================================================================
[2025-09-05T18:38:07.463+0000] {manager.py:878} INFO - 
================================================================================
DAG File Processing Stats

File Path                              PID    Runtime      # DAGs    # Errors  Last Runtime    Last Run
-------------------------------------  -----  ---------  --------  ----------  --------------  -------------------
/opt/airflow/dags/tcc_pipeline_dag.py                           1           0  0.17s           2025-09-05T18:37:56
================================================================================
[2025-09-05T18:38:37.801+0000] {manager.py:878} INFO - 
================================================================================
DAG File Processing Stats

File Path                              PID    Runtime      # DAGs    # Errors  Last Runtime    Last Run
-------------------------------------  -----  ---------  --------  ----------  --------------  -------------------
/opt/airflow/dags/tcc_pipeline_dag.py                           1           0  0.19s           2025-09-05T18:38:26
================================================================================
[2025-09-05T18:39:08.204+0000] {manager.py:878} INFO - 
================================================================================
DAG File Processing Stats

File Path                              PID    Runtime      # DAGs    # Errors  Last Runtime    Last Run
-------------------------------------  -----  ---------  --------  ----------  --------------  -------------------
/opt/airflow/dags/tcc_pipeline_dag.py                           1           0  0.22s           2025-09-05T18:38:57
================================================================================
[2025-09-05T18:39:38.647+0000] {manager.py:878} INFO - 
================================================================================
DAG File Processing Stats

File Path                              PID    Runtime      # DAGs    # Errors  Last Runtime    Last Run
-------------------------------------  -----  ---------  --------  ----------  --------------  -------------------
/opt/airflow/dags/tcc_pipeline_dag.py                           1           0  0.22s           2025-09-05T18:39:27
================================================================================
[2025-09-05T18:39:43.803+0000] {manager.py:737} INFO - Searching for files in /opt/airflow/dags
[2025-09-05T18:39:43.857+0000] {manager.py:740} INFO - There are 1 files in /opt/airflow/dags
[2025-09-05T18:40:09.122+0000] {manager.py:878} INFO - 
================================================================================
DAG File Processing Stats

File Path                              PID    Runtime      # DAGs    # Errors  Last Runtime    Last Run
-------------------------------------  -----  ---------  --------  ----------  --------------  -------------------
/opt/airflow/dags/tcc_pipeline_dag.py                           1           0  0.26s           2025-09-05T18:39:58
================================================================================
[2025-09-05T18:40:39.485+0000] {manager.py:878} INFO - 
================================================================================
DAG File Processing Stats

File Path                              PID    Runtime      # DAGs    # Errors  Last Runtime    Last Run
-------------------------------------  -----  ---------  --------  ----------  --------------  -------------------
/opt/airflow/dags/tcc_pipeline_dag.py                           1           0  0.19s           2025-09-05T18:40:28
================================================================================
[2025-09-05T18:41:09.875+0000] {manager.py:878} INFO - 
================================================================================
DAG File Processing Stats

File Path                              PID    Runtime      # DAGs    # Errors  Last Runtime    Last Run
-------------------------------------  -----  ---------  --------  ----------  --------------  -------------------
/opt/airflow/dags/tcc_pipeline_dag.py                           1           0  0.19s           2025-09-05T18:40:58
================================================================================
[2025-09-05T18:41:40.265+0000] {manager.py:878} INFO - 
================================================================================
DAG File Processing Stats

File Path                              PID    Runtime      # DAGs    # Errors  Last Runtime    Last Run
-------------------------------------  -----  ---------  --------  ----------  --------------  -------------------
/opt/airflow/dags/tcc_pipeline_dag.py                           1           0  0.17s           2025-09-05T18:41:29
================================================================================
[2025-09-05T18:42:10.677+0000] {manager.py:878} INFO - 
================================================================================
DAG File Processing Stats

File Path                              PID    Runtime      # DAGs    # Errors  Last Runtime    Last Run
-------------------------------------  -----  ---------  --------  ----------  --------------  -------------------
/opt/airflow/dags/tcc_pipeline_dag.py                           1           0  0.19s           2025-09-05T18:41:59
================================================================================
[2025-09-05T18:42:41.000+0000] {manager.py:878} INFO - 
================================================================================
DAG File Processing Stats

File Path                              PID    Runtime      # DAGs    # Errors  Last Runtime    Last Run
-------------------------------------  -----  ---------  --------  ----------  --------------  -------------------
/opt/airflow/dags/tcc_pipeline_dag.py                           1           0  0.15s           2025-09-05T18:42:30
================================================================================
[2025-09-05T18:43:11.413+0000] {manager.py:878} INFO - 
================================================================================
DAG File Processing Stats

File Path                              PID    Runtime      # DAGs    # Errors  Last Runtime    Last Run
-------------------------------------  -----  ---------  --------  ----------  --------------  -------------------
/opt/airflow/dags/tcc_pipeline_dag.py                           1           0  0.22s           2025-09-05T18:43:00
================================================================================
[2025-09-05T18:43:41.803+0000] {manager.py:878} INFO - 
================================================================================
DAG File Processing Stats

File Path                              PID    Runtime      # DAGs    # Errors  Last Runtime    Last Run
-------------------------------------  -----  ---------  --------  ----------  --------------  -------------------
/opt/airflow/dags/tcc_pipeline_dag.py                           1           0  0.22s           2025-09-05T18:43:30
================================================================================
[2025-09-05T18:44:12.229+0000] {manager.py:878} INFO - 
================================================================================
DAG File Processing Stats

File Path                              PID    Runtime      # DAGs    # Errors  Last Runtime    Last Run
-------------------------------------  -----  ---------  --------  ----------  --------------  -------------------
/opt/airflow/dags/tcc_pipeline_dag.py                           1           0  0.16s           2025-09-05T18:44:01
================================================================================
[2025-09-05T18:44:42.566+0000] {manager.py:878} INFO - 
================================================================================
DAG File Processing Stats

File Path                              PID    Runtime      # DAGs    # Errors  Last Runtime    Last Run
-------------------------------------  -----  ---------  --------  ----------  --------------  -------------------
/opt/airflow/dags/tcc_pipeline_dag.py                           1           0  0.16s           2025-09-05T18:44:31
================================================================================
[2025-09-05T18:44:44.583+0000] {manager.py:737} INFO - Searching for files in /opt/airflow/dags
[2025-09-05T18:44:44.648+0000] {manager.py:740} INFO - There are 1 files in /opt/airflow/dags
[2025-09-05T18:45:12.928+0000] {manager.py:878} INFO - 
================================================================================
DAG File Processing Stats

File Path                              PID    Runtime      # DAGs    # Errors  Last Runtime    Last Run
-------------------------------------  -----  ---------  --------  ----------  --------------  -------------------
/opt/airflow/dags/tcc_pipeline_dag.py                           1           0  0.15s           2025-09-05T18:45:01
================================================================================
[2025-09-05T18:45:43.326+0000] {manager.py:878} INFO - 
================================================================================
DAG File Processing Stats

File Path                              PID    Runtime      # DAGs    # Errors  Last Runtime    Last Run
-------------------------------------  -----  ---------  --------  ----------  --------------  -------------------
/opt/airflow/dags/tcc_pipeline_dag.py                           1           0  0.26s           2025-09-05T18:45:32
================================================================================
[2025-09-05T18:46:13.766+0000] {manager.py:878} INFO - 
================================================================================
DAG File Processing Stats

File Path                              PID    Runtime      # DAGs    # Errors  Last Runtime    Last Run
-------------------------------------  -----  ---------  --------  ----------  --------------  -------------------
/opt/airflow/dags/tcc_pipeline_dag.py                           1           0  0.20s           2025-09-05T18:46:02
================================================================================
[2025-09-05T18:46:44.133+0000] {manager.py:878} INFO - 
================================================================================
DAG File Processing Stats

File Path                              PID    Runtime      # DAGs    # Errors  Last Runtime    Last Run
-------------------------------------  -----  ---------  --------  ----------  --------------  -------------------
/opt/airflow/dags/tcc_pipeline_dag.py                           1           0  0.16s           2025-09-05T18:46:33
================================================================================
[2025-09-05T18:47:14.580+0000] {manager.py:878} INFO - 
================================================================================
DAG File Processing Stats

File Path                              PID    Runtime      # DAGs    # Errors  Last Runtime    Last Run
-------------------------------------  -----  ---------  --------  ----------  --------------  -------------------
/opt/airflow/dags/tcc_pipeline_dag.py                           1           0  0.19s           2025-09-05T18:47:03
================================================================================
[2025-09-05T18:47:44.906+0000] {manager.py:878} INFO - 
================================================================================
DAG File Processing Stats

File Path                              PID    Runtime      # DAGs    # Errors  Last Runtime    Last Run
-------------------------------------  -----  ---------  --------  ----------  --------------  -------------------
/opt/airflow/dags/tcc_pipeline_dag.py                           1           0  0.18s           2025-09-05T18:47:33
================================================================================
[2025-09-05T18:48:15.365+0000] {manager.py:878} INFO - 
================================================================================
DAG File Processing Stats

File Path                              PID    Runtime      # DAGs    # Errors  Last Runtime    Last Run
-------------------------------------  -----  ---------  --------  ----------  --------------  -------------------
/opt/airflow/dags/tcc_pipeline_dag.py                           1           0  0.21s           2025-09-05T18:48:04
================================================================================
[2025-09-05T18:48:45.703+0000] {manager.py:878} INFO - 
================================================================================
DAG File Processing Stats

File Path                              PID    Runtime      # DAGs    # Errors  Last Runtime    Last Run
-------------------------------------  -----  ---------  --------  ----------  --------------  -------------------
/opt/airflow/dags/tcc_pipeline_dag.py                           1           0  0.20s           2025-09-05T18:48:34
================================================================================
[2025-09-05T18:49:16.135+0000] {manager.py:878} INFO - 
================================================================================
DAG File Processing Stats

File Path                              PID    Runtime      # DAGs    # Errors  Last Runtime    Last Run
-------------------------------------  -----  ---------  --------  ----------  --------------  -------------------
/opt/airflow/dags/tcc_pipeline_dag.py                           1           0  0.16s           2025-09-05T18:49:05
================================================================================
[2025-09-05T18:49:44.601+0000] {manager.py:737} INFO - Searching for files in /opt/airflow/dags
[2025-09-05T18:49:44.658+0000] {manager.py:740} INFO - There are 1 files in /opt/airflow/dags
[2025-09-05T18:49:46.485+0000] {manager.py:878} INFO - 
================================================================================
DAG File Processing Stats

File Path                              PID    Runtime      # DAGs    # Errors  Last Runtime    Last Run
-------------------------------------  -----  ---------  --------  ----------  --------------  -------------------
/opt/airflow/dags/tcc_pipeline_dag.py                           1           0  0.18s           2025-09-05T18:49:35
================================================================================
[2025-09-05T18:50:17.013+0000] {manager.py:878} INFO - 
================================================================================
DAG File Processing Stats

File Path                              PID    Runtime      # DAGs    # Errors  Last Runtime    Last Run
-------------------------------------  -----  ---------  --------  ----------  --------------  -------------------
/opt/airflow/dags/tcc_pipeline_dag.py                           1           0  0.28s           2025-09-05T18:50:06
================================================================================
[2025-09-05T18:50:47.418+0000] {manager.py:878} INFO - 
================================================================================
DAG File Processing Stats

File Path                              PID    Runtime      # DAGs    # Errors  Last Runtime    Last Run
-------------------------------------  -----  ---------  --------  ----------  --------------  -------------------
/opt/airflow/dags/tcc_pipeline_dag.py                           1           0  0.15s           2025-09-05T18:50:36
================================================================================
[2025-09-05T18:51:17.852+0000] {manager.py:878} INFO - 
================================================================================
DAG File Processing Stats

File Path                              PID    Runtime      # DAGs    # Errors  Last Runtime    Last Run
-------------------------------------  -----  ---------  --------  ----------  --------------  -------------------
/opt/airflow/dags/tcc_pipeline_dag.py                           1           0  0.20s           2025-09-05T18:51:06
================================================================================
[2025-09-05T18:51:48.249+0000] {manager.py:878} INFO - 
================================================================================
DAG File Processing Stats

File Path                              PID    Runtime      # DAGs    # Errors  Last Runtime    Last Run
-------------------------------------  -----  ---------  --------  ----------  --------------  -------------------
/opt/airflow/dags/tcc_pipeline_dag.py                           1           0  0.22s           2025-09-05T18:51:37
================================================================================
[2025-09-05T18:52:18.724+0000] {manager.py:878} INFO - 
================================================================================
DAG File Processing Stats

File Path                              PID    Runtime      # DAGs    # Errors  Last Runtime    Last Run
-------------------------------------  -----  ---------  --------  ----------  --------------  -------------------
/opt/airflow/dags/tcc_pipeline_dag.py                           1           0  0.20s           2025-09-05T18:52:07
================================================================================
[2025-09-05T18:52:49.058+0000] {manager.py:878} INFO - 
================================================================================
DAG File Processing Stats

File Path                              PID    Runtime      # DAGs    # Errors  Last Runtime    Last Run
-------------------------------------  -----  ---------  --------  ----------  --------------  -------------------
/opt/airflow/dags/tcc_pipeline_dag.py                           1           0  0.16s           2025-09-05T18:52:38
================================================================================
[2025-09-05T18:53:19.485+0000] {manager.py:878} INFO - 
================================================================================
DAG File Processing Stats

File Path                              PID    Runtime      # DAGs    # Errors  Last Runtime    Last Run
-------------------------------------  -----  ---------  --------  ----------  --------------  -------------------
/opt/airflow/dags/tcc_pipeline_dag.py                           1           0  0.24s           2025-09-05T18:53:08
================================================================================
[2025-09-05T18:53:49.830+0000] {manager.py:878} INFO - 
================================================================================
DAG File Processing Stats

File Path                              PID    Runtime      # DAGs    # Errors  Last Runtime    Last Run
-------------------------------------  -----  ---------  --------  ----------  --------------  -------------------
/opt/airflow/dags/tcc_pipeline_dag.py                           1           0  0.14s           2025-09-05T18:53:38
================================================================================
[2025-09-05T18:54:20.134+0000] {manager.py:878} INFO - 
================================================================================
DAG File Processing Stats

File Path                              PID    Runtime      # DAGs    # Errors  Last Runtime    Last Run
-------------------------------------  -----  ---------  --------  ----------  --------------  -------------------
/opt/airflow/dags/tcc_pipeline_dag.py                           1           0  0.15s           2025-09-05T18:54:09
================================================================================
[2025-09-05T18:54:45.486+0000] {manager.py:737} INFO - Searching for files in /opt/airflow/dags
[2025-09-05T18:54:45.527+0000] {manager.py:740} INFO - There are 1 files in /opt/airflow/dags
[2025-09-05T18:54:50.583+0000] {manager.py:878} INFO - 
================================================================================
DAG File Processing Stats

File Path                              PID    Runtime      # DAGs    # Errors  Last Runtime    Last Run
-------------------------------------  -----  ---------  --------  ----------  --------------  -------------------
/opt/airflow/dags/tcc_pipeline_dag.py                           1           0  0.22s           2025-09-05T18:54:39
================================================================================
[2025-09-05T18:55:20.919+0000] {manager.py:878} INFO - 
================================================================================
DAG File Processing Stats

File Path                              PID    Runtime      # DAGs    # Errors  Last Runtime    Last Run
-------------------------------------  -----  ---------  --------  ----------  --------------  -------------------
/opt/airflow/dags/tcc_pipeline_dag.py                           1           0  0.22s           2025-09-05T18:55:10
================================================================================
[2025-09-05T18:55:51.346+0000] {manager.py:878} INFO - 
================================================================================
DAG File Processing Stats

File Path                              PID    Runtime      # DAGs    # Errors  Last Runtime    Last Run
-------------------------------------  -----  ---------  --------  ----------  --------------  -------------------
/opt/airflow/dags/tcc_pipeline_dag.py                           1           0  0.19s           2025-09-05T18:55:40
================================================================================
[2025-09-05T18:56:21.686+0000] {manager.py:878} INFO - 
================================================================================
DAG File Processing Stats

File Path                              PID    Runtime      # DAGs    # Errors  Last Runtime    Last Run
-------------------------------------  -----  ---------  --------  ----------  --------------  -------------------
/opt/airflow/dags/tcc_pipeline_dag.py                           1           0  0.22s           2025-09-05T18:56:10
================================================================================
[2025-09-05T18:56:52.200+0000] {manager.py:878} INFO - 
================================================================================
DAG File Processing Stats

File Path                              PID    Runtime      # DAGs    # Errors  Last Runtime    Last Run
-------------------------------------  -----  ---------  --------  ----------  --------------  -------------------
/opt/airflow/dags/tcc_pipeline_dag.py                           1           0  0.29s           2025-09-05T18:56:41
================================================================================
[2025-09-05T18:57:22.552+0000] {manager.py:878} INFO - 
================================================================================
DAG File Processing Stats

File Path                              PID    Runtime      # DAGs    # Errors  Last Runtime    Last Run
-------------------------------------  -----  ---------  --------  ----------  --------------  -------------------
/opt/airflow/dags/tcc_pipeline_dag.py                           1           0  0.19s           2025-09-05T18:57:11
================================================================================
[2025-09-05T18:57:52.977+0000] {manager.py:878} INFO - 
================================================================================
DAG File Processing Stats

File Path                              PID    Runtime      # DAGs    # Errors  Last Runtime    Last Run
-------------------------------------  -----  ---------  --------  ----------  --------------  -------------------
/opt/airflow/dags/tcc_pipeline_dag.py                           1           0  0.21s           2025-09-05T18:57:41
================================================================================
[2025-09-05T18:58:23.349+0000] {manager.py:878} INFO - 
================================================================================
DAG File Processing Stats

File Path                              PID    Runtime      # DAGs    # Errors  Last Runtime    Last Run
-------------------------------------  -----  ---------  --------  ----------  --------------  -------------------
/opt/airflow/dags/tcc_pipeline_dag.py                           1           0  0.19s           2025-09-05T18:58:12
================================================================================
[2025-09-05T18:58:53.720+0000] {manager.py:878} INFO - 
================================================================================
DAG File Processing Stats

File Path                              PID    Runtime      # DAGs    # Errors  Last Runtime    Last Run
-------------------------------------  -----  ---------  --------  ----------  --------------  -------------------
/opt/airflow/dags/tcc_pipeline_dag.py                           1           0  0.23s           2025-09-05T18:58:42
================================================================================
[2025-09-05T18:59:24.233+0000] {manager.py:878} INFO - 
================================================================================
DAG File Processing Stats

File Path                              PID    Runtime      # DAGs    # Errors  Last Runtime    Last Run
-------------------------------------  -----  ---------  --------  ----------  --------------  -------------------
/opt/airflow/dags/tcc_pipeline_dag.py                           1           0  0.24s           2025-09-05T18:59:13
================================================================================
[2025-09-05T18:59:45.570+0000] {manager.py:737} INFO - Searching for files in /opt/airflow/dags
[2025-09-05T18:59:45.630+0000] {manager.py:740} INFO - There are 1 files in /opt/airflow/dags
[2025-09-05T18:59:54.513+0000] {manager.py:878} INFO - 
================================================================================
DAG File Processing Stats

File Path                              PID    Runtime      # DAGs    # Errors  Last Runtime    Last Run
-------------------------------------  -----  ---------  --------  ----------  --------------  -------------------
/opt/airflow/dags/tcc_pipeline_dag.py                           1           0  0.14s           2025-09-05T18:59:43
================================================================================
[2025-09-05T19:00:24.959+0000] {manager.py:878} INFO - 
================================================================================
DAG File Processing Stats

File Path                              PID    Runtime      # DAGs    # Errors  Last Runtime    Last Run
-------------------------------------  -----  ---------  --------  ----------  --------------  -------------------
/opt/airflow/dags/tcc_pipeline_dag.py                           1           0  0.20s           2025-09-05T19:00:13
================================================================================
[2025-09-05T19:00:55.242+0000] {manager.py:878} INFO - 
================================================================================
DAG File Processing Stats

File Path                              PID    Runtime      # DAGs    # Errors  Last Runtime    Last Run
-------------------------------------  -----  ---------  --------  ----------  --------------  -------------------
/opt/airflow/dags/tcc_pipeline_dag.py                           1           0  0.14s           2025-09-05T19:00:44
================================================================================
[2025-09-05T19:01:25.556+0000] {manager.py:878} INFO - 
================================================================================
DAG File Processing Stats

File Path                              PID    Runtime      # DAGs    # Errors  Last Runtime    Last Run
-------------------------------------  -----  ---------  --------  ----------  --------------  -------------------
/opt/airflow/dags/tcc_pipeline_dag.py                           1           0  0.15s           2025-09-05T19:01:14
================================================================================
[2025-09-05T19:01:55.936+0000] {manager.py:878} INFO - 
================================================================================
DAG File Processing Stats

File Path                              PID    Runtime      # DAGs    # Errors  Last Runtime    Last Run
-------------------------------------  -----  ---------  --------  ----------  --------------  -------------------
/opt/airflow/dags/tcc_pipeline_dag.py                           1           0  0.16s           2025-09-05T19:01:44
================================================================================
[2025-09-05T19:02:26.208+0000] {manager.py:878} INFO - 
================================================================================
DAG File Processing Stats

File Path                              PID    Runtime      # DAGs    # Errors  Last Runtime    Last Run
-------------------------------------  -----  ---------  --------  ----------  --------------  -------------------
/opt/airflow/dags/tcc_pipeline_dag.py                           1           0  0.17s           2025-09-05T19:02:15
================================================================================
[2025-09-05T19:02:56.593+0000] {manager.py:878} INFO - 
================================================================================
DAG File Processing Stats

File Path                              PID    Runtime      # DAGs    # Errors  Last Runtime    Last Run
-------------------------------------  -----  ---------  --------  ----------  --------------  -------------------
/opt/airflow/dags/tcc_pipeline_dag.py                           1           0  0.33s           2025-09-05T19:02:45
================================================================================
[2025-09-05T19:03:26.878+0000] {manager.py:878} INFO - 
================================================================================
DAG File Processing Stats

File Path                              PID    Runtime      # DAGs    # Errors  Last Runtime    Last Run
-------------------------------------  -----  ---------  --------  ----------  --------------  -------------------
/opt/airflow/dags/tcc_pipeline_dag.py                           1           0  0.18s           2025-09-05T19:03:15
================================================================================
[2025-09-05T19:03:57.269+0000] {manager.py:878} INFO - 
================================================================================
DAG File Processing Stats

File Path                              PID    Runtime      # DAGs    # Errors  Last Runtime    Last Run
-------------------------------------  -----  ---------  --------  ----------  --------------  -------------------
/opt/airflow/dags/tcc_pipeline_dag.py                           1           0  0.17s           2025-09-05T19:03:46
================================================================================
[2025-09-05T19:04:27.588+0000] {manager.py:878} INFO - 
================================================================================
DAG File Processing Stats

File Path                              PID    Runtime      # DAGs    # Errors  Last Runtime    Last Run
-------------------------------------  -----  ---------  --------  ----------  --------------  -------------------
/opt/airflow/dags/tcc_pipeline_dag.py                           1           0  0.19s           2025-09-05T19:04:16
================================================================================
[2025-09-05T19:04:45.708+0000] {manager.py:737} INFO - Searching for files in /opt/airflow/dags
[2025-09-05T19:04:45.758+0000] {manager.py:740} INFO - There are 1 files in /opt/airflow/dags
[2025-09-05T19:04:58.016+0000] {manager.py:878} INFO - 
================================================================================
DAG File Processing Stats

File Path                              PID    Runtime      # DAGs    # Errors  Last Runtime    Last Run
-------------------------------------  -----  ---------  --------  ----------  --------------  -------------------
/opt/airflow/dags/tcc_pipeline_dag.py                           1           0  0.15s           2025-09-05T19:04:46
================================================================================
[2025-09-05T19:05:28.333+0000] {manager.py:878} INFO - 
================================================================================
DAG File Processing Stats

File Path                              PID    Runtime      # DAGs    # Errors  Last Runtime    Last Run
-------------------------------------  -----  ---------  --------  ----------  --------------  -------------------
/opt/airflow/dags/tcc_pipeline_dag.py                           1           0  0.22s           2025-09-05T19:05:17
================================================================================
[2025-09-05T19:05:58.654+0000] {manager.py:878} INFO - 
================================================================================
DAG File Processing Stats

File Path                              PID    Runtime      # DAGs    # Errors  Last Runtime    Last Run
-------------------------------------  -----  ---------  --------  ----------  --------------  -------------------
/opt/airflow/dags/tcc_pipeline_dag.py                           1           0  0.13s           2025-09-05T19:05:47
================================================================================
[2025-09-05T19:06:28.980+0000] {manager.py:878} INFO - 
================================================================================
DAG File Processing Stats

File Path                              PID    Runtime      # DAGs    # Errors  Last Runtime    Last Run
-------------------------------------  -----  ---------  --------  ----------  --------------  -------------------
/opt/airflow/dags/tcc_pipeline_dag.py                           1           0  0.12s           2025-09-05T19:06:17
================================================================================
[2025-09-05T19:06:59.337+0000] {manager.py:878} INFO - 
================================================================================
DAG File Processing Stats

File Path                              PID    Runtime      # DAGs    # Errors  Last Runtime    Last Run
-------------------------------------  -----  ---------  --------  ----------  --------------  -------------------
/opt/airflow/dags/tcc_pipeline_dag.py                           1           0  0.11s           2025-09-05T19:06:48
================================================================================
[2025-09-05T19:07:29.687+0000] {manager.py:878} INFO - 
================================================================================
DAG File Processing Stats

File Path                              PID    Runtime      # DAGs    # Errors  Last Runtime    Last Run
-------------------------------------  -----  ---------  --------  ----------  --------------  -------------------
/opt/airflow/dags/tcc_pipeline_dag.py                           1           0  0.23s           2025-09-05T19:07:18
================================================================================
[2025-09-05T19:07:59.955+0000] {manager.py:878} INFO - 
================================================================================
DAG File Processing Stats

File Path                              PID    Runtime      # DAGs    # Errors  Last Runtime    Last Run
-------------------------------------  -----  ---------  --------  ----------  --------------  -------------------
/opt/airflow/dags/tcc_pipeline_dag.py                           1           0  0.14s           2025-09-05T19:07:48
================================================================================
[2025-09-05T19:08:30.250+0000] {manager.py:878} INFO - 
================================================================================
DAG File Processing Stats

File Path                              PID    Runtime      # DAGs    # Errors  Last Runtime    Last Run
-------------------------------------  -----  ---------  --------  ----------  --------------  -------------------
/opt/airflow/dags/tcc_pipeline_dag.py                           1           0  0.12s           2025-09-05T19:08:19
================================================================================
[2025-09-05T19:09:00.559+0000] {manager.py:878} INFO - 
================================================================================
DAG File Processing Stats

File Path                              PID    Runtime      # DAGs    # Errors  Last Runtime    Last Run
-------------------------------------  -----  ---------  --------  ----------  --------------  -------------------
/opt/airflow/dags/tcc_pipeline_dag.py                           1           0  0.12s           2025-09-05T19:08:49
================================================================================
[2025-09-05T19:09:30.824+0000] {manager.py:878} INFO - 
================================================================================
DAG File Processing Stats

File Path                              PID    Runtime      # DAGs    # Errors  Last Runtime    Last Run
-------------------------------------  -----  ---------  --------  ----------  --------------  -------------------
/opt/airflow/dags/tcc_pipeline_dag.py                           1           0  0.18s           2025-09-05T19:09:19
================================================================================
[2025-09-05T19:09:45.959+0000] {manager.py:737} INFO - Searching for files in /opt/airflow/dags
[2025-09-05T19:09:46.020+0000] {manager.py:740} INFO - There are 1 files in /opt/airflow/dags
[2025-09-05T19:10:01.213+0000] {manager.py:878} INFO - 
================================================================================
DAG File Processing Stats

File Path                              PID    Runtime      # DAGs    # Errors  Last Runtime    Last Run
-------------------------------------  -----  ---------  --------  ----------  --------------  -------------------
/opt/airflow/dags/tcc_pipeline_dag.py                           1           0  0.14s           2025-09-05T19:09:50
================================================================================
[2025-09-05T19:10:31.529+0000] {manager.py:878} INFO - 
================================================================================
DAG File Processing Stats

File Path                              PID    Runtime      # DAGs    # Errors  Last Runtime    Last Run
-------------------------------------  -----  ---------  --------  ----------  --------------  -------------------
/opt/airflow/dags/tcc_pipeline_dag.py                           1           0  0.19s           2025-09-05T19:10:20
================================================================================
[2025-09-05T19:11:01.918+0000] {manager.py:878} INFO - 
================================================================================
DAG File Processing Stats

File Path                              PID    Runtime      # DAGs    # Errors  Last Runtime    Last Run
-------------------------------------  -----  ---------  --------  ----------  --------------  -------------------
/opt/airflow/dags/tcc_pipeline_dag.py                           1           0  0.15s           2025-09-05T19:10:50
================================================================================
[2025-09-05T19:11:32.220+0000] {manager.py:878} INFO - 
================================================================================
DAG File Processing Stats

File Path                              PID    Runtime      # DAGs    # Errors  Last Runtime    Last Run
-------------------------------------  -----  ---------  --------  ----------  --------------  -------------------
/opt/airflow/dags/tcc_pipeline_dag.py                           1           0  0.13s           2025-09-05T19:11:21
================================================================================
[2025-09-05T19:12:02.500+0000] {manager.py:878} INFO - 
================================================================================
DAG File Processing Stats

File Path                              PID    Runtime      # DAGs    # Errors  Last Runtime    Last Run
-------------------------------------  -----  ---------  --------  ----------  --------------  -------------------
/opt/airflow/dags/tcc_pipeline_dag.py                           1           0  0.12s           2025-09-05T19:11:51
================================================================================
[2025-09-05T19:12:32.801+0000] {manager.py:878} INFO - 
================================================================================
DAG File Processing Stats

File Path                              PID    Runtime      # DAGs    # Errors  Last Runtime    Last Run
-------------------------------------  -----  ---------  --------  ----------  --------------  -------------------
/opt/airflow/dags/tcc_pipeline_dag.py                           1           0  0.19s           2025-09-05T19:12:21
================================================================================
[2025-09-05T19:13:03.212+0000] {manager.py:878} INFO - 
================================================================================
DAG File Processing Stats

File Path                              PID    Runtime      # DAGs    # Errors  Last Runtime    Last Run
-------------------------------------  -----  ---------  --------  ----------  --------------  -------------------
/opt/airflow/dags/tcc_pipeline_dag.py                           1           0  0.20s           2025-09-05T19:12:52
================================================================================
[2025-09-05T19:13:33.588+0000] {manager.py:878} INFO - 
================================================================================
DAG File Processing Stats

File Path                              PID    Runtime      # DAGs    # Errors  Last Runtime    Last Run
-------------------------------------  -----  ---------  --------  ----------  --------------  -------------------
/opt/airflow/dags/tcc_pipeline_dag.py                           1           0  0.22s           2025-09-05T19:13:22
================================================================================
[2025-09-05T19:14:04.024+0000] {manager.py:878} INFO - 
================================================================================
DAG File Processing Stats

File Path                              PID    Runtime      # DAGs    # Errors  Last Runtime    Last Run
-------------------------------------  -----  ---------  --------  ----------  --------------  -------------------
/opt/airflow/dags/tcc_pipeline_dag.py                           1           0  0.22s           2025-09-05T19:13:53
================================================================================
[2025-09-05T19:14:34.436+0000] {manager.py:878} INFO - 
================================================================================
DAG File Processing Stats

File Path                              PID    Runtime      # DAGs    # Errors  Last Runtime    Last Run
-------------------------------------  -----  ---------  --------  ----------  --------------  -------------------
/opt/airflow/dags/tcc_pipeline_dag.py                           1           0  0.25s           2025-09-05T19:14:23
================================================================================
[2025-09-05T19:14:46.563+0000] {manager.py:737} INFO - Searching for files in /opt/airflow/dags
[2025-09-05T19:14:46.727+0000] {manager.py:740} INFO - There are 1 files in /opt/airflow/dags
[2025-09-05T19:15:04.920+0000] {manager.py:878} INFO - 
================================================================================
DAG File Processing Stats

File Path                              PID    Runtime      # DAGs    # Errors  Last Runtime    Last Run
-------------------------------------  -----  ---------  --------  ----------  --------------  -------------------
/opt/airflow/dags/tcc_pipeline_dag.py                           1           0  0.14s           2025-09-05T19:14:53
================================================================================
[2025-09-05T19:15:35.383+0000] {manager.py:878} INFO - 
================================================================================
DAG File Processing Stats

File Path                              PID    Runtime      # DAGs    # Errors  Last Runtime    Last Run
-------------------------------------  -----  ---------  --------  ----------  --------------  -------------------
/opt/airflow/dags/tcc_pipeline_dag.py                           1           0  0.26s           2025-09-05T19:15:24
================================================================================
[2025-09-05T19:16:05.787+0000] {manager.py:878} INFO - 
================================================================================
DAG File Processing Stats

File Path                              PID    Runtime      # DAGs    # Errors  Last Runtime    Last Run
-------------------------------------  -----  ---------  --------  ----------  --------------  -------------------
/opt/airflow/dags/tcc_pipeline_dag.py                           1           0  0.22s           2025-09-05T19:15:54
================================================================================
[2025-09-05T19:16:36.121+0000] {manager.py:878} INFO - 
================================================================================
DAG File Processing Stats

File Path                              PID    Runtime      # DAGs    # Errors  Last Runtime    Last Run
-------------------------------------  -----  ---------  --------  ----------  --------------  -------------------
/opt/airflow/dags/tcc_pipeline_dag.py                           1           0  0.38s           2025-09-05T19:16:25
================================================================================
[2025-09-05T19:17:06.803+0000] {manager.py:878} INFO - 
================================================================================
DAG File Processing Stats

File Path                              PID    Runtime      # DAGs    # Errors  Last Runtime    Last Run
-------------------------------------  -----  ---------  --------  ----------  --------------  -------------------
/opt/airflow/dags/tcc_pipeline_dag.py                           1           0  0.16s           2025-09-05T19:16:55
================================================================================
[2025-09-05T19:17:37.232+0000] {manager.py:878} INFO - 
================================================================================
DAG File Processing Stats

File Path                              PID    Runtime      # DAGs    # Errors  Last Runtime    Last Run
-------------------------------------  -----  ---------  --------  ----------  --------------  -------------------
/opt/airflow/dags/tcc_pipeline_dag.py                           1           0  0.26s           2025-09-05T19:17:26
================================================================================
[2025-09-05T19:18:07.650+0000] {manager.py:878} INFO - 
================================================================================
DAG File Processing Stats

File Path                              PID    Runtime      # DAGs    # Errors  Last Runtime    Last Run
-------------------------------------  -----  ---------  --------  ----------  --------------  -------------------
/opt/airflow/dags/tcc_pipeline_dag.py                           1           0  0.15s           2025-09-05T19:17:56
================================================================================
[2025-09-05T19:18:37.972+0000] {manager.py:878} INFO - 
================================================================================
DAG File Processing Stats

File Path                              PID    Runtime      # DAGs    # Errors  Last Runtime    Last Run
-------------------------------------  -----  ---------  --------  ----------  --------------  -------------------
/opt/airflow/dags/tcc_pipeline_dag.py                           1           0  0.20s           2025-09-05T19:18:27
================================================================================
[2025-09-05T19:19:08.441+0000] {manager.py:878} INFO - 
================================================================================
DAG File Processing Stats

File Path                              PID    Runtime      # DAGs    # Errors  Last Runtime    Last Run
-------------------------------------  -----  ---------  --------  ----------  --------------  -------------------
/opt/airflow/dags/tcc_pipeline_dag.py                           1           0  0.29s           2025-09-05T19:18:57
================================================================================
[2025-09-05T19:19:38.865+0000] {manager.py:878} INFO - 
================================================================================
DAG File Processing Stats

File Path                              PID    Runtime      # DAGs    # Errors  Last Runtime    Last Run
-------------------------------------  -----  ---------  --------  ----------  --------------  -------------------
/opt/airflow/dags/tcc_pipeline_dag.py                           1           0  0.22s           2025-09-05T19:19:27
================================================================================
[2025-09-05T19:19:46.946+0000] {manager.py:737} INFO - Searching for files in /opt/airflow/dags
[2025-09-05T19:19:47.107+0000] {manager.py:740} INFO - There are 1 files in /opt/airflow/dags
[2025-09-05T19:20:09.428+0000] {manager.py:878} INFO - 
================================================================================
DAG File Processing Stats

File Path                              PID    Runtime      # DAGs    # Errors  Last Runtime    Last Run
-------------------------------------  -----  ---------  --------  ----------  --------------  -------------------
/opt/airflow/dags/tcc_pipeline_dag.py                           1           0  0.19s           2025-09-05T19:19:58
================================================================================
[2025-09-05T19:20:39.851+0000] {manager.py:878} INFO - 
================================================================================
DAG File Processing Stats

File Path                              PID    Runtime      # DAGs    # Errors  Last Runtime    Last Run
-------------------------------------  -----  ---------  --------  ----------  --------------  -------------------
/opt/airflow/dags/tcc_pipeline_dag.py                           1           0  0.20s           2025-09-05T19:20:28
================================================================================
[2025-09-05T19:21:10.196+0000] {manager.py:878} INFO - 
================================================================================
DAG File Processing Stats

File Path                              PID    Runtime      # DAGs    # Errors  Last Runtime    Last Run
-------------------------------------  -----  ---------  --------  ----------  --------------  -------------------
/opt/airflow/dags/tcc_pipeline_dag.py                           1           0  0.19s           2025-09-05T19:20:59
================================================================================
[2025-09-05T19:21:40.618+0000] {manager.py:878} INFO - 
================================================================================
DAG File Processing Stats

File Path                              PID    Runtime      # DAGs    # Errors  Last Runtime    Last Run
-------------------------------------  -----  ---------  --------  ----------  --------------  -------------------
/opt/airflow/dags/tcc_pipeline_dag.py                           1           0  0.19s           2025-09-05T19:21:29
================================================================================
[2025-09-05T19:22:10.961+0000] {manager.py:878} INFO - 
================================================================================
DAG File Processing Stats

File Path                              PID    Runtime      # DAGs    # Errors  Last Runtime    Last Run
-------------------------------------  -----  ---------  --------  ----------  --------------  -------------------
/opt/airflow/dags/tcc_pipeline_dag.py                           1           0  0.23s           2025-09-05T19:22:00
================================================================================
[2025-09-05T19:22:41.417+0000] {manager.py:878} INFO - 
================================================================================
DAG File Processing Stats

File Path                              PID    Runtime      # DAGs    # Errors  Last Runtime    Last Run
-------------------------------------  -----  ---------  --------  ----------  --------------  -------------------
/opt/airflow/dags/tcc_pipeline_dag.py                           1           0  0.19s           2025-09-05T19:22:30
================================================================================
[2025-09-05T19:23:11.717+0000] {manager.py:878} INFO - 
================================================================================
DAG File Processing Stats

File Path                              PID    Runtime      # DAGs    # Errors  Last Runtime    Last Run
-------------------------------------  -----  ---------  --------  ----------  --------------  -------------------
/opt/airflow/dags/tcc_pipeline_dag.py                           1           0  0.15s           2025-09-05T19:23:00
================================================================================
[2025-09-05T19:23:42.039+0000] {manager.py:878} INFO - 
================================================================================
DAG File Processing Stats

File Path                              PID    Runtime      # DAGs    # Errors  Last Runtime    Last Run
-------------------------------------  -----  ---------  --------  ----------  --------------  -------------------
/opt/airflow/dags/tcc_pipeline_dag.py                           1           0  0.15s           2025-09-05T19:23:31
================================================================================
[2025-09-05T19:24:12.392+0000] {manager.py:878} INFO - 
================================================================================
DAG File Processing Stats

File Path                              PID    Runtime      # DAGs    # Errors  Last Runtime    Last Run
-------------------------------------  -----  ---------  --------  ----------  --------------  -------------------
/opt/airflow/dags/tcc_pipeline_dag.py                           1           0  0.22s           2025-09-05T19:24:01
================================================================================
[2025-09-05T19:24:42.787+0000] {manager.py:878} INFO - 
================================================================================
DAG File Processing Stats

File Path                              PID    Runtime      # DAGs    # Errors  Last Runtime    Last Run
-------------------------------------  -----  ---------  --------  ----------  --------------  -------------------
/opt/airflow/dags/tcc_pipeline_dag.py                           1           0  0.19s           2025-09-05T19:24:31
================================================================================
[2025-09-05T19:24:47.842+0000] {manager.py:737} INFO - Searching for files in /opt/airflow/dags
[2025-09-05T19:24:47.914+0000] {manager.py:740} INFO - There are 1 files in /opt/airflow/dags
[2025-09-05T19:25:13.234+0000] {manager.py:878} INFO - 
================================================================================
DAG File Processing Stats

File Path                              PID    Runtime      # DAGs    # Errors  Last Runtime    Last Run
-------------------------------------  -----  ---------  --------  ----------  --------------  -------------------
/opt/airflow/dags/tcc_pipeline_dag.py                           1           0  0.22s           2025-09-05T19:25:02
================================================================================
[2025-09-05T19:25:43.720+0000] {manager.py:878} INFO - 
================================================================================
DAG File Processing Stats

File Path                              PID    Runtime      # DAGs    # Errors  Last Runtime    Last Run
-------------------------------------  -----  ---------  --------  ----------  --------------  -------------------
/opt/airflow/dags/tcc_pipeline_dag.py                           1           0  0.23s           2025-09-05T19:25:32
================================================================================
[2025-09-05T19:26:14.043+0000] {manager.py:878} INFO - 
================================================================================
DAG File Processing Stats

File Path                              PID    Runtime      # DAGs    # Errors  Last Runtime    Last Run
-------------------------------------  -----  ---------  --------  ----------  --------------  -------------------
/opt/airflow/dags/tcc_pipeline_dag.py                           1           0  0.17s           2025-09-05T19:26:03
================================================================================
[2025-09-05T19:26:44.443+0000] {manager.py:878} INFO - 
================================================================================
DAG File Processing Stats

File Path                              PID    Runtime      # DAGs    # Errors  Last Runtime    Last Run
-------------------------------------  -----  ---------  --------  ----------  --------------  -------------------
/opt/airflow/dags/tcc_pipeline_dag.py                           1           0  0.22s           2025-09-05T19:26:33
================================================================================
[2025-09-05T19:27:14.905+0000] {manager.py:878} INFO - 
================================================================================
DAG File Processing Stats

File Path                              PID    Runtime      # DAGs    # Errors  Last Runtime    Last Run
-------------------------------------  -----  ---------  --------  ----------  --------------  -------------------
/opt/airflow/dags/tcc_pipeline_dag.py                           1           0  0.17s           2025-09-05T19:27:03
================================================================================
[2025-09-05T19:27:45.246+0000] {manager.py:878} INFO - 
================================================================================
DAG File Processing Stats

File Path                              PID    Runtime      # DAGs    # Errors  Last Runtime    Last Run
-------------------------------------  -----  ---------  --------  ----------  --------------  -------------------
/opt/airflow/dags/tcc_pipeline_dag.py                           1           0  0.15s           2025-09-05T19:27:34
================================================================================
[2025-09-05T19:28:15.635+0000] {manager.py:878} INFO - 
================================================================================
DAG File Processing Stats

File Path                              PID    Runtime      # DAGs    # Errors  Last Runtime    Last Run
-------------------------------------  -----  ---------  --------  ----------  --------------  -------------------
/opt/airflow/dags/tcc_pipeline_dag.py                           1           0  0.17s           2025-09-05T19:28:04
================================================================================
[2025-09-05T19:28:46.091+0000] {manager.py:878} INFO - 
================================================================================
DAG File Processing Stats

File Path                              PID    Runtime      # DAGs    # Errors  Last Runtime    Last Run
-------------------------------------  -----  ---------  --------  ----------  --------------  -------------------
/opt/airflow/dags/tcc_pipeline_dag.py                           1           0  0.22s           2025-09-05T19:28:35
================================================================================
[2025-09-05T19:29:16.423+0000] {manager.py:878} INFO - 
================================================================================
DAG File Processing Stats

File Path                              PID    Runtime      # DAGs    # Errors  Last Runtime    Last Run
-------------------------------------  -----  ---------  --------  ----------  --------------  -------------------
/opt/airflow/dags/tcc_pipeline_dag.py                           1           0  0.22s           2025-09-05T19:29:05
================================================================================
[2025-09-05T19:29:46.720+0000] {manager.py:878} INFO - 
================================================================================
DAG File Processing Stats

File Path                              PID    Runtime      # DAGs    # Errors  Last Runtime    Last Run
-------------------------------------  -----  ---------  --------  ----------  --------------  -------------------
/opt/airflow/dags/tcc_pipeline_dag.py                           1           0  0.16s           2025-09-05T19:29:35
================================================================================
[2025-09-05T19:29:47.846+0000] {manager.py:737} INFO - Searching for files in /opt/airflow/dags
[2025-09-05T19:29:47.918+0000] {manager.py:740} INFO - There are 1 files in /opt/airflow/dags
[2025-09-05T19:30:17.083+0000] {manager.py:878} INFO - 
================================================================================
DAG File Processing Stats

File Path                              PID    Runtime      # DAGs    # Errors  Last Runtime    Last Run
-------------------------------------  -----  ---------  --------  ----------  --------------  -------------------
/opt/airflow/dags/tcc_pipeline_dag.py                           1           0  0.14s           2025-09-05T19:30:06
================================================================================
[2025-09-05T19:30:47.446+0000] {manager.py:878} INFO - 
================================================================================
DAG File Processing Stats

File Path                              PID    Runtime      # DAGs    # Errors  Last Runtime    Last Run
-------------------------------------  -----  ---------  --------  ----------  --------------  -------------------
/opt/airflow/dags/tcc_pipeline_dag.py                           1           0  0.17s           2025-09-05T19:30:36
================================================================================
[2025-09-05T19:31:17.852+0000] {manager.py:878} INFO - 
================================================================================
DAG File Processing Stats

File Path                              PID    Runtime      # DAGs    # Errors  Last Runtime    Last Run
-------------------------------------  -----  ---------  --------  ----------  --------------  -------------------
/opt/airflow/dags/tcc_pipeline_dag.py                           1           0  0.26s           2025-09-05T19:31:06
================================================================================
[2025-09-05T19:31:48.328+0000] {manager.py:878} INFO - 
================================================================================
DAG File Processing Stats

File Path                              PID    Runtime      # DAGs    # Errors  Last Runtime    Last Run
-------------------------------------  -----  ---------  --------  ----------  --------------  -------------------
/opt/airflow/dags/tcc_pipeline_dag.py                           1           0  0.20s           2025-09-05T19:31:37
================================================================================
[2025-09-05T19:32:18.719+0000] {manager.py:878} INFO - 
================================================================================
DAG File Processing Stats

File Path                              PID    Runtime      # DAGs    # Errors  Last Runtime    Last Run
-------------------------------------  -----  ---------  --------  ----------  --------------  -------------------
/opt/airflow/dags/tcc_pipeline_dag.py                           1           0  0.41s           2025-09-05T19:32:07
================================================================================
[2025-09-05T19:32:49.400+0000] {manager.py:878} INFO - 
================================================================================
DAG File Processing Stats

File Path                              PID    Runtime      # DAGs    # Errors  Last Runtime    Last Run
-------------------------------------  -----  ---------  --------  ----------  --------------  -------------------
/opt/airflow/dags/tcc_pipeline_dag.py                           1           0  0.18s           2025-09-05T19:32:38
================================================================================
[2025-09-05T19:33:19.859+0000] {manager.py:878} INFO - 
================================================================================
DAG File Processing Stats

File Path                              PID    Runtime      # DAGs    # Errors  Last Runtime    Last Run
-------------------------------------  -----  ---------  --------  ----------  --------------  -------------------
/opt/airflow/dags/tcc_pipeline_dag.py                           1           0  0.18s           2025-09-05T19:33:08
================================================================================
[2025-09-05T19:33:50.268+0000] {manager.py:878} INFO - 
================================================================================
DAG File Processing Stats

File Path                              PID    Runtime      # DAGs    # Errors  Last Runtime    Last Run
-------------------------------------  -----  ---------  --------  ----------  --------------  -------------------
/opt/airflow/dags/tcc_pipeline_dag.py                           1           0  0.28s           2025-09-05T19:33:39
================================================================================
[2025-09-05T19:34:20.789+0000] {manager.py:878} INFO - 
================================================================================
DAG File Processing Stats

File Path                              PID    Runtime      # DAGs    # Errors  Last Runtime    Last Run
-------------------------------------  -----  ---------  --------  ----------  --------------  -------------------
/opt/airflow/dags/tcc_pipeline_dag.py                           1           0  0.21s           2025-09-05T19:34:09
================================================================================
[2025-09-05T19:34:48.129+0000] {manager.py:737} INFO - Searching for files in /opt/airflow/dags
[2025-09-05T19:34:48.188+0000] {manager.py:740} INFO - There are 1 files in /opt/airflow/dags
[2025-09-05T19:34:51.246+0000] {manager.py:878} INFO - 
================================================================================
DAG File Processing Stats

File Path                              PID    Runtime      # DAGs    # Errors  Last Runtime    Last Run
-------------------------------------  -----  ---------  --------  ----------  --------------  -------------------
/opt/airflow/dags/tcc_pipeline_dag.py                           1           0  0.13s           2025-09-05T19:34:40
================================================================================
[2025-09-05T19:35:21.629+0000] {manager.py:878} INFO - 
================================================================================
DAG File Processing Stats

File Path                              PID    Runtime      # DAGs    # Errors  Last Runtime    Last Run
-------------------------------------  -----  ---------  --------  ----------  --------------  -------------------
/opt/airflow/dags/tcc_pipeline_dag.py                           1           0  0.22s           2025-09-05T19:35:10
================================================================================
[2025-09-05T19:35:52.082+0000] {manager.py:878} INFO - 
================================================================================
DAG File Processing Stats

File Path                              PID    Runtime      # DAGs    # Errors  Last Runtime    Last Run
-------------------------------------  -----  ---------  --------  ----------  --------------  -------------------
/opt/airflow/dags/tcc_pipeline_dag.py                           1           0  0.26s           2025-09-05T19:35:41
================================================================================
[2025-09-05T19:36:22.458+0000] {manager.py:878} INFO - 
================================================================================
DAG File Processing Stats

File Path                              PID    Runtime      # DAGs    # Errors  Last Runtime    Last Run
-------------------------------------  -----  ---------  --------  ----------  --------------  -------------------
/opt/airflow/dags/tcc_pipeline_dag.py                           1           0  0.26s           2025-09-05T19:36:11
================================================================================
[2025-09-05T19:36:52.831+0000] {manager.py:878} INFO - 
================================================================================
DAG File Processing Stats

File Path                              PID    Runtime      # DAGs    # Errors  Last Runtime    Last Run
-------------------------------------  -----  ---------  --------  ----------  --------------  -------------------
/opt/airflow/dags/tcc_pipeline_dag.py                           1           0  0.19s           2025-09-05T19:36:41
================================================================================
[2025-09-05T19:37:23.160+0000] {manager.py:878} INFO - 
================================================================================
DAG File Processing Stats

File Path                              PID    Runtime      # DAGs    # Errors  Last Runtime    Last Run
-------------------------------------  -----  ---------  --------  ----------  --------------  -------------------
/opt/airflow/dags/tcc_pipeline_dag.py                           1           0  0.15s           2025-09-05T19:37:12
================================================================================
[2025-09-05T19:37:53.505+0000] {manager.py:878} INFO - 
================================================================================
DAG File Processing Stats

File Path                              PID    Runtime      # DAGs    # Errors  Last Runtime    Last Run
-------------------------------------  -----  ---------  --------  ----------  --------------  -------------------
/opt/airflow/dags/tcc_pipeline_dag.py                           1           0  0.16s           2025-09-05T19:37:42
================================================================================
[2025-09-05T19:38:23.830+0000] {manager.py:878} INFO - 
================================================================================
DAG File Processing Stats

File Path                              PID    Runtime      # DAGs    # Errors  Last Runtime    Last Run
-------------------------------------  -----  ---------  --------  ----------  --------------  -------------------
/opt/airflow/dags/tcc_pipeline_dag.py                           1           0  0.18s           2025-09-05T19:38:12
================================================================================
[2025-09-05T19:38:54.172+0000] {manager.py:878} INFO - 
================================================================================
DAG File Processing Stats

File Path                              PID    Runtime      # DAGs    # Errors  Last Runtime    Last Run
-------------------------------------  -----  ---------  --------  ----------  --------------  -------------------
/opt/airflow/dags/tcc_pipeline_dag.py                           1           0  0.17s           2025-09-05T19:38:43
================================================================================
[2025-09-05T19:39:24.475+0000] {manager.py:878} INFO - 
================================================================================
DAG File Processing Stats

File Path                              PID    Runtime      # DAGs    # Errors  Last Runtime    Last Run
-------------------------------------  -----  ---------  --------  ----------  --------------  -------------------
/opt/airflow/dags/tcc_pipeline_dag.py                           1           0  0.15s           2025-09-05T19:39:13
================================================================================
[2025-09-05T19:39:48.747+0000] {manager.py:737} INFO - Searching for files in /opt/airflow/dags
[2025-09-05T19:39:48.778+0000] {manager.py:740} INFO - There are 1 files in /opt/airflow/dags
[2025-09-05T19:39:54.843+0000] {manager.py:878} INFO - 
================================================================================
DAG File Processing Stats

File Path                              PID    Runtime      # DAGs    # Errors  Last Runtime    Last Run
-------------------------------------  -----  ---------  --------  ----------  --------------  -------------------
/opt/airflow/dags/tcc_pipeline_dag.py                           1           0  0.13s           2025-09-05T19:39:43
================================================================================
[2025-09-05T19:40:25.150+0000] {manager.py:878} INFO - 
================================================================================
DAG File Processing Stats

File Path                              PID    Runtime      # DAGs    # Errors  Last Runtime    Last Run
-------------------------------------  -----  ---------  --------  ----------  --------------  -------------------
/opt/airflow/dags/tcc_pipeline_dag.py                           1           0  0.13s           2025-09-05T19:40:14
================================================================================
[2025-09-05T19:40:55.477+0000] {manager.py:878} INFO - 
================================================================================
DAG File Processing Stats

File Path                              PID    Runtime      # DAGs    # Errors  Last Runtime    Last Run
-------------------------------------  -----  ---------  --------  ----------  --------------  -------------------
/opt/airflow/dags/tcc_pipeline_dag.py                           1           0  0.17s           2025-09-05T19:40:44
================================================================================
[2025-09-05T19:41:25.785+0000] {manager.py:878} INFO - 
================================================================================
DAG File Processing Stats

File Path                              PID    Runtime      # DAGs    # Errors  Last Runtime    Last Run
-------------------------------------  -----  ---------  --------  ----------  --------------  -------------------
/opt/airflow/dags/tcc_pipeline_dag.py                           1           0  0.17s           2025-09-05T19:41:14
================================================================================
[2025-09-05T19:41:56.144+0000] {manager.py:878} INFO - 
================================================================================
DAG File Processing Stats

File Path                              PID    Runtime      # DAGs    # Errors  Last Runtime    Last Run
-------------------------------------  -----  ---------  --------  ----------  --------------  -------------------
/opt/airflow/dags/tcc_pipeline_dag.py                           1           0  0.14s           2025-09-05T19:41:45
================================================================================
[2025-09-05T19:42:26.434+0000] {manager.py:878} INFO - 
================================================================================
DAG File Processing Stats

File Path                              PID    Runtime      # DAGs    # Errors  Last Runtime    Last Run
-------------------------------------  -----  ---------  --------  ----------  --------------  -------------------
/opt/airflow/dags/tcc_pipeline_dag.py                           1           0  0.18s           2025-09-05T19:42:15
================================================================================
[2025-09-05T19:42:56.788+0000] {manager.py:878} INFO - 
================================================================================
DAG File Processing Stats

File Path                              PID    Runtime      # DAGs    # Errors  Last Runtime    Last Run
-------------------------------------  -----  ---------  --------  ----------  --------------  -------------------
/opt/airflow/dags/tcc_pipeline_dag.py                           1           0  0.26s           2025-09-05T19:42:45
================================================================================
[2025-09-05T19:43:27.204+0000] {manager.py:878} INFO - 
================================================================================
DAG File Processing Stats

File Path                              PID    Runtime      # DAGs    # Errors  Last Runtime    Last Run
-------------------------------------  -----  ---------  --------  ----------  --------------  -------------------
/opt/airflow/dags/tcc_pipeline_dag.py                           1           0  0.19s           2025-09-05T19:43:16
================================================================================
[2025-09-05T19:43:57.615+0000] {manager.py:878} INFO - 
================================================================================
DAG File Processing Stats

File Path                              PID    Runtime      # DAGs    # Errors  Last Runtime    Last Run
-------------------------------------  -----  ---------  --------  ----------  --------------  -------------------
/opt/airflow/dags/tcc_pipeline_dag.py                           1           0  0.27s           2025-09-05T19:43:46
================================================================================
[2025-09-05T19:44:28.093+0000] {manager.py:878} INFO - 
================================================================================
DAG File Processing Stats

File Path                              PID    Runtime      # DAGs    # Errors  Last Runtime    Last Run
-------------------------------------  -----  ---------  --------  ----------  --------------  -------------------
/opt/airflow/dags/tcc_pipeline_dag.py                           1           0  0.15s           2025-09-05T19:44:17
================================================================================
[2025-09-05T19:44:49.351+0000] {manager.py:737} INFO - Searching for files in /opt/airflow/dags
[2025-09-05T19:44:49.394+0000] {manager.py:740} INFO - There are 1 files in /opt/airflow/dags
[2025-09-05T19:44:58.482+0000] {manager.py:878} INFO - 
================================================================================
DAG File Processing Stats

File Path                              PID    Runtime      # DAGs    # Errors  Last Runtime    Last Run
-------------------------------------  -----  ---------  --------  ----------  --------------  -------------------
/opt/airflow/dags/tcc_pipeline_dag.py                           1           0  0.16s           2025-09-05T19:44:47
================================================================================
[2025-09-05T19:45:28.748+0000] {manager.py:878} INFO - 
================================================================================
DAG File Processing Stats

File Path                              PID    Runtime      # DAGs    # Errors  Last Runtime    Last Run
-------------------------------------  -----  ---------  --------  ----------  --------------  -------------------
/opt/airflow/dags/tcc_pipeline_dag.py                           1           0  0.11s           2025-09-05T19:45:17
================================================================================
[2025-09-05T19:45:59.049+0000] {manager.py:878} INFO - 
================================================================================
DAG File Processing Stats

File Path                              PID    Runtime      # DAGs    # Errors  Last Runtime    Last Run
-------------------------------------  -----  ---------  --------  ----------  --------------  -------------------
/opt/airflow/dags/tcc_pipeline_dag.py                           1           0  0.19s           2025-09-05T19:45:48
================================================================================
[2025-09-05T19:46:29.430+0000] {manager.py:878} INFO - 
================================================================================
DAG File Processing Stats

File Path                              PID    Runtime      # DAGs    # Errors  Last Runtime    Last Run
-------------------------------------  -----  ---------  --------  ----------  --------------  -------------------
/opt/airflow/dags/tcc_pipeline_dag.py                           1           0  0.18s           2025-09-05T19:46:18
================================================================================
[2025-09-05T19:46:59.747+0000] {manager.py:878} INFO - 
================================================================================
DAG File Processing Stats

File Path                              PID    Runtime      # DAGs    # Errors  Last Runtime    Last Run
-------------------------------------  -----  ---------  --------  ----------  --------------  -------------------
/opt/airflow/dags/tcc_pipeline_dag.py                           1           0  0.18s           2025-09-05T19:46:48
================================================================================
[2025-09-05T19:47:30.152+0000] {manager.py:878} INFO - 
================================================================================
DAG File Processing Stats

File Path                              PID    Runtime      # DAGs    # Errors  Last Runtime    Last Run
-------------------------------------  -----  ---------  --------  ----------  --------------  -------------------
/opt/airflow/dags/tcc_pipeline_dag.py                           1           0  0.19s           2025-09-05T19:47:19
================================================================================
[2025-09-05T19:48:00.467+0000] {manager.py:878} INFO - 
================================================================================
DAG File Processing Stats

File Path                              PID    Runtime      # DAGs    # Errors  Last Runtime    Last Run
-------------------------------------  -----  ---------  --------  ----------  --------------  -------------------
/opt/airflow/dags/tcc_pipeline_dag.py                           1           0  0.20s           2025-09-05T19:47:49
================================================================================
[2025-09-05T19:48:30.838+0000] {manager.py:878} INFO - 
================================================================================
DAG File Processing Stats

File Path                              PID    Runtime      # DAGs    # Errors  Last Runtime    Last Run
-------------------------------------  -----  ---------  --------  ----------  --------------  -------------------
/opt/airflow/dags/tcc_pipeline_dag.py                           1           0  0.22s           2025-09-05T19:48:19
================================================================================
[2025-09-05T19:49:01.189+0000] {manager.py:878} INFO - 
================================================================================
DAG File Processing Stats

File Path                              PID    Runtime      # DAGs    # Errors  Last Runtime    Last Run
-------------------------------------  -----  ---------  --------  ----------  --------------  -------------------
/opt/airflow/dags/tcc_pipeline_dag.py                           1           0  0.21s           2025-09-05T19:48:50
================================================================================
[2025-09-05T19:49:31.604+0000] {manager.py:878} INFO - 
================================================================================
DAG File Processing Stats

File Path                              PID    Runtime      # DAGs    # Errors  Last Runtime    Last Run
-------------------------------------  -----  ---------  --------  ----------  --------------  -------------------
/opt/airflow/dags/tcc_pipeline_dag.py                           1           0  0.30s           2025-09-05T19:49:20
================================================================================
[2025-09-05T19:49:49.766+0000] {manager.py:737} INFO - Searching for files in /opt/airflow/dags
[2025-09-05T19:49:49.796+0000] {manager.py:740} INFO - There are 1 files in /opt/airflow/dags
[2025-09-05T19:50:01.918+0000] {manager.py:878} INFO - 
================================================================================
DAG File Processing Stats

File Path                              PID    Runtime      # DAGs    # Errors  Last Runtime    Last Run
-------------------------------------  -----  ---------  --------  ----------  --------------  -------------------
/opt/airflow/dags/tcc_pipeline_dag.py                           1           0  0.13s           2025-09-05T19:49:50
================================================================================
[2025-09-05T19:50:32.266+0000] {manager.py:878} INFO - 
================================================================================
DAG File Processing Stats

File Path                              PID    Runtime      # DAGs    # Errors  Last Runtime    Last Run
-------------------------------------  -----  ---------  --------  ----------  --------------  -------------------
/opt/airflow/dags/tcc_pipeline_dag.py                           1           0  0.19s           2025-09-05T19:50:21
================================================================================
[2025-09-05T19:51:02.648+0000] {manager.py:878} INFO - 
================================================================================
DAG File Processing Stats

File Path                              PID    Runtime      # DAGs    # Errors  Last Runtime    Last Run
-------------------------------------  -----  ---------  --------  ----------  --------------  -------------------
/opt/airflow/dags/tcc_pipeline_dag.py                           1           0  0.28s           2025-09-05T19:50:51
================================================================================
[2025-09-05T19:51:32.921+0000] {manager.py:878} INFO - 
================================================================================
DAG File Processing Stats

File Path                              PID    Runtime      # DAGs    # Errors  Last Runtime    Last Run
-------------------------------------  -----  ---------  --------  ----------  --------------  -------------------
/opt/airflow/dags/tcc_pipeline_dag.py                           1           0  0.16s           2025-09-05T19:51:21
================================================================================
[2025-09-05T19:52:03.298+0000] {manager.py:878} INFO - 
================================================================================
DAG File Processing Stats

File Path                              PID    Runtime      # DAGs    # Errors  Last Runtime    Last Run
-------------------------------------  -----  ---------  --------  ----------  --------------  -------------------
/opt/airflow/dags/tcc_pipeline_dag.py                           1           0  0.19s           2025-09-05T19:51:52
================================================================================
[2025-09-05T19:52:33.633+0000] {manager.py:878} INFO - 
================================================================================
DAG File Processing Stats

File Path                              PID    Runtime      # DAGs    # Errors  Last Runtime    Last Run
-------------------------------------  -----  ---------  --------  ----------  --------------  -------------------
/opt/airflow/dags/tcc_pipeline_dag.py                           1           0  0.20s           2025-09-05T19:52:22
================================================================================
[2025-09-05T19:53:03.997+0000] {manager.py:878} INFO - 
================================================================================
DAG File Processing Stats

File Path                              PID    Runtime      # DAGs    # Errors  Last Runtime    Last Run
-------------------------------------  -----  ---------  --------  ----------  --------------  -------------------
/opt/airflow/dags/tcc_pipeline_dag.py                           1           0  0.16s           2025-09-05T19:52:52
================================================================================
[2025-09-05T19:53:34.276+0000] {manager.py:878} INFO - 
================================================================================
DAG File Processing Stats

File Path                              PID    Runtime      # DAGs    # Errors  Last Runtime    Last Run
-------------------------------------  -----  ---------  --------  ----------  --------------  -------------------
/opt/airflow/dags/tcc_pipeline_dag.py                           1           0  0.11s           2025-09-05T19:53:23
================================================================================
[2025-09-05T19:54:04.631+0000] {manager.py:878} INFO - 
================================================================================
DAG File Processing Stats

File Path                              PID    Runtime      # DAGs    # Errors  Last Runtime    Last Run
-------------------------------------  -----  ---------  --------  ----------  --------------  -------------------
/opt/airflow/dags/tcc_pipeline_dag.py                           1           0  0.19s           2025-09-05T19:53:53
================================================================================
[2025-09-05T19:54:34.921+0000] {manager.py:878} INFO - 
================================================================================
DAG File Processing Stats

File Path                              PID    Runtime      # DAGs    # Errors  Last Runtime    Last Run
-------------------------------------  -----  ---------  --------  ----------  --------------  -------------------
/opt/airflow/dags/tcc_pipeline_dag.py                           1           0  0.17s           2025-09-05T19:54:23
================================================================================
[2025-09-05T19:54:50.046+0000] {manager.py:737} INFO - Searching for files in /opt/airflow/dags
[2025-09-05T19:54:50.094+0000] {manager.py:740} INFO - There are 1 files in /opt/airflow/dags
[2025-09-05T19:55:05.276+0000] {manager.py:878} INFO - 
================================================================================
DAG File Processing Stats

File Path                              PID    Runtime      # DAGs    # Errors  Last Runtime    Last Run
-------------------------------------  -----  ---------  --------  ----------  --------------  -------------------
/opt/airflow/dags/tcc_pipeline_dag.py                           1           0  0.18s           2025-09-05T19:54:54
================================================================================
[2025-09-05T19:55:35.545+0000] {manager.py:878} INFO - 
================================================================================
DAG File Processing Stats

File Path                              PID    Runtime      # DAGs    # Errors  Last Runtime    Last Run
-------------------------------------  -----  ---------  --------  ----------  --------------  -------------------
/opt/airflow/dags/tcc_pipeline_dag.py                           1           0  0.14s           2025-09-05T19:55:24
================================================================================
[2025-09-05T19:56:05.943+0000] {manager.py:878} INFO - 
================================================================================
DAG File Processing Stats

File Path                              PID    Runtime      # DAGs    # Errors  Last Runtime    Last Run
-------------------------------------  -----  ---------  --------  ----------  --------------  -------------------
/opt/airflow/dags/tcc_pipeline_dag.py                           1           0  0.16s           2025-09-05T19:55:54
================================================================================
[2025-09-05T19:56:36.269+0000] {manager.py:878} INFO - 
================================================================================
DAG File Processing Stats

File Path                              PID    Runtime      # DAGs    # Errors  Last Runtime    Last Run
-------------------------------------  -----  ---------  --------  ----------  --------------  -------------------
/opt/airflow/dags/tcc_pipeline_dag.py                           1           0  0.42s           2025-09-05T19:56:25
================================================================================
[2025-09-05T19:57:06.981+0000] {manager.py:878} INFO - 
================================================================================
DAG File Processing Stats

File Path                              PID    Runtime      # DAGs    # Errors  Last Runtime    Last Run
-------------------------------------  -----  ---------  --------  ----------  --------------  -------------------
/opt/airflow/dags/tcc_pipeline_dag.py                           1           0  0.24s           2025-09-05T19:56:56
================================================================================
[2025-09-05T19:57:37.491+0000] {manager.py:878} INFO - 
================================================================================
DAG File Processing Stats

File Path                              PID    Runtime      # DAGs    # Errors  Last Runtime    Last Run
-------------------------------------  -----  ---------  --------  ----------  --------------  -------------------
/opt/airflow/dags/tcc_pipeline_dag.py                           1           0  0.22s           2025-09-05T19:57:26
================================================================================
[2025-09-05T19:58:07.803+0000] {manager.py:878} INFO - 
================================================================================
DAG File Processing Stats

File Path                              PID    Runtime      # DAGs    # Errors  Last Runtime    Last Run
-------------------------------------  -----  ---------  --------  ----------  --------------  -------------------
/opt/airflow/dags/tcc_pipeline_dag.py                           1           0  0.26s           2025-09-05T19:57:56
================================================================================
[2025-09-05T19:58:38.104+0000] {manager.py:878} INFO - 
================================================================================
DAG File Processing Stats

File Path                              PID    Runtime      # DAGs    # Errors  Last Runtime    Last Run
-------------------------------------  -----  ---------  --------  ----------  --------------  -------------------
/opt/airflow/dags/tcc_pipeline_dag.py                           1           0  0.17s           2025-09-05T19:58:27
================================================================================
[2025-09-05T19:59:08.356+0000] {manager.py:878} INFO - 
================================================================================
DAG File Processing Stats

File Path                              PID    Runtime      # DAGs    # Errors  Last Runtime    Last Run
-------------------------------------  -----  ---------  --------  ----------  --------------  -------------------
/opt/airflow/dags/tcc_pipeline_dag.py                           1           0  0.16s           2025-09-05T19:58:57
================================================================================
[2025-09-05T19:59:38.725+0000] {manager.py:878} INFO - 
================================================================================
DAG File Processing Stats

File Path                              PID    Runtime      # DAGs    # Errors  Last Runtime    Last Run
-------------------------------------  -----  ---------  --------  ----------  --------------  -------------------
/opt/airflow/dags/tcc_pipeline_dag.py                           1           0  0.16s           2025-09-05T19:59:27
================================================================================
[2025-09-05T19:59:50.845+0000] {manager.py:737} INFO - Searching for files in /opt/airflow/dags
[2025-09-05T19:59:50.914+0000] {manager.py:740} INFO - There are 1 files in /opt/airflow/dags
[2025-09-05T20:00:09.115+0000] {manager.py:878} INFO - 
================================================================================
DAG File Processing Stats

File Path                              PID    Runtime      # DAGs    # Errors  Last Runtime    Last Run
-------------------------------------  -----  ---------  --------  ----------  --------------  -------------------
/opt/airflow/dags/tcc_pipeline_dag.py                           1           0  0.18s           2025-09-05T19:59:58
================================================================================
[2025-09-05T20:00:39.517+0000] {manager.py:878} INFO - 
================================================================================
DAG File Processing Stats

File Path                              PID    Runtime      # DAGs    # Errors  Last Runtime    Last Run
-------------------------------------  -----  ---------  --------  ----------  --------------  -------------------
/opt/airflow/dags/tcc_pipeline_dag.py                           1           0  0.17s           2025-09-05T20:00:28
================================================================================
[2025-09-05T20:01:09.815+0000] {manager.py:878} INFO - 
================================================================================
DAG File Processing Stats

File Path                              PID    Runtime      # DAGs    # Errors  Last Runtime    Last Run
-------------------------------------  -----  ---------  --------  ----------  --------------  -------------------
/opt/airflow/dags/tcc_pipeline_dag.py                           1           0  0.15s           2025-09-05T20:00:58
================================================================================
[2025-09-05T20:01:40.119+0000] {manager.py:878} INFO - 
================================================================================
DAG File Processing Stats

File Path                              PID    Runtime      # DAGs    # Errors  Last Runtime    Last Run
-------------------------------------  -----  ---------  --------  ----------  --------------  -------------------
/opt/airflow/dags/tcc_pipeline_dag.py                           1           0  0.16s           2025-09-05T20:01:29
================================================================================
[2025-09-05T20:02:10.410+0000] {manager.py:878} INFO - 
================================================================================
DAG File Processing Stats

File Path                              PID    Runtime      # DAGs    # Errors  Last Runtime    Last Run
-------------------------------------  -----  ---------  --------  ----------  --------------  -------------------
/opt/airflow/dags/tcc_pipeline_dag.py                           1           0  0.13s           2025-09-05T20:01:59
================================================================================
[2025-09-05T20:02:40.719+0000] {manager.py:878} INFO - 
================================================================================
DAG File Processing Stats

File Path                              PID    Runtime      # DAGs    # Errors  Last Runtime    Last Run
-------------------------------------  -----  ---------  --------  ----------  --------------  -------------------
/opt/airflow/dags/tcc_pipeline_dag.py                           1           0  0.15s           2025-09-05T20:02:29
================================================================================
[2025-09-05T20:03:11.038+0000] {manager.py:878} INFO - 
================================================================================
DAG File Processing Stats

File Path                              PID    Runtime      # DAGs    # Errors  Last Runtime    Last Run
-------------------------------------  -----  ---------  --------  ----------  --------------  -------------------
/opt/airflow/dags/tcc_pipeline_dag.py                           1           0  0.20s           2025-09-05T20:03:00
================================================================================
[2025-09-05T20:03:41.460+0000] {manager.py:878} INFO - 
================================================================================
DAG File Processing Stats

File Path                              PID    Runtime      # DAGs    # Errors  Last Runtime    Last Run
-------------------------------------  -----  ---------  --------  ----------  --------------  -------------------
/opt/airflow/dags/tcc_pipeline_dag.py                           1           0  0.17s           2025-09-05T20:03:30
================================================================================
[2025-09-05T20:04:11.734+0000] {manager.py:878} INFO - 
================================================================================
DAG File Processing Stats

File Path                              PID    Runtime      # DAGs    # Errors  Last Runtime    Last Run
-------------------------------------  -----  ---------  --------  ----------  --------------  -------------------
/opt/airflow/dags/tcc_pipeline_dag.py                           1           0  0.23s           2025-09-05T20:04:00
================================================================================
[2025-09-05T20:04:42.250+0000] {manager.py:878} INFO - 
================================================================================
DAG File Processing Stats

File Path                              PID    Runtime      # DAGs    # Errors  Last Runtime    Last Run
-------------------------------------  -----  ---------  --------  ----------  --------------  -------------------
/opt/airflow/dags/tcc_pipeline_dag.py                           1           0  0.17s           2025-09-05T20:04:31
================================================================================
[2025-09-05T20:04:51.327+0000] {manager.py:737} INFO - Searching for files in /opt/airflow/dags
[2025-09-05T20:04:51.357+0000] {manager.py:740} INFO - There are 1 files in /opt/airflow/dags
[2025-09-05T20:05:12.683+0000] {manager.py:878} INFO - 
================================================================================
DAG File Processing Stats

File Path                              PID    Runtime      # DAGs    # Errors  Last Runtime    Last Run
-------------------------------------  -----  ---------  --------  ----------  --------------  -------------------
/opt/airflow/dags/tcc_pipeline_dag.py                           1           0  0.13s           2025-09-05T20:05:01
================================================================================
[2025-09-05T20:05:42.952+0000] {manager.py:878} INFO - 
================================================================================
DAG File Processing Stats

File Path                              PID    Runtime      # DAGs    # Errors  Last Runtime    Last Run
-------------------------------------  -----  ---------  --------  ----------  --------------  -------------------
/opt/airflow/dags/tcc_pipeline_dag.py                           1           0  0.18s           2025-09-05T20:05:32
================================================================================
[2025-09-05T20:05:46.640+0000] {manager.py:452} INFO - Exiting gracefully upon receiving signal 15
[2025-09-05T20:06:42.783+0000] {manager.py:470} INFO - Processing files using up to 2 processes at a time 
[2025-09-05T20:06:42.785+0000] {manager.py:471} INFO - Process each file at most once every 30 seconds
[2025-09-05T20:06:42.787+0000] {manager.py:472} INFO - Checking for new files in /opt/airflow/dags every 300 seconds
[2025-09-05T20:06:42.789+0000] {manager.py:737} INFO - Searching for files in /opt/airflow/dags
[2025-09-05T20:06:42.837+0000] {manager.py:740} INFO - There are 1 files in /opt/airflow/dags
[2025-09-05T20:06:42.999+0000] {manager.py:878} INFO - 
================================================================================
DAG File Processing Stats

File Path                                PID  Runtime      # DAGs    # Errors  Last Runtime    Last Run
-------------------------------------  -----  ---------  --------  ----------  --------------  ----------
/opt/airflow/dags/tcc_pipeline_dag.py     52  0.07s             0           0
================================================================================
[2025-09-05T20:07:13.225+0000] {manager.py:878} INFO - 
================================================================================
DAG File Processing Stats

File Path                              PID    Runtime      # DAGs    # Errors  Last Runtime    Last Run
-------------------------------------  -----  ---------  --------  ----------  --------------  -------------------
/opt/airflow/dags/tcc_pipeline_dag.py                           1           0  0.58s           2025-09-05T20:06:43
================================================================================
[2025-09-05T20:07:43.953+0000] {manager.py:878} INFO - 
================================================================================
DAG File Processing Stats

File Path                              PID    Runtime      # DAGs    # Errors  Last Runtime    Last Run
-------------------------------------  -----  ---------  --------  ----------  --------------  -------------------
/opt/airflow/dags/tcc_pipeline_dag.py                           1           0  0.22s           2025-09-05T20:07:13
================================================================================
[2025-09-05T20:08:14.450+0000] {manager.py:878} INFO - 
================================================================================
DAG File Processing Stats

File Path                                PID  Runtime      # DAGs    # Errors  Last Runtime    Last Run
-------------------------------------  -----  ---------  --------  ----------  --------------  -------------------
/opt/airflow/dags/tcc_pipeline_dag.py     79  0.00s             1           0  0.15s           2025-09-05T20:07:44
================================================================================
[2025-09-05T20:08:44.808+0000] {manager.py:878} INFO - 
================================================================================
DAG File Processing Stats

File Path                                PID  Runtime      # DAGs    # Errors  Last Runtime    Last Run
-------------------------------------  -----  ---------  --------  ----------  --------------  -------------------
/opt/airflow/dags/tcc_pipeline_dag.py     86  0.00s             1           0  0.16s           2025-09-05T20:08:14
================================================================================
[2025-09-05T20:09:15.055+0000] {manager.py:878} INFO - 
================================================================================
DAG File Processing Stats

File Path                                PID  Runtime      # DAGs    # Errors  Last Runtime    Last Run
-------------------------------------  -----  ---------  --------  ----------  --------------  -------------------
/opt/airflow/dags/tcc_pipeline_dag.py     93  0.00s             1           0  0.15s           2025-09-05T20:08:44
================================================================================
[2025-09-05T20:09:45.366+0000] {manager.py:878} INFO - 
================================================================================
DAG File Processing Stats

File Path                                PID  Runtime      # DAGs    # Errors  Last Runtime    Last Run
-------------------------------------  -----  ---------  --------  ----------  --------------  -------------------
/opt/airflow/dags/tcc_pipeline_dag.py    100  0.01s             1           0  0.11s           2025-09-05T20:09:15
================================================================================
[2025-09-05T20:10:15.633+0000] {manager.py:878} INFO - 
================================================================================
DAG File Processing Stats

File Path                                PID  Runtime      # DAGs    # Errors  Last Runtime    Last Run
-------------------------------------  -----  ---------  --------  ----------  --------------  -------------------
/opt/airflow/dags/tcc_pipeline_dag.py    107  0.00s             1           0  0.12s           2025-09-05T20:09:45
================================================================================
[2025-09-05T20:10:45.935+0000] {manager.py:878} INFO - 
================================================================================
DAG File Processing Stats

File Path                                PID  Runtime      # DAGs    # Errors  Last Runtime    Last Run
-------------------------------------  -----  ---------  --------  ----------  --------------  -------------------
/opt/airflow/dags/tcc_pipeline_dag.py    114  0.01s             1           0  0.16s           2025-09-05T20:10:15
================================================================================
[2025-09-05T20:11:16.261+0000] {manager.py:878} INFO - 
================================================================================
DAG File Processing Stats

File Path                                PID  Runtime      # DAGs    # Errors  Last Runtime    Last Run
-------------------------------------  -----  ---------  --------  ----------  --------------  -------------------
/opt/airflow/dags/tcc_pipeline_dag.py    125  0.00s             1           0  0.13s           2025-09-05T20:10:46
================================================================================
[2025-09-05T20:11:43.470+0000] {manager.py:737} INFO - Searching for files in /opt/airflow/dags
[2025-09-05T20:11:43.536+0000] {manager.py:740} INFO - There are 1 files in /opt/airflow/dags
[2025-09-05T20:11:46.614+0000] {manager.py:878} INFO - 
================================================================================
DAG File Processing Stats

File Path                                PID  Runtime      # DAGs    # Errors  Last Runtime    Last Run
-------------------------------------  -----  ---------  --------  ----------  --------------  -------------------
/opt/airflow/dags/tcc_pipeline_dag.py    132  0.00s             1           0  0.14s           2025-09-05T20:11:16
================================================================================
[2025-09-05T20:12:16.894+0000] {manager.py:878} INFO - 
================================================================================
DAG File Processing Stats

File Path                                PID  Runtime      # DAGs    # Errors  Last Runtime    Last Run
-------------------------------------  -----  ---------  --------  ----------  --------------  -------------------
/opt/airflow/dags/tcc_pipeline_dag.py    139  0.00s             1           0  0.20s           2025-09-05T20:11:46
================================================================================
[2025-09-05T20:12:47.311+0000] {manager.py:878} INFO - 
================================================================================
DAG File Processing Stats

File Path                                PID  Runtime      # DAGs    # Errors  Last Runtime    Last Run
-------------------------------------  -----  ---------  --------  ----------  --------------  -------------------
/opt/airflow/dags/tcc_pipeline_dag.py    147  0.00s             1           0  0.21s           2025-09-05T20:12:17
================================================================================
[2025-09-05T20:13:17.609+0000] {manager.py:878} INFO - 
================================================================================
DAG File Processing Stats

File Path                                PID  Runtime      # DAGs    # Errors  Last Runtime    Last Run
-------------------------------------  -----  ---------  --------  ----------  --------------  -------------------
/opt/airflow/dags/tcc_pipeline_dag.py    154  0.00s             1           0  0.14s           2025-09-05T20:12:47
================================================================================
[2025-09-05T20:13:47.943+0000] {manager.py:878} INFO - 
================================================================================
DAG File Processing Stats

File Path                                PID  Runtime      # DAGs    # Errors  Last Runtime    Last Run
-------------------------------------  -----  ---------  --------  ----------  --------------  -------------------
/opt/airflow/dags/tcc_pipeline_dag.py    162  0.00s             1           0  0.14s           2025-09-05T20:13:17
================================================================================
[2025-09-05T20:14:18.228+0000] {manager.py:878} INFO - 
================================================================================
DAG File Processing Stats

File Path                                PID  Runtime      # DAGs    # Errors  Last Runtime    Last Run
-------------------------------------  -----  ---------  --------  ----------  --------------  -------------------
/opt/airflow/dags/tcc_pipeline_dag.py    169  0.00s             1           0  0.18s           2025-09-05T20:13:48
================================================================================
[2025-09-05T20:14:48.620+0000] {manager.py:878} INFO - 
================================================================================
DAG File Processing Stats

File Path                                PID  Runtime      # DAGs    # Errors  Last Runtime    Last Run
-------------------------------------  -----  ---------  --------  ----------  --------------  -------------------
/opt/airflow/dags/tcc_pipeline_dag.py    176  0.00s             1           0  0.18s           2025-09-05T20:14:18
================================================================================
[2025-09-05T20:15:18.884+0000] {manager.py:878} INFO - 
================================================================================
DAG File Processing Stats

File Path                                PID  Runtime      # DAGs    # Errors  Last Runtime    Last Run
-------------------------------------  -----  ---------  --------  ----------  --------------  -------------------
/opt/airflow/dags/tcc_pipeline_dag.py    183  0.00s             1           0  0.18s           2025-09-05T20:14:48
================================================================================
[2025-09-05T20:15:49.177+0000] {manager.py:878} INFO - 
================================================================================
DAG File Processing Stats

File Path                                PID  Runtime      # DAGs    # Errors  Last Runtime    Last Run
-------------------------------------  -----  ---------  --------  ----------  --------------  -------------------
/opt/airflow/dags/tcc_pipeline_dag.py    190  0.01s             1           0  0.13s           2025-09-05T20:15:19
================================================================================
[2025-09-05T20:16:19.480+0000] {manager.py:878} INFO - 
================================================================================
DAG File Processing Stats

File Path                                PID  Runtime      # DAGs    # Errors  Last Runtime    Last Run
-------------------------------------  -----  ---------  --------  ----------  --------------  -------------------
/opt/airflow/dags/tcc_pipeline_dag.py    197  0.00s             1           0  0.24s           2025-09-05T20:15:49
================================================================================
[2025-09-05T20:16:43.799+0000] {manager.py:737} INFO - Searching for files in /opt/airflow/dags
[2025-09-05T20:16:43.845+0000] {manager.py:740} INFO - There are 1 files in /opt/airflow/dags
[2025-09-05T20:16:49.935+0000] {manager.py:878} INFO - 
================================================================================
DAG File Processing Stats

File Path                                PID  Runtime      # DAGs    # Errors  Last Runtime    Last Run
-------------------------------------  -----  ---------  --------  ----------  --------------  -------------------
/opt/airflow/dags/tcc_pipeline_dag.py    204  0.01s             1           0  0.19s           2025-09-05T20:16:19
================================================================================
[2025-09-05T20:17:20.242+0000] {manager.py:878} INFO - 
================================================================================
DAG File Processing Stats

File Path                                PID  Runtime      # DAGs    # Errors  Last Runtime    Last Run
-------------------------------------  -----  ---------  --------  ----------  --------------  -------------------
/opt/airflow/dags/tcc_pipeline_dag.py    211  0.02s             1           0  0.16s           2025-09-05T20:16:50
================================================================================
[2025-09-05T20:17:50.580+0000] {manager.py:878} INFO - 
================================================================================
DAG File Processing Stats

File Path                                PID  Runtime      # DAGs    # Errors  Last Runtime    Last Run
-------------------------------------  -----  ---------  --------  ----------  --------------  -------------------
/opt/airflow/dags/tcc_pipeline_dag.py    218  0.00s             1           0  0.14s           2025-09-05T20:17:20
================================================================================
[2025-09-05T20:18:20.875+0000] {manager.py:878} INFO - 
================================================================================
DAG File Processing Stats

File Path                                PID  Runtime      # DAGs    # Errors  Last Runtime    Last Run
-------------------------------------  -----  ---------  --------  ----------  --------------  -------------------
/opt/airflow/dags/tcc_pipeline_dag.py    225  0.01s             1           0  0.16s           2025-09-05T20:17:50
================================================================================
[2025-09-05T20:18:51.207+0000] {manager.py:878} INFO - 
================================================================================
DAG File Processing Stats

File Path                                PID  Runtime      # DAGs    # Errors  Last Runtime    Last Run
-------------------------------------  -----  ---------  --------  ----------  --------------  -------------------
/opt/airflow/dags/tcc_pipeline_dag.py    232  0.01s             1           0  0.15s           2025-09-05T20:18:21
================================================================================
[2025-09-05T20:19:21.498+0000] {manager.py:878} INFO - 
================================================================================
DAG File Processing Stats

File Path                                PID  Runtime      # DAGs    # Errors  Last Runtime    Last Run
-------------------------------------  -----  ---------  --------  ----------  --------------  -------------------
/opt/airflow/dags/tcc_pipeline_dag.py    239  0.00s             1           0  0.15s           2025-09-05T20:18:51
================================================================================
[2025-09-05T20:19:51.844+0000] {manager.py:878} INFO - 
================================================================================
DAG File Processing Stats

File Path                                PID  Runtime      # DAGs    # Errors  Last Runtime    Last Run
-------------------------------------  -----  ---------  --------  ----------  --------------  -------------------
/opt/airflow/dags/tcc_pipeline_dag.py    246  0.01s             1           0  0.21s           2025-09-05T20:19:21
================================================================================
[2025-09-05T20:20:22.174+0000] {manager.py:878} INFO - 
================================================================================
DAG File Processing Stats

File Path                                PID  Runtime      # DAGs    # Errors  Last Runtime    Last Run
-------------------------------------  -----  ---------  --------  ----------  --------------  -------------------
/opt/airflow/dags/tcc_pipeline_dag.py    253  0.00s             1           0  0.18s           2025-09-05T20:19:52
================================================================================
[2025-09-05T20:20:52.563+0000] {manager.py:878} INFO - 
================================================================================
DAG File Processing Stats

File Path                                PID  Runtime      # DAGs    # Errors  Last Runtime    Last Run
-------------------------------------  -----  ---------  --------  ----------  --------------  -------------------
/opt/airflow/dags/tcc_pipeline_dag.py    260  0.01s             1           0  0.23s           2025-09-05T20:20:22
================================================================================
[2025-09-05T20:21:22.993+0000] {manager.py:878} INFO - 
================================================================================
DAG File Processing Stats

File Path                                PID  Runtime      # DAGs    # Errors  Last Runtime    Last Run
-------------------------------------  -----  ---------  --------  ----------  --------------  -------------------
/opt/airflow/dags/tcc_pipeline_dag.py    267  0.01s             1           0  0.17s           2025-09-05T20:20:52
================================================================================
[2025-09-05T20:21:44.224+0000] {manager.py:737} INFO - Searching for files in /opt/airflow/dags
[2025-09-05T20:21:44.277+0000] {manager.py:740} INFO - There are 1 files in /opt/airflow/dags
[2025-09-05T20:21:53.411+0000] {manager.py:878} INFO - 
================================================================================
DAG File Processing Stats

File Path                                PID  Runtime      # DAGs    # Errors  Last Runtime    Last Run
-------------------------------------  -----  ---------  --------  ----------  --------------  -------------------
/opt/airflow/dags/tcc_pipeline_dag.py    274  0.01s             1           0  0.16s           2025-09-05T20:21:23
================================================================================
[2025-09-05T20:22:23.730+0000] {manager.py:878} INFO - 
================================================================================
DAG File Processing Stats

File Path                                PID  Runtime      # DAGs    # Errors  Last Runtime    Last Run
-------------------------------------  -----  ---------  --------  ----------  --------------  -------------------
/opt/airflow/dags/tcc_pipeline_dag.py    281  0.01s             1           0  0.24s           2025-09-05T20:21:53
================================================================================
[2025-09-05T20:22:54.070+0000] {manager.py:878} INFO - 
================================================================================
DAG File Processing Stats

File Path                                PID  Runtime      # DAGs    # Errors  Last Runtime    Last Run
-------------------------------------  -----  ---------  --------  ----------  --------------  -------------------
/opt/airflow/dags/tcc_pipeline_dag.py    288  0.00s             1           0  0.17s           2025-09-05T20:22:23
================================================================================
[2025-09-05T20:23:24.502+0000] {manager.py:878} INFO - 
================================================================================
DAG File Processing Stats

File Path                                PID  Runtime      # DAGs    # Errors  Last Runtime    Last Run
-------------------------------------  -----  ---------  --------  ----------  --------------  -------------------
/opt/airflow/dags/tcc_pipeline_dag.py    295  0.00s             1           0  0.17s           2025-09-05T20:22:54
================================================================================
[2025-09-05T20:23:54.861+0000] {manager.py:878} INFO - 
================================================================================
DAG File Processing Stats

File Path                                PID  Runtime      # DAGs    # Errors  Last Runtime    Last Run
-------------------------------------  -----  ---------  --------  ----------  --------------  -------------------
/opt/airflow/dags/tcc_pipeline_dag.py    302  0.00s             1           0  0.13s           2025-09-05T20:23:24
================================================================================
[2025-09-05T20:24:25.193+0000] {manager.py:878} INFO - 
================================================================================
DAG File Processing Stats

File Path                                PID  Runtime      # DAGs    # Errors  Last Runtime    Last Run
-------------------------------------  -----  ---------  --------  ----------  --------------  -------------------
/opt/airflow/dags/tcc_pipeline_dag.py    309  0.01s             1           0  0.16s           2025-09-05T20:23:55
================================================================================
[2025-09-05T20:24:55.636+0000] {manager.py:878} INFO - 
================================================================================
DAG File Processing Stats

File Path                                PID  Runtime      # DAGs    # Errors  Last Runtime    Last Run
-------------------------------------  -----  ---------  --------  ----------  --------------  -------------------
/opt/airflow/dags/tcc_pipeline_dag.py    316  0.01s             1           0  0.16s           2025-09-05T20:24:25
================================================================================
[2025-09-05T20:25:25.969+0000] {manager.py:878} INFO - 
================================================================================
DAG File Processing Stats

File Path                                PID  Runtime      # DAGs    # Errors  Last Runtime    Last Run
-------------------------------------  -----  ---------  --------  ----------  --------------  -------------------
/opt/airflow/dags/tcc_pipeline_dag.py    323  0.00s             1           0  0.20s           2025-09-05T20:24:55
================================================================================
[2025-09-05T20:25:56.419+0000] {manager.py:878} INFO - 
================================================================================
DAG File Processing Stats

File Path                                PID  Runtime      # DAGs    # Errors  Last Runtime    Last Run
-------------------------------------  -----  ---------  --------  ----------  --------------  -------------------
/opt/airflow/dags/tcc_pipeline_dag.py    330  0.01s             1           0  0.15s           2025-09-05T20:25:26
================================================================================
[2025-09-05T20:26:26.769+0000] {manager.py:878} INFO - 
================================================================================
DAG File Processing Stats

File Path                                PID  Runtime      # DAGs    # Errors  Last Runtime    Last Run
-------------------------------------  -----  ---------  --------  ----------  --------------  -------------------
/opt/airflow/dags/tcc_pipeline_dag.py    337  0.01s             1           0  0.17s           2025-09-05T20:25:56
================================================================================
[2025-09-05T20:26:45.068+0000] {manager.py:737} INFO - Searching for files in /opt/airflow/dags
[2025-09-05T20:26:45.142+0000] {manager.py:740} INFO - There are 1 files in /opt/airflow/dags
[2025-09-05T20:26:57.311+0000] {manager.py:878} INFO - 
================================================================================
DAG File Processing Stats

File Path                                PID  Runtime      # DAGs    # Errors  Last Runtime    Last Run
-------------------------------------  -----  ---------  --------  ----------  --------------  -------------------
/opt/airflow/dags/tcc_pipeline_dag.py    344  0.01s             1           0  0.18s           2025-09-05T20:26:26
================================================================================
[2025-09-05T20:27:27.639+0000] {manager.py:878} INFO - 
================================================================================
DAG File Processing Stats

File Path                                PID  Runtime      # DAGs    # Errors  Last Runtime    Last Run
-------------------------------------  -----  ---------  --------  ----------  --------------  -------------------
/opt/airflow/dags/tcc_pipeline_dag.py    351  0.01s             1           0  0.15s           2025-09-05T20:26:57
================================================================================
[2025-09-05T20:27:58.081+0000] {manager.py:878} INFO - 
================================================================================
DAG File Processing Stats

File Path                                PID  Runtime      # DAGs    # Errors  Last Runtime    Last Run
-------------------------------------  -----  ---------  --------  ----------  --------------  -------------------
/opt/airflow/dags/tcc_pipeline_dag.py    358  0.01s             1           0  0.16s           2025-09-05T20:27:27
================================================================================
[2025-09-05T20:28:28.414+0000] {manager.py:878} INFO - 
================================================================================
DAG File Processing Stats

File Path                                PID  Runtime      # DAGs    # Errors  Last Runtime    Last Run
-------------------------------------  -----  ---------  --------  ----------  --------------  -------------------
/opt/airflow/dags/tcc_pipeline_dag.py    365  0.01s             1           0  0.13s           2025-09-05T20:27:58
================================================================================
[2025-09-05T20:28:58.775+0000] {manager.py:878} INFO - 
================================================================================
DAG File Processing Stats

File Path                                PID  Runtime      # DAGs    # Errors  Last Runtime    Last Run
-------------------------------------  -----  ---------  --------  ----------  --------------  -------------------
/opt/airflow/dags/tcc_pipeline_dag.py    372  0.01s             1           0  0.21s           2025-09-05T20:28:28
================================================================================
[2025-09-05T20:29:29.178+0000] {manager.py:878} INFO - 
================================================================================
DAG File Processing Stats

File Path                                PID  Runtime      # DAGs    # Errors  Last Runtime    Last Run
-------------------------------------  -----  ---------  --------  ----------  --------------  -------------------
/opt/airflow/dags/tcc_pipeline_dag.py    379  0.00s             1           0  0.15s           2025-09-05T20:28:58
================================================================================
[2025-09-05T20:29:59.492+0000] {manager.py:878} INFO - 
================================================================================
DAG File Processing Stats

File Path                                PID  Runtime      # DAGs    # Errors  Last Runtime    Last Run
-------------------------------------  -----  ---------  --------  ----------  --------------  -------------------
/opt/airflow/dags/tcc_pipeline_dag.py    386  0.01s             1           0  0.13s           2025-09-05T20:29:29
================================================================================
[2025-09-05T20:30:29.803+0000] {manager.py:878} INFO - 
================================================================================
DAG File Processing Stats

File Path                                PID  Runtime      # DAGs    # Errors  Last Runtime    Last Run
-------------------------------------  -----  ---------  --------  ----------  --------------  -------------------
/opt/airflow/dags/tcc_pipeline_dag.py    393  0.00s             1           0  0.16s           2025-09-05T20:29:59
================================================================================
[2025-09-05T20:31:00.196+0000] {manager.py:878} INFO - 
================================================================================
DAG File Processing Stats

File Path                                PID  Runtime      # DAGs    # Errors  Last Runtime    Last Run
-------------------------------------  -----  ---------  --------  ----------  --------------  -------------------
/opt/airflow/dags/tcc_pipeline_dag.py    400  0.00s             1           0  0.22s           2025-09-05T20:30:30
================================================================================
[2025-09-05T20:31:30.513+0000] {manager.py:878} INFO - 
================================================================================
DAG File Processing Stats

File Path                                PID  Runtime      # DAGs    # Errors  Last Runtime    Last Run
-------------------------------------  -----  ---------  --------  ----------  --------------  -------------------
/opt/airflow/dags/tcc_pipeline_dag.py    407  0.00s             1           0  0.15s           2025-09-05T20:31:00
================================================================================
[2025-09-05T20:31:45.688+0000] {manager.py:737} INFO - Searching for files in /opt/airflow/dags
[2025-09-05T20:31:45.714+0000] {manager.py:740} INFO - There are 1 files in /opt/airflow/dags
[2025-09-05T20:32:00.872+0000] {manager.py:878} INFO - 
================================================================================
DAG File Processing Stats

File Path                                PID  Runtime      # DAGs    # Errors  Last Runtime    Last Run
-------------------------------------  -----  ---------  --------  ----------  --------------  -------------------
/opt/airflow/dags/tcc_pipeline_dag.py    414  0.00s             1           0  0.20s           2025-09-05T20:31:30
================================================================================
[2025-09-05T20:32:31.146+0000] {manager.py:878} INFO - 
================================================================================
DAG File Processing Stats

File Path                                PID  Runtime      # DAGs    # Errors  Last Runtime    Last Run
-------------------------------------  -----  ---------  --------  ----------  --------------  -------------------
/opt/airflow/dags/tcc_pipeline_dag.py    421  0.00s             1           0  0.21s           2025-09-05T20:32:01
================================================================================
[2025-09-05T20:33:01.607+0000] {manager.py:878} INFO - 
================================================================================
DAG File Processing Stats

File Path                                PID  Runtime      # DAGs    # Errors  Last Runtime    Last Run
-------------------------------------  -----  ---------  --------  ----------  --------------  -------------------
/opt/airflow/dags/tcc_pipeline_dag.py    429  0.00s             1           0  0.19s           2025-09-05T20:32:31
================================================================================
[2025-09-05T20:33:31.879+0000] {manager.py:878} INFO - 
================================================================================
DAG File Processing Stats

File Path                                PID  Runtime      # DAGs    # Errors  Last Runtime    Last Run
-------------------------------------  -----  ---------  --------  ----------  --------------  -------------------
/opt/airflow/dags/tcc_pipeline_dag.py    436  0.01s             1           0  0.22s           2025-09-05T20:33:01
================================================================================
[2025-09-05T20:34:02.115+0000] {manager.py:878} INFO - 
================================================================================
DAG File Processing Stats

File Path                                PID  Runtime      # DAGs    # Errors  Last Runtime    Last Run
-------------------------------------  -----  ---------  --------  ----------  --------------  -------------------
/opt/airflow/dags/tcc_pipeline_dag.py    443  0.00s             1           0  0.16s           2025-09-05T20:33:32
================================================================================
[2025-09-05T20:34:32.512+0000] {manager.py:878} INFO - 
================================================================================
DAG File Processing Stats

File Path                                PID  Runtime      # DAGs    # Errors  Last Runtime    Last Run
-------------------------------------  -----  ---------  --------  ----------  --------------  -------------------
/opt/airflow/dags/tcc_pipeline_dag.py    450  0.01s             1           0  0.17s           2025-09-05T20:34:02
================================================================================
[2025-09-05T20:35:02.818+0000] {manager.py:878} INFO - 
================================================================================
DAG File Processing Stats

File Path                                PID  Runtime      # DAGs    # Errors  Last Runtime    Last Run
-------------------------------------  -----  ---------  --------  ----------  --------------  -------------------
/opt/airflow/dags/tcc_pipeline_dag.py    457  0.00s             1           0  0.24s           2025-09-05T20:34:32
================================================================================
[2025-09-05T20:35:33.079+0000] {manager.py:878} INFO - 
================================================================================
DAG File Processing Stats

File Path                                PID  Runtime      # DAGs    # Errors  Last Runtime    Last Run
-------------------------------------  -----  ---------  --------  ----------  --------------  -------------------
/opt/airflow/dags/tcc_pipeline_dag.py    464  0.00s             1           0  0.19s           2025-09-05T20:35:03
================================================================================
[2025-09-05T20:36:03.462+0000] {manager.py:878} INFO - 
================================================================================
DAG File Processing Stats

File Path                                PID  Runtime      # DAGs    # Errors  Last Runtime    Last Run
-------------------------------------  -----  ---------  --------  ----------  --------------  -------------------
/opt/airflow/dags/tcc_pipeline_dag.py    471  0.00s             1           0  0.14s           2025-09-05T20:35:33
================================================================================
[2025-09-05T20:36:33.720+0000] {manager.py:878} INFO - 
================================================================================
DAG File Processing Stats

File Path                                PID  Runtime      # DAGs    # Errors  Last Runtime    Last Run
-------------------------------------  -----  ---------  --------  ----------  --------------  -------------------
/opt/airflow/dags/tcc_pipeline_dag.py    478  0.00s             1           0  0.14s           2025-09-05T20:36:03
================================================================================
[2025-09-05T20:36:45.968+0000] {manager.py:737} INFO - Searching for files in /opt/airflow/dags
[2025-09-05T20:36:46.027+0000] {manager.py:740} INFO - There are 1 files in /opt/airflow/dags
[2025-09-05T20:37:04.244+0000] {manager.py:878} INFO - 
================================================================================
DAG File Processing Stats

File Path                                PID  Runtime      # DAGs    # Errors  Last Runtime    Last Run
-------------------------------------  -----  ---------  --------  ----------  --------------  -------------------
/opt/airflow/dags/tcc_pipeline_dag.py    484  0.01s             1           0  0.18s           2025-09-05T20:36:33
================================================================================
[2025-09-05T20:37:34.532+0000] {manager.py:878} INFO - 
================================================================================
DAG File Processing Stats

File Path                                PID  Runtime      # DAGs    # Errors  Last Runtime    Last Run
-------------------------------------  -----  ---------  --------  ----------  --------------  -------------------
/opt/airflow/dags/tcc_pipeline_dag.py    491  0.01s             1           0  0.24s           2025-09-05T20:37:04
================================================================================
[2025-09-05T20:38:04.876+0000] {manager.py:878} INFO - 
================================================================================
DAG File Processing Stats

File Path                                PID  Runtime      # DAGs    # Errors  Last Runtime    Last Run
-------------------------------------  -----  ---------  --------  ----------  --------------  -------------------
/opt/airflow/dags/tcc_pipeline_dag.py    498  0.01s             1           0  0.19s           2025-09-05T20:37:34
================================================================================
[2025-09-05T20:38:35.246+0000] {manager.py:878} INFO - 
================================================================================
DAG File Processing Stats

File Path                                PID  Runtime      # DAGs    # Errors  Last Runtime    Last Run
-------------------------------------  -----  ---------  --------  ----------  --------------  -------------------
/opt/airflow/dags/tcc_pipeline_dag.py    505  0.00s             1           0  0.18s           2025-09-05T20:38:05
================================================================================
[2025-09-05T20:39:05.607+0000] {manager.py:878} INFO - 
================================================================================
DAG File Processing Stats

File Path                                PID  Runtime      # DAGs    # Errors  Last Runtime    Last Run
-------------------------------------  -----  ---------  --------  ----------  --------------  -------------------
/opt/airflow/dags/tcc_pipeline_dag.py    512  0.00s             1           0  0.14s           2025-09-05T20:38:35
================================================================================
[2025-09-05T20:39:35.875+0000] {manager.py:878} INFO - 
================================================================================
DAG File Processing Stats

File Path                                PID  Runtime      # DAGs    # Errors  Last Runtime    Last Run
-------------------------------------  -----  ---------  --------  ----------  --------------  -------------------
/opt/airflow/dags/tcc_pipeline_dag.py    519  0.00s             1           0  0.19s           2025-09-05T20:39:05
================================================================================
[2025-09-05T20:40:06.274+0000] {manager.py:878} INFO - 
================================================================================
DAG File Processing Stats

File Path                                PID  Runtime      # DAGs    # Errors  Last Runtime    Last Run
-------------------------------------  -----  ---------  --------  ----------  --------------  -------------------
/opt/airflow/dags/tcc_pipeline_dag.py    526  0.01s             1           0  0.15s           2025-09-05T20:39:36
================================================================================
[2025-09-05T20:40:36.561+0000] {manager.py:878} INFO - 
================================================================================
DAG File Processing Stats

File Path                                PID  Runtime      # DAGs    # Errors  Last Runtime    Last Run
-------------------------------------  -----  ---------  --------  ----------  --------------  -------------------
/opt/airflow/dags/tcc_pipeline_dag.py    534  0.00s             1           0  0.19s           2025-09-05T20:40:06
================================================================================
[2025-09-05T20:41:06.932+0000] {manager.py:878} INFO - 
================================================================================
DAG File Processing Stats

File Path                                PID  Runtime      # DAGs    # Errors  Last Runtime    Last Run
-------------------------------------  -----  ---------  --------  ----------  --------------  -------------------
/opt/airflow/dags/tcc_pipeline_dag.py    540  0.01s             1           0  0.19s           2025-09-05T20:40:36
================================================================================
[2025-09-05T20:41:37.241+0000] {manager.py:878} INFO - 
================================================================================
DAG File Processing Stats

File Path                                PID  Runtime      # DAGs    # Errors  Last Runtime    Last Run
-------------------------------------  -----  ---------  --------  ----------  --------------  -------------------
/opt/airflow/dags/tcc_pipeline_dag.py    547  0.01s             1           0  0.18s           2025-09-05T20:41:07
================================================================================
[2025-09-05T20:41:46.381+0000] {manager.py:737} INFO - Searching for files in /opt/airflow/dags
[2025-09-05T20:41:46.440+0000] {manager.py:740} INFO - There are 1 files in /opt/airflow/dags
[2025-09-05T20:42:07.651+0000] {manager.py:878} INFO - 
================================================================================
DAG File Processing Stats

File Path                                PID  Runtime      # DAGs    # Errors  Last Runtime    Last Run
-------------------------------------  -----  ---------  --------  ----------  --------------  -------------------
/opt/airflow/dags/tcc_pipeline_dag.py    554  0.00s             1           0  0.13s           2025-09-05T20:41:37
================================================================================
[2025-09-05T20:42:37.984+0000] {manager.py:878} INFO - 
================================================================================
DAG File Processing Stats

File Path                                PID  Runtime      # DAGs    # Errors  Last Runtime    Last Run
-------------------------------------  -----  ---------  --------  ----------  --------------  -------------------
/opt/airflow/dags/tcc_pipeline_dag.py    561  0.00s             1           0  0.19s           2025-09-05T20:42:07
================================================================================
[2025-09-05T20:43:08.368+0000] {manager.py:878} INFO - 
================================================================================
DAG File Processing Stats

File Path                                PID  Runtime      # DAGs    # Errors  Last Runtime    Last Run
-------------------------------------  -----  ---------  --------  ----------  --------------  -------------------
/opt/airflow/dags/tcc_pipeline_dag.py    568  0.01s             1           0  0.16s           2025-09-05T20:42:38
================================================================================
[2025-09-05T20:43:38.703+0000] {manager.py:878} INFO - 
================================================================================
DAG File Processing Stats

File Path                                PID  Runtime      # DAGs    # Errors  Last Runtime    Last Run
-------------------------------------  -----  ---------  --------  ----------  --------------  -------------------
/opt/airflow/dags/tcc_pipeline_dag.py    574  0.01s             1           0  0.13s           2025-09-05T20:43:08
================================================================================
[2025-09-05T20:44:09.004+0000] {manager.py:878} INFO - 
================================================================================
DAG File Processing Stats

File Path                                PID  Runtime      # DAGs    # Errors  Last Runtime    Last Run
-------------------------------------  -----  ---------  --------  ----------  --------------  -------------------
/opt/airflow/dags/tcc_pipeline_dag.py    581  0.01s             1           0  0.18s           2025-09-05T20:43:38
================================================================================
[2025-09-05T20:44:39.383+0000] {manager.py:878} INFO - 
================================================================================
DAG File Processing Stats

File Path                                PID  Runtime      # DAGs    # Errors  Last Runtime    Last Run
-------------------------------------  -----  ---------  --------  ----------  --------------  -------------------
/opt/airflow/dags/tcc_pipeline_dag.py    588  0.01s             1           0  0.18s           2025-09-05T20:44:09
================================================================================
[2025-09-05T20:45:09.697+0000] {manager.py:878} INFO - 
================================================================================
DAG File Processing Stats

File Path                                PID  Runtime      # DAGs    # Errors  Last Runtime    Last Run
-------------------------------------  -----  ---------  --------  ----------  --------------  -------------------
/opt/airflow/dags/tcc_pipeline_dag.py    595  0.01s             1           0  0.23s           2025-09-05T20:44:39
================================================================================
[2025-09-05T20:45:40.069+0000] {manager.py:878} INFO - 
================================================================================
DAG File Processing Stats

File Path                                PID  Runtime      # DAGs    # Errors  Last Runtime    Last Run
-------------------------------------  -----  ---------  --------  ----------  --------------  -------------------
/opt/airflow/dags/tcc_pipeline_dag.py    602  0.00s             1           0  0.25s           2025-09-05T20:45:09
================================================================================
[2025-09-05T20:46:10.450+0000] {manager.py:878} INFO - 
================================================================================
DAG File Processing Stats

File Path                                PID  Runtime      # DAGs    # Errors  Last Runtime    Last Run
-------------------------------------  -----  ---------  --------  ----------  --------------  -------------------
/opt/airflow/dags/tcc_pipeline_dag.py    609  0.00s             1           0  0.24s           2025-09-05T20:45:40
================================================================================
[2025-09-05T20:46:40.764+0000] {manager.py:878} INFO - 
================================================================================
DAG File Processing Stats

File Path                                PID  Runtime      # DAGs    # Errors  Last Runtime    Last Run
-------------------------------------  -----  ---------  --------  ----------  --------------  -------------------
/opt/airflow/dags/tcc_pipeline_dag.py    616  0.01s             1           0  0.14s           2025-09-05T20:46:10
================================================================================
[2025-09-05T20:46:46.845+0000] {manager.py:737} INFO - Searching for files in /opt/airflow/dags
[2025-09-05T20:46:46.884+0000] {manager.py:740} INFO - There are 1 files in /opt/airflow/dags
[2025-09-05T20:47:11.105+0000] {manager.py:878} INFO - 
================================================================================
DAG File Processing Stats

File Path                                PID  Runtime      # DAGs    # Errors  Last Runtime    Last Run
-------------------------------------  -----  ---------  --------  ----------  --------------  -------------------
/opt/airflow/dags/tcc_pipeline_dag.py    623  0.00s             1           0  0.12s           2025-09-05T20:46:40
================================================================================
[2025-09-05T20:47:41.382+0000] {manager.py:878} INFO - 
================================================================================
DAG File Processing Stats

File Path                                PID  Runtime      # DAGs    # Errors  Last Runtime    Last Run
-------------------------------------  -----  ---------  --------  ----------  --------------  -------------------
/opt/airflow/dags/tcc_pipeline_dag.py    630  0.00s             1           0  0.13s           2025-09-05T20:47:11
================================================================================
[2025-09-05T20:48:11.791+0000] {manager.py:878} INFO - 
================================================================================
DAG File Processing Stats

File Path                                PID  Runtime      # DAGs    # Errors  Last Runtime    Last Run
-------------------------------------  -----  ---------  --------  ----------  --------------  -------------------
/opt/airflow/dags/tcc_pipeline_dag.py    637  0.01s             1           0  0.15s           2025-09-05T20:47:41
================================================================================
[2025-09-05T20:48:42.081+0000] {manager.py:878} INFO - 
================================================================================
DAG File Processing Stats

File Path                                PID  Runtime      # DAGs    # Errors  Last Runtime    Last Run
-------------------------------------  -----  ---------  --------  ----------  --------------  -------------------
/opt/airflow/dags/tcc_pipeline_dag.py    644  0.00s             1           0  0.21s           2025-09-05T20:48:11
================================================================================
[2025-09-05T20:49:12.550+0000] {manager.py:878} INFO - 
================================================================================
DAG File Processing Stats

File Path                                PID  Runtime      # DAGs    # Errors  Last Runtime    Last Run
-------------------------------------  -----  ---------  --------  ----------  --------------  -------------------
/opt/airflow/dags/tcc_pipeline_dag.py    651  0.00s             1           0  0.23s           2025-09-05T20:48:42
================================================================================
[2025-09-05T20:49:42.868+0000] {manager.py:878} INFO - 
================================================================================
DAG File Processing Stats

File Path                                PID  Runtime      # DAGs    # Errors  Last Runtime    Last Run
-------------------------------------  -----  ---------  --------  ----------  --------------  -------------------
/opt/airflow/dags/tcc_pipeline_dag.py    658  0.01s             1           0  0.18s           2025-09-05T20:49:12
================================================================================
[2025-09-05T20:50:13.248+0000] {manager.py:878} INFO - 
================================================================================
DAG File Processing Stats

File Path                                PID  Runtime      # DAGs    # Errors  Last Runtime    Last Run
-------------------------------------  -----  ---------  --------  ----------  --------------  -------------------
/opt/airflow/dags/tcc_pipeline_dag.py    664  0.00s             1           0  0.14s           2025-09-05T20:49:42
================================================================================
[2025-09-05T20:50:43.498+0000] {manager.py:878} INFO - 
================================================================================
DAG File Processing Stats

File Path                                PID  Runtime      # DAGs    # Errors  Last Runtime    Last Run
-------------------------------------  -----  ---------  --------  ----------  --------------  -------------------
/opt/airflow/dags/tcc_pipeline_dag.py    671  0.00s             1           0  0.21s           2025-09-05T20:50:13
================================================================================
[2025-09-05T20:51:13.916+0000] {manager.py:878} INFO - 
================================================================================
DAG File Processing Stats

File Path                                PID  Runtime      # DAGs    # Errors  Last Runtime    Last Run
-------------------------------------  -----  ---------  --------  ----------  --------------  -------------------
/opt/airflow/dags/tcc_pipeline_dag.py    678  0.01s             1           0  0.18s           2025-09-05T20:50:43
================================================================================
[2025-09-05T20:51:44.159+0000] {manager.py:878} INFO - 
================================================================================
DAG File Processing Stats

File Path                                PID  Runtime      # DAGs    # Errors  Last Runtime    Last Run
-------------------------------------  -----  ---------  --------  ----------  --------------  -------------------
/opt/airflow/dags/tcc_pipeline_dag.py    685  0.00s             1           0  0.16s           2025-09-05T20:51:14
================================================================================
[2025-09-05T20:51:47.182+0000] {manager.py:737} INFO - Searching for files in /opt/airflow/dags
[2025-09-05T20:51:47.224+0000] {manager.py:740} INFO - There are 1 files in /opt/airflow/dags
[2025-09-05T20:52:14.474+0000] {manager.py:878} INFO - 
================================================================================
DAG File Processing Stats

File Path                                PID  Runtime      # DAGs    # Errors  Last Runtime    Last Run
-------------------------------------  -----  ---------  --------  ----------  --------------  -------------------
/opt/airflow/dags/tcc_pipeline_dag.py    692  0.01s             1           0  0.12s           2025-09-05T20:51:44
================================================================================
[2025-09-05T20:52:44.744+0000] {manager.py:878} INFO - 
================================================================================
DAG File Processing Stats

File Path                                PID  Runtime      # DAGs    # Errors  Last Runtime    Last Run
-------------------------------------  -----  ---------  --------  ----------  --------------  -------------------
/opt/airflow/dags/tcc_pipeline_dag.py    699  0.00s             1           0  0.14s           2025-09-05T20:52:14
================================================================================
[2025-09-05T20:53:15.095+0000] {manager.py:878} INFO - 
================================================================================
DAG File Processing Stats

File Path                                PID  Runtime      # DAGs    # Errors  Last Runtime    Last Run
-------------------------------------  -----  ---------  --------  ----------  --------------  -------------------
/opt/airflow/dags/tcc_pipeline_dag.py    707  0.00s             1           0  0.14s           2025-09-05T20:52:44
================================================================================
[2025-09-05T20:53:45.366+0000] {manager.py:878} INFO - 
================================================================================
DAG File Processing Stats

File Path                                PID  Runtime      # DAGs    # Errors  Last Runtime    Last Run
-------------------------------------  -----  ---------  --------  ----------  --------------  -------------------
/opt/airflow/dags/tcc_pipeline_dag.py    714  0.00s             1           0  0.17s           2025-09-05T20:53:15
================================================================================
[2025-09-05T20:54:15.762+0000] {manager.py:878} INFO - 
================================================================================
DAG File Processing Stats

File Path                                PID  Runtime      # DAGs    # Errors  Last Runtime    Last Run
-------------------------------------  -----  ---------  --------  ----------  --------------  -------------------
/opt/airflow/dags/tcc_pipeline_dag.py    721  0.01s             1           0  0.22s           2025-09-05T20:53:45
================================================================================
[2025-09-05T20:54:46.066+0000] {manager.py:878} INFO - 
================================================================================
DAG File Processing Stats

File Path                                PID  Runtime      # DAGs    # Errors  Last Runtime    Last Run
-------------------------------------  -----  ---------  --------  ----------  --------------  -------------------
/opt/airflow/dags/tcc_pipeline_dag.py    728  0.00s             1           0  0.16s           2025-09-05T20:54:15
================================================================================
[2025-09-05T20:55:16.392+0000] {manager.py:878} INFO - 
================================================================================
DAG File Processing Stats

File Path                                PID  Runtime      # DAGs    # Errors  Last Runtime    Last Run
-------------------------------------  -----  ---------  --------  ----------  --------------  -------------------
/opt/airflow/dags/tcc_pipeline_dag.py    735  0.00s             1           0  0.15s           2025-09-05T20:54:46
================================================================================
[2025-09-05T20:55:46.686+0000] {manager.py:878} INFO - 
================================================================================
DAG File Processing Stats

File Path                                PID  Runtime      # DAGs    # Errors  Last Runtime    Last Run
-------------------------------------  -----  ---------  --------  ----------  --------------  -------------------
/opt/airflow/dags/tcc_pipeline_dag.py    742  0.00s             1           0  0.23s           2025-09-05T20:55:16
================================================================================
[2025-09-05T20:56:17.146+0000] {manager.py:878} INFO - 
================================================================================
DAG File Processing Stats

File Path                                PID  Runtime      # DAGs    # Errors  Last Runtime    Last Run
-------------------------------------  -----  ---------  --------  ----------  --------------  -------------------
/opt/airflow/dags/tcc_pipeline_dag.py    749  0.01s             1           0  0.19s           2025-09-05T20:55:46
================================================================================
[2025-09-05T20:56:47.392+0000] {manager.py:737} INFO - Searching for files in /opt/airflow/dags
[2025-09-05T20:56:47.444+0000] {manager.py:740} INFO - There are 1 files in /opt/airflow/dags
[2025-09-05T20:56:47.486+0000] {manager.py:878} INFO - 
================================================================================
DAG File Processing Stats

File Path                                PID  Runtime      # DAGs    # Errors  Last Runtime    Last Run
-------------------------------------  -----  ---------  --------  ----------  --------------  -------------------
/opt/airflow/dags/tcc_pipeline_dag.py    756  0.01s             1           0  0.14s           2025-09-05T20:56:17
================================================================================
[2025-09-05T20:57:17.781+0000] {manager.py:878} INFO - 
================================================================================
DAG File Processing Stats

File Path                                PID  Runtime      # DAGs    # Errors  Last Runtime    Last Run
-------------------------------------  -----  ---------  --------  ----------  --------------  -------------------
/opt/airflow/dags/tcc_pipeline_dag.py    763  0.00s             1           0  0.17s           2025-09-05T20:56:47
================================================================================
[2025-09-05T20:57:48.168+0000] {manager.py:878} INFO - 
================================================================================
DAG File Processing Stats

File Path                                PID  Runtime      # DAGs    # Errors  Last Runtime    Last Run
-------------------------------------  -----  ---------  --------  ----------  --------------  -------------------
/opt/airflow/dags/tcc_pipeline_dag.py    770  0.00s             1           0  0.17s           2025-09-05T20:57:17
================================================================================
[2025-09-05T20:58:18.549+0000] {manager.py:878} INFO - 
================================================================================
DAG File Processing Stats

File Path                                PID  Runtime      # DAGs    # Errors  Last Runtime    Last Run
-------------------------------------  -----  ---------  --------  ----------  --------------  -------------------
/opt/airflow/dags/tcc_pipeline_dag.py    777  0.01s             1           0  0.19s           2025-09-05T20:57:48
================================================================================
[2025-09-05T20:58:48.951+0000] {manager.py:878} INFO - 
================================================================================
DAG File Processing Stats

File Path                                PID  Runtime      # DAGs    # Errors  Last Runtime    Last Run
-------------------------------------  -----  ---------  --------  ----------  --------------  -------------------
/opt/airflow/dags/tcc_pipeline_dag.py    784  0.01s             1           0  0.21s           2025-09-05T20:58:18
================================================================================
[2025-09-05T20:59:19.270+0000] {manager.py:878} INFO - 
================================================================================
DAG File Processing Stats

File Path                                PID  Runtime      # DAGs    # Errors  Last Runtime    Last Run
-------------------------------------  -----  ---------  --------  ----------  --------------  -------------------
/opt/airflow/dags/tcc_pipeline_dag.py    791  0.01s             1           0  0.16s           2025-09-05T20:58:49
================================================================================
[2025-09-05T20:59:49.604+0000] {manager.py:878} INFO - 
================================================================================
DAG File Processing Stats

File Path                                PID  Runtime      # DAGs    # Errors  Last Runtime    Last Run
-------------------------------------  -----  ---------  --------  ----------  --------------  -------------------
/opt/airflow/dags/tcc_pipeline_dag.py    798  0.00s             1           0  0.12s           2025-09-05T20:59:19
================================================================================
[2025-09-05T21:00:19.876+0000] {manager.py:878} INFO - 
================================================================================
DAG File Processing Stats

File Path                                PID  Runtime      # DAGs    # Errors  Last Runtime    Last Run
-------------------------------------  -----  ---------  --------  ----------  --------------  -------------------
/opt/airflow/dags/tcc_pipeline_dag.py    805  0.01s             1           0  0.15s           2025-09-05T20:59:49
================================================================================
[2025-09-05T21:00:50.243+0000] {manager.py:878} INFO - 
================================================================================
DAG File Processing Stats

File Path                                PID  Runtime      # DAGs    # Errors  Last Runtime    Last Run
-------------------------------------  -----  ---------  --------  ----------  --------------  -------------------
/opt/airflow/dags/tcc_pipeline_dag.py    812  0.00s             1           0  0.14s           2025-09-05T21:00:20
================================================================================
[2025-09-05T21:01:20.521+0000] {manager.py:878} INFO - 
================================================================================
DAG File Processing Stats

File Path                                PID  Runtime      # DAGs    # Errors  Last Runtime    Last Run
-------------------------------------  -----  ---------  --------  ----------  --------------  -------------------
/opt/airflow/dags/tcc_pipeline_dag.py    825  0.00s             1           0  0.20s           2025-09-05T21:00:50
================================================================================
[2025-09-05T21:01:47.910+0000] {manager.py:737} INFO - Searching for files in /opt/airflow/dags
[2025-09-05T21:01:47.984+0000] {manager.py:740} INFO - There are 1 files in /opt/airflow/dags
[2025-09-05T21:01:51.065+0000] {manager.py:878} INFO - 
================================================================================
DAG File Processing Stats

File Path                                PID  Runtime      # DAGs    # Errors  Last Runtime    Last Run
-------------------------------------  -----  ---------  --------  ----------  --------------  -------------------
/opt/airflow/dags/tcc_pipeline_dag.py    832  0.01s             1           0  0.15s           2025-09-05T21:01:20
================================================================================
[2025-09-05T21:02:21.355+0000] {manager.py:878} INFO - 
================================================================================
DAG File Processing Stats

File Path                                PID  Runtime      # DAGs    # Errors  Last Runtime    Last Run
-------------------------------------  -----  ---------  --------  ----------  --------------  -------------------
/opt/airflow/dags/tcc_pipeline_dag.py    839  0.00s             1           0  0.18s           2025-09-05T21:01:51
================================================================================
[2025-09-05T21:02:51.674+0000] {manager.py:878} INFO - 
================================================================================
DAG File Processing Stats

File Path                                PID  Runtime      # DAGs    # Errors  Last Runtime    Last Run
-------------------------------------  -----  ---------  --------  ----------  --------------  -------------------
/opt/airflow/dags/tcc_pipeline_dag.py    846  0.00s             1           0  0.13s           2025-09-05T21:02:21
================================================================================
[2025-09-05T21:03:21.953+0000] {manager.py:878} INFO - 
================================================================================
DAG File Processing Stats

File Path                                PID  Runtime      # DAGs    # Errors  Last Runtime    Last Run
-------------------------------------  -----  ---------  --------  ----------  --------------  -------------------
/opt/airflow/dags/tcc_pipeline_dag.py    853  0.01s             1           0  0.21s           2025-09-05T21:02:51
================================================================================
[2025-09-05T21:03:52.208+0000] {manager.py:878} INFO - 
================================================================================
DAG File Processing Stats

File Path                                PID  Runtime      # DAGs    # Errors  Last Runtime    Last Run
-------------------------------------  -----  ---------  --------  ----------  --------------  -------------------
/opt/airflow/dags/tcc_pipeline_dag.py    860  0.00s             1           0  0.13s           2025-09-05T21:03:22
================================================================================
[2025-09-05T21:04:22.567+0000] {manager.py:878} INFO - 
================================================================================
DAG File Processing Stats

File Path                                PID  Runtime      # DAGs    # Errors  Last Runtime    Last Run
-------------------------------------  -----  ---------  --------  ----------  --------------  -------------------
/opt/airflow/dags/tcc_pipeline_dag.py    867  0.01s             1           0  0.13s           2025-09-05T21:03:52
================================================================================
[2025-09-05T21:04:52.809+0000] {manager.py:878} INFO - 
================================================================================
DAG File Processing Stats

File Path                                PID  Runtime      # DAGs    # Errors  Last Runtime    Last Run
-------------------------------------  -----  ---------  --------  ----------  --------------  -------------------
/opt/airflow/dags/tcc_pipeline_dag.py    874  0.00s             1           0  0.17s           2025-09-05T21:04:22
================================================================================
[2025-09-05T21:05:23.207+0000] {manager.py:878} INFO - 
================================================================================
DAG File Processing Stats

File Path                                PID  Runtime      # DAGs    # Errors  Last Runtime    Last Run
-------------------------------------  -----  ---------  --------  ----------  --------------  -------------------
/opt/airflow/dags/tcc_pipeline_dag.py    881  0.01s             1           0  0.13s           2025-09-05T21:04:52
================================================================================
[2025-09-05T21:05:53.490+0000] {manager.py:878} INFO - 
================================================================================
DAG File Processing Stats

File Path                                PID  Runtime      # DAGs    # Errors  Last Runtime    Last Run
-------------------------------------  -----  ---------  --------  ----------  --------------  -------------------
/opt/airflow/dags/tcc_pipeline_dag.py    888  0.00s             1           0  0.16s           2025-09-05T21:05:23
================================================================================
[2025-09-05T21:06:23.828+0000] {manager.py:878} INFO - 
================================================================================
DAG File Processing Stats

File Path                                PID  Runtime      # DAGs    # Errors  Last Runtime    Last Run
-------------------------------------  -----  ---------  --------  ----------  --------------  -------------------
/opt/airflow/dags/tcc_pipeline_dag.py    895  0.00s             1           0  0.17s           2025-09-05T21:05:53
================================================================================
[2025-09-05T21:06:48.107+0000] {manager.py:737} INFO - Searching for files in /opt/airflow/dags
[2025-09-05T21:06:48.156+0000] {manager.py:740} INFO - There are 1 files in /opt/airflow/dags
[2025-09-05T21:06:54.249+0000] {manager.py:878} INFO - 
================================================================================
DAG File Processing Stats

File Path                                PID  Runtime      # DAGs    # Errors  Last Runtime    Last Run
-------------------------------------  -----  ---------  --------  ----------  --------------  -------------------
/opt/airflow/dags/tcc_pipeline_dag.py    902  0.01s             1           0  0.20s           2025-09-05T21:06:24
================================================================================
[2025-09-05T21:07:24.535+0000] {manager.py:878} INFO - 
================================================================================
DAG File Processing Stats

File Path                                PID  Runtime      # DAGs    # Errors  Last Runtime    Last Run
-------------------------------------  -----  ---------  --------  ----------  --------------  -------------------
/opt/airflow/dags/tcc_pipeline_dag.py    909  0.01s             1           0  0.16s           2025-09-05T21:06:54
================================================================================
[2025-09-05T21:07:54.865+0000] {manager.py:878} INFO - 
================================================================================
DAG File Processing Stats

File Path                              PID    Runtime      # DAGs    # Errors  Last Runtime    Last Run
-------------------------------------  -----  ---------  --------  ----------  --------------  -------------------
/opt/airflow/dags/tcc_pipeline_dag.py                           1           0  0.44s           2025-09-05T21:07:24
================================================================================
[2025-09-05T21:08:25.588+0000] {manager.py:878} INFO - 
================================================================================
DAG File Processing Stats

File Path                                PID  Runtime      # DAGs    # Errors  Last Runtime    Last Run
-------------------------------------  -----  ---------  --------  ----------  --------------  -------------------
/opt/airflow/dags/tcc_pipeline_dag.py    923  0.01s             1           0  0.13s           2025-09-05T21:07:55
================================================================================
[2025-09-05T21:08:55.985+0000] {manager.py:878} INFO - 
================================================================================
DAG File Processing Stats

File Path                                PID  Runtime      # DAGs    # Errors  Last Runtime    Last Run
-------------------------------------  -----  ---------  --------  ----------  --------------  -------------------
/opt/airflow/dags/tcc_pipeline_dag.py    931  0.00s             1           0  0.16s           2025-09-05T21:08:25
================================================================================
[2025-09-05T21:09:26.281+0000] {manager.py:878} INFO - 
================================================================================
DAG File Processing Stats

File Path                                PID  Runtime      # DAGs    # Errors  Last Runtime    Last Run
-------------------------------------  -----  ---------  --------  ----------  --------------  -------------------
/opt/airflow/dags/tcc_pipeline_dag.py    938  0.01s             1           0  0.14s           2025-09-05T21:08:56
================================================================================
[2025-09-05T21:09:56.619+0000] {manager.py:878} INFO - 
================================================================================
DAG File Processing Stats

File Path                                PID  Runtime      # DAGs    # Errors  Last Runtime    Last Run
-------------------------------------  -----  ---------  --------  ----------  --------------  -------------------
/opt/airflow/dags/tcc_pipeline_dag.py    945  0.00s             1           0  0.14s           2025-09-05T21:09:26
================================================================================
[2025-09-05T21:10:26.927+0000] {manager.py:878} INFO - 
================================================================================
DAG File Processing Stats

File Path                                PID  Runtime      # DAGs    # Errors  Last Runtime    Last Run
-------------------------------------  -----  ---------  --------  ----------  --------------  -------------------
/opt/airflow/dags/tcc_pipeline_dag.py    952  0.00s             1           0  0.19s           2025-09-05T21:09:56
================================================================================
[2025-09-05T21:10:57.396+0000] {manager.py:878} INFO - 
================================================================================
DAG File Processing Stats

File Path                                PID  Runtime      # DAGs    # Errors  Last Runtime    Last Run
-------------------------------------  -----  ---------  --------  ----------  --------------  -------------------
/opt/airflow/dags/tcc_pipeline_dag.py    959  0.01s             1           0  0.29s           2025-09-05T21:10:27
================================================================================
[2025-09-05T21:11:27.737+0000] {manager.py:878} INFO - 
================================================================================
DAG File Processing Stats

File Path                                PID  Runtime      # DAGs    # Errors  Last Runtime    Last Run
-------------------------------------  -----  ---------  --------  ----------  --------------  -------------------
/opt/airflow/dags/tcc_pipeline_dag.py    966  0.00s             1           0  0.22s           2025-09-05T21:10:57
================================================================================
[2025-09-05T21:11:48.975+0000] {manager.py:737} INFO - Searching for files in /opt/airflow/dags
[2025-09-05T21:11:49.030+0000] {manager.py:740} INFO - There are 1 files in /opt/airflow/dags
[2025-09-05T21:11:58.193+0000] {manager.py:878} INFO - 
================================================================================
DAG File Processing Stats

File Path                                PID  Runtime      # DAGs    # Errors  Last Runtime    Last Run
-------------------------------------  -----  ---------  --------  ----------  --------------  -------------------
/opt/airflow/dags/tcc_pipeline_dag.py    973  0.01s             1           0  0.18s           2025-09-05T21:11:27
================================================================================
[2025-09-05T21:12:28.471+0000] {manager.py:878} INFO - 
================================================================================
DAG File Processing Stats

File Path                                PID  Runtime      # DAGs    # Errors  Last Runtime    Last Run
-------------------------------------  -----  ---------  --------  ----------  --------------  -------------------
/opt/airflow/dags/tcc_pipeline_dag.py    980  0.00s             1           0  0.18s           2025-09-05T21:11:58
================================================================================
[2025-09-05T21:12:58.850+0000] {manager.py:878} INFO - 
================================================================================
DAG File Processing Stats

File Path                                PID  Runtime      # DAGs    # Errors  Last Runtime    Last Run
-------------------------------------  -----  ---------  --------  ----------  --------------  -------------------
/opt/airflow/dags/tcc_pipeline_dag.py    987  0.00s             1           0  0.26s           2025-09-05T21:12:28
================================================================================
[2025-09-05T21:13:29.258+0000] {manager.py:878} INFO - 
================================================================================
DAG File Processing Stats

File Path                                PID  Runtime      # DAGs    # Errors  Last Runtime    Last Run
-------------------------------------  -----  ---------  --------  ----------  --------------  -------------------
/opt/airflow/dags/tcc_pipeline_dag.py    994  0.00s             1           0  0.15s           2025-09-05T21:12:59
================================================================================
[2025-09-05T21:13:59.530+0000] {manager.py:878} INFO - 
================================================================================
DAG File Processing Stats

File Path                                PID  Runtime      # DAGs    # Errors  Last Runtime    Last Run
-------------------------------------  -----  ---------  --------  ----------  --------------  -------------------
/opt/airflow/dags/tcc_pipeline_dag.py   1001  0.00s             1           0  0.14s           2025-09-05T21:13:29
================================================================================
[2025-09-05T21:14:29.916+0000] {manager.py:878} INFO - 
================================================================================
DAG File Processing Stats

File Path                                PID  Runtime      # DAGs    # Errors  Last Runtime    Last Run
-------------------------------------  -----  ---------  --------  ----------  --------------  -------------------
/opt/airflow/dags/tcc_pipeline_dag.py   1008  0.00s             1           0  0.17s           2025-09-05T21:13:59
================================================================================
[2025-09-05T21:15:00.162+0000] {manager.py:878} INFO - 
================================================================================
DAG File Processing Stats

File Path                                PID  Runtime      # DAGs    # Errors  Last Runtime    Last Run
-------------------------------------  -----  ---------  --------  ----------  --------------  -------------------
/opt/airflow/dags/tcc_pipeline_dag.py   1015  0.00s             1           0  0.13s           2025-09-05T21:14:30
================================================================================
[2025-09-05T21:15:30.542+0000] {manager.py:878} INFO - 
================================================================================
DAG File Processing Stats

File Path                                PID  Runtime      # DAGs    # Errors  Last Runtime    Last Run
-------------------------------------  -----  ---------  --------  ----------  --------------  -------------------
/opt/airflow/dags/tcc_pipeline_dag.py   1022  0.00s             1           0  0.13s           2025-09-05T21:15:00
================================================================================
[2025-09-05T21:16:00.870+0000] {manager.py:878} INFO - 
================================================================================
DAG File Processing Stats

File Path                                PID  Runtime      # DAGs    # Errors  Last Runtime    Last Run
-------------------------------------  -----  ---------  --------  ----------  --------------  -------------------
/opt/airflow/dags/tcc_pipeline_dag.py   1029  0.01s             1           0  0.18s           2025-09-05T21:15:30
================================================================================
[2025-09-05T21:16:31.259+0000] {manager.py:878} INFO - 
================================================================================
DAG File Processing Stats

File Path                                PID  Runtime      # DAGs    # Errors  Last Runtime    Last Run
-------------------------------------  -----  ---------  --------  ----------  --------------  -------------------
/opt/airflow/dags/tcc_pipeline_dag.py   1036  0.00s             1           0  0.17s           2025-09-05T21:16:01
================================================================================
[2025-09-05T21:16:49.426+0000] {manager.py:737} INFO - Searching for files in /opt/airflow/dags
[2025-09-05T21:16:49.475+0000] {manager.py:740} INFO - There are 1 files in /opt/airflow/dags
[2025-09-05T21:17:01.640+0000] {manager.py:878} INFO - 
================================================================================
DAG File Processing Stats

File Path                                PID  Runtime      # DAGs    # Errors  Last Runtime    Last Run
-------------------------------------  -----  ---------  --------  ----------  --------------  -------------------
/opt/airflow/dags/tcc_pipeline_dag.py   1043  0.01s             1           0  0.15s           2025-09-05T21:16:31
================================================================================
[2025-09-05T21:17:31.950+0000] {manager.py:878} INFO - 
================================================================================
DAG File Processing Stats

File Path                                PID  Runtime      # DAGs    # Errors  Last Runtime    Last Run
-------------------------------------  -----  ---------  --------  ----------  --------------  -------------------
/opt/airflow/dags/tcc_pipeline_dag.py   1050  0.01s             1           0  0.12s           2025-09-05T21:17:01
================================================================================
[2025-09-05T21:18:02.313+0000] {manager.py:878} INFO - 
================================================================================
DAG File Processing Stats

File Path                                PID  Runtime      # DAGs    # Errors  Last Runtime    Last Run
-------------------------------------  -----  ---------  --------  ----------  --------------  -------------------
/opt/airflow/dags/tcc_pipeline_dag.py   1057  0.00s             1           0  0.17s           2025-09-05T21:17:32
================================================================================
[2025-09-05T21:18:32.642+0000] {manager.py:878} INFO - 
================================================================================
DAG File Processing Stats

File Path                                PID  Runtime      # DAGs    # Errors  Last Runtime    Last Run
-------------------------------------  -----  ---------  --------  ----------  --------------  -------------------
/opt/airflow/dags/tcc_pipeline_dag.py   1064  0.00s             1           0  0.13s           2025-09-05T21:18:02
================================================================================
[2025-09-05T21:19:02.980+0000] {manager.py:878} INFO - 
================================================================================
DAG File Processing Stats

File Path                                PID  Runtime      # DAGs    # Errors  Last Runtime    Last Run
-------------------------------------  -----  ---------  --------  ----------  --------------  -------------------
/opt/airflow/dags/tcc_pipeline_dag.py   1071  0.01s             1           0  0.11s           2025-09-05T21:18:32
================================================================================
[2025-09-05T21:19:33.238+0000] {manager.py:878} INFO - 
================================================================================
DAG File Processing Stats

File Path                                PID  Runtime      # DAGs    # Errors  Last Runtime    Last Run
-------------------------------------  -----  ---------  --------  ----------  --------------  -------------------
/opt/airflow/dags/tcc_pipeline_dag.py   1078  0.00s             1           0  0.15s           2025-09-05T21:19:03
================================================================================
[2025-09-05T21:20:03.553+0000] {manager.py:878} INFO - 
================================================================================
DAG File Processing Stats

File Path                                PID  Runtime      # DAGs    # Errors  Last Runtime    Last Run
-------------------------------------  -----  ---------  --------  ----------  --------------  -------------------
/opt/airflow/dags/tcc_pipeline_dag.py   1085  0.00s             1           0  0.19s           2025-09-05T21:19:33
================================================================================
[2025-09-05T21:20:33.884+0000] {manager.py:878} INFO - 
================================================================================
DAG File Processing Stats

File Path                                PID  Runtime      # DAGs    # Errors  Last Runtime    Last Run
-------------------------------------  -----  ---------  --------  ----------  --------------  -------------------
/opt/airflow/dags/tcc_pipeline_dag.py   1092  0.00s             1           0  0.24s           2025-09-05T21:20:03
================================================================================
[2025-09-05T21:21:04.256+0000] {manager.py:878} INFO - 
================================================================================
DAG File Processing Stats

File Path                                PID  Runtime      # DAGs    # Errors  Last Runtime    Last Run
-------------------------------------  -----  ---------  --------  ----------  --------------  -------------------
/opt/airflow/dags/tcc_pipeline_dag.py   1099  0.00s             1           0  0.14s           2025-09-05T21:20:34
================================================================================
[2025-09-05T21:21:34.512+0000] {manager.py:878} INFO - 
================================================================================
DAG File Processing Stats

File Path                                PID  Runtime      # DAGs    # Errors  Last Runtime    Last Run
-------------------------------------  -----  ---------  --------  ----------  --------------  -------------------
/opt/airflow/dags/tcc_pipeline_dag.py   1106  0.00s             1           0  0.17s           2025-09-05T21:21:04
================================================================================
[2025-09-05T21:21:49.798+0000] {manager.py:737} INFO - Searching for files in /opt/airflow/dags
[2025-09-05T21:21:49.827+0000] {manager.py:740} INFO - There are 1 files in /opt/airflow/dags
[2025-09-05T21:22:04.981+0000] {manager.py:878} INFO - 
================================================================================
DAG File Processing Stats

File Path                                PID  Runtime      # DAGs    # Errors  Last Runtime    Last Run
-------------------------------------  -----  ---------  --------  ----------  --------------  -------------------
/opt/airflow/dags/tcc_pipeline_dag.py   1112  0.00s             1           0  0.17s           2025-09-05T21:21:34
================================================================================
[2025-09-05T21:22:35.280+0000] {manager.py:878} INFO - 
================================================================================
DAG File Processing Stats

File Path                                PID  Runtime      # DAGs    # Errors  Last Runtime    Last Run
-------------------------------------  -----  ---------  --------  ----------  --------------  -------------------
/opt/airflow/dags/tcc_pipeline_dag.py   1119  0.01s             1           0  0.14s           2025-09-05T21:22:05
================================================================================
[2025-09-05T21:23:05.609+0000] {manager.py:878} INFO - 
================================================================================
DAG File Processing Stats

File Path                                PID  Runtime      # DAGs    # Errors  Last Runtime    Last Run
-------------------------------------  -----  ---------  --------  ----------  --------------  -------------------
/opt/airflow/dags/tcc_pipeline_dag.py   1126  0.01s             1           0  0.16s           2025-09-05T21:22:35
================================================================================
[2025-09-05T21:23:35.992+0000] {manager.py:878} INFO - 
================================================================================
DAG File Processing Stats

File Path                                PID  Runtime      # DAGs    # Errors  Last Runtime    Last Run
-------------------------------------  -----  ---------  --------  ----------  --------------  -------------------
/opt/airflow/dags/tcc_pipeline_dag.py   1133  0.01s             1           0  0.16s           2025-09-05T21:23:05
================================================================================
[2025-09-05T21:24:06.293+0000] {manager.py:878} INFO - 
================================================================================
DAG File Processing Stats

File Path                                PID  Runtime      # DAGs    # Errors  Last Runtime    Last Run
-------------------------------------  -----  ---------  --------  ----------  --------------  -------------------
/opt/airflow/dags/tcc_pipeline_dag.py   1141  0.00s             1           0  0.12s           2025-09-05T21:23:36
================================================================================
[2025-09-05T21:24:36.599+0000] {manager.py:878} INFO - 
================================================================================
DAG File Processing Stats

File Path                                PID  Runtime      # DAGs    # Errors  Last Runtime    Last Run
-------------------------------------  -----  ---------  --------  ----------  --------------  -------------------
/opt/airflow/dags/tcc_pipeline_dag.py   1147  0.00s             1           0  0.15s           2025-09-05T21:24:06
================================================================================
[2025-09-05T21:25:06.961+0000] {manager.py:878} INFO - 
================================================================================
DAG File Processing Stats

File Path                                PID  Runtime      # DAGs    # Errors  Last Runtime    Last Run
-------------------------------------  -----  ---------  --------  ----------  --------------  -------------------
/opt/airflow/dags/tcc_pipeline_dag.py   1154  0.00s             1           0  0.30s           2025-09-05T21:24:36
================================================================================
[2025-09-05T21:25:37.234+0000] {manager.py:878} INFO - 
================================================================================
DAG File Processing Stats

File Path                                PID  Runtime      # DAGs    # Errors  Last Runtime    Last Run
-------------------------------------  -----  ---------  --------  ----------  --------------  -------------------
/opt/airflow/dags/tcc_pipeline_dag.py   1161  0.01s             1           0  0.14s           2025-09-05T21:25:07
================================================================================
[2025-09-05T21:26:07.629+0000] {manager.py:878} INFO - 
================================================================================
DAG File Processing Stats

File Path                                PID  Runtime      # DAGs    # Errors  Last Runtime    Last Run
-------------------------------------  -----  ---------  --------  ----------  --------------  -------------------
/opt/airflow/dags/tcc_pipeline_dag.py   1168  0.00s             1           0  0.15s           2025-09-05T21:25:37
================================================================================
[2025-09-05T21:26:37.970+0000] {manager.py:878} INFO - 
================================================================================
DAG File Processing Stats

File Path                                PID  Runtime      # DAGs    # Errors  Last Runtime    Last Run
-------------------------------------  -----  ---------  --------  ----------  --------------  -------------------
/opt/airflow/dags/tcc_pipeline_dag.py   1175  0.01s             1           0  0.12s           2025-09-05T21:26:07
================================================================================
[2025-09-05T21:26:50.126+0000] {manager.py:737} INFO - Searching for files in /opt/airflow/dags
[2025-09-05T21:26:50.212+0000] {manager.py:740} INFO - There are 1 files in /opt/airflow/dags
[2025-09-05T21:27:08.443+0000] {manager.py:878} INFO - 
================================================================================
DAG File Processing Stats

File Path                                PID  Runtime      # DAGs    # Errors  Last Runtime    Last Run
-------------------------------------  -----  ---------  --------  ----------  --------------  -------------------
/opt/airflow/dags/tcc_pipeline_dag.py   1182  0.00s             1           0  0.16s           2025-09-05T21:26:38
================================================================================
[2025-09-05T21:27:38.753+0000] {manager.py:878} INFO - 
================================================================================
DAG File Processing Stats

File Path                                PID  Runtime      # DAGs    # Errors  Last Runtime    Last Run
-------------------------------------  -----  ---------  --------  ----------  --------------  -------------------
/opt/airflow/dags/tcc_pipeline_dag.py   1189  0.00s             1           0  0.11s           2025-09-05T21:27:08
================================================================================
[2025-09-05T21:28:09.081+0000] {manager.py:878} INFO - 
================================================================================
DAG File Processing Stats

File Path                                PID  Runtime      # DAGs    # Errors  Last Runtime    Last Run
-------------------------------------  -----  ---------  --------  ----------  --------------  -------------------
/opt/airflow/dags/tcc_pipeline_dag.py   1196  0.01s             1           0  0.14s           2025-09-05T21:27:38
================================================================================
[2025-09-05T21:28:39.397+0000] {manager.py:878} INFO - 
================================================================================
DAG File Processing Stats

File Path                                PID  Runtime      # DAGs    # Errors  Last Runtime    Last Run
-------------------------------------  -----  ---------  --------  ----------  --------------  -------------------
/opt/airflow/dags/tcc_pipeline_dag.py   1203  0.01s             1           0  0.17s           2025-09-05T21:28:09
================================================================================
[2025-09-05T21:29:09.803+0000] {manager.py:878} INFO - 
================================================================================
DAG File Processing Stats

File Path                                PID  Runtime      # DAGs    # Errors  Last Runtime    Last Run
-------------------------------------  -----  ---------  --------  ----------  --------------  -------------------
/opt/airflow/dags/tcc_pipeline_dag.py   1210  0.01s             1           0  0.14s           2025-09-05T21:28:39
================================================================================
[2025-09-05T21:29:40.076+0000] {manager.py:878} INFO - 
================================================================================
DAG File Processing Stats

File Path                              PID    Runtime      # DAGs    # Errors  Last Runtime    Last Run
-------------------------------------  -----  ---------  --------  ----------  --------------  -------------------
/opt/airflow/dags/tcc_pipeline_dag.py                           1           0  0.32s           2025-09-05T21:29:10
================================================================================
[2025-09-05T21:30:10.643+0000] {manager.py:878} INFO - 
================================================================================
DAG File Processing Stats

File Path                                PID  Runtime      # DAGs    # Errors  Last Runtime    Last Run
-------------------------------------  -----  ---------  --------  ----------  --------------  -------------------
/opt/airflow/dags/tcc_pipeline_dag.py   1224  0.00s             1           0  0.12s           2025-09-05T21:29:40
================================================================================
[2025-09-05T21:30:41.053+0000] {manager.py:878} INFO - 
================================================================================
DAG File Processing Stats

File Path                                PID  Runtime      # DAGs    # Errors  Last Runtime    Last Run
-------------------------------------  -----  ---------  --------  ----------  --------------  -------------------
/opt/airflow/dags/tcc_pipeline_dag.py   1231  0.01s             1           0  0.13s           2025-09-05T21:30:10
================================================================================
[2025-09-05T21:31:11.347+0000] {manager.py:878} INFO - 
================================================================================
DAG File Processing Stats

File Path                                PID  Runtime      # DAGs    # Errors  Last Runtime    Last Run
-------------------------------------  -----  ---------  --------  ----------  --------------  -------------------
/opt/airflow/dags/tcc_pipeline_dag.py   1238  0.01s             1           0  0.16s           2025-09-05T21:30:41
================================================================================
[2025-09-05T21:31:41.719+0000] {manager.py:878} INFO - 
================================================================================
DAG File Processing Stats

File Path                                PID  Runtime      # DAGs    # Errors  Last Runtime    Last Run
-------------------------------------  -----  ---------  --------  ----------  --------------  -------------------
/opt/airflow/dags/tcc_pipeline_dag.py   1245  0.01s             1           0  0.12s           2025-09-05T21:31:11
================================================================================
[2025-09-05T21:31:50.791+0000] {manager.py:737} INFO - Searching for files in /opt/airflow/dags
[2025-09-05T21:31:50.853+0000] {manager.py:740} INFO - There are 1 files in /opt/airflow/dags
[2025-09-05T21:32:12.065+0000] {manager.py:878} INFO - 
================================================================================
DAG File Processing Stats

File Path                                PID  Runtime      # DAGs    # Errors  Last Runtime    Last Run
-------------------------------------  -----  ---------  --------  ----------  --------------  -------------------
/opt/airflow/dags/tcc_pipeline_dag.py   1252  0.01s             1           0  0.25s           2025-09-05T21:31:41
================================================================================
[2025-09-05T21:32:42.503+0000] {manager.py:878} INFO - 
================================================================================
DAG File Processing Stats

File Path                                PID  Runtime      # DAGs    # Errors  Last Runtime    Last Run
-------------------------------------  -----  ---------  --------  ----------  --------------  -------------------
/opt/airflow/dags/tcc_pipeline_dag.py   1259  0.00s             1           0  0.16s           2025-09-05T21:32:12
================================================================================
[2025-09-05T21:33:12.816+0000] {manager.py:878} INFO - 
================================================================================
DAG File Processing Stats

File Path                                PID  Runtime      # DAGs    # Errors  Last Runtime    Last Run
-------------------------------------  -----  ---------  --------  ----------  --------------  -------------------
/opt/airflow/dags/tcc_pipeline_dag.py   1266  0.00s             1           0  0.17s           2025-09-05T21:32:42
================================================================================
[2025-09-05T21:33:43.317+0000] {manager.py:878} INFO - 
================================================================================
DAG File Processing Stats

File Path                                PID  Runtime      # DAGs    # Errors  Last Runtime    Last Run
-------------------------------------  -----  ---------  --------  ----------  --------------  -------------------
/opt/airflow/dags/tcc_pipeline_dag.py   1273  0.00s             1           0  0.14s           2025-09-05T21:33:12
================================================================================
[2025-09-05T21:34:13.662+0000] {manager.py:878} INFO - 
================================================================================
DAG File Processing Stats

File Path                              PID    Runtime      # DAGs    # Errors  Last Runtime    Last Run
-------------------------------------  -----  ---------  --------  ----------  --------------  -------------------
/opt/airflow/dags/tcc_pipeline_dag.py                           1           0  0.39s           2025-09-05T21:33:43
================================================================================
[2025-09-05T21:34:44.239+0000] {manager.py:878} INFO - 
================================================================================
DAG File Processing Stats

File Path                                PID  Runtime      # DAGs    # Errors  Last Runtime    Last Run
-------------------------------------  -----  ---------  --------  ----------  --------------  -------------------
/opt/airflow/dags/tcc_pipeline_dag.py   1287  0.01s             1           0  0.15s           2025-09-05T21:34:14
================================================================================
[2025-09-05T21:35:14.691+0000] {manager.py:878} INFO - 
================================================================================
DAG File Processing Stats

File Path                                PID  Runtime      # DAGs    # Errors  Last Runtime    Last Run
-------------------------------------  -----  ---------  --------  ----------  --------------  -------------------
/opt/airflow/dags/tcc_pipeline_dag.py   1294  0.00s             1           0  0.16s           2025-09-05T21:34:44
================================================================================
[2025-09-05T21:35:44.973+0000] {manager.py:878} INFO - 
================================================================================
DAG File Processing Stats

File Path                                PID  Runtime      # DAGs    # Errors  Last Runtime    Last Run
-------------------------------------  -----  ---------  --------  ----------  --------------  -------------------
/opt/airflow/dags/tcc_pipeline_dag.py   1302  0.01s             1           0  0.14s           2025-09-05T21:35:14
================================================================================
[2025-09-05T21:36:15.293+0000] {manager.py:878} INFO - 
================================================================================
DAG File Processing Stats

File Path                                PID  Runtime      # DAGs    # Errors  Last Runtime    Last Run
-------------------------------------  -----  ---------  --------  ----------  --------------  -------------------
/opt/airflow/dags/tcc_pipeline_dag.py   1309  0.01s             1           0  0.16s           2025-09-05T21:35:45
================================================================================
[2025-09-05T21:36:45.631+0000] {manager.py:878} INFO - 
================================================================================
DAG File Processing Stats

File Path                                PID  Runtime      # DAGs    # Errors  Last Runtime    Last Run
-------------------------------------  -----  ---------  --------  ----------  --------------  -------------------
/opt/airflow/dags/tcc_pipeline_dag.py   1316  0.00s             1           0  0.26s           2025-09-05T21:36:15
================================================================================
[2025-09-05T21:36:50.794+0000] {manager.py:737} INFO - Searching for files in /opt/airflow/dags
[2025-09-05T21:36:50.834+0000] {manager.py:740} INFO - There are 1 files in /opt/airflow/dags
[2025-09-05T21:37:15.895+0000] {manager.py:878} INFO - 
================================================================================
DAG File Processing Stats

File Path                                PID  Runtime      # DAGs    # Errors  Last Runtime    Last Run
-------------------------------------  -----  ---------  --------  ----------  --------------  -------------------
/opt/airflow/dags/tcc_pipeline_dag.py   1323  0.01s             1           0  0.14s           2025-09-05T21:36:45
================================================================================
[2025-09-05T21:37:46.210+0000] {manager.py:878} INFO - 
================================================================================
DAG File Processing Stats

File Path                                PID  Runtime      # DAGs    # Errors  Last Runtime    Last Run
-------------------------------------  -----  ---------  --------  ----------  --------------  -------------------
/opt/airflow/dags/tcc_pipeline_dag.py   1330  0.01s             1           0  0.14s           2025-09-05T21:37:16
================================================================================
[2025-09-05T21:38:16.554+0000] {manager.py:878} INFO - 
================================================================================
DAG File Processing Stats

File Path                                PID  Runtime      # DAGs    # Errors  Last Runtime    Last Run
-------------------------------------  -----  ---------  --------  ----------  --------------  -------------------
/opt/airflow/dags/tcc_pipeline_dag.py   1337  0.00s             1           0  0.17s           2025-09-05T21:37:46
================================================================================
[2025-09-05T21:38:46.895+0000] {manager.py:878} INFO - 
================================================================================
DAG File Processing Stats

File Path                                PID  Runtime      # DAGs    # Errors  Last Runtime    Last Run
-------------------------------------  -----  ---------  --------  ----------  --------------  -------------------
/opt/airflow/dags/tcc_pipeline_dag.py   1344  0.00s             1           0  0.20s           2025-09-05T21:38:16
================================================================================
[2025-09-05T21:39:17.279+0000] {manager.py:878} INFO - 
================================================================================
DAG File Processing Stats

File Path                                PID  Runtime      # DAGs    # Errors  Last Runtime    Last Run
-------------------------------------  -----  ---------  --------  ----------  --------------  -------------------
/opt/airflow/dags/tcc_pipeline_dag.py   1351  0.01s             1           0  0.20s           2025-09-05T21:38:47
================================================================================
[2025-09-05T21:39:47.620+0000] {manager.py:878} INFO - 
================================================================================
DAG File Processing Stats

File Path                                PID  Runtime      # DAGs    # Errors  Last Runtime    Last Run
-------------------------------------  -----  ---------  --------  ----------  --------------  -------------------
/opt/airflow/dags/tcc_pipeline_dag.py   1358  0.00s             1           0  0.20s           2025-09-05T21:39:17
================================================================================
[2025-09-05T21:40:18.030+0000] {manager.py:878} INFO - 
================================================================================
DAG File Processing Stats

File Path                                PID  Runtime      # DAGs    # Errors  Last Runtime    Last Run
-------------------------------------  -----  ---------  --------  ----------  --------------  -------------------
/opt/airflow/dags/tcc_pipeline_dag.py   1365  0.01s             1           0  0.17s           2025-09-05T21:39:47
================================================================================
[2025-09-05T21:40:48.363+0000] {manager.py:878} INFO - 
================================================================================
DAG File Processing Stats

File Path                                PID  Runtime      # DAGs    # Errors  Last Runtime    Last Run
-------------------------------------  -----  ---------  --------  ----------  --------------  -------------------
/opt/airflow/dags/tcc_pipeline_dag.py   1372  0.01s             1           0  0.14s           2025-09-05T21:40:18
================================================================================
[2025-09-05T21:41:18.739+0000] {manager.py:878} INFO - 
================================================================================
DAG File Processing Stats

File Path                                PID  Runtime      # DAGs    # Errors  Last Runtime    Last Run
-------------------------------------  -----  ---------  --------  ----------  --------------  -------------------
/opt/airflow/dags/tcc_pipeline_dag.py   1379  0.01s             1           0  0.15s           2025-09-05T21:40:48
================================================================================
[2025-09-05T21:41:49.065+0000] {manager.py:878} INFO - 
================================================================================
DAG File Processing Stats

File Path                                PID  Runtime      # DAGs    # Errors  Last Runtime    Last Run
-------------------------------------  -----  ---------  --------  ----------  --------------  -------------------
/opt/airflow/dags/tcc_pipeline_dag.py   1386  0.01s             1           0  0.13s           2025-09-05T21:41:18
================================================================================
[2025-09-05T21:41:51.144+0000] {manager.py:737} INFO - Searching for files in /opt/airflow/dags
[2025-09-05T21:41:51.196+0000] {manager.py:740} INFO - There are 1 files in /opt/airflow/dags
[2025-09-05T21:42:19.506+0000] {manager.py:878} INFO - 
================================================================================
DAG File Processing Stats

File Path                                PID  Runtime      # DAGs    # Errors  Last Runtime    Last Run
-------------------------------------  -----  ---------  --------  ----------  --------------  -------------------
/opt/airflow/dags/tcc_pipeline_dag.py   1393  0.01s             1           0  0.12s           2025-09-05T21:41:49
================================================================================
[2025-09-05T21:42:49.835+0000] {manager.py:878} INFO - 
================================================================================
DAG File Processing Stats

File Path                                PID  Runtime      # DAGs    # Errors  Last Runtime    Last Run
-------------------------------------  -----  ---------  --------  ----------  --------------  -------------------
/opt/airflow/dags/tcc_pipeline_dag.py   1400  0.00s             1           0  0.17s           2025-09-05T21:42:19
================================================================================
[2025-09-05T21:43:20.198+0000] {manager.py:878} INFO - 
================================================================================
DAG File Processing Stats

File Path                                PID  Runtime      # DAGs    # Errors  Last Runtime    Last Run
-------------------------------------  -----  ---------  --------  ----------  --------------  -------------------
/opt/airflow/dags/tcc_pipeline_dag.py   1407  0.00s             1           0  0.16s           2025-09-05T21:42:49
================================================================================
[2025-09-05T21:43:50.505+0000] {manager.py:878} INFO - 
================================================================================
DAG File Processing Stats

File Path                                PID  Runtime      # DAGs    # Errors  Last Runtime    Last Run
-------------------------------------  -----  ---------  --------  ----------  --------------  -------------------
/opt/airflow/dags/tcc_pipeline_dag.py   1414  0.01s             1           0  0.12s           2025-09-05T21:43:20
================================================================================
[2025-09-05T21:44:20.802+0000] {manager.py:878} INFO - 
================================================================================
DAG File Processing Stats

File Path                                PID  Runtime      # DAGs    # Errors  Last Runtime    Last Run
-------------------------------------  -----  ---------  --------  ----------  --------------  -------------------
/opt/airflow/dags/tcc_pipeline_dag.py   1421  0.00s             1           0  0.17s           2025-09-05T21:43:50
================================================================================
[2025-09-05T21:44:51.157+0000] {manager.py:878} INFO - 
================================================================================
DAG File Processing Stats

File Path                                PID  Runtime      # DAGs    # Errors  Last Runtime    Last Run
-------------------------------------  -----  ---------  --------  ----------  --------------  -------------------
/opt/airflow/dags/tcc_pipeline_dag.py   1428  0.01s             1           0  0.12s           2025-09-05T21:44:20
================================================================================
[2025-09-05T21:45:21.444+0000] {manager.py:878} INFO - 
================================================================================
DAG File Processing Stats

File Path                                PID  Runtime      # DAGs    # Errors  Last Runtime    Last Run
-------------------------------------  -----  ---------  --------  ----------  --------------  -------------------
/opt/airflow/dags/tcc_pipeline_dag.py   1435  0.01s             1           0  0.15s           2025-09-05T21:44:51
================================================================================
[2025-09-05T21:45:51.778+0000] {manager.py:878} INFO - 
================================================================================
DAG File Processing Stats

File Path                                PID  Runtime      # DAGs    # Errors  Last Runtime    Last Run
-------------------------------------  -----  ---------  --------  ----------  --------------  -------------------
/opt/airflow/dags/tcc_pipeline_dag.py   1442  0.00s             1           0  0.19s           2025-09-05T21:45:21
================================================================================
[2025-09-05T21:46:22.110+0000] {manager.py:878} INFO - 
================================================================================
DAG File Processing Stats

File Path                                PID  Runtime      # DAGs    # Errors  Last Runtime    Last Run
-------------------------------------  -----  ---------  --------  ----------  --------------  -------------------
/opt/airflow/dags/tcc_pipeline_dag.py   1449  0.00s             1           0  0.14s           2025-09-05T21:45:51
================================================================================
[2025-09-05T21:46:51.368+0000] {manager.py:737} INFO - Searching for files in /opt/airflow/dags
[2025-09-05T21:46:51.436+0000] {manager.py:740} INFO - There are 1 files in /opt/airflow/dags
[2025-09-05T21:46:52.491+0000] {manager.py:878} INFO - 
================================================================================
DAG File Processing Stats

File Path                                PID  Runtime      # DAGs    # Errors  Last Runtime    Last Run
-------------------------------------  -----  ---------  --------  ----------  --------------  -------------------
/opt/airflow/dags/tcc_pipeline_dag.py   1456  0.01s             1           0  0.16s           2025-09-05T21:46:22
================================================================================
[2025-09-05T21:47:22.762+0000] {manager.py:878} INFO - 
================================================================================
DAG File Processing Stats

File Path                                PID  Runtime      # DAGs    # Errors  Last Runtime    Last Run
-------------------------------------  -----  ---------  --------  ----------  --------------  -------------------
/opt/airflow/dags/tcc_pipeline_dag.py   1463  0.01s             1           0  0.17s           2025-09-05T21:46:52
================================================================================
[2025-09-05T21:47:53.205+0000] {manager.py:878} INFO - 
================================================================================
DAG File Processing Stats

File Path                                PID  Runtime      # DAGs    # Errors  Last Runtime    Last Run
-------------------------------------  -----  ---------  --------  ----------  --------------  -------------------
/opt/airflow/dags/tcc_pipeline_dag.py   1470  0.01s             1           0  0.20s           2025-09-05T21:47:22
================================================================================
[2025-09-05T21:48:23.518+0000] {manager.py:878} INFO - 
================================================================================
DAG File Processing Stats

File Path                                PID  Runtime      # DAGs    # Errors  Last Runtime    Last Run
-------------------------------------  -----  ---------  --------  ----------  --------------  -------------------
/opt/airflow/dags/tcc_pipeline_dag.py   1477  0.01s             1           0  0.21s           2025-09-05T21:47:53
================================================================================
[2025-09-05T21:48:53.970+0000] {manager.py:878} INFO - 
================================================================================
DAG File Processing Stats

File Path                                PID  Runtime      # DAGs    # Errors  Last Runtime    Last Run
-------------------------------------  -----  ---------  --------  ----------  --------------  -------------------
/opt/airflow/dags/tcc_pipeline_dag.py   1484  0.01s             1           0  0.15s           2025-09-05T21:48:23
================================================================================
[2025-09-05T21:49:24.266+0000] {manager.py:878} INFO - 
================================================================================
DAG File Processing Stats

File Path                                PID  Runtime      # DAGs    # Errors  Last Runtime    Last Run
-------------------------------------  -----  ---------  --------  ----------  --------------  -------------------
/opt/airflow/dags/tcc_pipeline_dag.py   1491  0.01s             1           0  0.13s           2025-09-05T21:48:54
================================================================================
[2025-09-05T21:49:54.625+0000] {manager.py:878} INFO - 
================================================================================
DAG File Processing Stats

File Path                                PID  Runtime      # DAGs    # Errors  Last Runtime    Last Run
-------------------------------------  -----  ---------  --------  ----------  --------------  -------------------
/opt/airflow/dags/tcc_pipeline_dag.py   1498  0.01s             1           0  0.15s           2025-09-05T21:49:24
================================================================================
[2025-09-05T21:50:24.923+0000] {manager.py:878} INFO - 
================================================================================
DAG File Processing Stats

File Path                                PID  Runtime      # DAGs    # Errors  Last Runtime    Last Run
-------------------------------------  -----  ---------  --------  ----------  --------------  -------------------
/opt/airflow/dags/tcc_pipeline_dag.py   1505  0.01s             1           0  0.12s           2025-09-05T21:49:54
================================================================================
[2025-09-05T21:50:55.301+0000] {manager.py:878} INFO - 
================================================================================
DAG File Processing Stats

File Path                                PID  Runtime      # DAGs    # Errors  Last Runtime    Last Run
-------------------------------------  -----  ---------  --------  ----------  --------------  -------------------
/opt/airflow/dags/tcc_pipeline_dag.py   1512  0.01s             1           0  0.17s           2025-09-05T21:50:25
================================================================================
[2025-09-05T21:51:25.626+0000] {manager.py:878} INFO - 
================================================================================
DAG File Processing Stats

File Path                                PID  Runtime      # DAGs    # Errors  Last Runtime    Last Run
-------------------------------------  -----  ---------  --------  ----------  --------------  -------------------
/opt/airflow/dags/tcc_pipeline_dag.py   1519  0.00s             1           0  0.14s           2025-09-05T21:50:55
================================================================================
[2025-09-05T21:51:51.889+0000] {manager.py:737} INFO - Searching for files in /opt/airflow/dags
[2025-09-05T21:51:51.902+0000] {manager.py:740} INFO - There are 1 files in /opt/airflow/dags
[2025-09-05T21:51:55.997+0000] {manager.py:878} INFO - 
================================================================================
DAG File Processing Stats

File Path                                PID  Runtime      # DAGs    # Errors  Last Runtime    Last Run
-------------------------------------  -----  ---------  --------  ----------  --------------  -------------------
/opt/airflow/dags/tcc_pipeline_dag.py   1526  0.01s             1           0  0.13s           2025-09-05T21:51:25
================================================================================
[2025-09-05T21:52:26.331+0000] {manager.py:878} INFO - 
================================================================================
DAG File Processing Stats

File Path                                PID  Runtime      # DAGs    # Errors  Last Runtime    Last Run
-------------------------------------  -----  ---------  --------  ----------  --------------  -------------------
/opt/airflow/dags/tcc_pipeline_dag.py   1533  0.01s             1           0  0.21s           2025-09-05T21:51:56
================================================================================
[2025-09-05T21:52:56.835+0000] {manager.py:878} INFO - 
================================================================================
DAG File Processing Stats

File Path                                PID  Runtime      # DAGs    # Errors  Last Runtime    Last Run
-------------------------------------  -----  ---------  --------  ----------  --------------  -------------------
/opt/airflow/dags/tcc_pipeline_dag.py   1540  0.00s             1           0  0.21s           2025-09-05T21:52:26
================================================================================
[2025-09-05T21:53:27.146+0000] {manager.py:878} INFO - 
================================================================================
DAG File Processing Stats

File Path                                PID  Runtime      # DAGs    # Errors  Last Runtime    Last Run
-------------------------------------  -----  ---------  --------  ----------  --------------  -------------------
/opt/airflow/dags/tcc_pipeline_dag.py   1547  0.00s             1           0  0.15s           2025-09-05T21:52:56
================================================================================
[2025-09-05T21:53:57.558+0000] {manager.py:878} INFO - 
================================================================================
DAG File Processing Stats

File Path                                PID  Runtime      # DAGs    # Errors  Last Runtime    Last Run
-------------------------------------  -----  ---------  --------  ----------  --------------  -------------------
/opt/airflow/dags/tcc_pipeline_dag.py   1554  0.01s             1           0  0.11s           2025-09-05T21:53:27
================================================================================
[2025-09-05T21:54:27.851+0000] {manager.py:878} INFO - 
================================================================================
DAG File Processing Stats

File Path                                PID  Runtime      # DAGs    # Errors  Last Runtime    Last Run
-------------------------------------  -----  ---------  --------  ----------  --------------  -------------------
/opt/airflow/dags/tcc_pipeline_dag.py   1561  0.01s             1           0  0.16s           2025-09-05T21:53:57
================================================================================
[2025-09-05T21:54:58.207+0000] {manager.py:878} INFO - 
================================================================================
DAG File Processing Stats

File Path                                PID  Runtime      # DAGs    # Errors  Last Runtime    Last Run
-------------------------------------  -----  ---------  --------  ----------  --------------  -------------------
/opt/airflow/dags/tcc_pipeline_dag.py   1568  0.00s             1           0  0.16s           2025-09-05T21:54:28
================================================================================
[2025-09-05T21:55:28.556+0000] {manager.py:878} INFO - 
================================================================================
DAG File Processing Stats

File Path                                PID  Runtime      # DAGs    # Errors  Last Runtime    Last Run
-------------------------------------  -----  ---------  --------  ----------  --------------  -------------------
/opt/airflow/dags/tcc_pipeline_dag.py   1581  0.01s             1           0  0.13s           2025-09-05T21:54:58
================================================================================
[2025-09-05T21:55:58.937+0000] {manager.py:878} INFO - 
================================================================================
DAG File Processing Stats

File Path                                PID  Runtime      # DAGs    # Errors  Last Runtime    Last Run
-------------------------------------  -----  ---------  --------  ----------  --------------  -------------------
/opt/airflow/dags/tcc_pipeline_dag.py   1588  0.00s             1           0  0.24s           2025-09-05T21:55:28
================================================================================
[2025-09-05T21:56:29.312+0000] {manager.py:878} INFO - 
================================================================================
DAG File Processing Stats

File Path                                PID  Runtime      # DAGs    # Errors  Last Runtime    Last Run
-------------------------------------  -----  ---------  --------  ----------  --------------  -------------------
/opt/airflow/dags/tcc_pipeline_dag.py   1595  0.01s             1           0  0.15s           2025-09-05T21:55:59
================================================================================
[2025-09-05T21:56:52.521+0000] {manager.py:737} INFO - Searching for files in /opt/airflow/dags
[2025-09-05T21:56:52.567+0000] {manager.py:740} INFO - There are 1 files in /opt/airflow/dags
[2025-09-05T21:56:59.666+0000] {manager.py:878} INFO - 
================================================================================
DAG File Processing Stats

File Path                                PID  Runtime      # DAGs    # Errors  Last Runtime    Last Run
-------------------------------------  -----  ---------  --------  ----------  --------------  -------------------
/opt/airflow/dags/tcc_pipeline_dag.py   1602  0.00s             1           0  0.15s           2025-09-05T21:56:29
================================================================================
[2025-09-05T21:57:29.996+0000] {manager.py:878} INFO - 
================================================================================
DAG File Processing Stats

File Path                                PID  Runtime      # DAGs    # Errors  Last Runtime    Last Run
-------------------------------------  -----  ---------  --------  ----------  --------------  -------------------
/opt/airflow/dags/tcc_pipeline_dag.py   1609  0.01s             1           0  0.11s           2025-09-05T21:56:59
================================================================================
[2025-09-05T21:58:00.357+0000] {manager.py:878} INFO - 
================================================================================
DAG File Processing Stats

File Path                                PID  Runtime      # DAGs    # Errors  Last Runtime    Last Run
-------------------------------------  -----  ---------  --------  ----------  --------------  -------------------
/opt/airflow/dags/tcc_pipeline_dag.py   1616  0.01s             1           0  0.15s           2025-09-05T21:57:30
================================================================================
[2025-09-05T21:58:30.644+0000] {manager.py:878} INFO - 
================================================================================
DAG File Processing Stats

File Path                                PID  Runtime      # DAGs    # Errors  Last Runtime    Last Run
-------------------------------------  -----  ---------  --------  ----------  --------------  -------------------
/opt/airflow/dags/tcc_pipeline_dag.py   1623  0.00s             1           0  0.14s           2025-09-05T21:58:00
================================================================================
[2025-09-05T21:59:00.991+0000] {manager.py:878} INFO - 
================================================================================
DAG File Processing Stats

File Path                                PID  Runtime      # DAGs    # Errors  Last Runtime    Last Run
-------------------------------------  -----  ---------  --------  ----------  --------------  -------------------
/opt/airflow/dags/tcc_pipeline_dag.py   1630  0.00s             1           0  0.18s           2025-09-05T21:58:30
================================================================================
[2025-09-05T21:59:31.309+0000] {manager.py:878} INFO - 
================================================================================
DAG File Processing Stats

File Path                                PID  Runtime      # DAGs    # Errors  Last Runtime    Last Run
-------------------------------------  -----  ---------  --------  ----------  --------------  -------------------
/opt/airflow/dags/tcc_pipeline_dag.py   1637  0.00s             1           0  0.11s           2025-09-05T21:59:01
================================================================================
[2025-09-05T22:00:01.613+0000] {manager.py:878} INFO - 
================================================================================
DAG File Processing Stats

File Path                                PID  Runtime      # DAGs    # Errors  Last Runtime    Last Run
-------------------------------------  -----  ---------  --------  ----------  --------------  -------------------
/opt/airflow/dags/tcc_pipeline_dag.py   1645  0.01s             1           0  0.17s           2025-09-05T21:59:31
================================================================================
[2025-09-05T22:00:31.988+0000] {manager.py:878} INFO - 
================================================================================
DAG File Processing Stats

File Path                                PID  Runtime      # DAGs    # Errors  Last Runtime    Last Run
-------------------------------------  -----  ---------  --------  ----------  --------------  -------------------
/opt/airflow/dags/tcc_pipeline_dag.py   1652  0.00s             1           0  0.23s           2025-09-05T22:00:01
================================================================================
[2025-09-05T22:01:02.323+0000] {manager.py:878} INFO - 
================================================================================
DAG File Processing Stats

File Path                                PID  Runtime      # DAGs    # Errors  Last Runtime    Last Run
-------------------------------------  -----  ---------  --------  ----------  --------------  -------------------
/opt/airflow/dags/tcc_pipeline_dag.py   1659  0.00s             1           0  0.15s           2025-09-05T22:00:32
================================================================================
[2025-09-05T22:01:32.598+0000] {manager.py:878} INFO - 
================================================================================
DAG File Processing Stats

File Path                                PID  Runtime      # DAGs    # Errors  Last Runtime    Last Run
-------------------------------------  -----  ---------  --------  ----------  --------------  -------------------
/opt/airflow/dags/tcc_pipeline_dag.py   1666  0.00s             1           0  0.18s           2025-09-05T22:01:02
================================================================================
[2025-09-05T22:01:52.892+0000] {manager.py:737} INFO - Searching for files in /opt/airflow/dags
[2025-09-05T22:01:52.929+0000] {manager.py:740} INFO - There are 1 files in /opt/airflow/dags
[2025-09-05T22:02:03.056+0000] {manager.py:878} INFO - 
================================================================================
DAG File Processing Stats

File Path                                PID  Runtime      # DAGs    # Errors  Last Runtime    Last Run
-------------------------------------  -----  ---------  --------  ----------  --------------  -------------------
/opt/airflow/dags/tcc_pipeline_dag.py   1673  0.00s             1           0  0.19s           2025-09-05T22:01:32
================================================================================
[2025-09-05T22:02:33.389+0000] {manager.py:878} INFO - 
================================================================================
DAG File Processing Stats

File Path                                PID  Runtime      # DAGs    # Errors  Last Runtime    Last Run
-------------------------------------  -----  ---------  --------  ----------  --------------  -------------------
/opt/airflow/dags/tcc_pipeline_dag.py   1680  0.00s             1           0  0.10s           2025-09-05T22:02:03
================================================================================
[2025-09-05T22:03:03.704+0000] {manager.py:878} INFO - 
================================================================================
DAG File Processing Stats

File Path                                PID  Runtime      # DAGs    # Errors  Last Runtime    Last Run
-------------------------------------  -----  ---------  --------  ----------  --------------  -------------------
/opt/airflow/dags/tcc_pipeline_dag.py   1687  0.00s             1           0  0.15s           2025-09-05T22:02:33
================================================================================
[2025-09-05T22:03:34.059+0000] {manager.py:878} INFO - 
================================================================================
DAG File Processing Stats

File Path                                PID  Runtime      # DAGs    # Errors  Last Runtime    Last Run
-------------------------------------  -----  ---------  --------  ----------  --------------  -------------------
/opt/airflow/dags/tcc_pipeline_dag.py   1694  0.00s             1           0  0.18s           2025-09-05T22:03:03
================================================================================
[2025-09-05T22:04:04.352+0000] {manager.py:878} INFO - 
================================================================================
DAG File Processing Stats

File Path                                PID  Runtime      # DAGs    # Errors  Last Runtime    Last Run
-------------------------------------  -----  ---------  --------  ----------  --------------  -------------------
/opt/airflow/dags/tcc_pipeline_dag.py   1701  0.00s             1           0  0.16s           2025-09-05T22:03:34
================================================================================
[2025-09-05T22:04:34.761+0000] {manager.py:878} INFO - 
================================================================================
DAG File Processing Stats

File Path                                PID  Runtime      # DAGs    # Errors  Last Runtime    Last Run
-------------------------------------  -----  ---------  --------  ----------  --------------  -------------------
/opt/airflow/dags/tcc_pipeline_dag.py   1708  0.01s             1           0  0.16s           2025-09-05T22:04:04
================================================================================
[2025-09-05T22:05:05.056+0000] {manager.py:878} INFO - 
================================================================================
DAG File Processing Stats

File Path                              PID    Runtime      # DAGs    # Errors  Last Runtime    Last Run
-------------------------------------  -----  ---------  --------  ----------  --------------  -------------------
/opt/airflow/dags/tcc_pipeline_dag.py                           1           0  0.42s           2025-09-05T22:04:35
================================================================================
[2025-09-05T22:05:35.701+0000] {manager.py:878} INFO - 
================================================================================
DAG File Processing Stats

File Path                                PID  Runtime      # DAGs    # Errors  Last Runtime    Last Run
-------------------------------------  -----  ---------  --------  ----------  --------------  -------------------
/opt/airflow/dags/tcc_pipeline_dag.py   1722  0.00s             1           0  0.14s           2025-09-05T22:05:05
================================================================================
[2025-09-05T22:06:06.077+0000] {manager.py:878} INFO - 
================================================================================
DAG File Processing Stats

File Path                                PID  Runtime      # DAGs    # Errors  Last Runtime    Last Run
-------------------------------------  -----  ---------  --------  ----------  --------------  -------------------
/opt/airflow/dags/tcc_pipeline_dag.py   1729  0.01s             1           0  0.17s           2025-09-05T22:05:35
================================================================================
[2025-09-05T22:06:36.419+0000] {manager.py:878} INFO - 
================================================================================
DAG File Processing Stats

File Path                                PID  Runtime      # DAGs    # Errors  Last Runtime    Last Run
-------------------------------------  -----  ---------  --------  ----------  --------------  -------------------
/opt/airflow/dags/tcc_pipeline_dag.py   1736  0.00s             1           0  0.16s           2025-09-05T22:06:06
================================================================================
[2025-09-05T22:06:53.608+0000] {manager.py:737} INFO - Searching for files in /opt/airflow/dags
[2025-09-05T22:06:53.749+0000] {manager.py:740} INFO - There are 1 files in /opt/airflow/dags
[2025-09-05T22:07:06.906+0000] {manager.py:878} INFO - 
================================================================================
DAG File Processing Stats

File Path                                PID  Runtime      # DAGs    # Errors  Last Runtime    Last Run
-------------------------------------  -----  ---------  --------  ----------  --------------  -------------------
/opt/airflow/dags/tcc_pipeline_dag.py   1743  0.00s             1           0  0.14s           2025-09-05T22:06:36
================================================================================
[2025-09-05T22:07:37.186+0000] {manager.py:878} INFO - 
================================================================================
DAG File Processing Stats

File Path                                PID  Runtime      # DAGs    # Errors  Last Runtime    Last Run
-------------------------------------  -----  ---------  --------  ----------  --------------  -------------------
/opt/airflow/dags/tcc_pipeline_dag.py   1750  0.01s             1           0  0.20s           2025-09-05T22:07:07
================================================================================
[2025-09-05T22:08:07.610+0000] {manager.py:878} INFO - 
================================================================================
DAG File Processing Stats

File Path                                PID  Runtime      # DAGs    # Errors  Last Runtime    Last Run
-------------------------------------  -----  ---------  --------  ----------  --------------  -------------------
/opt/airflow/dags/tcc_pipeline_dag.py   1757  0.00s             1           0  0.17s           2025-09-05T22:07:37
================================================================================
[2025-09-05T22:08:37.932+0000] {manager.py:878} INFO - 
================================================================================
DAG File Processing Stats

File Path                                PID  Runtime      # DAGs    # Errors  Last Runtime    Last Run
-------------------------------------  -----  ---------  --------  ----------  --------------  -------------------
/opt/airflow/dags/tcc_pipeline_dag.py   1764  0.01s             1           0  0.11s           2025-09-05T22:08:07
================================================================================
[2025-09-05T22:09:08.257+0000] {manager.py:878} INFO - 
================================================================================
DAG File Processing Stats

File Path                                PID  Runtime      # DAGs    # Errors  Last Runtime    Last Run
-------------------------------------  -----  ---------  --------  ----------  --------------  -------------------
/opt/airflow/dags/tcc_pipeline_dag.py   1771  0.00s             1           0  0.14s           2025-09-05T22:08:38
================================================================================
[2025-09-05T22:09:38.544+0000] {manager.py:878} INFO - 
================================================================================
DAG File Processing Stats

File Path                                PID  Runtime      # DAGs    # Errors  Last Runtime    Last Run
-------------------------------------  -----  ---------  --------  ----------  --------------  -------------------
/opt/airflow/dags/tcc_pipeline_dag.py   1778  0.00s             1           0  0.19s           2025-09-05T22:09:08
================================================================================
[2025-09-05T22:10:08.808+0000] {manager.py:878} INFO - 
================================================================================
DAG File Processing Stats

File Path                                PID  Runtime      # DAGs    # Errors  Last Runtime    Last Run
-------------------------------------  -----  ---------  --------  ----------  --------------  -------------------
/opt/airflow/dags/tcc_pipeline_dag.py   1785  0.00s             1           0  0.13s           2025-09-05T22:09:38
================================================================================
[2025-09-05T22:10:39.194+0000] {manager.py:878} INFO - 
================================================================================
DAG File Processing Stats

File Path                                PID  Runtime      # DAGs    # Errors  Last Runtime    Last Run
-------------------------------------  -----  ---------  --------  ----------  --------------  -------------------
/opt/airflow/dags/tcc_pipeline_dag.py   1792  0.00s             1           0  0.14s           2025-09-05T22:10:08
================================================================================
[2025-09-05T22:11:09.478+0000] {manager.py:878} INFO - 
================================================================================
DAG File Processing Stats

File Path                                PID  Runtime      # DAGs    # Errors  Last Runtime    Last Run
-------------------------------------  -----  ---------  --------  ----------  --------------  -------------------
/opt/airflow/dags/tcc_pipeline_dag.py   1799  0.00s             1           0  0.14s           2025-09-05T22:10:39
================================================================================
[2025-09-05T22:11:39.800+0000] {manager.py:878} INFO - 
================================================================================
DAG File Processing Stats

File Path                                PID  Runtime      # DAGs    # Errors  Last Runtime    Last Run
-------------------------------------  -----  ---------  --------  ----------  --------------  -------------------
/opt/airflow/dags/tcc_pipeline_dag.py   1806  0.01s             1           0  0.20s           2025-09-05T22:11:09
================================================================================
[2025-09-05T22:11:54.023+0000] {manager.py:737} INFO - Searching for files in /opt/airflow/dags
[2025-09-05T22:11:54.087+0000] {manager.py:740} INFO - There are 1 files in /opt/airflow/dags
[2025-09-05T22:12:10.255+0000] {manager.py:878} INFO - 
================================================================================
DAG File Processing Stats

File Path                                PID  Runtime      # DAGs    # Errors  Last Runtime    Last Run
-------------------------------------  -----  ---------  --------  ----------  --------------  -------------------
/opt/airflow/dags/tcc_pipeline_dag.py   1813  0.00s             1           0  0.16s           2025-09-05T22:11:39
================================================================================
[2025-09-05T22:12:40.516+0000] {manager.py:878} INFO - 
================================================================================
DAG File Processing Stats

File Path                                PID  Runtime      # DAGs    # Errors  Last Runtime    Last Run
-------------------------------------  -----  ---------  --------  ----------  --------------  -------------------
/opt/airflow/dags/tcc_pipeline_dag.py   1820  0.01s             1           0  0.12s           2025-09-05T22:12:10
================================================================================
[2025-09-05T22:13:10.795+0000] {manager.py:878} INFO - 
================================================================================
DAG File Processing Stats

File Path                                PID  Runtime      # DAGs    # Errors  Last Runtime    Last Run
-------------------------------------  -----  ---------  --------  ----------  --------------  -------------------
/opt/airflow/dags/tcc_pipeline_dag.py   1827  0.00s             1           0  0.11s           2025-09-05T22:12:40
================================================================================
[2025-09-05T22:13:41.073+0000] {manager.py:878} INFO - 
================================================================================
DAG File Processing Stats

File Path                                PID  Runtime      # DAGs    # Errors  Last Runtime    Last Run
-------------------------------------  -----  ---------  --------  ----------  --------------  -------------------
/opt/airflow/dags/tcc_pipeline_dag.py   1834  0.00s             1           0  0.14s           2025-09-05T22:13:10
================================================================================
[2025-09-05T22:14:11.394+0000] {manager.py:878} INFO - 
================================================================================
DAG File Processing Stats

File Path                                PID  Runtime      # DAGs    # Errors  Last Runtime    Last Run
-------------------------------------  -----  ---------  --------  ----------  --------------  -------------------
/opt/airflow/dags/tcc_pipeline_dag.py   1841  0.01s             1           0  0.20s           2025-09-05T22:13:41
================================================================================
[2025-09-05T22:14:41.757+0000] {manager.py:878} INFO - 
================================================================================
DAG File Processing Stats

File Path                                PID  Runtime      # DAGs    # Errors  Last Runtime    Last Run
-------------------------------------  -----  ---------  --------  ----------  --------------  -------------------
/opt/airflow/dags/tcc_pipeline_dag.py   1848  0.00s             1           0  0.14s           2025-09-05T22:14:11
================================================================================
[2025-09-05T22:15:12.065+0000] {manager.py:878} INFO - 
================================================================================
DAG File Processing Stats

File Path                                PID  Runtime      # DAGs    # Errors  Last Runtime    Last Run
-------------------------------------  -----  ---------  --------  ----------  --------------  -------------------
/opt/airflow/dags/tcc_pipeline_dag.py   1855  0.01s             1           0  0.18s           2025-09-05T22:14:41
================================================================================
[2025-09-05T22:15:42.391+0000] {manager.py:878} INFO - 
================================================================================
DAG File Processing Stats

File Path                                PID  Runtime      # DAGs    # Errors  Last Runtime    Last Run
-------------------------------------  -----  ---------  --------  ----------  --------------  -------------------
/opt/airflow/dags/tcc_pipeline_dag.py   1862  0.00s             1           0  0.16s           2025-09-05T22:15:12
================================================================================
[2025-09-05T22:16:12.660+0000] {manager.py:878} INFO - 
================================================================================
DAG File Processing Stats

File Path                                PID  Runtime      # DAGs    # Errors  Last Runtime    Last Run
-------------------------------------  -----  ---------  --------  ----------  --------------  -------------------
/opt/airflow/dags/tcc_pipeline_dag.py   1869  0.00s             1           0  0.11s           2025-09-05T22:15:42
================================================================================
[2025-09-05T22:16:43.041+0000] {manager.py:878} INFO - 
================================================================================
DAG File Processing Stats

File Path                                PID  Runtime      # DAGs    # Errors  Last Runtime    Last Run
-------------------------------------  -----  ---------  --------  ----------  --------------  -------------------
/opt/airflow/dags/tcc_pipeline_dag.py   1876  0.00s             1           0  0.15s           2025-09-05T22:16:12
================================================================================
[2025-09-05T22:16:54.138+0000] {manager.py:737} INFO - Searching for files in /opt/airflow/dags
[2025-09-05T22:16:54.161+0000] {manager.py:740} INFO - There are 1 files in /opt/airflow/dags
[2025-09-05T22:17:13.343+0000] {manager.py:878} INFO - 
================================================================================
DAG File Processing Stats

File Path                                PID  Runtime      # DAGs    # Errors  Last Runtime    Last Run
-------------------------------------  -----  ---------  --------  ----------  --------------  -------------------
/opt/airflow/dags/tcc_pipeline_dag.py   1883  0.00s             1           0  0.15s           2025-09-05T22:16:43
================================================================================
[2025-09-05T22:17:43.600+0000] {manager.py:878} INFO - 
================================================================================
DAG File Processing Stats

File Path                                PID  Runtime      # DAGs    # Errors  Last Runtime    Last Run
-------------------------------------  -----  ---------  --------  ----------  --------------  -------------------
/opt/airflow/dags/tcc_pipeline_dag.py   1890  0.00s             1           0  0.17s           2025-09-05T22:17:13
================================================================================
[2025-09-05T22:18:13.991+0000] {manager.py:878} INFO - 
================================================================================
DAG File Processing Stats

File Path                                PID  Runtime      # DAGs    # Errors  Last Runtime    Last Run
-------------------------------------  -----  ---------  --------  ----------  --------------  -------------------
/opt/airflow/dags/tcc_pipeline_dag.py   1897  0.01s             1           0  0.12s           2025-09-05T22:17:43
================================================================================
[2025-09-05T22:18:44.297+0000] {manager.py:878} INFO - 
================================================================================
DAG File Processing Stats

File Path                                PID  Runtime      # DAGs    # Errors  Last Runtime    Last Run
-------------------------------------  -----  ---------  --------  ----------  --------------  -------------------
/opt/airflow/dags/tcc_pipeline_dag.py   1904  0.00s             1           0  0.28s           2025-09-05T22:18:14
================================================================================
[2025-09-05T22:19:14.569+0000] {manager.py:878} INFO - 
================================================================================
DAG File Processing Stats

File Path                                PID  Runtime      # DAGs    # Errors  Last Runtime    Last Run
-------------------------------------  -----  ---------  --------  ----------  --------------  -------------------
/opt/airflow/dags/tcc_pipeline_dag.py   1911  0.00s             1           0  0.20s           2025-09-05T22:18:44
================================================================================
[2025-09-05T22:19:44.821+0000] {manager.py:878} INFO - 
================================================================================
DAG File Processing Stats

File Path                                PID  Runtime      # DAGs    # Errors  Last Runtime    Last Run
-------------------------------------  -----  ---------  --------  ----------  --------------  -------------------
/opt/airflow/dags/tcc_pipeline_dag.py   1919  0.00s             1           0  0.15s           2025-09-05T22:19:14
================================================================================
[2025-09-05T22:20:15.097+0000] {manager.py:878} INFO - 
================================================================================
DAG File Processing Stats

File Path                                PID  Runtime      # DAGs    # Errors  Last Runtime    Last Run
-------------------------------------  -----  ---------  --------  ----------  --------------  -------------------
/opt/airflow/dags/tcc_pipeline_dag.py   1926  0.01s             1           0  0.14s           2025-09-05T22:19:44
================================================================================
[2025-09-05T22:20:45.430+0000] {manager.py:878} INFO - 
================================================================================
DAG File Processing Stats

File Path                                PID  Runtime      # DAGs    # Errors  Last Runtime    Last Run
-------------------------------------  -----  ---------  --------  ----------  --------------  -------------------
/opt/airflow/dags/tcc_pipeline_dag.py   1933  0.01s             1           0  0.20s           2025-09-05T22:20:15
================================================================================
[2025-09-05T22:21:15.783+0000] {manager.py:878} INFO - 
================================================================================
DAG File Processing Stats

File Path                                PID  Runtime      # DAGs    # Errors  Last Runtime    Last Run
-------------------------------------  -----  ---------  --------  ----------  --------------  -------------------
/opt/airflow/dags/tcc_pipeline_dag.py   1940  0.00s             1           0  0.16s           2025-09-05T22:20:45
================================================================================
[2025-09-05T22:21:46.048+0000] {manager.py:878} INFO - 
================================================================================
DAG File Processing Stats

File Path                                PID  Runtime      # DAGs    # Errors  Last Runtime    Last Run
-------------------------------------  -----  ---------  --------  ----------  --------------  -------------------
/opt/airflow/dags/tcc_pipeline_dag.py   1947  0.00s             1           0  0.12s           2025-09-05T22:21:15
================================================================================
[2025-09-05T22:21:54.192+0000] {manager.py:737} INFO - Searching for files in /opt/airflow/dags
[2025-09-05T22:21:54.230+0000] {manager.py:740} INFO - There are 1 files in /opt/airflow/dags
[2025-09-05T22:22:16.466+0000] {manager.py:878} INFO - 
================================================================================
DAG File Processing Stats

File Path                                PID  Runtime      # DAGs    # Errors  Last Runtime    Last Run
-------------------------------------  -----  ---------  --------  ----------  --------------  -------------------
/opt/airflow/dags/tcc_pipeline_dag.py   1954  0.01s             1           0  0.11s           2025-09-05T22:21:46
================================================================================
[2025-09-05T22:22:46.780+0000] {manager.py:878} INFO - 
================================================================================
DAG File Processing Stats

File Path                                PID  Runtime      # DAGs    # Errors  Last Runtime    Last Run
-------------------------------------  -----  ---------  --------  ----------  --------------  -------------------
/opt/airflow/dags/tcc_pipeline_dag.py   1961  0.01s             1           0  0.15s           2025-09-05T22:22:16
================================================================================
[2025-09-05T22:23:17.126+0000] {manager.py:878} INFO - 
================================================================================
DAG File Processing Stats

File Path                                PID  Runtime      # DAGs    # Errors  Last Runtime    Last Run
-------------------------------------  -----  ---------  --------  ----------  --------------  -------------------
/opt/airflow/dags/tcc_pipeline_dag.py   1968  0.01s             1           0  0.20s           2025-09-05T22:22:46
================================================================================
[2025-09-05T22:23:47.490+0000] {manager.py:878} INFO - 
================================================================================
DAG File Processing Stats

File Path                                PID  Runtime      # DAGs    # Errors  Last Runtime    Last Run
-------------------------------------  -----  ---------  --------  ----------  --------------  -------------------
/opt/airflow/dags/tcc_pipeline_dag.py   1975  0.02s             1           0  0.18s           2025-09-05T22:23:17
================================================================================
[2025-09-05T22:24:17.807+0000] {manager.py:878} INFO - 
================================================================================
DAG File Processing Stats

File Path                                PID  Runtime      # DAGs    # Errors  Last Runtime    Last Run
-------------------------------------  -----  ---------  --------  ----------  --------------  -------------------
/opt/airflow/dags/tcc_pipeline_dag.py   1983  0.01s             1           0  0.16s           2025-09-05T22:23:47
================================================================================
[2025-09-05T22:24:48.154+0000] {manager.py:878} INFO - 
================================================================================
DAG File Processing Stats

File Path                                PID  Runtime      # DAGs    # Errors  Last Runtime    Last Run
-------------------------------------  -----  ---------  --------  ----------  --------------  -------------------
/opt/airflow/dags/tcc_pipeline_dag.py   1990  0.01s             1           0  0.21s           2025-09-05T22:24:18
================================================================================
[2025-09-05T22:25:18.574+0000] {manager.py:878} INFO - 
================================================================================
DAG File Processing Stats

File Path                                PID  Runtime      # DAGs    # Errors  Last Runtime    Last Run
-------------------------------------  -----  ---------  --------  ----------  --------------  -------------------
/opt/airflow/dags/tcc_pipeline_dag.py   1997  0.01s             1           0  0.18s           2025-09-05T22:24:48
================================================================================
[2025-09-05T22:25:48.870+0000] {manager.py:878} INFO - 
================================================================================
DAG File Processing Stats

File Path                                PID  Runtime      # DAGs    # Errors  Last Runtime    Last Run
-------------------------------------  -----  ---------  --------  ----------  --------------  -------------------
/opt/airflow/dags/tcc_pipeline_dag.py   2004  0.00s             1           0  0.14s           2025-09-05T22:25:18
================================================================================
[2025-09-05T22:26:19.231+0000] {manager.py:878} INFO - 
================================================================================
DAG File Processing Stats

File Path                                PID  Runtime      # DAGs    # Errors  Last Runtime    Last Run
-------------------------------------  -----  ---------  --------  ----------  --------------  -------------------
/opt/airflow/dags/tcc_pipeline_dag.py   2011  0.01s             1           0  0.11s           2025-09-05T22:25:48
================================================================================
[2025-09-05T22:26:49.520+0000] {manager.py:878} INFO - 
================================================================================
DAG File Processing Stats

File Path                                PID  Runtime      # DAGs    # Errors  Last Runtime    Last Run
-------------------------------------  -----  ---------  --------  ----------  --------------  -------------------
/opt/airflow/dags/tcc_pipeline_dag.py   2018  0.00s             1           0  0.16s           2025-09-05T22:26:19
================================================================================
[2025-09-05T22:26:54.671+0000] {manager.py:737} INFO - Searching for files in /opt/airflow/dags
[2025-09-05T22:26:54.739+0000] {manager.py:740} INFO - There are 1 files in /opt/airflow/dags
[2025-09-05T22:27:20.045+0000] {manager.py:878} INFO - 
================================================================================
DAG File Processing Stats

File Path                                PID  Runtime      # DAGs    # Errors  Last Runtime    Last Run
-------------------------------------  -----  ---------  --------  ----------  --------------  -------------------
/opt/airflow/dags/tcc_pipeline_dag.py   2025  0.01s             1           0  0.16s           2025-09-05T22:26:49
================================================================================
[2025-09-05T22:27:50.357+0000] {manager.py:878} INFO - 
================================================================================
DAG File Processing Stats

File Path                                PID  Runtime      # DAGs    # Errors  Last Runtime    Last Run
-------------------------------------  -----  ---------  --------  ----------  --------------  -------------------
/opt/airflow/dags/tcc_pipeline_dag.py   2032  0.00s             1           0  0.29s           2025-09-05T22:27:20
================================================================================
[2025-09-05T22:28:20.638+0000] {manager.py:878} INFO - 
================================================================================
DAG File Processing Stats

File Path                                PID  Runtime      # DAGs    # Errors  Last Runtime    Last Run
-------------------------------------  -----  ---------  --------  ----------  --------------  -------------------
/opt/airflow/dags/tcc_pipeline_dag.py   2039  0.00s             1           0  0.15s           2025-09-05T22:27:50
================================================================================
[2025-09-05T22:28:50.982+0000] {manager.py:878} INFO - 
================================================================================
DAG File Processing Stats

File Path                                PID  Runtime      # DAGs    # Errors  Last Runtime    Last Run
-------------------------------------  -----  ---------  --------  ----------  --------------  -------------------
/opt/airflow/dags/tcc_pipeline_dag.py   2046  0.01s             1           0  0.15s           2025-09-05T22:28:20
================================================================================
[2025-09-05T22:29:21.274+0000] {manager.py:878} INFO - 
================================================================================
DAG File Processing Stats

File Path                                PID  Runtime      # DAGs    # Errors  Last Runtime    Last Run
-------------------------------------  -----  ---------  --------  ----------  --------------  -------------------
/opt/airflow/dags/tcc_pipeline_dag.py   2053  0.00s             1           0  0.12s           2025-09-05T22:28:51
================================================================================
[2025-09-05T22:29:51.584+0000] {manager.py:878} INFO - 
================================================================================
DAG File Processing Stats

File Path                                PID  Runtime      # DAGs    # Errors  Last Runtime    Last Run
-------------------------------------  -----  ---------  --------  ----------  --------------  -------------------
/opt/airflow/dags/tcc_pipeline_dag.py   2060  0.00s             1           0  0.16s           2025-09-05T22:29:21
================================================================================
[2025-09-05T22:30:21.920+0000] {manager.py:878} INFO - 
================================================================================
DAG File Processing Stats

File Path                                PID  Runtime      # DAGs    # Errors  Last Runtime    Last Run
-------------------------------------  -----  ---------  --------  ----------  --------------  -------------------
/opt/airflow/dags/tcc_pipeline_dag.py   2067  0.00s             1           0  0.15s           2025-09-05T22:29:51
================================================================================
[2025-09-05T22:30:52.257+0000] {manager.py:878} INFO - 
================================================================================
DAG File Processing Stats

File Path                                PID  Runtime      # DAGs    # Errors  Last Runtime    Last Run
-------------------------------------  -----  ---------  --------  ----------  --------------  -------------------
/opt/airflow/dags/tcc_pipeline_dag.py   2074  0.00s             1           0  0.12s           2025-09-05T22:30:22
================================================================================
[2025-09-05T22:31:22.559+0000] {manager.py:878} INFO - 
================================================================================
DAG File Processing Stats

File Path                                PID  Runtime      # DAGs    # Errors  Last Runtime    Last Run
-------------------------------------  -----  ---------  --------  ----------  --------------  -------------------
/opt/airflow/dags/tcc_pipeline_dag.py   2081  0.00s             1           0  0.17s           2025-09-05T22:30:52
================================================================================
[2025-09-05T22:31:52.907+0000] {manager.py:878} INFO - 
================================================================================
DAG File Processing Stats

File Path                                PID  Runtime      # DAGs    # Errors  Last Runtime    Last Run
-------------------------------------  -----  ---------  --------  ----------  --------------  -------------------
/opt/airflow/dags/tcc_pipeline_dag.py   2088  0.00s             1           0  0.13s           2025-09-05T22:31:22
================================================================================
[2025-09-05T22:31:54.930+0000] {manager.py:737} INFO - Searching for files in /opt/airflow/dags
[2025-09-05T22:31:55.011+0000] {manager.py:740} INFO - There are 1 files in /opt/airflow/dags
[2025-09-05T22:32:23.271+0000] {manager.py:878} INFO - 
================================================================================
DAG File Processing Stats

File Path                                PID  Runtime      # DAGs    # Errors  Last Runtime    Last Run
-------------------------------------  -----  ---------  --------  ----------  --------------  -------------------
/opt/airflow/dags/tcc_pipeline_dag.py   2095  0.01s             1           0  0.16s           2025-09-05T22:31:53
================================================================================
[2025-09-05T22:32:53.509+0000] {manager.py:878} INFO - 
================================================================================
DAG File Processing Stats

File Path                                PID  Runtime      # DAGs    # Errors  Last Runtime    Last Run
-------------------------------------  -----  ---------  --------  ----------  --------------  -------------------
/opt/airflow/dags/tcc_pipeline_dag.py   2102  0.00s             1           0  0.18s           2025-09-05T22:32:23
================================================================================
[2025-09-05T22:33:23.759+0000] {manager.py:878} INFO - 
================================================================================
DAG File Processing Stats

File Path                                PID  Runtime      # DAGs    # Errors  Last Runtime    Last Run
-------------------------------------  -----  ---------  --------  ----------  --------------  -------------------
/opt/airflow/dags/tcc_pipeline_dag.py   2109  0.00s             1           0  0.12s           2025-09-05T22:32:53
================================================================================
[2025-09-05T22:33:54.096+0000] {manager.py:878} INFO - 
================================================================================
DAG File Processing Stats

File Path                                PID  Runtime      # DAGs    # Errors  Last Runtime    Last Run
-------------------------------------  -----  ---------  --------  ----------  --------------  -------------------
/opt/airflow/dags/tcc_pipeline_dag.py   2116  0.01s             1           0  0.11s           2025-09-05T22:33:23
================================================================================
[2025-09-05T22:34:24.369+0000] {manager.py:878} INFO - 
================================================================================
DAG File Processing Stats

File Path                                PID  Runtime      # DAGs    # Errors  Last Runtime    Last Run
-------------------------------------  -----  ---------  --------  ----------  --------------  -------------------
/opt/airflow/dags/tcc_pipeline_dag.py   2123  0.00s             1           0  0.15s           2025-09-05T22:33:54
================================================================================
[2025-09-05T22:34:54.765+0000] {manager.py:878} INFO - 
================================================================================
DAG File Processing Stats

File Path                                PID  Runtime      # DAGs    # Errors  Last Runtime    Last Run
-------------------------------------  -----  ---------  --------  ----------  --------------  -------------------
/opt/airflow/dags/tcc_pipeline_dag.py   2130  0.01s             1           0  0.16s           2025-09-05T22:34:24
================================================================================
[2025-09-05T22:35:25.054+0000] {manager.py:878} INFO - 
================================================================================
DAG File Processing Stats

File Path                                PID  Runtime      # DAGs    # Errors  Last Runtime    Last Run
-------------------------------------  -----  ---------  --------  ----------  --------------  -------------------
/opt/airflow/dags/tcc_pipeline_dag.py   2137  0.01s             1           0  0.16s           2025-09-05T22:34:54
================================================================================
[2025-09-05T22:35:55.397+0000] {manager.py:878} INFO - 
================================================================================
DAG File Processing Stats

File Path                                PID  Runtime      # DAGs    # Errors  Last Runtime    Last Run
-------------------------------------  -----  ---------  --------  ----------  --------------  -------------------
/opt/airflow/dags/tcc_pipeline_dag.py   2144  0.01s             1           0  0.16s           2025-09-05T22:35:25
================================================================================
[2025-09-05T22:36:25.725+0000] {manager.py:878} INFO - 
================================================================================
DAG File Processing Stats

File Path                                PID  Runtime      # DAGs    # Errors  Last Runtime    Last Run
-------------------------------------  -----  ---------  --------  ----------  --------------  -------------------
/opt/airflow/dags/tcc_pipeline_dag.py   2151  0.00s             1           0  0.12s           2025-09-05T22:35:55
================================================================================
[2025-09-05T22:36:54.997+0000] {manager.py:737} INFO - Searching for files in /opt/airflow/dags
[2025-09-05T22:36:55.016+0000] {manager.py:740} INFO - There are 1 files in /opt/airflow/dags
[2025-09-05T22:36:56.050+0000] {manager.py:878} INFO - 
================================================================================
DAG File Processing Stats

File Path                                PID  Runtime      # DAGs    # Errors  Last Runtime    Last Run
-------------------------------------  -----  ---------  --------  ----------  --------------  -------------------
/opt/airflow/dags/tcc_pipeline_dag.py   2158  0.00s             1           0  0.21s           2025-09-05T22:36:25
================================================================================
[2025-09-05T22:37:26.440+0000] {manager.py:878} INFO - 
================================================================================
DAG File Processing Stats

File Path                                PID  Runtime      # DAGs    # Errors  Last Runtime    Last Run
-------------------------------------  -----  ---------  --------  ----------  --------------  -------------------
/opt/airflow/dags/tcc_pipeline_dag.py   2165  0.00s             1           0  0.16s           2025-09-05T22:36:56
================================================================================
[2025-09-05T22:37:56.770+0000] {manager.py:878} INFO - 
================================================================================
DAG File Processing Stats

File Path                                PID  Runtime      # DAGs    # Errors  Last Runtime    Last Run
-------------------------------------  -----  ---------  --------  ----------  --------------  -------------------
/opt/airflow/dags/tcc_pipeline_dag.py   2172  0.00s             1           0  0.14s           2025-09-05T22:37:26
================================================================================
[2025-09-05T22:38:27.097+0000] {manager.py:878} INFO - 
================================================================================
DAG File Processing Stats

File Path                                PID  Runtime      # DAGs    # Errors  Last Runtime    Last Run
-------------------------------------  -----  ---------  --------  ----------  --------------  -------------------
/opt/airflow/dags/tcc_pipeline_dag.py   2180  0.01s             1           0  0.16s           2025-09-05T22:37:56
================================================================================
[2025-09-05T22:38:57.388+0000] {manager.py:878} INFO - 
================================================================================
DAG File Processing Stats

File Path                                PID  Runtime      # DAGs    # Errors  Last Runtime    Last Run
-------------------------------------  -----  ---------  --------  ----------  --------------  -------------------
/opt/airflow/dags/tcc_pipeline_dag.py   2187  0.01s             1           0  0.14s           2025-09-05T22:38:27
================================================================================
[2025-09-05T22:39:27.794+0000] {manager.py:878} INFO - 
================================================================================
DAG File Processing Stats

File Path                                PID  Runtime      # DAGs    # Errors  Last Runtime    Last Run
-------------------------------------  -----  ---------  --------  ----------  --------------  -------------------
/opt/airflow/dags/tcc_pipeline_dag.py   2194  0.00s             1           0  0.18s           2025-09-05T22:38:57
================================================================================
[2025-09-05T22:39:58.080+0000] {manager.py:878} INFO - 
================================================================================
DAG File Processing Stats

File Path                              PID    Runtime      # DAGs    # Errors  Last Runtime    Last Run
-------------------------------------  -----  ---------  --------  ----------  --------------  -------------------
/opt/airflow/dags/tcc_pipeline_dag.py                           1           0  0.29s           2025-09-05T22:39:28
================================================================================
[2025-09-05T22:40:28.650+0000] {manager.py:878} INFO - 
================================================================================
DAG File Processing Stats

File Path                                PID  Runtime      # DAGs    # Errors  Last Runtime    Last Run
-------------------------------------  -----  ---------  --------  ----------  --------------  -------------------
/opt/airflow/dags/tcc_pipeline_dag.py   2209  0.01s             1           0  0.12s           2025-09-05T22:39:58
================================================================================
[2025-09-05T22:40:58.996+0000] {manager.py:878} INFO - 
================================================================================
DAG File Processing Stats

File Path                                PID  Runtime      # DAGs    # Errors  Last Runtime    Last Run
-------------------------------------  -----  ---------  --------  ----------  --------------  -------------------
/opt/airflow/dags/tcc_pipeline_dag.py   2216  0.00s             1           0  0.13s           2025-09-05T22:40:28
================================================================================
[2025-09-05T22:41:29.339+0000] {manager.py:878} INFO - 
================================================================================
DAG File Processing Stats

File Path                                PID  Runtime      # DAGs    # Errors  Last Runtime    Last Run
-------------------------------------  -----  ---------  --------  ----------  --------------  -------------------
/opt/airflow/dags/tcc_pipeline_dag.py   2223  0.00s             1           0  0.25s           2025-09-05T22:40:59
================================================================================
[2025-09-05T22:41:55.691+0000] {manager.py:737} INFO - Searching for files in /opt/airflow/dags
[2025-09-05T22:41:55.727+0000] {manager.py:740} INFO - There are 1 files in /opt/airflow/dags
[2025-09-05T22:41:59.791+0000] {manager.py:878} INFO - 
================================================================================
DAG File Processing Stats

File Path                                PID  Runtime      # DAGs    # Errors  Last Runtime    Last Run
-------------------------------------  -----  ---------  --------  ----------  --------------  -------------------
/opt/airflow/dags/tcc_pipeline_dag.py   2230  0.00s             1           0  0.25s           2025-09-05T22:41:29
================================================================================
[2025-09-05T22:42:30.125+0000] {manager.py:878} INFO - 
================================================================================
DAG File Processing Stats

File Path                                PID  Runtime      # DAGs    # Errors  Last Runtime    Last Run
-------------------------------------  -----  ---------  --------  ----------  --------------  -------------------
/opt/airflow/dags/tcc_pipeline_dag.py   2237  0.01s             1           0  0.11s           2025-09-05T22:41:59
================================================================================
[2025-09-05T22:43:00.412+0000] {manager.py:878} INFO - 
================================================================================
DAG File Processing Stats

File Path                                PID  Runtime      # DAGs    # Errors  Last Runtime    Last Run
-------------------------------------  -----  ---------  --------  ----------  --------------  -------------------
/opt/airflow/dags/tcc_pipeline_dag.py   2244  0.01s             1           0  0.13s           2025-09-05T22:42:30
================================================================================
[2025-09-05T22:43:30.756+0000] {manager.py:878} INFO - 
================================================================================
DAG File Processing Stats

File Path                                PID  Runtime      # DAGs    # Errors  Last Runtime    Last Run
-------------------------------------  -----  ---------  --------  ----------  --------------  -------------------
/opt/airflow/dags/tcc_pipeline_dag.py   2251  0.01s             1           0  0.13s           2025-09-05T22:43:00
================================================================================
[2025-09-05T22:44:01.305+0000] {manager.py:878} INFO - 
================================================================================
DAG File Processing Stats

File Path                                PID  Runtime      # DAGs    # Errors  Last Runtime    Last Run
-------------------------------------  -----  ---------  --------  ----------  --------------  -------------------
/opt/airflow/dags/tcc_pipeline_dag.py   2258  0.00s             1           0  0.11s           2025-09-05T22:43:30
================================================================================
[2025-09-05T22:44:34.242+0000] {manager.py:878} INFO - 
================================================================================
DAG File Processing Stats

File Path                              PID    Runtime      # DAGs    # Errors  Last Runtime    Last Run
-------------------------------------  -----  ---------  --------  ----------  --------------  -------------------
/opt/airflow/dags/tcc_pipeline_dag.py                           1           0  0.41s           2025-09-05T22:44:01
================================================================================
[2025-09-05T22:45:04.959+0000] {manager.py:878} INFO - 
================================================================================
DAG File Processing Stats

File Path                              PID    Runtime      # DAGs    # Errors  Last Runtime    Last Run
-------------------------------------  -----  ---------  --------  ----------  --------------  -------------------
/opt/airflow/dags/tcc_pipeline_dag.py                           1           0  1.83s           2025-09-05T22:44:38
================================================================================
[2025-09-05T22:45:35.446+0000] {manager.py:878} INFO - 
================================================================================
DAG File Processing Stats

File Path                              PID    Runtime      # DAGs    # Errors  Last Runtime    Last Run
-------------------------------------  -----  ---------  --------  ----------  --------------  -------------------
/opt/airflow/dags/tcc_pipeline_dag.py                           1           0  0.28s           2025-09-05T22:45:09
================================================================================
[2025-09-05T22:46:05.882+0000] {manager.py:878} INFO - 
================================================================================
DAG File Processing Stats

File Path                              PID    Runtime      # DAGs    # Errors  Last Runtime    Last Run
-------------------------------------  -----  ---------  --------  ----------  --------------  -------------------
/opt/airflow/dags/tcc_pipeline_dag.py                           1           0  0.26s           2025-09-05T22:45:39
================================================================================
[2025-09-05T22:46:36.316+0000] {manager.py:878} INFO - 
================================================================================
DAG File Processing Stats

File Path                              PID    Runtime      # DAGs    # Errors  Last Runtime    Last Run
-------------------------------------  -----  ---------  --------  ----------  --------------  -------------------
/opt/airflow/dags/tcc_pipeline_dag.py                           1           0  0.18s           2025-09-05T22:46:10
================================================================================
[2025-09-05T22:46:55.773+0000] {manager.py:737} INFO - Searching for files in /opt/airflow/dags
[2025-09-05T22:46:55.834+0000] {manager.py:740} INFO - There are 1 files in /opt/airflow/dags
[2025-09-05T22:47:07.057+0000] {manager.py:878} INFO - 
================================================================================
DAG File Processing Stats

File Path                              PID    Runtime      # DAGs    # Errors  Last Runtime    Last Run
-------------------------------------  -----  ---------  --------  ----------  --------------  -------------------
/opt/airflow/dags/tcc_pipeline_dag.py                           1           0  0.23s           2025-09-05T22:46:40
================================================================================
[2025-09-05T22:47:37.993+0000] {manager.py:878} INFO - 
================================================================================
DAG File Processing Stats

File Path                              PID    Runtime      # DAGs    # Errors  Last Runtime    Last Run
-------------------------------------  -----  ---------  --------  ----------  --------------  -------------------
/opt/airflow/dags/tcc_pipeline_dag.py                           1           0  0.33s           2025-09-05T22:47:11
================================================================================
[2025-09-05T22:48:08.507+0000] {manager.py:878} INFO - 
================================================================================
DAG File Processing Stats

File Path                              PID    Runtime      # DAGs    # Errors  Last Runtime    Last Run
-------------------------------------  -----  ---------  --------  ----------  --------------  -------------------
/opt/airflow/dags/tcc_pipeline_dag.py                           1           0  0.32s           2025-09-05T22:47:42
================================================================================
[2025-09-05T22:48:39.485+0000] {manager.py:878} INFO - 
================================================================================
DAG File Processing Stats

File Path                              PID    Runtime      # DAGs    # Errors  Last Runtime    Last Run
-------------------------------------  -----  ---------  --------  ----------  --------------  -------------------
/opt/airflow/dags/tcc_pipeline_dag.py                           1           0  0.28s           2025-09-05T22:48:13
================================================================================
[2025-09-05T22:49:10.028+0000] {manager.py:878} INFO - 
================================================================================
DAG File Processing Stats

File Path                              PID    Runtime      # DAGs    # Errors  Last Runtime    Last Run
-------------------------------------  -----  ---------  --------  ----------  --------------  -------------------
/opt/airflow/dags/tcc_pipeline_dag.py                           1           0  0.25s           2025-09-05T22:48:44
================================================================================
[2025-09-05T22:49:40.290+0000] {manager.py:878} INFO - 
================================================================================
DAG File Processing Stats

File Path                              PID    Runtime      # DAGs    # Errors  Last Runtime    Last Run
-------------------------------------  -----  ---------  --------  ----------  --------------  -------------------
/opt/airflow/dags/tcc_pipeline_dag.py                           1           0  0.35s           2025-09-05T22:49:14
================================================================================
[2025-09-05T22:50:10.389+0000] {manager.py:878} INFO - 
================================================================================
DAG File Processing Stats

File Path                              PID    Runtime      # DAGs    # Errors  Last Runtime    Last Run
-------------------------------------  -----  ---------  --------  ----------  --------------  -------------------
/opt/airflow/dags/tcc_pipeline_dag.py                           1           0  0.33s           2025-09-05T22:49:45
================================================================================
[2025-09-05T22:50:40.848+0000] {manager.py:878} INFO - 
================================================================================
DAG File Processing Stats

File Path                              PID    Runtime      # DAGs    # Errors  Last Runtime    Last Run
-------------------------------------  -----  ---------  --------  ----------  --------------  -------------------
/opt/airflow/dags/tcc_pipeline_dag.py                           1           0  0.45s           2025-09-05T22:50:16
================================================================================
[2025-09-05T22:51:11.327+0000] {manager.py:878} INFO - 
================================================================================
DAG File Processing Stats

File Path                              PID    Runtime      # DAGs    # Errors  Last Runtime    Last Run
-------------------------------------  -----  ---------  --------  ----------  --------------  -------------------
/opt/airflow/dags/tcc_pipeline_dag.py                           1           0  0.42s           2025-09-05T22:50:47
================================================================================
[2025-09-05T22:51:41.613+0000] {manager.py:878} INFO - 
================================================================================
DAG File Processing Stats

File Path                              PID    Runtime      # DAGs    # Errors  Last Runtime    Last Run
-------------------------------------  -----  ---------  --------  ----------  --------------  -------------------
/opt/airflow/dags/tcc_pipeline_dag.py                           1           0  0.30s           2025-09-05T22:51:18
================================================================================
[2025-09-05T22:51:56.340+0000] {manager.py:737} INFO - Searching for files in /opt/airflow/dags
[2025-09-05T22:51:56.478+0000] {manager.py:740} INFO - There are 1 files in /opt/airflow/dags
[2025-09-05T22:52:11.797+0000] {manager.py:878} INFO - 
================================================================================
DAG File Processing Stats

File Path                              PID    Runtime      # DAGs    # Errors  Last Runtime    Last Run
-------------------------------------  -----  ---------  --------  ----------  --------------  -------------------
/opt/airflow/dags/tcc_pipeline_dag.py                           1           0  0.59s           2025-09-05T22:51:50
================================================================================
[2025-09-05T22:52:42.362+0000] {manager.py:878} INFO - 
================================================================================
DAG File Processing Stats

File Path                              PID    Runtime      # DAGs    # Errors  Last Runtime    Last Run
-------------------------------------  -----  ---------  --------  ----------  --------------  -------------------
/opt/airflow/dags/tcc_pipeline_dag.py                           1           0  0.27s           2025-09-05T22:52:20
================================================================================
[2025-09-05T22:53:12.493+0000] {manager.py:878} INFO - 
================================================================================
DAG File Processing Stats

File Path                              PID    Runtime      # DAGs    # Errors  Last Runtime    Last Run
-------------------------------------  -----  ---------  --------  ----------  --------------  -------------------
/opt/airflow/dags/tcc_pipeline_dag.py                           1           0  0.31s           2025-09-05T22:52:51
================================================================================
[2025-09-05T22:53:42.679+0000] {manager.py:878} INFO - 
================================================================================
DAG File Processing Stats

File Path                              PID    Runtime      # DAGs    # Errors  Last Runtime    Last Run
-------------------------------------  -----  ---------  --------  ----------  --------------  -------------------
/opt/airflow/dags/tcc_pipeline_dag.py                           1           0  0.87s           2025-09-05T22:53:23
================================================================================
[2025-09-05T22:54:12.904+0000] {manager.py:878} INFO - 
================================================================================
DAG File Processing Stats

File Path                              PID    Runtime      # DAGs    # Errors  Last Runtime    Last Run
-------------------------------------  -----  ---------  --------  ----------  --------------  -------------------
/opt/airflow/dags/tcc_pipeline_dag.py                           1           0  0.81s           2025-09-05T22:53:54
================================================================================
[2025-09-05T22:54:43.631+0000] {manager.py:878} INFO - 
================================================================================
DAG File Processing Stats

File Path                              PID    Runtime      # DAGs    # Errors  Last Runtime    Last Run
-------------------------------------  -----  ---------  --------  ----------  --------------  -------------------
/opt/airflow/dags/tcc_pipeline_dag.py                           1           0  0.54s           2025-09-05T22:54:24
================================================================================
[2025-09-05T22:55:14.361+0000] {manager.py:878} INFO - 
================================================================================
DAG File Processing Stats

File Path                              PID    Runtime      # DAGs    # Errors  Last Runtime    Last Run
-------------------------------------  -----  ---------  --------  ----------  --------------  -------------------
/opt/airflow/dags/tcc_pipeline_dag.py                           1           0  0.21s           2025-09-05T22:54:55
================================================================================
[2025-09-05T22:55:45.062+0000] {manager.py:878} INFO - 
================================================================================
DAG File Processing Stats

File Path                              PID    Runtime      # DAGs    # Errors  Last Runtime    Last Run
-------------------------------------  -----  ---------  --------  ----------  --------------  -------------------
/opt/airflow/dags/tcc_pipeline_dag.py                           1           0  0.36s           2025-09-05T22:55:25
================================================================================
[2025-09-05T22:56:15.506+0000] {manager.py:878} INFO - 
================================================================================
DAG File Processing Stats

File Path                              PID    Runtime      # DAGs    # Errors  Last Runtime    Last Run
-------------------------------------  -----  ---------  --------  ----------  --------------  -------------------
/opt/airflow/dags/tcc_pipeline_dag.py                           1           0  0.30s           2025-09-05T22:55:56
================================================================================
[2025-09-05T22:56:45.722+0000] {manager.py:878} INFO - 
================================================================================
DAG File Processing Stats

File Path                              PID    Runtime      # DAGs    # Errors  Last Runtime    Last Run
-------------------------------------  -----  ---------  --------  ----------  --------------  -------------------
/opt/airflow/dags/tcc_pipeline_dag.py                           1           0  0.42s           2025-09-05T22:56:27
================================================================================
[2025-09-05T22:56:56.491+0000] {manager.py:737} INFO - Searching for files in /opt/airflow/dags
[2025-09-05T22:56:56.562+0000] {manager.py:740} INFO - There are 1 files in /opt/airflow/dags
[2025-09-05T22:57:16.011+0000] {manager.py:878} INFO - 
================================================================================
DAG File Processing Stats

File Path                              PID    Runtime      # DAGs    # Errors  Last Runtime    Last Run
-------------------------------------  -----  ---------  --------  ----------  --------------  -------------------
/opt/airflow/dags/tcc_pipeline_dag.py                           1           0  0.33s           2025-09-05T22:56:57
================================================================================
[2025-09-05T22:57:46.334+0000] {manager.py:878} INFO - 
================================================================================
DAG File Processing Stats

File Path                              PID    Runtime      # DAGs    # Errors  Last Runtime    Last Run
-------------------------------------  -----  ---------  --------  ----------  --------------  -------------------
/opt/airflow/dags/tcc_pipeline_dag.py                           1           0  0.24s           2025-09-05T22:57:28
================================================================================
[2025-09-05T22:58:16.959+0000] {manager.py:878} INFO - 
================================================================================
DAG File Processing Stats

File Path                              PID    Runtime      # DAGs    # Errors  Last Runtime    Last Run
-------------------------------------  -----  ---------  --------  ----------  --------------  -------------------
/opt/airflow/dags/tcc_pipeline_dag.py                           1           0  0.36s           2025-09-05T22:57:58
================================================================================
[2025-09-05T22:58:47.293+0000] {manager.py:878} INFO - 
================================================================================
DAG File Processing Stats

File Path                              PID    Runtime      # DAGs    # Errors  Last Runtime    Last Run
-------------------------------------  -----  ---------  --------  ----------  --------------  -------------------
/opt/airflow/dags/tcc_pipeline_dag.py                           1           0  0.19s           2025-09-05T22:58:29
================================================================================
[2025-09-05T22:59:17.775+0000] {manager.py:878} INFO - 
================================================================================
DAG File Processing Stats

File Path                              PID    Runtime      # DAGs    # Errors  Last Runtime    Last Run
-------------------------------------  -----  ---------  --------  ----------  --------------  -------------------
/opt/airflow/dags/tcc_pipeline_dag.py                           1           0  0.17s           2025-09-05T22:58:59
================================================================================
[2025-09-05T22:59:48.228+0000] {manager.py:878} INFO - 
================================================================================
DAG File Processing Stats

File Path                              PID    Runtime      # DAGs    # Errors  Last Runtime    Last Run
-------------------------------------  -----  ---------  --------  ----------  --------------  -------------------
/opt/airflow/dags/tcc_pipeline_dag.py                           1           0  0.20s           2025-09-05T22:59:30
================================================================================
