[2025-09-05T00:35:40.498+0000] {processor.py:161} INFO - Started process (PID=71) to work on /opt/airflow/dags/tcc_pipeline_dag.py
[2025-09-05T00:35:40.504+0000] {processor.py:830} INFO - Processing file /opt/airflow/dags/tcc_pipeline_dag.py for tasks to queue
[2025-09-05T00:35:40.507+0000] {logging_mixin.py:188} INFO - [2025-09-05T00:35:40.507+0000] {dagbag.py:545} INFO - Filling up the DagBag from /opt/airflow/dags/tcc_pipeline_dag.py
[2025-09-05T00:35:40.607+0000] {processor.py:840} INFO - DAG(s) 'pipeline_dados_transito_tcc' retrieved from /opt/airflow/dags/tcc_pipeline_dag.py
[2025-09-05T00:35:40.728+0000] {logging_mixin.py:188} INFO - [2025-09-05T00:35:40.728+0000] {dag.py:3096} INFO - Sync 1 DAGs
[2025-09-05T00:35:40.782+0000] {logging_mixin.py:188} INFO - [2025-09-05T00:35:40.782+0000] {dag.py:3954} INFO - Setting next_dagrun for pipeline_dados_transito_tcc to 2025-09-04 08:00:00+00:00, run_after=2025-09-05 08:00:00+00:00
[2025-09-05T00:35:40.833+0000] {processor.py:183} INFO - Processing /opt/airflow/dags/tcc_pipeline_dag.py took 0.347 seconds
[2025-09-05T00:36:11.277+0000] {processor.py:161} INFO - Started process (PID=82) to work on /opt/airflow/dags/tcc_pipeline_dag.py
[2025-09-05T00:36:11.280+0000] {processor.py:830} INFO - Processing file /opt/airflow/dags/tcc_pipeline_dag.py for tasks to queue
[2025-09-05T00:36:11.292+0000] {logging_mixin.py:188} INFO - [2025-09-05T00:36:11.291+0000] {dagbag.py:545} INFO - Filling up the DagBag from /opt/airflow/dags/tcc_pipeline_dag.py
[2025-09-05T00:36:11.359+0000] {processor.py:840} INFO - DAG(s) 'pipeline_dados_transito_tcc' retrieved from /opt/airflow/dags/tcc_pipeline_dag.py
[2025-09-05T00:36:11.420+0000] {logging_mixin.py:188} INFO - [2025-09-05T00:36:11.419+0000] {dag.py:3096} INFO - Sync 1 DAGs
[2025-09-05T00:36:11.464+0000] {logging_mixin.py:188} INFO - [2025-09-05T00:36:11.464+0000] {dag.py:3954} INFO - Setting next_dagrun for pipeline_dados_transito_tcc to 2025-09-04 08:00:00+00:00, run_after=2025-09-05 08:00:00+00:00
[2025-09-05T00:36:11.508+0000] {processor.py:183} INFO - Processing /opt/airflow/dags/tcc_pipeline_dag.py took 0.257 seconds
[2025-09-05T00:36:41.981+0000] {processor.py:161} INFO - Started process (PID=89) to work on /opt/airflow/dags/tcc_pipeline_dag.py
[2025-09-05T00:36:41.985+0000] {processor.py:830} INFO - Processing file /opt/airflow/dags/tcc_pipeline_dag.py for tasks to queue
[2025-09-05T00:36:41.988+0000] {logging_mixin.py:188} INFO - [2025-09-05T00:36:41.987+0000] {dagbag.py:545} INFO - Filling up the DagBag from /opt/airflow/dags/tcc_pipeline_dag.py
[2025-09-05T00:36:42.043+0000] {processor.py:840} INFO - DAG(s) 'pipeline_dados_transito_tcc' retrieved from /opt/airflow/dags/tcc_pipeline_dag.py
[2025-09-05T00:36:42.092+0000] {logging_mixin.py:188} INFO - [2025-09-05T00:36:42.091+0000] {dag.py:3096} INFO - Sync 1 DAGs
[2025-09-05T00:36:42.130+0000] {logging_mixin.py:188} INFO - [2025-09-05T00:36:42.130+0000] {dag.py:3954} INFO - Setting next_dagrun for pipeline_dados_transito_tcc to 2025-09-04 08:00:00+00:00, run_after=2025-09-05 08:00:00+00:00
[2025-09-05T00:36:42.171+0000] {processor.py:183} INFO - Processing /opt/airflow/dags/tcc_pipeline_dag.py took 0.197 seconds
[2025-09-05T00:37:12.409+0000] {processor.py:161} INFO - Started process (PID=96) to work on /opt/airflow/dags/tcc_pipeline_dag.py
[2025-09-05T00:37:12.416+0000] {processor.py:830} INFO - Processing file /opt/airflow/dags/tcc_pipeline_dag.py for tasks to queue
[2025-09-05T00:37:12.429+0000] {logging_mixin.py:188} INFO - [2025-09-05T00:37:12.428+0000] {dagbag.py:545} INFO - Filling up the DagBag from /opt/airflow/dags/tcc_pipeline_dag.py
[2025-09-05T00:37:12.531+0000] {processor.py:840} INFO - DAG(s) 'pipeline_dados_transito_tcc' retrieved from /opt/airflow/dags/tcc_pipeline_dag.py
[2025-09-05T00:37:12.589+0000] {logging_mixin.py:188} INFO - [2025-09-05T00:37:12.588+0000] {dag.py:3096} INFO - Sync 1 DAGs
[2025-09-05T00:37:12.640+0000] {logging_mixin.py:188} INFO - [2025-09-05T00:37:12.640+0000] {dag.py:3954} INFO - Setting next_dagrun for pipeline_dados_transito_tcc to 2025-09-04 08:00:00+00:00, run_after=2025-09-05 08:00:00+00:00
[2025-09-05T00:37:12.698+0000] {processor.py:183} INFO - Processing /opt/airflow/dags/tcc_pipeline_dag.py took 0.318 seconds
[2025-09-05T00:37:42.984+0000] {processor.py:161} INFO - Started process (PID=103) to work on /opt/airflow/dags/tcc_pipeline_dag.py
[2025-09-05T00:37:42.995+0000] {processor.py:830} INFO - Processing file /opt/airflow/dags/tcc_pipeline_dag.py for tasks to queue
[2025-09-05T00:37:43.003+0000] {logging_mixin.py:188} INFO - [2025-09-05T00:37:43.002+0000] {dagbag.py:545} INFO - Filling up the DagBag from /opt/airflow/dags/tcc_pipeline_dag.py
[2025-09-05T00:37:43.103+0000] {processor.py:840} INFO - DAG(s) 'pipeline_dados_transito_tcc' retrieved from /opt/airflow/dags/tcc_pipeline_dag.py
[2025-09-05T00:37:43.160+0000] {logging_mixin.py:188} INFO - [2025-09-05T00:37:43.160+0000] {dag.py:3096} INFO - Sync 1 DAGs
[2025-09-05T00:37:43.195+0000] {logging_mixin.py:188} INFO - [2025-09-05T00:37:43.194+0000] {dag.py:3954} INFO - Setting next_dagrun for pipeline_dados_transito_tcc to 2025-09-04 08:00:00+00:00, run_after=2025-09-05 08:00:00+00:00
[2025-09-05T00:37:43.248+0000] {processor.py:183} INFO - Processing /opt/airflow/dags/tcc_pipeline_dag.py took 0.289 seconds
[2025-09-05T00:38:13.699+0000] {processor.py:161} INFO - Started process (PID=110) to work on /opt/airflow/dags/tcc_pipeline_dag.py
[2025-09-05T00:38:13.703+0000] {processor.py:830} INFO - Processing file /opt/airflow/dags/tcc_pipeline_dag.py for tasks to queue
[2025-09-05T00:38:13.707+0000] {logging_mixin.py:188} INFO - [2025-09-05T00:38:13.706+0000] {dagbag.py:545} INFO - Filling up the DagBag from /opt/airflow/dags/tcc_pipeline_dag.py
[2025-09-05T00:38:13.805+0000] {processor.py:840} INFO - DAG(s) 'pipeline_dados_transito_tcc' retrieved from /opt/airflow/dags/tcc_pipeline_dag.py
[2025-09-05T00:38:13.846+0000] {logging_mixin.py:188} INFO - [2025-09-05T00:38:13.846+0000] {dag.py:3096} INFO - Sync 1 DAGs
[2025-09-05T00:38:13.874+0000] {logging_mixin.py:188} INFO - [2025-09-05T00:38:13.874+0000] {dag.py:3954} INFO - Setting next_dagrun for pipeline_dados_transito_tcc to 2025-09-04 08:00:00+00:00, run_after=2025-09-05 08:00:00+00:00
[2025-09-05T00:38:13.907+0000] {processor.py:183} INFO - Processing /opt/airflow/dags/tcc_pipeline_dag.py took 0.214 seconds
[2025-09-05T00:38:44.059+0000] {processor.py:161} INFO - Started process (PID=117) to work on /opt/airflow/dags/tcc_pipeline_dag.py
[2025-09-05T00:38:44.061+0000] {processor.py:830} INFO - Processing file /opt/airflow/dags/tcc_pipeline_dag.py for tasks to queue
[2025-09-05T00:38:44.065+0000] {logging_mixin.py:188} INFO - [2025-09-05T00:38:44.064+0000] {dagbag.py:545} INFO - Filling up the DagBag from /opt/airflow/dags/tcc_pipeline_dag.py
[2025-09-05T00:38:44.122+0000] {processor.py:840} INFO - DAG(s) 'pipeline_dados_transito_tcc' retrieved from /opt/airflow/dags/tcc_pipeline_dag.py
[2025-09-05T00:38:44.176+0000] {logging_mixin.py:188} INFO - [2025-09-05T00:38:44.175+0000] {dag.py:3096} INFO - Sync 1 DAGs
[2025-09-05T00:38:44.207+0000] {logging_mixin.py:188} INFO - [2025-09-05T00:38:44.207+0000] {dag.py:3954} INFO - Setting next_dagrun for pipeline_dados_transito_tcc to 2025-09-04 08:00:00+00:00, run_after=2025-09-05 08:00:00+00:00
[2025-09-05T00:38:44.239+0000] {processor.py:183} INFO - Processing /opt/airflow/dags/tcc_pipeline_dag.py took 0.189 seconds
[2025-09-05T00:39:14.618+0000] {processor.py:161} INFO - Started process (PID=124) to work on /opt/airflow/dags/tcc_pipeline_dag.py
[2025-09-05T00:39:14.623+0000] {processor.py:830} INFO - Processing file /opt/airflow/dags/tcc_pipeline_dag.py for tasks to queue
[2025-09-05T00:39:14.625+0000] {logging_mixin.py:188} INFO - [2025-09-05T00:39:14.625+0000] {dagbag.py:545} INFO - Filling up the DagBag from /opt/airflow/dags/tcc_pipeline_dag.py
[2025-09-05T00:39:14.679+0000] {processor.py:840} INFO - DAG(s) 'pipeline_dados_transito_tcc' retrieved from /opt/airflow/dags/tcc_pipeline_dag.py
[2025-09-05T00:39:14.713+0000] {logging_mixin.py:188} INFO - [2025-09-05T00:39:14.713+0000] {dag.py:3096} INFO - Sync 1 DAGs
[2025-09-05T00:39:14.737+0000] {logging_mixin.py:188} INFO - [2025-09-05T00:39:14.737+0000] {dag.py:3954} INFO - Setting next_dagrun for pipeline_dados_transito_tcc to 2025-09-04 08:00:00+00:00, run_after=2025-09-05 08:00:00+00:00
[2025-09-05T00:39:14.768+0000] {processor.py:183} INFO - Processing /opt/airflow/dags/tcc_pipeline_dag.py took 0.164 seconds
[2025-09-05T00:39:44.968+0000] {processor.py:161} INFO - Started process (PID=131) to work on /opt/airflow/dags/tcc_pipeline_dag.py
[2025-09-05T00:39:44.970+0000] {processor.py:830} INFO - Processing file /opt/airflow/dags/tcc_pipeline_dag.py for tasks to queue
[2025-09-05T00:39:44.973+0000] {logging_mixin.py:188} INFO - [2025-09-05T00:39:44.972+0000] {dagbag.py:545} INFO - Filling up the DagBag from /opt/airflow/dags/tcc_pipeline_dag.py
[2025-09-05T00:39:45.044+0000] {processor.py:840} INFO - DAG(s) 'pipeline_dados_transito_tcc' retrieved from /opt/airflow/dags/tcc_pipeline_dag.py
[2025-09-05T00:39:45.087+0000] {logging_mixin.py:188} INFO - [2025-09-05T00:39:45.086+0000] {dag.py:3096} INFO - Sync 1 DAGs
[2025-09-05T00:39:45.122+0000] {logging_mixin.py:188} INFO - [2025-09-05T00:39:45.122+0000] {dag.py:3954} INFO - Setting next_dagrun for pipeline_dados_transito_tcc to 2025-09-04 08:00:00+00:00, run_after=2025-09-05 08:00:00+00:00
[2025-09-05T00:39:45.161+0000] {processor.py:183} INFO - Processing /opt/airflow/dags/tcc_pipeline_dag.py took 0.202 seconds
[2025-09-05T00:40:15.386+0000] {processor.py:161} INFO - Started process (PID=138) to work on /opt/airflow/dags/tcc_pipeline_dag.py
[2025-09-05T00:40:15.388+0000] {processor.py:830} INFO - Processing file /opt/airflow/dags/tcc_pipeline_dag.py for tasks to queue
[2025-09-05T00:40:15.390+0000] {logging_mixin.py:188} INFO - [2025-09-05T00:40:15.389+0000] {dagbag.py:545} INFO - Filling up the DagBag from /opt/airflow/dags/tcc_pipeline_dag.py
[2025-09-05T00:40:15.440+0000] {processor.py:840} INFO - DAG(s) 'pipeline_dados_transito_tcc' retrieved from /opt/airflow/dags/tcc_pipeline_dag.py
[2025-09-05T00:40:15.476+0000] {logging_mixin.py:188} INFO - [2025-09-05T00:40:15.476+0000] {dag.py:3096} INFO - Sync 1 DAGs
[2025-09-05T00:40:15.497+0000] {logging_mixin.py:188} INFO - [2025-09-05T00:40:15.497+0000] {dag.py:3954} INFO - Setting next_dagrun for pipeline_dados_transito_tcc to 2025-09-04 08:00:00+00:00, run_after=2025-09-05 08:00:00+00:00
[2025-09-05T00:40:15.519+0000] {processor.py:183} INFO - Processing /opt/airflow/dags/tcc_pipeline_dag.py took 0.139 seconds
[2025-09-05T00:40:45.906+0000] {processor.py:161} INFO - Started process (PID=145) to work on /opt/airflow/dags/tcc_pipeline_dag.py
[2025-09-05T00:40:45.909+0000] {processor.py:830} INFO - Processing file /opt/airflow/dags/tcc_pipeline_dag.py for tasks to queue
[2025-09-05T00:40:45.915+0000] {logging_mixin.py:188} INFO - [2025-09-05T00:40:45.914+0000] {dagbag.py:545} INFO - Filling up the DagBag from /opt/airflow/dags/tcc_pipeline_dag.py
[2025-09-05T00:40:45.999+0000] {processor.py:840} INFO - DAG(s) 'pipeline_dados_transito_tcc' retrieved from /opt/airflow/dags/tcc_pipeline_dag.py
[2025-09-05T00:40:46.030+0000] {logging_mixin.py:188} INFO - [2025-09-05T00:40:46.029+0000] {dag.py:3096} INFO - Sync 1 DAGs
[2025-09-05T00:40:46.051+0000] {logging_mixin.py:188} INFO - [2025-09-05T00:40:46.051+0000] {dag.py:3954} INFO - Setting next_dagrun for pipeline_dados_transito_tcc to 2025-09-04 08:00:00+00:00, run_after=2025-09-05 08:00:00+00:00
[2025-09-05T00:40:46.075+0000] {processor.py:183} INFO - Processing /opt/airflow/dags/tcc_pipeline_dag.py took 0.182 seconds
[2025-09-05T00:41:16.210+0000] {processor.py:161} INFO - Started process (PID=152) to work on /opt/airflow/dags/tcc_pipeline_dag.py
[2025-09-05T00:41:16.212+0000] {processor.py:830} INFO - Processing file /opt/airflow/dags/tcc_pipeline_dag.py for tasks to queue
[2025-09-05T00:41:16.216+0000] {logging_mixin.py:188} INFO - [2025-09-05T00:41:16.215+0000] {dagbag.py:545} INFO - Filling up the DagBag from /opt/airflow/dags/tcc_pipeline_dag.py
[2025-09-05T00:41:16.295+0000] {processor.py:840} INFO - DAG(s) 'pipeline_dados_transito_tcc' retrieved from /opt/airflow/dags/tcc_pipeline_dag.py
[2025-09-05T00:41:16.334+0000] {logging_mixin.py:188} INFO - [2025-09-05T00:41:16.334+0000] {dag.py:3096} INFO - Sync 1 DAGs
[2025-09-05T00:41:16.358+0000] {logging_mixin.py:188} INFO - [2025-09-05T00:41:16.357+0000] {dag.py:3954} INFO - Setting next_dagrun for pipeline_dados_transito_tcc to 2025-09-04 08:00:00+00:00, run_after=2025-09-05 08:00:00+00:00
[2025-09-05T00:41:16.386+0000] {processor.py:183} INFO - Processing /opt/airflow/dags/tcc_pipeline_dag.py took 0.184 seconds
[2025-09-05T00:41:46.643+0000] {processor.py:161} INFO - Started process (PID=159) to work on /opt/airflow/dags/tcc_pipeline_dag.py
[2025-09-05T00:41:46.644+0000] {processor.py:830} INFO - Processing file /opt/airflow/dags/tcc_pipeline_dag.py for tasks to queue
[2025-09-05T00:41:46.646+0000] {logging_mixin.py:188} INFO - [2025-09-05T00:41:46.646+0000] {dagbag.py:545} INFO - Filling up the DagBag from /opt/airflow/dags/tcc_pipeline_dag.py
[2025-09-05T00:41:46.692+0000] {processor.py:840} INFO - DAG(s) 'pipeline_dados_transito_tcc' retrieved from /opt/airflow/dags/tcc_pipeline_dag.py
[2025-09-05T00:41:46.721+0000] {logging_mixin.py:188} INFO - [2025-09-05T00:41:46.721+0000] {dag.py:3096} INFO - Sync 1 DAGs
[2025-09-05T00:41:46.740+0000] {logging_mixin.py:188} INFO - [2025-09-05T00:41:46.739+0000] {dag.py:3954} INFO - Setting next_dagrun for pipeline_dados_transito_tcc to 2025-09-04 08:00:00+00:00, run_after=2025-09-05 08:00:00+00:00
[2025-09-05T00:41:46.763+0000] {processor.py:183} INFO - Processing /opt/airflow/dags/tcc_pipeline_dag.py took 0.127 seconds
[2025-09-05T00:42:17.041+0000] {processor.py:161} INFO - Started process (PID=166) to work on /opt/airflow/dags/tcc_pipeline_dag.py
[2025-09-05T00:42:17.053+0000] {processor.py:830} INFO - Processing file /opt/airflow/dags/tcc_pipeline_dag.py for tasks to queue
[2025-09-05T00:42:17.056+0000] {logging_mixin.py:188} INFO - [2025-09-05T00:42:17.056+0000] {dagbag.py:545} INFO - Filling up the DagBag from /opt/airflow/dags/tcc_pipeline_dag.py
[2025-09-05T00:42:17.119+0000] {processor.py:840} INFO - DAG(s) 'pipeline_dados_transito_tcc' retrieved from /opt/airflow/dags/tcc_pipeline_dag.py
[2025-09-05T00:42:17.146+0000] {logging_mixin.py:188} INFO - [2025-09-05T00:42:17.146+0000] {dag.py:3096} INFO - Sync 1 DAGs
[2025-09-05T00:42:17.168+0000] {logging_mixin.py:188} INFO - [2025-09-05T00:42:17.168+0000] {dag.py:3954} INFO - Setting next_dagrun for pipeline_dados_transito_tcc to 2025-09-04 08:00:00+00:00, run_after=2025-09-05 08:00:00+00:00
[2025-09-05T00:42:17.190+0000] {processor.py:183} INFO - Processing /opt/airflow/dags/tcc_pipeline_dag.py took 0.154 seconds
[2025-09-05T00:42:34.352+0000] {processor.py:161} INFO - Started process (PID=167) to work on /opt/airflow/dags/tcc_pipeline_dag.py
[2025-09-05T00:42:34.354+0000] {processor.py:830} INFO - Processing file /opt/airflow/dags/tcc_pipeline_dag.py for tasks to queue
[2025-09-05T00:42:34.361+0000] {logging_mixin.py:188} INFO - [2025-09-05T00:42:34.361+0000] {dagbag.py:545} INFO - Filling up the DagBag from /opt/airflow/dags/tcc_pipeline_dag.py
[2025-09-05T00:42:34.424+0000] {processor.py:840} INFO - DAG(s) 'pipeline_dados_transito_tcc' retrieved from /opt/airflow/dags/tcc_pipeline_dag.py
[2025-09-05T00:42:34.560+0000] {logging_mixin.py:188} INFO - [2025-09-05T00:42:34.560+0000] {dag.py:3096} INFO - Sync 1 DAGs
[2025-09-05T00:42:34.587+0000] {logging_mixin.py:188} INFO - [2025-09-05T00:42:34.587+0000] {dag.py:3954} INFO - Setting next_dagrun for pipeline_dados_transito_tcc to 2025-09-04 08:00:00+00:00, run_after=2025-09-05 08:00:00+00:00
[2025-09-05T00:42:34.654+0000] {processor.py:183} INFO - Processing /opt/airflow/dags/tcc_pipeline_dag.py took 0.313 seconds
[2025-09-05T00:43:04.992+0000] {processor.py:161} INFO - Started process (PID=178) to work on /opt/airflow/dags/tcc_pipeline_dag.py
[2025-09-05T00:43:04.994+0000] {processor.py:830} INFO - Processing file /opt/airflow/dags/tcc_pipeline_dag.py for tasks to queue
[2025-09-05T00:43:04.996+0000] {logging_mixin.py:188} INFO - [2025-09-05T00:43:04.995+0000] {dagbag.py:545} INFO - Filling up the DagBag from /opt/airflow/dags/tcc_pipeline_dag.py
[2025-09-05T00:43:05.036+0000] {processor.py:840} INFO - DAG(s) 'pipeline_dados_transito_tcc' retrieved from /opt/airflow/dags/tcc_pipeline_dag.py
[2025-09-05T00:43:05.068+0000] {logging_mixin.py:188} INFO - [2025-09-05T00:43:05.068+0000] {dag.py:3096} INFO - Sync 1 DAGs
[2025-09-05T00:43:05.093+0000] {logging_mixin.py:188} INFO - [2025-09-05T00:43:05.093+0000] {dag.py:3954} INFO - Setting next_dagrun for pipeline_dados_transito_tcc to 2025-09-04 08:00:00+00:00, run_after=2025-09-05 08:00:00+00:00
[2025-09-05T00:43:05.116+0000] {processor.py:183} INFO - Processing /opt/airflow/dags/tcc_pipeline_dag.py took 0.130 seconds
[2025-09-05T00:43:35.340+0000] {processor.py:161} INFO - Started process (PID=185) to work on /opt/airflow/dags/tcc_pipeline_dag.py
[2025-09-05T00:43:35.342+0000] {processor.py:830} INFO - Processing file /opt/airflow/dags/tcc_pipeline_dag.py for tasks to queue
[2025-09-05T00:43:35.345+0000] {logging_mixin.py:188} INFO - [2025-09-05T00:43:35.344+0000] {dagbag.py:545} INFO - Filling up the DagBag from /opt/airflow/dags/tcc_pipeline_dag.py
[2025-09-05T00:43:35.409+0000] {processor.py:840} INFO - DAG(s) 'pipeline_dados_transito_tcc' retrieved from /opt/airflow/dags/tcc_pipeline_dag.py
[2025-09-05T00:43:35.456+0000] {logging_mixin.py:188} INFO - [2025-09-05T00:43:35.456+0000] {dag.py:3096} INFO - Sync 1 DAGs
[2025-09-05T00:43:35.485+0000] {logging_mixin.py:188} INFO - [2025-09-05T00:43:35.484+0000] {dag.py:3954} INFO - Setting next_dagrun for pipeline_dados_transito_tcc to 2025-09-04 08:00:00+00:00, run_after=2025-09-05 08:00:00+00:00
[2025-09-05T00:43:35.512+0000] {processor.py:183} INFO - Processing /opt/airflow/dags/tcc_pipeline_dag.py took 0.178 seconds
[2025-09-05T00:44:40.861+0000] {processor.py:161} INFO - Started process (PID=53) to work on /opt/airflow/dags/tcc_pipeline_dag.py
[2025-09-05T00:44:40.869+0000] {processor.py:830} INFO - Processing file /opt/airflow/dags/tcc_pipeline_dag.py for tasks to queue
[2025-09-05T00:44:40.874+0000] {logging_mixin.py:188} INFO - [2025-09-05T00:44:40.873+0000] {dagbag.py:545} INFO - Filling up the DagBag from /opt/airflow/dags/tcc_pipeline_dag.py
[2025-09-05T00:44:40.950+0000] {processor.py:840} INFO - DAG(s) 'pipeline_dados_transito_tcc' retrieved from /opt/airflow/dags/tcc_pipeline_dag.py
[2025-09-05T00:44:41.391+0000] {logging_mixin.py:188} INFO - [2025-09-05T00:44:41.390+0000] {override.py:1829} INFO - Created Permission View: can delete on DAG:pipeline_dados_transito_tcc
[2025-09-05T00:44:41.407+0000] {logging_mixin.py:188} INFO - [2025-09-05T00:44:41.406+0000] {override.py:1829} INFO - Created Permission View: can read on DAG:pipeline_dados_transito_tcc
[2025-09-05T00:44:41.418+0000] {logging_mixin.py:188} INFO - [2025-09-05T00:44:41.417+0000] {override.py:1829} INFO - Created Permission View: can edit on DAG:pipeline_dados_transito_tcc
[2025-09-05T00:44:41.419+0000] {logging_mixin.py:188} INFO - [2025-09-05T00:44:41.419+0000] {dag.py:3096} INFO - Sync 1 DAGs
[2025-09-05T00:44:41.441+0000] {logging_mixin.py:188} INFO - [2025-09-05T00:44:41.441+0000] {dag.py:3118} INFO - Creating ORM DAG for pipeline_dados_transito_tcc
[2025-09-05T00:44:41.462+0000] {logging_mixin.py:188} INFO - [2025-09-05T00:44:41.462+0000] {dag.py:3954} INFO - Setting next_dagrun for pipeline_dados_transito_tcc to 2025-09-04 08:00:00+00:00, run_after=2025-09-05 08:00:00+00:00
[2025-09-05T00:44:41.505+0000] {processor.py:183} INFO - Processing /opt/airflow/dags/tcc_pipeline_dag.py took 0.652 seconds
[2025-09-05T00:45:11.846+0000] {processor.py:161} INFO - Started process (PID=64) to work on /opt/airflow/dags/tcc_pipeline_dag.py
[2025-09-05T00:45:11.847+0000] {processor.py:830} INFO - Processing file /opt/airflow/dags/tcc_pipeline_dag.py for tasks to queue
[2025-09-05T00:45:11.850+0000] {logging_mixin.py:188} INFO - [2025-09-05T00:45:11.850+0000] {dagbag.py:545} INFO - Filling up the DagBag from /opt/airflow/dags/tcc_pipeline_dag.py
[2025-09-05T00:45:11.885+0000] {processor.py:840} INFO - DAG(s) 'pipeline_dados_transito_tcc' retrieved from /opt/airflow/dags/tcc_pipeline_dag.py
[2025-09-05T00:45:11.914+0000] {logging_mixin.py:188} INFO - [2025-09-05T00:45:11.914+0000] {dag.py:3096} INFO - Sync 1 DAGs
[2025-09-05T00:45:11.937+0000] {logging_mixin.py:188} INFO - [2025-09-05T00:45:11.937+0000] {dag.py:3954} INFO - Setting next_dagrun for pipeline_dados_transito_tcc to 2025-09-04 08:00:00+00:00, run_after=2025-09-05 08:00:00+00:00
[2025-09-05T00:45:11.960+0000] {processor.py:183} INFO - Processing /opt/airflow/dags/tcc_pipeline_dag.py took 0.121 seconds
[2025-09-05T00:45:42.061+0000] {processor.py:161} INFO - Started process (PID=72) to work on /opt/airflow/dags/tcc_pipeline_dag.py
[2025-09-05T00:45:42.062+0000] {processor.py:830} INFO - Processing file /opt/airflow/dags/tcc_pipeline_dag.py for tasks to queue
[2025-09-05T00:45:42.064+0000] {logging_mixin.py:188} INFO - [2025-09-05T00:45:42.064+0000] {dagbag.py:545} INFO - Filling up the DagBag from /opt/airflow/dags/tcc_pipeline_dag.py
[2025-09-05T00:45:42.096+0000] {processor.py:840} INFO - DAG(s) 'pipeline_dados_transito_tcc' retrieved from /opt/airflow/dags/tcc_pipeline_dag.py
[2025-09-05T00:45:42.125+0000] {logging_mixin.py:188} INFO - [2025-09-05T00:45:42.124+0000] {dag.py:3096} INFO - Sync 1 DAGs
[2025-09-05T00:45:42.148+0000] {logging_mixin.py:188} INFO - [2025-09-05T00:45:42.148+0000] {dag.py:3954} INFO - Setting next_dagrun for pipeline_dados_transito_tcc to 2025-09-04 08:00:00+00:00, run_after=2025-09-05 08:00:00+00:00
[2025-09-05T00:45:42.166+0000] {processor.py:183} INFO - Processing /opt/airflow/dags/tcc_pipeline_dag.py took 0.110 seconds
[2025-09-05T00:46:12.525+0000] {processor.py:161} INFO - Started process (PID=79) to work on /opt/airflow/dags/tcc_pipeline_dag.py
[2025-09-05T00:46:12.527+0000] {processor.py:830} INFO - Processing file /opt/airflow/dags/tcc_pipeline_dag.py for tasks to queue
[2025-09-05T00:46:12.530+0000] {logging_mixin.py:188} INFO - [2025-09-05T00:46:12.529+0000] {dagbag.py:545} INFO - Filling up the DagBag from /opt/airflow/dags/tcc_pipeline_dag.py
[2025-09-05T00:46:12.578+0000] {processor.py:840} INFO - DAG(s) 'pipeline_dados_transito_tcc' retrieved from /opt/airflow/dags/tcc_pipeline_dag.py
[2025-09-05T00:46:12.638+0000] {logging_mixin.py:188} INFO - [2025-09-05T00:46:12.638+0000] {dag.py:3096} INFO - Sync 1 DAGs
[2025-09-05T00:46:12.668+0000] {logging_mixin.py:188} INFO - [2025-09-05T00:46:12.668+0000] {dag.py:3954} INFO - Setting next_dagrun for pipeline_dados_transito_tcc to 2025-09-04 08:00:00+00:00, run_after=2025-09-05 08:00:00+00:00
[2025-09-05T00:46:12.691+0000] {processor.py:183} INFO - Processing /opt/airflow/dags/tcc_pipeline_dag.py took 0.172 seconds
[2025-09-05T00:46:42.852+0000] {processor.py:161} INFO - Started process (PID=86) to work on /opt/airflow/dags/tcc_pipeline_dag.py
[2025-09-05T00:46:42.855+0000] {processor.py:830} INFO - Processing file /opt/airflow/dags/tcc_pipeline_dag.py for tasks to queue
[2025-09-05T00:46:42.858+0000] {logging_mixin.py:188} INFO - [2025-09-05T00:46:42.858+0000] {dagbag.py:545} INFO - Filling up the DagBag from /opt/airflow/dags/tcc_pipeline_dag.py
[2025-09-05T00:46:42.921+0000] {processor.py:840} INFO - DAG(s) 'pipeline_dados_transito_tcc' retrieved from /opt/airflow/dags/tcc_pipeline_dag.py
[2025-09-05T00:46:42.946+0000] {logging_mixin.py:188} INFO - [2025-09-05T00:46:42.946+0000] {dag.py:3096} INFO - Sync 1 DAGs
[2025-09-05T00:46:42.963+0000] {logging_mixin.py:188} INFO - [2025-09-05T00:46:42.963+0000] {dag.py:3954} INFO - Setting next_dagrun for pipeline_dados_transito_tcc to 2025-09-04 08:00:00+00:00, run_after=2025-09-05 08:00:00+00:00
[2025-09-05T00:46:42.980+0000] {processor.py:183} INFO - Processing /opt/airflow/dags/tcc_pipeline_dag.py took 0.136 seconds
[2025-09-05T00:47:13.197+0000] {processor.py:161} INFO - Started process (PID=93) to work on /opt/airflow/dags/tcc_pipeline_dag.py
[2025-09-05T00:47:13.199+0000] {processor.py:830} INFO - Processing file /opt/airflow/dags/tcc_pipeline_dag.py for tasks to queue
[2025-09-05T00:47:13.201+0000] {logging_mixin.py:188} INFO - [2025-09-05T00:47:13.201+0000] {dagbag.py:545} INFO - Filling up the DagBag from /opt/airflow/dags/tcc_pipeline_dag.py
[2025-09-05T00:47:13.248+0000] {processor.py:840} INFO - DAG(s) 'pipeline_dados_transito_tcc' retrieved from /opt/airflow/dags/tcc_pipeline_dag.py
[2025-09-05T00:47:13.282+0000] {logging_mixin.py:188} INFO - [2025-09-05T00:47:13.282+0000] {dag.py:3096} INFO - Sync 1 DAGs
[2025-09-05T00:47:13.300+0000] {logging_mixin.py:188} INFO - [2025-09-05T00:47:13.300+0000] {dag.py:3954} INFO - Setting next_dagrun for pipeline_dados_transito_tcc to 2025-09-04 08:00:00+00:00, run_after=2025-09-05 08:00:00+00:00
[2025-09-05T00:47:13.319+0000] {processor.py:183} INFO - Processing /opt/airflow/dags/tcc_pipeline_dag.py took 0.132 seconds
[2025-09-05T00:47:43.616+0000] {processor.py:161} INFO - Started process (PID=100) to work on /opt/airflow/dags/tcc_pipeline_dag.py
[2025-09-05T00:47:43.617+0000] {processor.py:830} INFO - Processing file /opt/airflow/dags/tcc_pipeline_dag.py for tasks to queue
[2025-09-05T00:47:43.620+0000] {logging_mixin.py:188} INFO - [2025-09-05T00:47:43.619+0000] {dagbag.py:545} INFO - Filling up the DagBag from /opt/airflow/dags/tcc_pipeline_dag.py
[2025-09-05T00:47:43.671+0000] {processor.py:840} INFO - DAG(s) 'pipeline_dados_transito_tcc' retrieved from /opt/airflow/dags/tcc_pipeline_dag.py
[2025-09-05T00:47:43.708+0000] {logging_mixin.py:188} INFO - [2025-09-05T00:47:43.707+0000] {dag.py:3096} INFO - Sync 1 DAGs
[2025-09-05T00:47:43.728+0000] {logging_mixin.py:188} INFO - [2025-09-05T00:47:43.727+0000] {dag.py:3954} INFO - Setting next_dagrun for pipeline_dados_transito_tcc to 2025-09-04 08:00:00+00:00, run_after=2025-09-05 08:00:00+00:00
[2025-09-05T00:47:43.745+0000] {processor.py:183} INFO - Processing /opt/airflow/dags/tcc_pipeline_dag.py took 0.135 seconds
[2025-09-05T00:48:13.972+0000] {processor.py:161} INFO - Started process (PID=106) to work on /opt/airflow/dags/tcc_pipeline_dag.py
[2025-09-05T00:48:13.974+0000] {processor.py:830} INFO - Processing file /opt/airflow/dags/tcc_pipeline_dag.py for tasks to queue
[2025-09-05T00:48:13.977+0000] {logging_mixin.py:188} INFO - [2025-09-05T00:48:13.976+0000] {dagbag.py:545} INFO - Filling up the DagBag from /opt/airflow/dags/tcc_pipeline_dag.py
[2025-09-05T00:48:14.006+0000] {processor.py:840} INFO - DAG(s) 'pipeline_dados_transito_tcc' retrieved from /opt/airflow/dags/tcc_pipeline_dag.py
[2025-09-05T00:48:14.032+0000] {logging_mixin.py:188} INFO - [2025-09-05T00:48:14.032+0000] {dag.py:3096} INFO - Sync 1 DAGs
[2025-09-05T00:48:14.053+0000] {logging_mixin.py:188} INFO - [2025-09-05T00:48:14.053+0000] {dag.py:3954} INFO - Setting next_dagrun for pipeline_dados_transito_tcc to 2025-09-04 08:00:00+00:00, run_after=2025-09-05 08:00:00+00:00
[2025-09-05T00:48:14.093+0000] {processor.py:183} INFO - Processing /opt/airflow/dags/tcc_pipeline_dag.py took 0.127 seconds
[2025-09-05T00:48:44.381+0000] {processor.py:161} INFO - Started process (PID=113) to work on /opt/airflow/dags/tcc_pipeline_dag.py
[2025-09-05T00:48:44.382+0000] {processor.py:830} INFO - Processing file /opt/airflow/dags/tcc_pipeline_dag.py for tasks to queue
[2025-09-05T00:48:44.384+0000] {logging_mixin.py:188} INFO - [2025-09-05T00:48:44.384+0000] {dagbag.py:545} INFO - Filling up the DagBag from /opt/airflow/dags/tcc_pipeline_dag.py
[2025-09-05T00:48:44.421+0000] {processor.py:840} INFO - DAG(s) 'pipeline_dados_transito_tcc' retrieved from /opt/airflow/dags/tcc_pipeline_dag.py
[2025-09-05T00:48:44.447+0000] {logging_mixin.py:188} INFO - [2025-09-05T00:48:44.447+0000] {dag.py:3096} INFO - Sync 1 DAGs
[2025-09-05T00:48:44.466+0000] {logging_mixin.py:188} INFO - [2025-09-05T00:48:44.466+0000] {dag.py:3954} INFO - Setting next_dagrun for pipeline_dados_transito_tcc to 2025-09-04 08:00:00+00:00, run_after=2025-09-05 08:00:00+00:00
[2025-09-05T00:48:44.491+0000] {processor.py:183} INFO - Processing /opt/airflow/dags/tcc_pipeline_dag.py took 0.115 seconds
[2025-09-05T00:49:14.660+0000] {processor.py:161} INFO - Started process (PID=120) to work on /opt/airflow/dags/tcc_pipeline_dag.py
[2025-09-05T00:49:14.662+0000] {processor.py:830} INFO - Processing file /opt/airflow/dags/tcc_pipeline_dag.py for tasks to queue
[2025-09-05T00:49:14.664+0000] {logging_mixin.py:188} INFO - [2025-09-05T00:49:14.663+0000] {dagbag.py:545} INFO - Filling up the DagBag from /opt/airflow/dags/tcc_pipeline_dag.py
[2025-09-05T00:49:14.690+0000] {processor.py:840} INFO - DAG(s) 'pipeline_dados_transito_tcc' retrieved from /opt/airflow/dags/tcc_pipeline_dag.py
[2025-09-05T00:49:14.723+0000] {logging_mixin.py:188} INFO - [2025-09-05T00:49:14.723+0000] {dag.py:3096} INFO - Sync 1 DAGs
[2025-09-05T00:49:14.744+0000] {logging_mixin.py:188} INFO - [2025-09-05T00:49:14.744+0000] {dag.py:3954} INFO - Setting next_dagrun for pipeline_dados_transito_tcc to 2025-09-04 08:00:00+00:00, run_after=2025-09-05 08:00:00+00:00
[2025-09-05T00:49:14.764+0000] {processor.py:183} INFO - Processing /opt/airflow/dags/tcc_pipeline_dag.py took 0.109 seconds
[2025-09-05T00:49:45.115+0000] {processor.py:161} INFO - Started process (PID=127) to work on /opt/airflow/dags/tcc_pipeline_dag.py
[2025-09-05T00:49:45.117+0000] {processor.py:830} INFO - Processing file /opt/airflow/dags/tcc_pipeline_dag.py for tasks to queue
[2025-09-05T00:49:45.120+0000] {logging_mixin.py:188} INFO - [2025-09-05T00:49:45.119+0000] {dagbag.py:545} INFO - Filling up the DagBag from /opt/airflow/dags/tcc_pipeline_dag.py
[2025-09-05T00:49:45.155+0000] {processor.py:840} INFO - DAG(s) 'pipeline_dados_transito_tcc' retrieved from /opt/airflow/dags/tcc_pipeline_dag.py
[2025-09-05T00:49:45.177+0000] {logging_mixin.py:188} INFO - [2025-09-05T00:49:45.177+0000] {dag.py:3096} INFO - Sync 1 DAGs
[2025-09-05T00:49:45.195+0000] {logging_mixin.py:188} INFO - [2025-09-05T00:49:45.195+0000] {dag.py:3954} INFO - Setting next_dagrun for pipeline_dados_transito_tcc to 2025-09-04 08:00:00+00:00, run_after=2025-09-05 08:00:00+00:00
[2025-09-05T00:49:45.216+0000] {processor.py:183} INFO - Processing /opt/airflow/dags/tcc_pipeline_dag.py took 0.105 seconds
[2025-09-05T00:50:15.421+0000] {processor.py:161} INFO - Started process (PID=134) to work on /opt/airflow/dags/tcc_pipeline_dag.py
[2025-09-05T00:50:15.422+0000] {processor.py:830} INFO - Processing file /opt/airflow/dags/tcc_pipeline_dag.py for tasks to queue
[2025-09-05T00:50:15.425+0000] {logging_mixin.py:188} INFO - [2025-09-05T00:50:15.425+0000] {dagbag.py:545} INFO - Filling up the DagBag from /opt/airflow/dags/tcc_pipeline_dag.py
[2025-09-05T00:50:15.468+0000] {processor.py:840} INFO - DAG(s) 'pipeline_dados_transito_tcc' retrieved from /opt/airflow/dags/tcc_pipeline_dag.py
[2025-09-05T00:50:15.493+0000] {logging_mixin.py:188} INFO - [2025-09-05T00:50:15.493+0000] {dag.py:3096} INFO - Sync 1 DAGs
[2025-09-05T00:50:15.513+0000] {logging_mixin.py:188} INFO - [2025-09-05T00:50:15.513+0000] {dag.py:3954} INFO - Setting next_dagrun for pipeline_dados_transito_tcc to 2025-09-04 08:00:00+00:00, run_after=2025-09-05 08:00:00+00:00
[2025-09-05T00:50:15.531+0000] {processor.py:183} INFO - Processing /opt/airflow/dags/tcc_pipeline_dag.py took 0.119 seconds
[2025-09-05T00:50:45.778+0000] {processor.py:161} INFO - Started process (PID=141) to work on /opt/airflow/dags/tcc_pipeline_dag.py
[2025-09-05T00:50:45.780+0000] {processor.py:830} INFO - Processing file /opt/airflow/dags/tcc_pipeline_dag.py for tasks to queue
[2025-09-05T00:50:45.784+0000] {logging_mixin.py:188} INFO - [2025-09-05T00:50:45.784+0000] {dagbag.py:545} INFO - Filling up the DagBag from /opt/airflow/dags/tcc_pipeline_dag.py
[2025-09-05T00:50:45.838+0000] {processor.py:840} INFO - DAG(s) 'pipeline_dados_transito_tcc' retrieved from /opt/airflow/dags/tcc_pipeline_dag.py
[2025-09-05T00:50:45.877+0000] {logging_mixin.py:188} INFO - [2025-09-05T00:50:45.877+0000] {dag.py:3096} INFO - Sync 1 DAGs
[2025-09-05T00:50:45.913+0000] {logging_mixin.py:188} INFO - [2025-09-05T00:50:45.912+0000] {dag.py:3954} INFO - Setting next_dagrun for pipeline_dados_transito_tcc to 2025-09-04 08:00:00+00:00, run_after=2025-09-05 08:00:00+00:00
[2025-09-05T00:50:45.963+0000] {processor.py:183} INFO - Processing /opt/airflow/dags/tcc_pipeline_dag.py took 0.192 seconds
[2025-09-05T00:51:16.142+0000] {processor.py:161} INFO - Started process (PID=148) to work on /opt/airflow/dags/tcc_pipeline_dag.py
[2025-09-05T00:51:16.144+0000] {processor.py:830} INFO - Processing file /opt/airflow/dags/tcc_pipeline_dag.py for tasks to queue
[2025-09-05T00:51:16.147+0000] {logging_mixin.py:188} INFO - [2025-09-05T00:51:16.146+0000] {dagbag.py:545} INFO - Filling up the DagBag from /opt/airflow/dags/tcc_pipeline_dag.py
[2025-09-05T00:51:16.185+0000] {processor.py:840} INFO - DAG(s) 'pipeline_dados_transito_tcc' retrieved from /opt/airflow/dags/tcc_pipeline_dag.py
[2025-09-05T00:51:16.211+0000] {logging_mixin.py:188} INFO - [2025-09-05T00:51:16.211+0000] {dag.py:3096} INFO - Sync 1 DAGs
[2025-09-05T00:51:16.232+0000] {logging_mixin.py:188} INFO - [2025-09-05T00:51:16.232+0000] {dag.py:3954} INFO - Setting next_dagrun for pipeline_dados_transito_tcc to 2025-09-04 08:00:00+00:00, run_after=2025-09-05 08:00:00+00:00
[2025-09-05T00:51:16.251+0000] {processor.py:183} INFO - Processing /opt/airflow/dags/tcc_pipeline_dag.py took 0.119 seconds
[2025-09-05T00:51:46.459+0000] {processor.py:161} INFO - Started process (PID=155) to work on /opt/airflow/dags/tcc_pipeline_dag.py
[2025-09-05T00:51:46.460+0000] {processor.py:830} INFO - Processing file /opt/airflow/dags/tcc_pipeline_dag.py for tasks to queue
[2025-09-05T00:51:46.467+0000] {logging_mixin.py:188} INFO - [2025-09-05T00:51:46.466+0000] {dagbag.py:545} INFO - Filling up the DagBag from /opt/airflow/dags/tcc_pipeline_dag.py
[2025-09-05T00:51:46.508+0000] {processor.py:840} INFO - DAG(s) 'pipeline_dados_transito_tcc' retrieved from /opt/airflow/dags/tcc_pipeline_dag.py
[2025-09-05T00:51:46.542+0000] {logging_mixin.py:188} INFO - [2025-09-05T00:51:46.542+0000] {dag.py:3096} INFO - Sync 1 DAGs
[2025-09-05T00:51:46.575+0000] {logging_mixin.py:188} INFO - [2025-09-05T00:51:46.575+0000] {dag.py:3954} INFO - Setting next_dagrun for pipeline_dados_transito_tcc to 2025-09-04 08:00:00+00:00, run_after=2025-09-05 08:00:00+00:00
[2025-09-05T00:51:46.606+0000] {processor.py:183} INFO - Processing /opt/airflow/dags/tcc_pipeline_dag.py took 0.161 seconds
[2025-09-05T00:52:16.944+0000] {processor.py:161} INFO - Started process (PID=168) to work on /opt/airflow/dags/tcc_pipeline_dag.py
[2025-09-05T00:52:16.946+0000] {processor.py:830} INFO - Processing file /opt/airflow/dags/tcc_pipeline_dag.py for tasks to queue
[2025-09-05T00:52:16.949+0000] {logging_mixin.py:188} INFO - [2025-09-05T00:52:16.949+0000] {dagbag.py:545} INFO - Filling up the DagBag from /opt/airflow/dags/tcc_pipeline_dag.py
[2025-09-05T00:52:17.007+0000] {processor.py:840} INFO - DAG(s) 'pipeline_dados_transito_tcc' retrieved from /opt/airflow/dags/tcc_pipeline_dag.py
[2025-09-05T00:52:17.032+0000] {logging_mixin.py:188} INFO - [2025-09-05T00:52:17.032+0000] {dag.py:3096} INFO - Sync 1 DAGs
[2025-09-05T00:52:17.061+0000] {logging_mixin.py:188} INFO - [2025-09-05T00:52:17.060+0000] {dag.py:3954} INFO - Setting next_dagrun for pipeline_dados_transito_tcc to 2025-09-04 08:00:00+00:00, run_after=2025-09-05 08:00:00+00:00
[2025-09-05T00:52:17.089+0000] {processor.py:183} INFO - Processing /opt/airflow/dags/tcc_pipeline_dag.py took 0.152 seconds
[2025-09-05T00:52:47.396+0000] {processor.py:161} INFO - Started process (PID=175) to work on /opt/airflow/dags/tcc_pipeline_dag.py
[2025-09-05T00:52:47.399+0000] {processor.py:830} INFO - Processing file /opt/airflow/dags/tcc_pipeline_dag.py for tasks to queue
[2025-09-05T00:52:47.401+0000] {logging_mixin.py:188} INFO - [2025-09-05T00:52:47.401+0000] {dagbag.py:545} INFO - Filling up the DagBag from /opt/airflow/dags/tcc_pipeline_dag.py
[2025-09-05T00:52:47.486+0000] {processor.py:840} INFO - DAG(s) 'pipeline_dados_transito_tcc' retrieved from /opt/airflow/dags/tcc_pipeline_dag.py
[2025-09-05T00:52:47.548+0000] {logging_mixin.py:188} INFO - [2025-09-05T00:52:47.548+0000] {dag.py:3096} INFO - Sync 1 DAGs
[2025-09-05T00:52:47.586+0000] {logging_mixin.py:188} INFO - [2025-09-05T00:52:47.586+0000] {dag.py:3954} INFO - Setting next_dagrun for pipeline_dados_transito_tcc to 2025-09-04 08:00:00+00:00, run_after=2025-09-05 08:00:00+00:00
[2025-09-05T00:52:47.612+0000] {processor.py:183} INFO - Processing /opt/airflow/dags/tcc_pipeline_dag.py took 0.222 seconds
[2025-09-05T00:53:17.755+0000] {processor.py:161} INFO - Started process (PID=182) to work on /opt/airflow/dags/tcc_pipeline_dag.py
[2025-09-05T00:53:17.756+0000] {processor.py:830} INFO - Processing file /opt/airflow/dags/tcc_pipeline_dag.py for tasks to queue
[2025-09-05T00:53:17.759+0000] {logging_mixin.py:188} INFO - [2025-09-05T00:53:17.758+0000] {dagbag.py:545} INFO - Filling up the DagBag from /opt/airflow/dags/tcc_pipeline_dag.py
[2025-09-05T00:53:17.800+0000] {processor.py:840} INFO - DAG(s) 'pipeline_dados_transito_tcc' retrieved from /opt/airflow/dags/tcc_pipeline_dag.py
[2025-09-05T00:53:17.827+0000] {logging_mixin.py:188} INFO - [2025-09-05T00:53:17.827+0000] {dag.py:3096} INFO - Sync 1 DAGs
[2025-09-05T00:53:17.848+0000] {logging_mixin.py:188} INFO - [2025-09-05T00:53:17.848+0000] {dag.py:3954} INFO - Setting next_dagrun for pipeline_dados_transito_tcc to 2025-09-04 08:00:00+00:00, run_after=2025-09-05 08:00:00+00:00
[2025-09-05T00:53:17.870+0000] {processor.py:183} INFO - Processing /opt/airflow/dags/tcc_pipeline_dag.py took 0.124 seconds
[2025-09-05T00:53:48.048+0000] {processor.py:161} INFO - Started process (PID=189) to work on /opt/airflow/dags/tcc_pipeline_dag.py
[2025-09-05T00:53:48.050+0000] {processor.py:830} INFO - Processing file /opt/airflow/dags/tcc_pipeline_dag.py for tasks to queue
[2025-09-05T00:53:48.052+0000] {logging_mixin.py:188} INFO - [2025-09-05T00:53:48.052+0000] {dagbag.py:545} INFO - Filling up the DagBag from /opt/airflow/dags/tcc_pipeline_dag.py
[2025-09-05T00:53:48.126+0000] {processor.py:840} INFO - DAG(s) 'pipeline_dados_transito_tcc' retrieved from /opt/airflow/dags/tcc_pipeline_dag.py
[2025-09-05T00:53:48.155+0000] {logging_mixin.py:188} INFO - [2025-09-05T00:53:48.155+0000] {dag.py:3096} INFO - Sync 1 DAGs
[2025-09-05T00:53:48.186+0000] {logging_mixin.py:188} INFO - [2025-09-05T00:53:48.186+0000] {dag.py:3954} INFO - Setting next_dagrun for pipeline_dados_transito_tcc to 2025-09-04 08:00:00+00:00, run_after=2025-09-05 08:00:00+00:00
[2025-09-05T00:53:48.212+0000] {processor.py:183} INFO - Processing /opt/airflow/dags/tcc_pipeline_dag.py took 0.169 seconds
[2025-09-05T00:54:18.509+0000] {processor.py:161} INFO - Started process (PID=196) to work on /opt/airflow/dags/tcc_pipeline_dag.py
[2025-09-05T00:54:18.511+0000] {processor.py:830} INFO - Processing file /opt/airflow/dags/tcc_pipeline_dag.py for tasks to queue
[2025-09-05T00:54:18.514+0000] {logging_mixin.py:188} INFO - [2025-09-05T00:54:18.514+0000] {dagbag.py:545} INFO - Filling up the DagBag from /opt/airflow/dags/tcc_pipeline_dag.py
[2025-09-05T00:54:18.590+0000] {processor.py:840} INFO - DAG(s) 'pipeline_dados_transito_tcc' retrieved from /opt/airflow/dags/tcc_pipeline_dag.py
[2025-09-05T00:54:18.614+0000] {logging_mixin.py:188} INFO - [2025-09-05T00:54:18.613+0000] {dag.py:3096} INFO - Sync 1 DAGs
[2025-09-05T00:54:18.635+0000] {logging_mixin.py:188} INFO - [2025-09-05T00:54:18.635+0000] {dag.py:3954} INFO - Setting next_dagrun for pipeline_dados_transito_tcc to 2025-09-04 08:00:00+00:00, run_after=2025-09-05 08:00:00+00:00
[2025-09-05T00:54:18.657+0000] {processor.py:183} INFO - Processing /opt/airflow/dags/tcc_pipeline_dag.py took 0.155 seconds
[2025-09-05T00:54:48.909+0000] {processor.py:161} INFO - Started process (PID=203) to work on /opt/airflow/dags/tcc_pipeline_dag.py
[2025-09-05T00:54:48.911+0000] {processor.py:830} INFO - Processing file /opt/airflow/dags/tcc_pipeline_dag.py for tasks to queue
[2025-09-05T00:54:48.913+0000] {logging_mixin.py:188} INFO - [2025-09-05T00:54:48.913+0000] {dagbag.py:545} INFO - Filling up the DagBag from /opt/airflow/dags/tcc_pipeline_dag.py
[2025-09-05T00:54:48.946+0000] {processor.py:840} INFO - DAG(s) 'pipeline_dados_transito_tcc' retrieved from /opt/airflow/dags/tcc_pipeline_dag.py
[2025-09-05T00:54:48.968+0000] {logging_mixin.py:188} INFO - [2025-09-05T00:54:48.968+0000] {dag.py:3096} INFO - Sync 1 DAGs
[2025-09-05T00:54:48.991+0000] {logging_mixin.py:188} INFO - [2025-09-05T00:54:48.991+0000] {dag.py:3954} INFO - Setting next_dagrun for pipeline_dados_transito_tcc to 2025-09-04 08:00:00+00:00, run_after=2025-09-05 08:00:00+00:00
[2025-09-05T00:54:49.014+0000] {processor.py:183} INFO - Processing /opt/airflow/dags/tcc_pipeline_dag.py took 0.114 seconds
[2025-09-05T00:55:19.428+0000] {processor.py:161} INFO - Started process (PID=210) to work on /opt/airflow/dags/tcc_pipeline_dag.py
[2025-09-05T00:55:19.430+0000] {processor.py:830} INFO - Processing file /opt/airflow/dags/tcc_pipeline_dag.py for tasks to queue
[2025-09-05T00:55:19.434+0000] {logging_mixin.py:188} INFO - [2025-09-05T00:55:19.434+0000] {dagbag.py:545} INFO - Filling up the DagBag from /opt/airflow/dags/tcc_pipeline_dag.py
[2025-09-05T00:55:19.519+0000] {processor.py:840} INFO - DAG(s) 'pipeline_dados_transito_tcc' retrieved from /opt/airflow/dags/tcc_pipeline_dag.py
[2025-09-05T00:55:19.549+0000] {logging_mixin.py:188} INFO - [2025-09-05T00:55:19.549+0000] {dag.py:3096} INFO - Sync 1 DAGs
[2025-09-05T00:55:19.570+0000] {logging_mixin.py:188} INFO - [2025-09-05T00:55:19.570+0000] {dag.py:3954} INFO - Setting next_dagrun for pipeline_dados_transito_tcc to 2025-09-04 08:00:00+00:00, run_after=2025-09-05 08:00:00+00:00
[2025-09-05T00:55:19.606+0000] {processor.py:183} INFO - Processing /opt/airflow/dags/tcc_pipeline_dag.py took 0.183 seconds
[2025-09-05T00:55:49.755+0000] {processor.py:161} INFO - Started process (PID=217) to work on /opt/airflow/dags/tcc_pipeline_dag.py
[2025-09-05T00:55:49.756+0000] {processor.py:830} INFO - Processing file /opt/airflow/dags/tcc_pipeline_dag.py for tasks to queue
[2025-09-05T00:55:49.758+0000] {logging_mixin.py:188} INFO - [2025-09-05T00:55:49.758+0000] {dagbag.py:545} INFO - Filling up the DagBag from /opt/airflow/dags/tcc_pipeline_dag.py
[2025-09-05T00:55:49.801+0000] {processor.py:840} INFO - DAG(s) 'pipeline_dados_transito_tcc' retrieved from /opt/airflow/dags/tcc_pipeline_dag.py
[2025-09-05T00:55:49.843+0000] {logging_mixin.py:188} INFO - [2025-09-05T00:55:49.842+0000] {dag.py:3096} INFO - Sync 1 DAGs
[2025-09-05T00:55:49.865+0000] {logging_mixin.py:188} INFO - [2025-09-05T00:55:49.865+0000] {dag.py:3954} INFO - Setting next_dagrun for pipeline_dados_transito_tcc to 2025-09-04 08:00:00+00:00, run_after=2025-09-05 08:00:00+00:00
[2025-09-05T00:55:49.895+0000] {processor.py:183} INFO - Processing /opt/airflow/dags/tcc_pipeline_dag.py took 0.148 seconds
[2025-09-05T00:56:20.108+0000] {processor.py:161} INFO - Started process (PID=224) to work on /opt/airflow/dags/tcc_pipeline_dag.py
[2025-09-05T00:56:20.112+0000] {processor.py:830} INFO - Processing file /opt/airflow/dags/tcc_pipeline_dag.py for tasks to queue
[2025-09-05T00:56:20.117+0000] {logging_mixin.py:188} INFO - [2025-09-05T00:56:20.116+0000] {dagbag.py:545} INFO - Filling up the DagBag from /opt/airflow/dags/tcc_pipeline_dag.py
[2025-09-05T00:56:20.191+0000] {processor.py:840} INFO - DAG(s) 'pipeline_dados_transito_tcc' retrieved from /opt/airflow/dags/tcc_pipeline_dag.py
[2025-09-05T00:56:20.239+0000] {logging_mixin.py:188} INFO - [2025-09-05T00:56:20.239+0000] {dag.py:3096} INFO - Sync 1 DAGs
[2025-09-05T00:56:20.292+0000] {logging_mixin.py:188} INFO - [2025-09-05T00:56:20.292+0000] {dag.py:3954} INFO - Setting next_dagrun for pipeline_dados_transito_tcc to 2025-09-04 08:00:00+00:00, run_after=2025-09-05 08:00:00+00:00
[2025-09-05T00:56:20.352+0000] {processor.py:183} INFO - Processing /opt/airflow/dags/tcc_pipeline_dag.py took 0.256 seconds
[2025-09-05T00:56:50.554+0000] {processor.py:161} INFO - Started process (PID=231) to work on /opt/airflow/dags/tcc_pipeline_dag.py
[2025-09-05T00:56:50.556+0000] {processor.py:830} INFO - Processing file /opt/airflow/dags/tcc_pipeline_dag.py for tasks to queue
[2025-09-05T00:56:50.558+0000] {logging_mixin.py:188} INFO - [2025-09-05T00:56:50.558+0000] {dagbag.py:545} INFO - Filling up the DagBag from /opt/airflow/dags/tcc_pipeline_dag.py
[2025-09-05T00:56:50.620+0000] {processor.py:840} INFO - DAG(s) 'pipeline_dados_transito_tcc' retrieved from /opt/airflow/dags/tcc_pipeline_dag.py
[2025-09-05T00:56:50.655+0000] {logging_mixin.py:188} INFO - [2025-09-05T00:56:50.655+0000] {dag.py:3096} INFO - Sync 1 DAGs
[2025-09-05T00:56:50.685+0000] {logging_mixin.py:188} INFO - [2025-09-05T00:56:50.684+0000] {dag.py:3954} INFO - Setting next_dagrun for pipeline_dados_transito_tcc to 2025-09-04 08:00:00+00:00, run_after=2025-09-05 08:00:00+00:00
[2025-09-05T00:56:50.728+0000] {processor.py:183} INFO - Processing /opt/airflow/dags/tcc_pipeline_dag.py took 0.178 seconds
[2025-09-05T00:57:21.004+0000] {processor.py:161} INFO - Started process (PID=238) to work on /opt/airflow/dags/tcc_pipeline_dag.py
[2025-09-05T00:57:21.005+0000] {processor.py:830} INFO - Processing file /opt/airflow/dags/tcc_pipeline_dag.py for tasks to queue
[2025-09-05T00:57:21.007+0000] {logging_mixin.py:188} INFO - [2025-09-05T00:57:21.007+0000] {dagbag.py:545} INFO - Filling up the DagBag from /opt/airflow/dags/tcc_pipeline_dag.py
[2025-09-05T00:57:21.063+0000] {processor.py:840} INFO - DAG(s) 'pipeline_dados_transito_tcc' retrieved from /opt/airflow/dags/tcc_pipeline_dag.py
[2025-09-05T00:57:21.094+0000] {logging_mixin.py:188} INFO - [2025-09-05T00:57:21.093+0000] {dag.py:3096} INFO - Sync 1 DAGs
[2025-09-05T00:57:21.126+0000] {logging_mixin.py:188} INFO - [2025-09-05T00:57:21.126+0000] {dag.py:3954} INFO - Setting next_dagrun for pipeline_dados_transito_tcc to 2025-09-04 08:00:00+00:00, run_after=2025-09-05 08:00:00+00:00
[2025-09-05T00:57:21.153+0000] {processor.py:183} INFO - Processing /opt/airflow/dags/tcc_pipeline_dag.py took 0.154 seconds
[2025-09-05T00:57:51.509+0000] {processor.py:161} INFO - Started process (PID=245) to work on /opt/airflow/dags/tcc_pipeline_dag.py
[2025-09-05T00:57:51.516+0000] {processor.py:830} INFO - Processing file /opt/airflow/dags/tcc_pipeline_dag.py for tasks to queue
[2025-09-05T00:57:51.521+0000] {logging_mixin.py:188} INFO - [2025-09-05T00:57:51.521+0000] {dagbag.py:545} INFO - Filling up the DagBag from /opt/airflow/dags/tcc_pipeline_dag.py
[2025-09-05T00:57:51.615+0000] {processor.py:840} INFO - DAG(s) 'pipeline_dados_transito_tcc' retrieved from /opt/airflow/dags/tcc_pipeline_dag.py
[2025-09-05T00:57:51.637+0000] {logging_mixin.py:188} INFO - [2025-09-05T00:57:51.637+0000] {dag.py:3096} INFO - Sync 1 DAGs
[2025-09-05T00:57:51.656+0000] {logging_mixin.py:188} INFO - [2025-09-05T00:57:51.656+0000] {dag.py:3954} INFO - Setting next_dagrun for pipeline_dados_transito_tcc to 2025-09-04 08:00:00+00:00, run_after=2025-09-05 08:00:00+00:00
[2025-09-05T00:57:51.675+0000] {processor.py:183} INFO - Processing /opt/airflow/dags/tcc_pipeline_dag.py took 0.173 seconds
[2025-09-05T00:58:21.827+0000] {processor.py:161} INFO - Started process (PID=252) to work on /opt/airflow/dags/tcc_pipeline_dag.py
[2025-09-05T00:58:21.828+0000] {processor.py:830} INFO - Processing file /opt/airflow/dags/tcc_pipeline_dag.py for tasks to queue
[2025-09-05T00:58:21.830+0000] {logging_mixin.py:188} INFO - [2025-09-05T00:58:21.830+0000] {dagbag.py:545} INFO - Filling up the DagBag from /opt/airflow/dags/tcc_pipeline_dag.py
[2025-09-05T00:58:21.870+0000] {processor.py:840} INFO - DAG(s) 'pipeline_dados_transito_tcc' retrieved from /opt/airflow/dags/tcc_pipeline_dag.py
[2025-09-05T00:58:21.900+0000] {logging_mixin.py:188} INFO - [2025-09-05T00:58:21.900+0000] {dag.py:3096} INFO - Sync 1 DAGs
[2025-09-05T00:58:21.921+0000] {logging_mixin.py:188} INFO - [2025-09-05T00:58:21.920+0000] {dag.py:3954} INFO - Setting next_dagrun for pipeline_dados_transito_tcc to 2025-09-04 08:00:00+00:00, run_after=2025-09-05 08:00:00+00:00
[2025-09-05T00:58:21.937+0000] {processor.py:183} INFO - Processing /opt/airflow/dags/tcc_pipeline_dag.py took 0.116 seconds
[2025-09-05T18:19:43.007+0000] {processor.py:161} INFO - Started process (PID=49) to work on /opt/airflow/dags/tcc_pipeline_dag.py
[2025-09-05T18:19:43.008+0000] {processor.py:830} INFO - Processing file /opt/airflow/dags/tcc_pipeline_dag.py for tasks to queue
[2025-09-05T18:19:43.010+0000] {logging_mixin.py:188} INFO - [2025-09-05T18:19:43.010+0000] {dagbag.py:545} INFO - Filling up the DagBag from /opt/airflow/dags/tcc_pipeline_dag.py
[2025-09-05T18:19:43.044+0000] {processor.py:840} INFO - DAG(s) 'pipeline_dados_transito_tcc' retrieved from /opt/airflow/dags/tcc_pipeline_dag.py
[2025-09-05T18:19:43.091+0000] {logging_mixin.py:188} INFO - [2025-09-05T18:19:43.091+0000] {dag.py:3096} INFO - Sync 1 DAGs
[2025-09-05T18:19:43.113+0000] {logging_mixin.py:188} INFO - [2025-09-05T18:19:43.113+0000] {dag.py:3954} INFO - Setting next_dagrun for pipeline_dados_transito_tcc to 2025-09-05 08:00:00+00:00, run_after=2025-09-06 08:00:00+00:00
[2025-09-05T18:19:43.132+0000] {processor.py:183} INFO - Processing /opt/airflow/dags/tcc_pipeline_dag.py took 0.130 seconds
[2025-09-05T18:20:13.256+0000] {processor.py:161} INFO - Started process (PID=56) to work on /opt/airflow/dags/tcc_pipeline_dag.py
[2025-09-05T18:20:13.261+0000] {processor.py:830} INFO - Processing file /opt/airflow/dags/tcc_pipeline_dag.py for tasks to queue
[2025-09-05T18:20:13.263+0000] {logging_mixin.py:188} INFO - [2025-09-05T18:20:13.263+0000] {dagbag.py:545} INFO - Filling up the DagBag from /opt/airflow/dags/tcc_pipeline_dag.py
[2025-09-05T18:20:13.288+0000] {processor.py:840} INFO - DAG(s) 'pipeline_dados_transito_tcc' retrieved from /opt/airflow/dags/tcc_pipeline_dag.py
[2025-09-05T18:20:13.312+0000] {logging_mixin.py:188} INFO - [2025-09-05T18:20:13.311+0000] {dag.py:3096} INFO - Sync 1 DAGs
[2025-09-05T18:20:13.332+0000] {logging_mixin.py:188} INFO - [2025-09-05T18:20:13.332+0000] {dag.py:3954} INFO - Setting next_dagrun for pipeline_dados_transito_tcc to 2025-09-05 08:00:00+00:00, run_after=2025-09-06 08:00:00+00:00
[2025-09-05T18:20:13.348+0000] {processor.py:183} INFO - Processing /opt/airflow/dags/tcc_pipeline_dag.py took 0.099 seconds
[2025-09-05T18:20:43.617+0000] {processor.py:161} INFO - Started process (PID=63) to work on /opt/airflow/dags/tcc_pipeline_dag.py
[2025-09-05T18:20:43.618+0000] {processor.py:830} INFO - Processing file /opt/airflow/dags/tcc_pipeline_dag.py for tasks to queue
[2025-09-05T18:20:43.620+0000] {logging_mixin.py:188} INFO - [2025-09-05T18:20:43.620+0000] {dagbag.py:545} INFO - Filling up the DagBag from /opt/airflow/dags/tcc_pipeline_dag.py
[2025-09-05T18:20:43.653+0000] {processor.py:840} INFO - DAG(s) 'pipeline_dados_transito_tcc' retrieved from /opt/airflow/dags/tcc_pipeline_dag.py
[2025-09-05T18:20:43.682+0000] {logging_mixin.py:188} INFO - [2025-09-05T18:20:43.682+0000] {dag.py:3096} INFO - Sync 1 DAGs
[2025-09-05T18:20:43.705+0000] {logging_mixin.py:188} INFO - [2025-09-05T18:20:43.704+0000] {dag.py:3954} INFO - Setting next_dagrun for pipeline_dados_transito_tcc to 2025-09-05 08:00:00+00:00, run_after=2025-09-06 08:00:00+00:00
[2025-09-05T18:20:43.724+0000] {processor.py:183} INFO - Processing /opt/airflow/dags/tcc_pipeline_dag.py took 0.111 seconds
[2025-09-05T18:21:13.832+0000] {processor.py:161} INFO - Started process (PID=70) to work on /opt/airflow/dags/tcc_pipeline_dag.py
[2025-09-05T18:21:13.833+0000] {processor.py:830} INFO - Processing file /opt/airflow/dags/tcc_pipeline_dag.py for tasks to queue
[2025-09-05T18:21:13.835+0000] {logging_mixin.py:188} INFO - [2025-09-05T18:21:13.834+0000] {dagbag.py:545} INFO - Filling up the DagBag from /opt/airflow/dags/tcc_pipeline_dag.py
[2025-09-05T18:21:13.862+0000] {processor.py:840} INFO - DAG(s) 'pipeline_dados_transito_tcc' retrieved from /opt/airflow/dags/tcc_pipeline_dag.py
[2025-09-05T18:21:13.884+0000] {logging_mixin.py:188} INFO - [2025-09-05T18:21:13.883+0000] {dag.py:3096} INFO - Sync 1 DAGs
[2025-09-05T18:21:13.901+0000] {logging_mixin.py:188} INFO - [2025-09-05T18:21:13.901+0000] {dag.py:3954} INFO - Setting next_dagrun for pipeline_dados_transito_tcc to 2025-09-05 08:00:00+00:00, run_after=2025-09-06 08:00:00+00:00
[2025-09-05T18:21:13.916+0000] {processor.py:183} INFO - Processing /opt/airflow/dags/tcc_pipeline_dag.py took 0.090 seconds
[2025-09-05T18:21:44.114+0000] {processor.py:161} INFO - Started process (PID=78) to work on /opt/airflow/dags/tcc_pipeline_dag.py
[2025-09-05T18:21:44.116+0000] {processor.py:830} INFO - Processing file /opt/airflow/dags/tcc_pipeline_dag.py for tasks to queue
[2025-09-05T18:21:44.119+0000] {logging_mixin.py:188} INFO - [2025-09-05T18:21:44.118+0000] {dagbag.py:545} INFO - Filling up the DagBag from /opt/airflow/dags/tcc_pipeline_dag.py
[2025-09-05T18:21:44.152+0000] {processor.py:840} INFO - DAG(s) 'pipeline_dados_transito_tcc' retrieved from /opt/airflow/dags/tcc_pipeline_dag.py
[2025-09-05T18:21:44.180+0000] {logging_mixin.py:188} INFO - [2025-09-05T18:21:44.179+0000] {dag.py:3096} INFO - Sync 1 DAGs
[2025-09-05T18:21:44.200+0000] {logging_mixin.py:188} INFO - [2025-09-05T18:21:44.200+0000] {dag.py:3954} INFO - Setting next_dagrun for pipeline_dados_transito_tcc to 2025-09-05 08:00:00+00:00, run_after=2025-09-06 08:00:00+00:00
[2025-09-05T18:21:44.219+0000] {processor.py:183} INFO - Processing /opt/airflow/dags/tcc_pipeline_dag.py took 0.110 seconds
[2025-09-05T18:22:14.428+0000] {processor.py:161} INFO - Started process (PID=85) to work on /opt/airflow/dags/tcc_pipeline_dag.py
[2025-09-05T18:22:14.438+0000] {processor.py:830} INFO - Processing file /opt/airflow/dags/tcc_pipeline_dag.py for tasks to queue
[2025-09-05T18:22:14.446+0000] {logging_mixin.py:188} INFO - [2025-09-05T18:22:14.444+0000] {dagbag.py:545} INFO - Filling up the DagBag from /opt/airflow/dags/tcc_pipeline_dag.py
[2025-09-05T18:22:14.501+0000] {processor.py:840} INFO - DAG(s) 'pipeline_dados_transito_tcc' retrieved from /opt/airflow/dags/tcc_pipeline_dag.py
[2025-09-05T18:22:14.531+0000] {logging_mixin.py:188} INFO - [2025-09-05T18:22:14.530+0000] {dag.py:3096} INFO - Sync 1 DAGs
[2025-09-05T18:22:14.558+0000] {logging_mixin.py:188} INFO - [2025-09-05T18:22:14.558+0000] {dag.py:3954} INFO - Setting next_dagrun for pipeline_dados_transito_tcc to 2025-09-05 08:00:00+00:00, run_after=2025-09-06 08:00:00+00:00
[2025-09-05T18:22:14.584+0000] {processor.py:183} INFO - Processing /opt/airflow/dags/tcc_pipeline_dag.py took 0.169 seconds
[2025-09-05T18:22:44.777+0000] {processor.py:161} INFO - Started process (PID=92) to work on /opt/airflow/dags/tcc_pipeline_dag.py
[2025-09-05T18:22:44.779+0000] {processor.py:830} INFO - Processing file /opt/airflow/dags/tcc_pipeline_dag.py for tasks to queue
[2025-09-05T18:22:44.782+0000] {logging_mixin.py:188} INFO - [2025-09-05T18:22:44.782+0000] {dagbag.py:545} INFO - Filling up the DagBag from /opt/airflow/dags/tcc_pipeline_dag.py
[2025-09-05T18:22:44.868+0000] {processor.py:840} INFO - DAG(s) 'pipeline_dados_transito_tcc' retrieved from /opt/airflow/dags/tcc_pipeline_dag.py
[2025-09-05T18:22:44.909+0000] {logging_mixin.py:188} INFO - [2025-09-05T18:22:44.909+0000] {dag.py:3096} INFO - Sync 1 DAGs
[2025-09-05T18:22:44.991+0000] {logging_mixin.py:188} INFO - [2025-09-05T18:22:44.990+0000] {dag.py:3954} INFO - Setting next_dagrun for pipeline_dados_transito_tcc to 2025-09-05 08:00:00+00:00, run_after=2025-09-06 08:00:00+00:00
[2025-09-05T18:22:45.055+0000] {processor.py:183} INFO - Processing /opt/airflow/dags/tcc_pipeline_dag.py took 0.283 seconds
[2025-09-05T18:23:15.187+0000] {processor.py:161} INFO - Started process (PID=99) to work on /opt/airflow/dags/tcc_pipeline_dag.py
[2025-09-05T18:23:15.189+0000] {processor.py:830} INFO - Processing file /opt/airflow/dags/tcc_pipeline_dag.py for tasks to queue
[2025-09-05T18:23:15.191+0000] {logging_mixin.py:188} INFO - [2025-09-05T18:23:15.191+0000] {dagbag.py:545} INFO - Filling up the DagBag from /opt/airflow/dags/tcc_pipeline_dag.py
[2025-09-05T18:23:15.231+0000] {processor.py:840} INFO - DAG(s) 'pipeline_dados_transito_tcc' retrieved from /opt/airflow/dags/tcc_pipeline_dag.py
[2025-09-05T18:23:15.258+0000] {logging_mixin.py:188} INFO - [2025-09-05T18:23:15.258+0000] {dag.py:3096} INFO - Sync 1 DAGs
[2025-09-05T18:23:15.284+0000] {logging_mixin.py:188} INFO - [2025-09-05T18:23:15.284+0000] {dag.py:3954} INFO - Setting next_dagrun for pipeline_dados_transito_tcc to 2025-09-05 08:00:00+00:00, run_after=2025-09-06 08:00:00+00:00
[2025-09-05T18:23:15.307+0000] {processor.py:183} INFO - Processing /opt/airflow/dags/tcc_pipeline_dag.py took 0.125 seconds
[2025-09-05T18:23:45.609+0000] {processor.py:161} INFO - Started process (PID=106) to work on /opt/airflow/dags/tcc_pipeline_dag.py
[2025-09-05T18:23:45.611+0000] {processor.py:830} INFO - Processing file /opt/airflow/dags/tcc_pipeline_dag.py for tasks to queue
[2025-09-05T18:23:45.613+0000] {logging_mixin.py:188} INFO - [2025-09-05T18:23:45.612+0000] {dagbag.py:545} INFO - Filling up the DagBag from /opt/airflow/dags/tcc_pipeline_dag.py
[2025-09-05T18:23:45.637+0000] {processor.py:840} INFO - DAG(s) 'pipeline_dados_transito_tcc' retrieved from /opt/airflow/dags/tcc_pipeline_dag.py
[2025-09-05T18:23:45.665+0000] {logging_mixin.py:188} INFO - [2025-09-05T18:23:45.665+0000] {dag.py:3096} INFO - Sync 1 DAGs
[2025-09-05T18:23:45.687+0000] {logging_mixin.py:188} INFO - [2025-09-05T18:23:45.687+0000] {dag.py:3954} INFO - Setting next_dagrun for pipeline_dados_transito_tcc to 2025-09-05 08:00:00+00:00, run_after=2025-09-06 08:00:00+00:00
[2025-09-05T18:23:45.703+0000] {processor.py:183} INFO - Processing /opt/airflow/dags/tcc_pipeline_dag.py took 0.098 seconds
[2025-09-05T18:24:15.933+0000] {processor.py:161} INFO - Started process (PID=113) to work on /opt/airflow/dags/tcc_pipeline_dag.py
[2025-09-05T18:24:15.935+0000] {processor.py:830} INFO - Processing file /opt/airflow/dags/tcc_pipeline_dag.py for tasks to queue
[2025-09-05T18:24:15.938+0000] {logging_mixin.py:188} INFO - [2025-09-05T18:24:15.937+0000] {dagbag.py:545} INFO - Filling up the DagBag from /opt/airflow/dags/tcc_pipeline_dag.py
[2025-09-05T18:24:15.975+0000] {processor.py:840} INFO - DAG(s) 'pipeline_dados_transito_tcc' retrieved from /opt/airflow/dags/tcc_pipeline_dag.py
[2025-09-05T18:24:16.004+0000] {logging_mixin.py:188} INFO - [2025-09-05T18:24:16.004+0000] {dag.py:3096} INFO - Sync 1 DAGs
[2025-09-05T18:24:16.026+0000] {logging_mixin.py:188} INFO - [2025-09-05T18:24:16.026+0000] {dag.py:3954} INFO - Setting next_dagrun for pipeline_dados_transito_tcc to 2025-09-05 08:00:00+00:00, run_after=2025-09-06 08:00:00+00:00
[2025-09-05T18:24:16.048+0000] {processor.py:183} INFO - Processing /opt/airflow/dags/tcc_pipeline_dag.py took 0.126 seconds
[2025-09-05T18:24:46.336+0000] {processor.py:161} INFO - Started process (PID=120) to work on /opt/airflow/dags/tcc_pipeline_dag.py
[2025-09-05T18:24:46.337+0000] {processor.py:830} INFO - Processing file /opt/airflow/dags/tcc_pipeline_dag.py for tasks to queue
[2025-09-05T18:24:46.339+0000] {logging_mixin.py:188} INFO - [2025-09-05T18:24:46.339+0000] {dagbag.py:545} INFO - Filling up the DagBag from /opt/airflow/dags/tcc_pipeline_dag.py
[2025-09-05T18:24:46.396+0000] {processor.py:840} INFO - DAG(s) 'pipeline_dados_transito_tcc' retrieved from /opt/airflow/dags/tcc_pipeline_dag.py
[2025-09-05T18:24:46.432+0000] {logging_mixin.py:188} INFO - [2025-09-05T18:24:46.431+0000] {dag.py:3096} INFO - Sync 1 DAGs
[2025-09-05T18:24:46.456+0000] {logging_mixin.py:188} INFO - [2025-09-05T18:24:46.456+0000] {dag.py:3954} INFO - Setting next_dagrun for pipeline_dados_transito_tcc to 2025-09-05 08:00:00+00:00, run_after=2025-09-06 08:00:00+00:00
[2025-09-05T18:24:46.471+0000] {processor.py:183} INFO - Processing /opt/airflow/dags/tcc_pipeline_dag.py took 0.143 seconds
[2025-09-05T18:25:16.578+0000] {processor.py:161} INFO - Started process (PID=133) to work on /opt/airflow/dags/tcc_pipeline_dag.py
[2025-09-05T18:25:16.579+0000] {processor.py:830} INFO - Processing file /opt/airflow/dags/tcc_pipeline_dag.py for tasks to queue
[2025-09-05T18:25:16.581+0000] {logging_mixin.py:188} INFO - [2025-09-05T18:25:16.581+0000] {dagbag.py:545} INFO - Filling up the DagBag from /opt/airflow/dags/tcc_pipeline_dag.py
[2025-09-05T18:25:16.608+0000] {processor.py:840} INFO - DAG(s) 'pipeline_dados_transito_tcc' retrieved from /opt/airflow/dags/tcc_pipeline_dag.py
[2025-09-05T18:25:16.642+0000] {logging_mixin.py:188} INFO - [2025-09-05T18:25:16.642+0000] {dag.py:3096} INFO - Sync 1 DAGs
[2025-09-05T18:25:16.679+0000] {logging_mixin.py:188} INFO - [2025-09-05T18:25:16.679+0000] {dag.py:3954} INFO - Setting next_dagrun for pipeline_dados_transito_tcc to 2025-09-05 08:00:00+00:00, run_after=2025-09-06 08:00:00+00:00
[2025-09-05T18:25:16.699+0000] {processor.py:183} INFO - Processing /opt/airflow/dags/tcc_pipeline_dag.py took 0.126 seconds
[2025-09-05T18:25:46.935+0000] {processor.py:161} INFO - Started process (PID=140) to work on /opt/airflow/dags/tcc_pipeline_dag.py
[2025-09-05T18:25:46.937+0000] {processor.py:830} INFO - Processing file /opt/airflow/dags/tcc_pipeline_dag.py for tasks to queue
[2025-09-05T18:25:46.939+0000] {logging_mixin.py:188} INFO - [2025-09-05T18:25:46.938+0000] {dagbag.py:545} INFO - Filling up the DagBag from /opt/airflow/dags/tcc_pipeline_dag.py
[2025-09-05T18:25:46.973+0000] {processor.py:840} INFO - DAG(s) 'pipeline_dados_transito_tcc' retrieved from /opt/airflow/dags/tcc_pipeline_dag.py
[2025-09-05T18:25:46.999+0000] {logging_mixin.py:188} INFO - [2025-09-05T18:25:46.999+0000] {dag.py:3096} INFO - Sync 1 DAGs
[2025-09-05T18:25:47.023+0000] {logging_mixin.py:188} INFO - [2025-09-05T18:25:47.022+0000] {dag.py:3954} INFO - Setting next_dagrun for pipeline_dados_transito_tcc to 2025-09-05 08:00:00+00:00, run_after=2025-09-06 08:00:00+00:00
[2025-09-05T18:25:47.041+0000] {processor.py:183} INFO - Processing /opt/airflow/dags/tcc_pipeline_dag.py took 0.110 seconds
[2025-09-05T18:26:17.220+0000] {processor.py:161} INFO - Started process (PID=147) to work on /opt/airflow/dags/tcc_pipeline_dag.py
[2025-09-05T18:26:17.222+0000] {processor.py:830} INFO - Processing file /opt/airflow/dags/tcc_pipeline_dag.py for tasks to queue
[2025-09-05T18:26:17.223+0000] {logging_mixin.py:188} INFO - [2025-09-05T18:26:17.223+0000] {dagbag.py:545} INFO - Filling up the DagBag from /opt/airflow/dags/tcc_pipeline_dag.py
[2025-09-05T18:26:17.256+0000] {processor.py:840} INFO - DAG(s) 'pipeline_dados_transito_tcc' retrieved from /opt/airflow/dags/tcc_pipeline_dag.py
[2025-09-05T18:26:17.283+0000] {logging_mixin.py:188} INFO - [2025-09-05T18:26:17.283+0000] {dag.py:3096} INFO - Sync 1 DAGs
[2025-09-05T18:26:17.304+0000] {logging_mixin.py:188} INFO - [2025-09-05T18:26:17.304+0000] {dag.py:3954} INFO - Setting next_dagrun for pipeline_dados_transito_tcc to 2025-09-05 08:00:00+00:00, run_after=2025-09-06 08:00:00+00:00
[2025-09-05T18:26:17.322+0000] {processor.py:183} INFO - Processing /opt/airflow/dags/tcc_pipeline_dag.py took 0.108 seconds
[2025-09-05T18:26:47.602+0000] {processor.py:161} INFO - Started process (PID=154) to work on /opt/airflow/dags/tcc_pipeline_dag.py
[2025-09-05T18:26:47.603+0000] {processor.py:830} INFO - Processing file /opt/airflow/dags/tcc_pipeline_dag.py for tasks to queue
[2025-09-05T18:26:47.605+0000] {logging_mixin.py:188} INFO - [2025-09-05T18:26:47.605+0000] {dagbag.py:545} INFO - Filling up the DagBag from /opt/airflow/dags/tcc_pipeline_dag.py
[2025-09-05T18:26:47.635+0000] {processor.py:840} INFO - DAG(s) 'pipeline_dados_transito_tcc' retrieved from /opt/airflow/dags/tcc_pipeline_dag.py
[2025-09-05T18:26:47.656+0000] {logging_mixin.py:188} INFO - [2025-09-05T18:26:47.656+0000] {dag.py:3096} INFO - Sync 1 DAGs
[2025-09-05T18:26:47.674+0000] {logging_mixin.py:188} INFO - [2025-09-05T18:26:47.674+0000] {dag.py:3954} INFO - Setting next_dagrun for pipeline_dados_transito_tcc to 2025-09-05 08:00:00+00:00, run_after=2025-09-06 08:00:00+00:00
[2025-09-05T18:26:47.700+0000] {processor.py:183} INFO - Processing /opt/airflow/dags/tcc_pipeline_dag.py took 0.103 seconds
[2025-09-05T18:27:17.854+0000] {processor.py:161} INFO - Started process (PID=160) to work on /opt/airflow/dags/tcc_pipeline_dag.py
[2025-09-05T18:27:17.855+0000] {processor.py:830} INFO - Processing file /opt/airflow/dags/tcc_pipeline_dag.py for tasks to queue
[2025-09-05T18:27:17.857+0000] {logging_mixin.py:188} INFO - [2025-09-05T18:27:17.857+0000] {dagbag.py:545} INFO - Filling up the DagBag from /opt/airflow/dags/tcc_pipeline_dag.py
[2025-09-05T18:27:17.878+0000] {processor.py:840} INFO - DAG(s) 'pipeline_dados_transito_tcc' retrieved from /opt/airflow/dags/tcc_pipeline_dag.py
[2025-09-05T18:27:17.898+0000] {logging_mixin.py:188} INFO - [2025-09-05T18:27:17.898+0000] {dag.py:3096} INFO - Sync 1 DAGs
[2025-09-05T18:27:17.917+0000] {logging_mixin.py:188} INFO - [2025-09-05T18:27:17.917+0000] {dag.py:3954} INFO - Setting next_dagrun for pipeline_dados_transito_tcc to 2025-09-05 08:00:00+00:00, run_after=2025-09-06 08:00:00+00:00
[2025-09-05T18:27:17.937+0000] {processor.py:183} INFO - Processing /opt/airflow/dags/tcc_pipeline_dag.py took 0.087 seconds
[2025-09-05T18:27:48.131+0000] {processor.py:161} INFO - Started process (PID=168) to work on /opt/airflow/dags/tcc_pipeline_dag.py
[2025-09-05T18:27:48.133+0000] {processor.py:830} INFO - Processing file /opt/airflow/dags/tcc_pipeline_dag.py for tasks to queue
[2025-09-05T18:27:48.135+0000] {logging_mixin.py:188} INFO - [2025-09-05T18:27:48.134+0000] {dagbag.py:545} INFO - Filling up the DagBag from /opt/airflow/dags/tcc_pipeline_dag.py
[2025-09-05T18:27:48.175+0000] {processor.py:840} INFO - DAG(s) 'pipeline_dados_transito_tcc' retrieved from /opt/airflow/dags/tcc_pipeline_dag.py
[2025-09-05T18:27:48.201+0000] {logging_mixin.py:188} INFO - [2025-09-05T18:27:48.201+0000] {dag.py:3096} INFO - Sync 1 DAGs
[2025-09-05T18:27:48.222+0000] {logging_mixin.py:188} INFO - [2025-09-05T18:27:48.222+0000] {dag.py:3954} INFO - Setting next_dagrun for pipeline_dados_transito_tcc to 2025-09-05 08:00:00+00:00, run_after=2025-09-06 08:00:00+00:00
[2025-09-05T18:27:48.241+0000] {processor.py:183} INFO - Processing /opt/airflow/dags/tcc_pipeline_dag.py took 0.114 seconds
[2025-09-05T18:28:18.511+0000] {processor.py:161} INFO - Started process (PID=175) to work on /opt/airflow/dags/tcc_pipeline_dag.py
[2025-09-05T18:28:18.513+0000] {processor.py:830} INFO - Processing file /opt/airflow/dags/tcc_pipeline_dag.py for tasks to queue
[2025-09-05T18:28:18.515+0000] {logging_mixin.py:188} INFO - [2025-09-05T18:28:18.515+0000] {dagbag.py:545} INFO - Filling up the DagBag from /opt/airflow/dags/tcc_pipeline_dag.py
[2025-09-05T18:28:18.570+0000] {processor.py:840} INFO - DAG(s) 'pipeline_dados_transito_tcc' retrieved from /opt/airflow/dags/tcc_pipeline_dag.py
[2025-09-05T18:28:18.601+0000] {logging_mixin.py:188} INFO - [2025-09-05T18:28:18.601+0000] {dag.py:3096} INFO - Sync 1 DAGs
[2025-09-05T18:28:18.639+0000] {logging_mixin.py:188} INFO - [2025-09-05T18:28:18.639+0000] {dag.py:3954} INFO - Setting next_dagrun for pipeline_dados_transito_tcc to 2025-09-05 08:00:00+00:00, run_after=2025-09-06 08:00:00+00:00
[2025-09-05T18:28:18.663+0000] {processor.py:183} INFO - Processing /opt/airflow/dags/tcc_pipeline_dag.py took 0.158 seconds
[2025-09-05T18:28:48.822+0000] {processor.py:161} INFO - Started process (PID=182) to work on /opt/airflow/dags/tcc_pipeline_dag.py
[2025-09-05T18:28:48.823+0000] {processor.py:830} INFO - Processing file /opt/airflow/dags/tcc_pipeline_dag.py for tasks to queue
[2025-09-05T18:28:48.825+0000] {logging_mixin.py:188} INFO - [2025-09-05T18:28:48.825+0000] {dagbag.py:545} INFO - Filling up the DagBag from /opt/airflow/dags/tcc_pipeline_dag.py
[2025-09-05T18:28:48.855+0000] {processor.py:840} INFO - DAG(s) 'pipeline_dados_transito_tcc' retrieved from /opt/airflow/dags/tcc_pipeline_dag.py
[2025-09-05T18:28:48.884+0000] {logging_mixin.py:188} INFO - [2025-09-05T18:28:48.884+0000] {dag.py:3096} INFO - Sync 1 DAGs
[2025-09-05T18:28:48.905+0000] {logging_mixin.py:188} INFO - [2025-09-05T18:28:48.905+0000] {dag.py:3954} INFO - Setting next_dagrun for pipeline_dados_transito_tcc to 2025-09-05 08:00:00+00:00, run_after=2025-09-06 08:00:00+00:00
[2025-09-05T18:28:48.931+0000] {processor.py:183} INFO - Processing /opt/airflow/dags/tcc_pipeline_dag.py took 0.115 seconds
[2025-09-05T18:29:19.277+0000] {processor.py:161} INFO - Started process (PID=189) to work on /opt/airflow/dags/tcc_pipeline_dag.py
[2025-09-05T18:29:19.278+0000] {processor.py:830} INFO - Processing file /opt/airflow/dags/tcc_pipeline_dag.py for tasks to queue
[2025-09-05T18:29:19.280+0000] {logging_mixin.py:188} INFO - [2025-09-05T18:29:19.280+0000] {dagbag.py:545} INFO - Filling up the DagBag from /opt/airflow/dags/tcc_pipeline_dag.py
[2025-09-05T18:29:19.325+0000] {processor.py:840} INFO - DAG(s) 'pipeline_dados_transito_tcc' retrieved from /opt/airflow/dags/tcc_pipeline_dag.py
[2025-09-05T18:29:19.347+0000] {logging_mixin.py:188} INFO - [2025-09-05T18:29:19.346+0000] {dag.py:3096} INFO - Sync 1 DAGs
[2025-09-05T18:29:19.368+0000] {logging_mixin.py:188} INFO - [2025-09-05T18:29:19.368+0000] {dag.py:3954} INFO - Setting next_dagrun for pipeline_dados_transito_tcc to 2025-09-05 08:00:00+00:00, run_after=2025-09-06 08:00:00+00:00
[2025-09-05T18:29:19.387+0000] {processor.py:183} INFO - Processing /opt/airflow/dags/tcc_pipeline_dag.py took 0.117 seconds
[2025-09-05T18:29:49.729+0000] {processor.py:161} INFO - Started process (PID=196) to work on /opt/airflow/dags/tcc_pipeline_dag.py
[2025-09-05T18:29:49.732+0000] {processor.py:830} INFO - Processing file /opt/airflow/dags/tcc_pipeline_dag.py for tasks to queue
[2025-09-05T18:29:49.734+0000] {logging_mixin.py:188} INFO - [2025-09-05T18:29:49.734+0000] {dagbag.py:545} INFO - Filling up the DagBag from /opt/airflow/dags/tcc_pipeline_dag.py
[2025-09-05T18:29:49.772+0000] {processor.py:840} INFO - DAG(s) 'pipeline_dados_transito_tcc' retrieved from /opt/airflow/dags/tcc_pipeline_dag.py
[2025-09-05T18:29:49.800+0000] {logging_mixin.py:188} INFO - [2025-09-05T18:29:49.800+0000] {dag.py:3096} INFO - Sync 1 DAGs
[2025-09-05T18:29:49.821+0000] {logging_mixin.py:188} INFO - [2025-09-05T18:29:49.821+0000] {dag.py:3954} INFO - Setting next_dagrun for pipeline_dados_transito_tcc to 2025-09-05 08:00:00+00:00, run_after=2025-09-06 08:00:00+00:00
[2025-09-05T18:29:49.845+0000] {processor.py:183} INFO - Processing /opt/airflow/dags/tcc_pipeline_dag.py took 0.121 seconds
[2025-09-05T18:30:20.124+0000] {processor.py:161} INFO - Started process (PID=203) to work on /opt/airflow/dags/tcc_pipeline_dag.py
[2025-09-05T18:30:20.125+0000] {processor.py:830} INFO - Processing file /opt/airflow/dags/tcc_pipeline_dag.py for tasks to queue
[2025-09-05T18:30:20.136+0000] {logging_mixin.py:188} INFO - [2025-09-05T18:30:20.135+0000] {dagbag.py:545} INFO - Filling up the DagBag from /opt/airflow/dags/tcc_pipeline_dag.py
[2025-09-05T18:30:20.199+0000] {processor.py:840} INFO - DAG(s) 'pipeline_dados_transito_tcc' retrieved from /opt/airflow/dags/tcc_pipeline_dag.py
[2025-09-05T18:30:20.229+0000] {logging_mixin.py:188} INFO - [2025-09-05T18:30:20.228+0000] {dag.py:3096} INFO - Sync 1 DAGs
[2025-09-05T18:30:20.257+0000] {logging_mixin.py:188} INFO - [2025-09-05T18:30:20.257+0000] {dag.py:3954} INFO - Setting next_dagrun for pipeline_dados_transito_tcc to 2025-09-05 08:00:00+00:00, run_after=2025-09-06 08:00:00+00:00
[2025-09-05T18:30:20.287+0000] {processor.py:183} INFO - Processing /opt/airflow/dags/tcc_pipeline_dag.py took 0.168 seconds
[2025-09-05T18:30:50.591+0000] {processor.py:161} INFO - Started process (PID=210) to work on /opt/airflow/dags/tcc_pipeline_dag.py
[2025-09-05T18:30:50.593+0000] {processor.py:830} INFO - Processing file /opt/airflow/dags/tcc_pipeline_dag.py for tasks to queue
[2025-09-05T18:30:50.596+0000] {logging_mixin.py:188} INFO - [2025-09-05T18:30:50.595+0000] {dagbag.py:545} INFO - Filling up the DagBag from /opt/airflow/dags/tcc_pipeline_dag.py
[2025-09-05T18:30:50.677+0000] {processor.py:840} INFO - DAG(s) 'pipeline_dados_transito_tcc' retrieved from /opt/airflow/dags/tcc_pipeline_dag.py
[2025-09-05T18:30:50.711+0000] {logging_mixin.py:188} INFO - [2025-09-05T18:30:50.710+0000] {dag.py:3096} INFO - Sync 1 DAGs
[2025-09-05T18:30:50.741+0000] {logging_mixin.py:188} INFO - [2025-09-05T18:30:50.741+0000] {dag.py:3954} INFO - Setting next_dagrun for pipeline_dados_transito_tcc to 2025-09-05 08:00:00+00:00, run_after=2025-09-06 08:00:00+00:00
[2025-09-05T18:30:50.783+0000] {processor.py:183} INFO - Processing /opt/airflow/dags/tcc_pipeline_dag.py took 0.213 seconds
[2025-09-05T18:31:20.953+0000] {processor.py:161} INFO - Started process (PID=217) to work on /opt/airflow/dags/tcc_pipeline_dag.py
[2025-09-05T18:31:20.955+0000] {processor.py:830} INFO - Processing file /opt/airflow/dags/tcc_pipeline_dag.py for tasks to queue
[2025-09-05T18:31:20.959+0000] {logging_mixin.py:188} INFO - [2025-09-05T18:31:20.958+0000] {dagbag.py:545} INFO - Filling up the DagBag from /opt/airflow/dags/tcc_pipeline_dag.py
[2025-09-05T18:31:21.028+0000] {processor.py:840} INFO - DAG(s) 'pipeline_dados_transito_tcc' retrieved from /opt/airflow/dags/tcc_pipeline_dag.py
[2025-09-05T18:31:21.066+0000] {logging_mixin.py:188} INFO - [2025-09-05T18:31:21.065+0000] {dag.py:3096} INFO - Sync 1 DAGs
[2025-09-05T18:31:21.095+0000] {logging_mixin.py:188} INFO - [2025-09-05T18:31:21.095+0000] {dag.py:3954} INFO - Setting next_dagrun for pipeline_dados_transito_tcc to 2025-09-05 08:00:00+00:00, run_after=2025-09-06 08:00:00+00:00
[2025-09-05T18:31:21.122+0000] {processor.py:183} INFO - Processing /opt/airflow/dags/tcc_pipeline_dag.py took 0.178 seconds
[2025-09-05T18:31:51.428+0000] {processor.py:161} INFO - Started process (PID=224) to work on /opt/airflow/dags/tcc_pipeline_dag.py
[2025-09-05T18:31:51.430+0000] {processor.py:830} INFO - Processing file /opt/airflow/dags/tcc_pipeline_dag.py for tasks to queue
[2025-09-05T18:31:51.436+0000] {logging_mixin.py:188} INFO - [2025-09-05T18:31:51.435+0000] {dagbag.py:545} INFO - Filling up the DagBag from /opt/airflow/dags/tcc_pipeline_dag.py
[2025-09-05T18:31:51.520+0000] {processor.py:840} INFO - DAG(s) 'pipeline_dados_transito_tcc' retrieved from /opt/airflow/dags/tcc_pipeline_dag.py
[2025-09-05T18:31:51.550+0000] {logging_mixin.py:188} INFO - [2025-09-05T18:31:51.550+0000] {dag.py:3096} INFO - Sync 1 DAGs
[2025-09-05T18:31:51.573+0000] {logging_mixin.py:188} INFO - [2025-09-05T18:31:51.573+0000] {dag.py:3954} INFO - Setting next_dagrun for pipeline_dados_transito_tcc to 2025-09-05 08:00:00+00:00, run_after=2025-09-06 08:00:00+00:00
[2025-09-05T18:31:51.600+0000] {processor.py:183} INFO - Processing /opt/airflow/dags/tcc_pipeline_dag.py took 0.177 seconds
[2025-09-05T18:32:21.749+0000] {processor.py:161} INFO - Started process (PID=231) to work on /opt/airflow/dags/tcc_pipeline_dag.py
[2025-09-05T18:32:21.751+0000] {processor.py:830} INFO - Processing file /opt/airflow/dags/tcc_pipeline_dag.py for tasks to queue
[2025-09-05T18:32:21.755+0000] {logging_mixin.py:188} INFO - [2025-09-05T18:32:21.754+0000] {dagbag.py:545} INFO - Filling up the DagBag from /opt/airflow/dags/tcc_pipeline_dag.py
[2025-09-05T18:32:21.805+0000] {processor.py:840} INFO - DAG(s) 'pipeline_dados_transito_tcc' retrieved from /opt/airflow/dags/tcc_pipeline_dag.py
[2025-09-05T18:32:21.827+0000] {logging_mixin.py:188} INFO - [2025-09-05T18:32:21.826+0000] {dag.py:3096} INFO - Sync 1 DAGs
[2025-09-05T18:32:21.851+0000] {logging_mixin.py:188} INFO - [2025-09-05T18:32:21.851+0000] {dag.py:3954} INFO - Setting next_dagrun for pipeline_dados_transito_tcc to 2025-09-05 08:00:00+00:00, run_after=2025-09-06 08:00:00+00:00
[2025-09-05T18:32:21.872+0000] {processor.py:183} INFO - Processing /opt/airflow/dags/tcc_pipeline_dag.py took 0.128 seconds
[2025-09-05T18:32:52.255+0000] {processor.py:161} INFO - Started process (PID=238) to work on /opt/airflow/dags/tcc_pipeline_dag.py
[2025-09-05T18:32:52.257+0000] {processor.py:830} INFO - Processing file /opt/airflow/dags/tcc_pipeline_dag.py for tasks to queue
[2025-09-05T18:32:52.260+0000] {logging_mixin.py:188} INFO - [2025-09-05T18:32:52.259+0000] {dagbag.py:545} INFO - Filling up the DagBag from /opt/airflow/dags/tcc_pipeline_dag.py
[2025-09-05T18:32:52.334+0000] {processor.py:840} INFO - DAG(s) 'pipeline_dados_transito_tcc' retrieved from /opt/airflow/dags/tcc_pipeline_dag.py
[2025-09-05T18:32:52.370+0000] {logging_mixin.py:188} INFO - [2025-09-05T18:32:52.369+0000] {dag.py:3096} INFO - Sync 1 DAGs
[2025-09-05T18:32:52.397+0000] {logging_mixin.py:188} INFO - [2025-09-05T18:32:52.397+0000] {dag.py:3954} INFO - Setting next_dagrun for pipeline_dados_transito_tcc to 2025-09-05 08:00:00+00:00, run_after=2025-09-06 08:00:00+00:00
[2025-09-05T18:32:52.427+0000] {processor.py:183} INFO - Processing /opt/airflow/dags/tcc_pipeline_dag.py took 0.181 seconds
[2025-09-05T18:33:22.582+0000] {processor.py:161} INFO - Started process (PID=245) to work on /opt/airflow/dags/tcc_pipeline_dag.py
[2025-09-05T18:33:22.585+0000] {processor.py:830} INFO - Processing file /opt/airflow/dags/tcc_pipeline_dag.py for tasks to queue
[2025-09-05T18:33:22.591+0000] {logging_mixin.py:188} INFO - [2025-09-05T18:33:22.589+0000] {dagbag.py:545} INFO - Filling up the DagBag from /opt/airflow/dags/tcc_pipeline_dag.py
[2025-09-05T18:33:22.653+0000] {processor.py:840} INFO - DAG(s) 'pipeline_dados_transito_tcc' retrieved from /opt/airflow/dags/tcc_pipeline_dag.py
[2025-09-05T18:33:22.684+0000] {logging_mixin.py:188} INFO - [2025-09-05T18:33:22.684+0000] {dag.py:3096} INFO - Sync 1 DAGs
[2025-09-05T18:33:22.707+0000] {logging_mixin.py:188} INFO - [2025-09-05T18:33:22.707+0000] {dag.py:3954} INFO - Setting next_dagrun for pipeline_dados_transito_tcc to 2025-09-05 08:00:00+00:00, run_after=2025-09-06 08:00:00+00:00
[2025-09-05T18:33:22.729+0000] {processor.py:183} INFO - Processing /opt/airflow/dags/tcc_pipeline_dag.py took 0.152 seconds
[2025-09-05T18:33:53.011+0000] {processor.py:161} INFO - Started process (PID=252) to work on /opt/airflow/dags/tcc_pipeline_dag.py
[2025-09-05T18:33:53.013+0000] {processor.py:830} INFO - Processing file /opt/airflow/dags/tcc_pipeline_dag.py for tasks to queue
[2025-09-05T18:33:53.018+0000] {logging_mixin.py:188} INFO - [2025-09-05T18:33:53.017+0000] {dagbag.py:545} INFO - Filling up the DagBag from /opt/airflow/dags/tcc_pipeline_dag.py
[2025-09-05T18:33:53.095+0000] {processor.py:840} INFO - DAG(s) 'pipeline_dados_transito_tcc' retrieved from /opt/airflow/dags/tcc_pipeline_dag.py
[2025-09-05T18:33:53.158+0000] {logging_mixin.py:188} INFO - [2025-09-05T18:33:53.157+0000] {dag.py:3096} INFO - Sync 1 DAGs
[2025-09-05T18:33:53.186+0000] {logging_mixin.py:188} INFO - [2025-09-05T18:33:53.185+0000] {dag.py:3954} INFO - Setting next_dagrun for pipeline_dados_transito_tcc to 2025-09-05 08:00:00+00:00, run_after=2025-09-06 08:00:00+00:00
[2025-09-05T18:33:53.212+0000] {processor.py:183} INFO - Processing /opt/airflow/dags/tcc_pipeline_dag.py took 0.210 seconds
[2025-09-05T18:34:23.375+0000] {processor.py:161} INFO - Started process (PID=259) to work on /opt/airflow/dags/tcc_pipeline_dag.py
[2025-09-05T18:34:23.378+0000] {processor.py:830} INFO - Processing file /opt/airflow/dags/tcc_pipeline_dag.py for tasks to queue
[2025-09-05T18:34:23.385+0000] {logging_mixin.py:188} INFO - [2025-09-05T18:34:23.384+0000] {dagbag.py:545} INFO - Filling up the DagBag from /opt/airflow/dags/tcc_pipeline_dag.py
[2025-09-05T18:34:23.478+0000] {processor.py:840} INFO - DAG(s) 'pipeline_dados_transito_tcc' retrieved from /opt/airflow/dags/tcc_pipeline_dag.py
[2025-09-05T18:34:23.524+0000] {logging_mixin.py:188} INFO - [2025-09-05T18:34:23.524+0000] {dag.py:3096} INFO - Sync 1 DAGs
[2025-09-05T18:34:23.564+0000] {logging_mixin.py:188} INFO - [2025-09-05T18:34:23.564+0000] {dag.py:3954} INFO - Setting next_dagrun for pipeline_dados_transito_tcc to 2025-09-05 08:00:00+00:00, run_after=2025-09-06 08:00:00+00:00
[2025-09-05T18:34:23.605+0000] {processor.py:183} INFO - Processing /opt/airflow/dags/tcc_pipeline_dag.py took 0.245 seconds
[2025-09-05T18:34:53.863+0000] {processor.py:161} INFO - Started process (PID=266) to work on /opt/airflow/dags/tcc_pipeline_dag.py
[2025-09-05T18:34:53.864+0000] {processor.py:830} INFO - Processing file /opt/airflow/dags/tcc_pipeline_dag.py for tasks to queue
[2025-09-05T18:34:53.866+0000] {logging_mixin.py:188} INFO - [2025-09-05T18:34:53.866+0000] {dagbag.py:545} INFO - Filling up the DagBag from /opt/airflow/dags/tcc_pipeline_dag.py
[2025-09-05T18:34:53.909+0000] {processor.py:840} INFO - DAG(s) 'pipeline_dados_transito_tcc' retrieved from /opt/airflow/dags/tcc_pipeline_dag.py
[2025-09-05T18:34:53.936+0000] {logging_mixin.py:188} INFO - [2025-09-05T18:34:53.936+0000] {dag.py:3096} INFO - Sync 1 DAGs
[2025-09-05T18:34:53.965+0000] {logging_mixin.py:188} INFO - [2025-09-05T18:34:53.965+0000] {dag.py:3954} INFO - Setting next_dagrun for pipeline_dados_transito_tcc to 2025-09-05 08:00:00+00:00, run_after=2025-09-06 08:00:00+00:00
[2025-09-05T18:34:53.994+0000] {processor.py:183} INFO - Processing /opt/airflow/dags/tcc_pipeline_dag.py took 0.137 seconds
[2025-09-05T18:35:24.258+0000] {processor.py:161} INFO - Started process (PID=273) to work on /opt/airflow/dags/tcc_pipeline_dag.py
[2025-09-05T18:35:24.260+0000] {processor.py:830} INFO - Processing file /opt/airflow/dags/tcc_pipeline_dag.py for tasks to queue
[2025-09-05T18:35:24.262+0000] {logging_mixin.py:188} INFO - [2025-09-05T18:35:24.262+0000] {dagbag.py:545} INFO - Filling up the DagBag from /opt/airflow/dags/tcc_pipeline_dag.py
[2025-09-05T18:35:24.303+0000] {processor.py:840} INFO - DAG(s) 'pipeline_dados_transito_tcc' retrieved from /opt/airflow/dags/tcc_pipeline_dag.py
[2025-09-05T18:35:24.338+0000] {logging_mixin.py:188} INFO - [2025-09-05T18:35:24.338+0000] {dag.py:3096} INFO - Sync 1 DAGs
[2025-09-05T18:35:24.395+0000] {logging_mixin.py:188} INFO - [2025-09-05T18:35:24.394+0000] {dag.py:3954} INFO - Setting next_dagrun for pipeline_dados_transito_tcc to 2025-09-05 08:00:00+00:00, run_after=2025-09-06 08:00:00+00:00
[2025-09-05T18:35:24.425+0000] {processor.py:183} INFO - Processing /opt/airflow/dags/tcc_pipeline_dag.py took 0.173 seconds
[2025-09-05T18:35:54.652+0000] {processor.py:161} INFO - Started process (PID=280) to work on /opt/airflow/dags/tcc_pipeline_dag.py
[2025-09-05T18:35:54.654+0000] {processor.py:830} INFO - Processing file /opt/airflow/dags/tcc_pipeline_dag.py for tasks to queue
[2025-09-05T18:35:54.656+0000] {logging_mixin.py:188} INFO - [2025-09-05T18:35:54.656+0000] {dagbag.py:545} INFO - Filling up the DagBag from /opt/airflow/dags/tcc_pipeline_dag.py
[2025-09-05T18:35:54.738+0000] {processor.py:840} INFO - DAG(s) 'pipeline_dados_transito_tcc' retrieved from /opt/airflow/dags/tcc_pipeline_dag.py
[2025-09-05T18:35:54.778+0000] {logging_mixin.py:188} INFO - [2025-09-05T18:35:54.777+0000] {dag.py:3096} INFO - Sync 1 DAGs
[2025-09-05T18:35:54.811+0000] {logging_mixin.py:188} INFO - [2025-09-05T18:35:54.810+0000] {dag.py:3954} INFO - Setting next_dagrun for pipeline_dados_transito_tcc to 2025-09-05 08:00:00+00:00, run_after=2025-09-06 08:00:00+00:00
[2025-09-05T18:35:54.840+0000] {processor.py:183} INFO - Processing /opt/airflow/dags/tcc_pipeline_dag.py took 0.196 seconds
[2025-09-05T18:36:25.155+0000] {processor.py:161} INFO - Started process (PID=287) to work on /opt/airflow/dags/tcc_pipeline_dag.py
[2025-09-05T18:36:25.158+0000] {processor.py:830} INFO - Processing file /opt/airflow/dags/tcc_pipeline_dag.py for tasks to queue
[2025-09-05T18:36:25.163+0000] {logging_mixin.py:188} INFO - [2025-09-05T18:36:25.162+0000] {dagbag.py:545} INFO - Filling up the DagBag from /opt/airflow/dags/tcc_pipeline_dag.py
[2025-09-05T18:36:25.248+0000] {processor.py:840} INFO - DAG(s) 'pipeline_dados_transito_tcc' retrieved from /opt/airflow/dags/tcc_pipeline_dag.py
[2025-09-05T18:36:25.283+0000] {logging_mixin.py:188} INFO - [2025-09-05T18:36:25.283+0000] {dag.py:3096} INFO - Sync 1 DAGs
[2025-09-05T18:36:25.308+0000] {logging_mixin.py:188} INFO - [2025-09-05T18:36:25.308+0000] {dag.py:3954} INFO - Setting next_dagrun for pipeline_dados_transito_tcc to 2025-09-05 08:00:00+00:00, run_after=2025-09-06 08:00:00+00:00
[2025-09-05T18:36:25.334+0000] {processor.py:183} INFO - Processing /opt/airflow/dags/tcc_pipeline_dag.py took 0.193 seconds
[2025-09-05T18:36:55.539+0000] {processor.py:161} INFO - Started process (PID=294) to work on /opt/airflow/dags/tcc_pipeline_dag.py
[2025-09-05T18:36:55.541+0000] {processor.py:830} INFO - Processing file /opt/airflow/dags/tcc_pipeline_dag.py for tasks to queue
[2025-09-05T18:36:55.543+0000] {logging_mixin.py:188} INFO - [2025-09-05T18:36:55.543+0000] {dagbag.py:545} INFO - Filling up the DagBag from /opt/airflow/dags/tcc_pipeline_dag.py
[2025-09-05T18:36:55.620+0000] {processor.py:840} INFO - DAG(s) 'pipeline_dados_transito_tcc' retrieved from /opt/airflow/dags/tcc_pipeline_dag.py
[2025-09-05T18:36:55.653+0000] {logging_mixin.py:188} INFO - [2025-09-05T18:36:55.653+0000] {dag.py:3096} INFO - Sync 1 DAGs
[2025-09-05T18:36:55.674+0000] {logging_mixin.py:188} INFO - [2025-09-05T18:36:55.674+0000] {dag.py:3954} INFO - Setting next_dagrun for pipeline_dados_transito_tcc to 2025-09-05 08:00:00+00:00, run_after=2025-09-06 08:00:00+00:00
[2025-09-05T18:36:55.694+0000] {processor.py:183} INFO - Processing /opt/airflow/dags/tcc_pipeline_dag.py took 0.164 seconds
[2025-09-05T18:37:25.941+0000] {processor.py:161} INFO - Started process (PID=301) to work on /opt/airflow/dags/tcc_pipeline_dag.py
[2025-09-05T18:37:25.943+0000] {processor.py:830} INFO - Processing file /opt/airflow/dags/tcc_pipeline_dag.py for tasks to queue
[2025-09-05T18:37:25.948+0000] {logging_mixin.py:188} INFO - [2025-09-05T18:37:25.948+0000] {dagbag.py:545} INFO - Filling up the DagBag from /opt/airflow/dags/tcc_pipeline_dag.py
[2025-09-05T18:37:26.010+0000] {processor.py:840} INFO - DAG(s) 'pipeline_dados_transito_tcc' retrieved from /opt/airflow/dags/tcc_pipeline_dag.py
[2025-09-05T18:37:26.052+0000] {logging_mixin.py:188} INFO - [2025-09-05T18:37:26.052+0000] {dag.py:3096} INFO - Sync 1 DAGs
[2025-09-05T18:37:26.085+0000] {logging_mixin.py:188} INFO - [2025-09-05T18:37:26.085+0000] {dag.py:3954} INFO - Setting next_dagrun for pipeline_dados_transito_tcc to 2025-09-05 08:00:00+00:00, run_after=2025-09-06 08:00:00+00:00
[2025-09-05T18:37:26.107+0000] {processor.py:183} INFO - Processing /opt/airflow/dags/tcc_pipeline_dag.py took 0.173 seconds
[2025-09-05T18:37:56.283+0000] {processor.py:161} INFO - Started process (PID=308) to work on /opt/airflow/dags/tcc_pipeline_dag.py
[2025-09-05T18:37:56.285+0000] {processor.py:830} INFO - Processing file /opt/airflow/dags/tcc_pipeline_dag.py for tasks to queue
[2025-09-05T18:37:56.287+0000] {logging_mixin.py:188} INFO - [2025-09-05T18:37:56.287+0000] {dagbag.py:545} INFO - Filling up the DagBag from /opt/airflow/dags/tcc_pipeline_dag.py
[2025-09-05T18:37:56.326+0000] {processor.py:840} INFO - DAG(s) 'pipeline_dados_transito_tcc' retrieved from /opt/airflow/dags/tcc_pipeline_dag.py
[2025-09-05T18:37:56.360+0000] {logging_mixin.py:188} INFO - [2025-09-05T18:37:56.360+0000] {dag.py:3096} INFO - Sync 1 DAGs
[2025-09-05T18:37:56.383+0000] {logging_mixin.py:188} INFO - [2025-09-05T18:37:56.383+0000] {dag.py:3954} INFO - Setting next_dagrun for pipeline_dados_transito_tcc to 2025-09-05 08:00:00+00:00, run_after=2025-09-06 08:00:00+00:00
[2025-09-05T18:37:56.406+0000] {processor.py:183} INFO - Processing /opt/airflow/dags/tcc_pipeline_dag.py took 0.129 seconds
[2025-09-05T18:38:26.730+0000] {processor.py:161} INFO - Started process (PID=315) to work on /opt/airflow/dags/tcc_pipeline_dag.py
[2025-09-05T18:38:26.731+0000] {processor.py:830} INFO - Processing file /opt/airflow/dags/tcc_pipeline_dag.py for tasks to queue
[2025-09-05T18:38:26.733+0000] {logging_mixin.py:188} INFO - [2025-09-05T18:38:26.733+0000] {dagbag.py:545} INFO - Filling up the DagBag from /opt/airflow/dags/tcc_pipeline_dag.py
[2025-09-05T18:38:26.787+0000] {processor.py:840} INFO - DAG(s) 'pipeline_dados_transito_tcc' retrieved from /opt/airflow/dags/tcc_pipeline_dag.py
[2025-09-05T18:38:26.816+0000] {logging_mixin.py:188} INFO - [2025-09-05T18:38:26.816+0000] {dag.py:3096} INFO - Sync 1 DAGs
[2025-09-05T18:38:26.842+0000] {logging_mixin.py:188} INFO - [2025-09-05T18:38:26.842+0000] {dag.py:3954} INFO - Setting next_dagrun for pipeline_dados_transito_tcc to 2025-09-05 08:00:00+00:00, run_after=2025-09-06 08:00:00+00:00
[2025-09-05T18:38:26.868+0000] {processor.py:183} INFO - Processing /opt/airflow/dags/tcc_pipeline_dag.py took 0.145 seconds
[2025-09-05T18:38:57.075+0000] {processor.py:161} INFO - Started process (PID=322) to work on /opt/airflow/dags/tcc_pipeline_dag.py
[2025-09-05T18:38:57.077+0000] {processor.py:830} INFO - Processing file /opt/airflow/dags/tcc_pipeline_dag.py for tasks to queue
[2025-09-05T18:38:57.079+0000] {logging_mixin.py:188} INFO - [2025-09-05T18:38:57.078+0000] {dagbag.py:545} INFO - Filling up the DagBag from /opt/airflow/dags/tcc_pipeline_dag.py
[2025-09-05T18:38:57.113+0000] {processor.py:840} INFO - DAG(s) 'pipeline_dados_transito_tcc' retrieved from /opt/airflow/dags/tcc_pipeline_dag.py
[2025-09-05T18:38:57.145+0000] {logging_mixin.py:188} INFO - [2025-09-05T18:38:57.145+0000] {dag.py:3096} INFO - Sync 1 DAGs
[2025-09-05T18:38:57.204+0000] {logging_mixin.py:188} INFO - [2025-09-05T18:38:57.204+0000] {dag.py:3954} INFO - Setting next_dagrun for pipeline_dados_transito_tcc to 2025-09-05 08:00:00+00:00, run_after=2025-09-06 08:00:00+00:00
[2025-09-05T18:38:57.238+0000] {processor.py:183} INFO - Processing /opt/airflow/dags/tcc_pipeline_dag.py took 0.169 seconds
[2025-09-05T18:39:27.470+0000] {processor.py:161} INFO - Started process (PID=328) to work on /opt/airflow/dags/tcc_pipeline_dag.py
[2025-09-05T18:39:27.475+0000] {processor.py:830} INFO - Processing file /opt/airflow/dags/tcc_pipeline_dag.py for tasks to queue
[2025-09-05T18:39:27.480+0000] {logging_mixin.py:188} INFO - [2025-09-05T18:39:27.480+0000] {dagbag.py:545} INFO - Filling up the DagBag from /opt/airflow/dags/tcc_pipeline_dag.py
[2025-09-05T18:39:27.536+0000] {processor.py:840} INFO - DAG(s) 'pipeline_dados_transito_tcc' retrieved from /opt/airflow/dags/tcc_pipeline_dag.py
[2025-09-05T18:39:27.568+0000] {logging_mixin.py:188} INFO - [2025-09-05T18:39:27.567+0000] {dag.py:3096} INFO - Sync 1 DAGs
[2025-09-05T18:39:27.600+0000] {logging_mixin.py:188} INFO - [2025-09-05T18:39:27.600+0000] {dag.py:3954} INFO - Setting next_dagrun for pipeline_dados_transito_tcc to 2025-09-05 08:00:00+00:00, run_after=2025-09-06 08:00:00+00:00
[2025-09-05T18:39:27.626+0000] {processor.py:183} INFO - Processing /opt/airflow/dags/tcc_pipeline_dag.py took 0.165 seconds
[2025-09-05T18:39:57.908+0000] {processor.py:161} INFO - Started process (PID=336) to work on /opt/airflow/dags/tcc_pipeline_dag.py
[2025-09-05T18:39:57.910+0000] {processor.py:830} INFO - Processing file /opt/airflow/dags/tcc_pipeline_dag.py for tasks to queue
[2025-09-05T18:39:57.914+0000] {logging_mixin.py:188} INFO - [2025-09-05T18:39:57.913+0000] {dagbag.py:545} INFO - Filling up the DagBag from /opt/airflow/dags/tcc_pipeline_dag.py
[2025-09-05T18:39:57.982+0000] {processor.py:840} INFO - DAG(s) 'pipeline_dados_transito_tcc' retrieved from /opt/airflow/dags/tcc_pipeline_dag.py
[2025-09-05T18:39:58.039+0000] {logging_mixin.py:188} INFO - [2025-09-05T18:39:58.038+0000] {dag.py:3096} INFO - Sync 1 DAGs
[2025-09-05T18:39:58.077+0000] {logging_mixin.py:188} INFO - [2025-09-05T18:39:58.077+0000] {dag.py:3954} INFO - Setting next_dagrun for pipeline_dados_transito_tcc to 2025-09-05 08:00:00+00:00, run_after=2025-09-06 08:00:00+00:00
[2025-09-05T18:39:58.103+0000] {processor.py:183} INFO - Processing /opt/airflow/dags/tcc_pipeline_dag.py took 0.204 seconds
[2025-09-05T18:40:28.382+0000] {processor.py:161} INFO - Started process (PID=343) to work on /opt/airflow/dags/tcc_pipeline_dag.py
[2025-09-05T18:40:28.385+0000] {processor.py:830} INFO - Processing file /opt/airflow/dags/tcc_pipeline_dag.py for tasks to queue
[2025-09-05T18:40:28.389+0000] {logging_mixin.py:188} INFO - [2025-09-05T18:40:28.388+0000] {dagbag.py:545} INFO - Filling up the DagBag from /opt/airflow/dags/tcc_pipeline_dag.py
[2025-09-05T18:40:28.445+0000] {processor.py:840} INFO - DAG(s) 'pipeline_dados_transito_tcc' retrieved from /opt/airflow/dags/tcc_pipeline_dag.py
[2025-09-05T18:40:28.473+0000] {logging_mixin.py:188} INFO - [2025-09-05T18:40:28.473+0000] {dag.py:3096} INFO - Sync 1 DAGs
[2025-09-05T18:40:28.496+0000] {logging_mixin.py:188} INFO - [2025-09-05T18:40:28.496+0000] {dag.py:3954} INFO - Setting next_dagrun for pipeline_dados_transito_tcc to 2025-09-05 08:00:00+00:00, run_after=2025-09-06 08:00:00+00:00
[2025-09-05T18:40:28.519+0000] {processor.py:183} INFO - Processing /opt/airflow/dags/tcc_pipeline_dag.py took 0.146 seconds
[2025-09-05T18:40:58.735+0000] {processor.py:161} INFO - Started process (PID=350) to work on /opt/airflow/dags/tcc_pipeline_dag.py
[2025-09-05T18:40:58.737+0000] {processor.py:830} INFO - Processing file /opt/airflow/dags/tcc_pipeline_dag.py for tasks to queue
[2025-09-05T18:40:58.739+0000] {logging_mixin.py:188} INFO - [2025-09-05T18:40:58.738+0000] {dagbag.py:545} INFO - Filling up the DagBag from /opt/airflow/dags/tcc_pipeline_dag.py
[2025-09-05T18:40:58.798+0000] {processor.py:840} INFO - DAG(s) 'pipeline_dados_transito_tcc' retrieved from /opt/airflow/dags/tcc_pipeline_dag.py
[2025-09-05T18:40:58.829+0000] {logging_mixin.py:188} INFO - [2025-09-05T18:40:58.828+0000] {dag.py:3096} INFO - Sync 1 DAGs
[2025-09-05T18:40:58.857+0000] {logging_mixin.py:188} INFO - [2025-09-05T18:40:58.857+0000] {dag.py:3954} INFO - Setting next_dagrun for pipeline_dados_transito_tcc to 2025-09-05 08:00:00+00:00, run_after=2025-09-06 08:00:00+00:00
[2025-09-05T18:40:58.889+0000] {processor.py:183} INFO - Processing /opt/airflow/dags/tcc_pipeline_dag.py took 0.161 seconds
[2025-09-05T18:41:29.165+0000] {processor.py:161} INFO - Started process (PID=357) to work on /opt/airflow/dags/tcc_pipeline_dag.py
[2025-09-05T18:41:29.166+0000] {processor.py:830} INFO - Processing file /opt/airflow/dags/tcc_pipeline_dag.py for tasks to queue
[2025-09-05T18:41:29.168+0000] {logging_mixin.py:188} INFO - [2025-09-05T18:41:29.168+0000] {dagbag.py:545} INFO - Filling up the DagBag from /opt/airflow/dags/tcc_pipeline_dag.py
[2025-09-05T18:41:29.197+0000] {processor.py:840} INFO - DAG(s) 'pipeline_dados_transito_tcc' retrieved from /opt/airflow/dags/tcc_pipeline_dag.py
[2025-09-05T18:41:29.223+0000] {logging_mixin.py:188} INFO - [2025-09-05T18:41:29.223+0000] {dag.py:3096} INFO - Sync 1 DAGs
[2025-09-05T18:41:29.241+0000] {logging_mixin.py:188} INFO - [2025-09-05T18:41:29.241+0000] {dag.py:3954} INFO - Setting next_dagrun for pipeline_dados_transito_tcc to 2025-09-05 08:00:00+00:00, run_after=2025-09-06 08:00:00+00:00
[2025-09-05T18:41:29.265+0000] {processor.py:183} INFO - Processing /opt/airflow/dags/tcc_pipeline_dag.py took 0.106 seconds
[2025-09-05T18:41:59.458+0000] {processor.py:161} INFO - Started process (PID=364) to work on /opt/airflow/dags/tcc_pipeline_dag.py
[2025-09-05T18:41:59.459+0000] {processor.py:830} INFO - Processing file /opt/airflow/dags/tcc_pipeline_dag.py for tasks to queue
[2025-09-05T18:41:59.462+0000] {logging_mixin.py:188} INFO - [2025-09-05T18:41:59.461+0000] {dagbag.py:545} INFO - Filling up the DagBag from /opt/airflow/dags/tcc_pipeline_dag.py
[2025-09-05T18:41:59.509+0000] {processor.py:840} INFO - DAG(s) 'pipeline_dados_transito_tcc' retrieved from /opt/airflow/dags/tcc_pipeline_dag.py
[2025-09-05T18:41:59.543+0000] {logging_mixin.py:188} INFO - [2025-09-05T18:41:59.542+0000] {dag.py:3096} INFO - Sync 1 DAGs
[2025-09-05T18:41:59.571+0000] {logging_mixin.py:188} INFO - [2025-09-05T18:41:59.570+0000] {dag.py:3954} INFO - Setting next_dagrun for pipeline_dados_transito_tcc to 2025-09-05 08:00:00+00:00, run_after=2025-09-06 08:00:00+00:00
[2025-09-05T18:41:59.595+0000] {processor.py:183} INFO - Processing /opt/airflow/dags/tcc_pipeline_dag.py took 0.143 seconds
[2025-09-05T18:42:29.911+0000] {processor.py:161} INFO - Started process (PID=371) to work on /opt/airflow/dags/tcc_pipeline_dag.py
[2025-09-05T18:42:29.913+0000] {processor.py:830} INFO - Processing file /opt/airflow/dags/tcc_pipeline_dag.py for tasks to queue
[2025-09-05T18:42:29.916+0000] {logging_mixin.py:188} INFO - [2025-09-05T18:42:29.915+0000] {dagbag.py:545} INFO - Filling up the DagBag from /opt/airflow/dags/tcc_pipeline_dag.py
[2025-09-05T18:42:29.958+0000] {processor.py:840} INFO - DAG(s) 'pipeline_dados_transito_tcc' retrieved from /opt/airflow/dags/tcc_pipeline_dag.py
[2025-09-05T18:42:29.982+0000] {logging_mixin.py:188} INFO - [2025-09-05T18:42:29.982+0000] {dag.py:3096} INFO - Sync 1 DAGs
[2025-09-05T18:42:30.008+0000] {logging_mixin.py:188} INFO - [2025-09-05T18:42:30.008+0000] {dag.py:3954} INFO - Setting next_dagrun for pipeline_dados_transito_tcc to 2025-09-05 08:00:00+00:00, run_after=2025-09-06 08:00:00+00:00
[2025-09-05T18:42:30.026+0000] {processor.py:183} INFO - Processing /opt/airflow/dags/tcc_pipeline_dag.py took 0.121 seconds
[2025-09-05T18:43:00.228+0000] {processor.py:161} INFO - Started process (PID=378) to work on /opt/airflow/dags/tcc_pipeline_dag.py
[2025-09-05T18:43:00.231+0000] {processor.py:830} INFO - Processing file /opt/airflow/dags/tcc_pipeline_dag.py for tasks to queue
[2025-09-05T18:43:00.237+0000] {logging_mixin.py:188} INFO - [2025-09-05T18:43:00.236+0000] {dagbag.py:545} INFO - Filling up the DagBag from /opt/airflow/dags/tcc_pipeline_dag.py
[2025-09-05T18:43:00.288+0000] {processor.py:840} INFO - DAG(s) 'pipeline_dados_transito_tcc' retrieved from /opt/airflow/dags/tcc_pipeline_dag.py
[2025-09-05T18:43:00.338+0000] {logging_mixin.py:188} INFO - [2025-09-05T18:43:00.337+0000] {dag.py:3096} INFO - Sync 1 DAGs
[2025-09-05T18:43:00.373+0000] {logging_mixin.py:188} INFO - [2025-09-05T18:43:00.373+0000] {dag.py:3954} INFO - Setting next_dagrun for pipeline_dados_transito_tcc to 2025-09-05 08:00:00+00:00, run_after=2025-09-06 08:00:00+00:00
[2025-09-05T18:43:00.400+0000] {processor.py:183} INFO - Processing /opt/airflow/dags/tcc_pipeline_dag.py took 0.180 seconds
[2025-09-05T18:43:30.657+0000] {processor.py:161} INFO - Started process (PID=385) to work on /opt/airflow/dags/tcc_pipeline_dag.py
[2025-09-05T18:43:30.658+0000] {processor.py:830} INFO - Processing file /opt/airflow/dags/tcc_pipeline_dag.py for tasks to queue
[2025-09-05T18:43:30.662+0000] {logging_mixin.py:188} INFO - [2025-09-05T18:43:30.662+0000] {dagbag.py:545} INFO - Filling up the DagBag from /opt/airflow/dags/tcc_pipeline_dag.py
[2025-09-05T18:43:30.731+0000] {processor.py:840} INFO - DAG(s) 'pipeline_dados_transito_tcc' retrieved from /opt/airflow/dags/tcc_pipeline_dag.py
[2025-09-05T18:43:30.771+0000] {logging_mixin.py:188} INFO - [2025-09-05T18:43:30.771+0000] {dag.py:3096} INFO - Sync 1 DAGs
[2025-09-05T18:43:30.794+0000] {logging_mixin.py:188} INFO - [2025-09-05T18:43:30.793+0000] {dag.py:3954} INFO - Setting next_dagrun for pipeline_dados_transito_tcc to 2025-09-05 08:00:00+00:00, run_after=2025-09-06 08:00:00+00:00
[2025-09-05T18:43:30.819+0000] {processor.py:183} INFO - Processing /opt/airflow/dags/tcc_pipeline_dag.py took 0.176 seconds
[2025-09-05T18:44:01.057+0000] {processor.py:161} INFO - Started process (PID=392) to work on /opt/airflow/dags/tcc_pipeline_dag.py
[2025-09-05T18:44:01.058+0000] {processor.py:830} INFO - Processing file /opt/airflow/dags/tcc_pipeline_dag.py for tasks to queue
[2025-09-05T18:44:01.061+0000] {logging_mixin.py:188} INFO - [2025-09-05T18:44:01.061+0000] {dagbag.py:545} INFO - Filling up the DagBag from /opt/airflow/dags/tcc_pipeline_dag.py
[2025-09-05T18:44:01.098+0000] {processor.py:840} INFO - DAG(s) 'pipeline_dados_transito_tcc' retrieved from /opt/airflow/dags/tcc_pipeline_dag.py
[2025-09-05T18:44:01.130+0000] {logging_mixin.py:188} INFO - [2025-09-05T18:44:01.130+0000] {dag.py:3096} INFO - Sync 1 DAGs
[2025-09-05T18:44:01.149+0000] {logging_mixin.py:188} INFO - [2025-09-05T18:44:01.148+0000] {dag.py:3954} INFO - Setting next_dagrun for pipeline_dados_transito_tcc to 2025-09-05 08:00:00+00:00, run_after=2025-09-06 08:00:00+00:00
[2025-09-05T18:44:01.170+0000] {processor.py:183} INFO - Processing /opt/airflow/dags/tcc_pipeline_dag.py took 0.120 seconds
[2025-09-05T18:44:31.475+0000] {processor.py:161} INFO - Started process (PID=399) to work on /opt/airflow/dags/tcc_pipeline_dag.py
[2025-09-05T18:44:31.477+0000] {processor.py:830} INFO - Processing file /opt/airflow/dags/tcc_pipeline_dag.py for tasks to queue
[2025-09-05T18:44:31.480+0000] {logging_mixin.py:188} INFO - [2025-09-05T18:44:31.480+0000] {dagbag.py:545} INFO - Filling up the DagBag from /opt/airflow/dags/tcc_pipeline_dag.py
[2025-09-05T18:44:31.521+0000] {processor.py:840} INFO - DAG(s) 'pipeline_dados_transito_tcc' retrieved from /opt/airflow/dags/tcc_pipeline_dag.py
[2025-09-05T18:44:31.546+0000] {logging_mixin.py:188} INFO - [2025-09-05T18:44:31.546+0000] {dag.py:3096} INFO - Sync 1 DAGs
[2025-09-05T18:44:31.571+0000] {logging_mixin.py:188} INFO - [2025-09-05T18:44:31.571+0000] {dag.py:3954} INFO - Setting next_dagrun for pipeline_dados_transito_tcc to 2025-09-05 08:00:00+00:00, run_after=2025-09-06 08:00:00+00:00
[2025-09-05T18:44:31.593+0000] {processor.py:183} INFO - Processing /opt/airflow/dags/tcc_pipeline_dag.py took 0.122 seconds
[2025-09-05T18:45:01.866+0000] {processor.py:161} INFO - Started process (PID=406) to work on /opt/airflow/dags/tcc_pipeline_dag.py
[2025-09-05T18:45:01.868+0000] {processor.py:830} INFO - Processing file /opt/airflow/dags/tcc_pipeline_dag.py for tasks to queue
[2025-09-05T18:45:01.872+0000] {logging_mixin.py:188} INFO - [2025-09-05T18:45:01.872+0000] {dagbag.py:545} INFO - Filling up the DagBag from /opt/airflow/dags/tcc_pipeline_dag.py
[2025-09-05T18:45:01.905+0000] {processor.py:840} INFO - DAG(s) 'pipeline_dados_transito_tcc' retrieved from /opt/airflow/dags/tcc_pipeline_dag.py
[2025-09-05T18:45:01.930+0000] {logging_mixin.py:188} INFO - [2025-09-05T18:45:01.929+0000] {dag.py:3096} INFO - Sync 1 DAGs
[2025-09-05T18:45:01.952+0000] {logging_mixin.py:188} INFO - [2025-09-05T18:45:01.952+0000] {dag.py:3954} INFO - Setting next_dagrun for pipeline_dados_transito_tcc to 2025-09-05 08:00:00+00:00, run_after=2025-09-06 08:00:00+00:00
[2025-09-05T18:45:01.972+0000] {processor.py:183} INFO - Processing /opt/airflow/dags/tcc_pipeline_dag.py took 0.112 seconds
[2025-09-05T18:45:32.193+0000] {processor.py:161} INFO - Started process (PID=413) to work on /opt/airflow/dags/tcc_pipeline_dag.py
[2025-09-05T18:45:32.196+0000] {processor.py:830} INFO - Processing file /opt/airflow/dags/tcc_pipeline_dag.py for tasks to queue
[2025-09-05T18:45:32.198+0000] {logging_mixin.py:188} INFO - [2025-09-05T18:45:32.198+0000] {dagbag.py:545} INFO - Filling up the DagBag from /opt/airflow/dags/tcc_pipeline_dag.py
[2025-09-05T18:45:32.279+0000] {processor.py:840} INFO - DAG(s) 'pipeline_dados_transito_tcc' retrieved from /opt/airflow/dags/tcc_pipeline_dag.py
[2025-09-05T18:45:32.314+0000] {logging_mixin.py:188} INFO - [2025-09-05T18:45:32.314+0000] {dag.py:3096} INFO - Sync 1 DAGs
[2025-09-05T18:45:32.338+0000] {logging_mixin.py:188} INFO - [2025-09-05T18:45:32.338+0000] {dag.py:3954} INFO - Setting next_dagrun for pipeline_dados_transito_tcc to 2025-09-05 08:00:00+00:00, run_after=2025-09-06 08:00:00+00:00
[2025-09-05T18:45:32.366+0000] {processor.py:183} INFO - Processing /opt/airflow/dags/tcc_pipeline_dag.py took 0.181 seconds
[2025-09-05T18:46:02.632+0000] {processor.py:161} INFO - Started process (PID=420) to work on /opt/airflow/dags/tcc_pipeline_dag.py
[2025-09-05T18:46:02.636+0000] {processor.py:830} INFO - Processing file /opt/airflow/dags/tcc_pipeline_dag.py for tasks to queue
[2025-09-05T18:46:02.640+0000] {logging_mixin.py:188} INFO - [2025-09-05T18:46:02.639+0000] {dagbag.py:545} INFO - Filling up the DagBag from /opt/airflow/dags/tcc_pipeline_dag.py
[2025-09-05T18:46:02.669+0000] {processor.py:840} INFO - DAG(s) 'pipeline_dados_transito_tcc' retrieved from /opt/airflow/dags/tcc_pipeline_dag.py
[2025-09-05T18:46:02.694+0000] {logging_mixin.py:188} INFO - [2025-09-05T18:46:02.694+0000] {dag.py:3096} INFO - Sync 1 DAGs
[2025-09-05T18:46:02.734+0000] {logging_mixin.py:188} INFO - [2025-09-05T18:46:02.733+0000] {dag.py:3954} INFO - Setting next_dagrun for pipeline_dados_transito_tcc to 2025-09-05 08:00:00+00:00, run_after=2025-09-06 08:00:00+00:00
[2025-09-05T18:46:02.755+0000] {processor.py:183} INFO - Processing /opt/airflow/dags/tcc_pipeline_dag.py took 0.133 seconds
[2025-09-05T18:46:33.040+0000] {processor.py:161} INFO - Started process (PID=427) to work on /opt/airflow/dags/tcc_pipeline_dag.py
[2025-09-05T18:46:33.044+0000] {processor.py:830} INFO - Processing file /opt/airflow/dags/tcc_pipeline_dag.py for tasks to queue
[2025-09-05T18:46:33.046+0000] {logging_mixin.py:188} INFO - [2025-09-05T18:46:33.045+0000] {dagbag.py:545} INFO - Filling up the DagBag from /opt/airflow/dags/tcc_pipeline_dag.py
[2025-09-05T18:46:33.073+0000] {processor.py:840} INFO - DAG(s) 'pipeline_dados_transito_tcc' retrieved from /opt/airflow/dags/tcc_pipeline_dag.py
[2025-09-05T18:46:33.095+0000] {logging_mixin.py:188} INFO - [2025-09-05T18:46:33.095+0000] {dag.py:3096} INFO - Sync 1 DAGs
[2025-09-05T18:46:33.118+0000] {logging_mixin.py:188} INFO - [2025-09-05T18:46:33.117+0000] {dag.py:3954} INFO - Setting next_dagrun for pipeline_dados_transito_tcc to 2025-09-05 08:00:00+00:00, run_after=2025-09-06 08:00:00+00:00
[2025-09-05T18:46:33.135+0000] {processor.py:183} INFO - Processing /opt/airflow/dags/tcc_pipeline_dag.py took 0.101 seconds
[2025-09-05T18:47:03.367+0000] {processor.py:161} INFO - Started process (PID=434) to work on /opt/airflow/dags/tcc_pipeline_dag.py
[2025-09-05T18:47:03.369+0000] {processor.py:830} INFO - Processing file /opt/airflow/dags/tcc_pipeline_dag.py for tasks to queue
[2025-09-05T18:47:03.372+0000] {logging_mixin.py:188} INFO - [2025-09-05T18:47:03.371+0000] {dagbag.py:545} INFO - Filling up the DagBag from /opt/airflow/dags/tcc_pipeline_dag.py
[2025-09-05T18:47:03.410+0000] {processor.py:840} INFO - DAG(s) 'pipeline_dados_transito_tcc' retrieved from /opt/airflow/dags/tcc_pipeline_dag.py
[2025-09-05T18:47:03.471+0000] {logging_mixin.py:188} INFO - [2025-09-05T18:47:03.470+0000] {dag.py:3096} INFO - Sync 1 DAGs
[2025-09-05T18:47:03.500+0000] {logging_mixin.py:188} INFO - [2025-09-05T18:47:03.500+0000] {dag.py:3954} INFO - Setting next_dagrun for pipeline_dados_transito_tcc to 2025-09-05 08:00:00+00:00, run_after=2025-09-06 08:00:00+00:00
[2025-09-05T18:47:03.522+0000] {processor.py:183} INFO - Processing /opt/airflow/dags/tcc_pipeline_dag.py took 0.160 seconds
[2025-09-05T18:47:33.813+0000] {processor.py:161} INFO - Started process (PID=441) to work on /opt/airflow/dags/tcc_pipeline_dag.py
[2025-09-05T18:47:33.814+0000] {processor.py:830} INFO - Processing file /opt/airflow/dags/tcc_pipeline_dag.py for tasks to queue
[2025-09-05T18:47:33.818+0000] {logging_mixin.py:188} INFO - [2025-09-05T18:47:33.818+0000] {dagbag.py:545} INFO - Filling up the DagBag from /opt/airflow/dags/tcc_pipeline_dag.py
[2025-09-05T18:47:33.855+0000] {processor.py:840} INFO - DAG(s) 'pipeline_dados_transito_tcc' retrieved from /opt/airflow/dags/tcc_pipeline_dag.py
[2025-09-05T18:47:33.902+0000] {logging_mixin.py:188} INFO - [2025-09-05T18:47:33.902+0000] {dag.py:3096} INFO - Sync 1 DAGs
[2025-09-05T18:47:33.929+0000] {logging_mixin.py:188} INFO - [2025-09-05T18:47:33.929+0000] {dag.py:3954} INFO - Setting next_dagrun for pipeline_dados_transito_tcc to 2025-09-05 08:00:00+00:00, run_after=2025-09-06 08:00:00+00:00
[2025-09-05T18:47:33.954+0000] {processor.py:183} INFO - Processing /opt/airflow/dags/tcc_pipeline_dag.py took 0.147 seconds
[2025-09-05T18:48:04.170+0000] {processor.py:161} INFO - Started process (PID=448) to work on /opt/airflow/dags/tcc_pipeline_dag.py
[2025-09-05T18:48:04.172+0000] {processor.py:830} INFO - Processing file /opt/airflow/dags/tcc_pipeline_dag.py for tasks to queue
[2025-09-05T18:48:04.176+0000] {logging_mixin.py:188} INFO - [2025-09-05T18:48:04.176+0000] {dagbag.py:545} INFO - Filling up the DagBag from /opt/airflow/dags/tcc_pipeline_dag.py
[2025-09-05T18:48:04.219+0000] {processor.py:840} INFO - DAG(s) 'pipeline_dados_transito_tcc' retrieved from /opt/airflow/dags/tcc_pipeline_dag.py
[2025-09-05T18:48:04.252+0000] {logging_mixin.py:188} INFO - [2025-09-05T18:48:04.252+0000] {dag.py:3096} INFO - Sync 1 DAGs
[2025-09-05T18:48:04.275+0000] {logging_mixin.py:188} INFO - [2025-09-05T18:48:04.275+0000] {dag.py:3954} INFO - Setting next_dagrun for pipeline_dados_transito_tcc to 2025-09-05 08:00:00+00:00, run_after=2025-09-06 08:00:00+00:00
[2025-09-05T18:48:04.330+0000] {processor.py:183} INFO - Processing /opt/airflow/dags/tcc_pipeline_dag.py took 0.167 seconds
[2025-09-05T18:48:34.643+0000] {processor.py:161} INFO - Started process (PID=455) to work on /opt/airflow/dags/tcc_pipeline_dag.py
[2025-09-05T18:48:34.645+0000] {processor.py:830} INFO - Processing file /opt/airflow/dags/tcc_pipeline_dag.py for tasks to queue
[2025-09-05T18:48:34.647+0000] {logging_mixin.py:188} INFO - [2025-09-05T18:48:34.646+0000] {dagbag.py:545} INFO - Filling up the DagBag from /opt/airflow/dags/tcc_pipeline_dag.py
[2025-09-05T18:48:34.694+0000] {processor.py:840} INFO - DAG(s) 'pipeline_dados_transito_tcc' retrieved from /opt/airflow/dags/tcc_pipeline_dag.py
[2025-09-05T18:48:34.729+0000] {logging_mixin.py:188} INFO - [2025-09-05T18:48:34.728+0000] {dag.py:3096} INFO - Sync 1 DAGs
[2025-09-05T18:48:34.756+0000] {logging_mixin.py:188} INFO - [2025-09-05T18:48:34.756+0000] {dag.py:3954} INFO - Setting next_dagrun for pipeline_dados_transito_tcc to 2025-09-05 08:00:00+00:00, run_after=2025-09-06 08:00:00+00:00
[2025-09-05T18:48:34.779+0000] {processor.py:183} INFO - Processing /opt/airflow/dags/tcc_pipeline_dag.py took 0.147 seconds
[2025-09-05T18:49:04.920+0000] {processor.py:161} INFO - Started process (PID=462) to work on /opt/airflow/dags/tcc_pipeline_dag.py
[2025-09-05T18:49:04.922+0000] {processor.py:830} INFO - Processing file /opt/airflow/dags/tcc_pipeline_dag.py for tasks to queue
[2025-09-05T18:49:04.925+0000] {logging_mixin.py:188} INFO - [2025-09-05T18:49:04.925+0000] {dagbag.py:545} INFO - Filling up the DagBag from /opt/airflow/dags/tcc_pipeline_dag.py
[2025-09-05T18:49:04.970+0000] {processor.py:840} INFO - DAG(s) 'pipeline_dados_transito_tcc' retrieved from /opt/airflow/dags/tcc_pipeline_dag.py
[2025-09-05T18:49:05.004+0000] {logging_mixin.py:188} INFO - [2025-09-05T18:49:05.004+0000] {dag.py:3096} INFO - Sync 1 DAGs
[2025-09-05T18:49:05.025+0000] {logging_mixin.py:188} INFO - [2025-09-05T18:49:05.024+0000] {dag.py:3954} INFO - Setting next_dagrun for pipeline_dados_transito_tcc to 2025-09-05 08:00:00+00:00, run_after=2025-09-06 08:00:00+00:00
[2025-09-05T18:49:05.044+0000] {processor.py:183} INFO - Processing /opt/airflow/dags/tcc_pipeline_dag.py took 0.131 seconds
[2025-09-05T18:49:35.401+0000] {processor.py:161} INFO - Started process (PID=469) to work on /opt/airflow/dags/tcc_pipeline_dag.py
[2025-09-05T18:49:35.402+0000] {processor.py:830} INFO - Processing file /opt/airflow/dags/tcc_pipeline_dag.py for tasks to queue
[2025-09-05T18:49:35.405+0000] {logging_mixin.py:188} INFO - [2025-09-05T18:49:35.405+0000] {dagbag.py:545} INFO - Filling up the DagBag from /opt/airflow/dags/tcc_pipeline_dag.py
[2025-09-05T18:49:35.452+0000] {processor.py:840} INFO - DAG(s) 'pipeline_dados_transito_tcc' retrieved from /opt/airflow/dags/tcc_pipeline_dag.py
[2025-09-05T18:49:35.485+0000] {logging_mixin.py:188} INFO - [2025-09-05T18:49:35.484+0000] {dag.py:3096} INFO - Sync 1 DAGs
[2025-09-05T18:49:35.509+0000] {logging_mixin.py:188} INFO - [2025-09-05T18:49:35.508+0000] {dag.py:3954} INFO - Setting next_dagrun for pipeline_dados_transito_tcc to 2025-09-05 08:00:00+00:00, run_after=2025-09-06 08:00:00+00:00
[2025-09-05T18:49:35.526+0000] {processor.py:183} INFO - Processing /opt/airflow/dags/tcc_pipeline_dag.py took 0.133 seconds
[2025-09-05T18:50:05.792+0000] {processor.py:161} INFO - Started process (PID=476) to work on /opt/airflow/dags/tcc_pipeline_dag.py
[2025-09-05T18:50:05.793+0000] {processor.py:830} INFO - Processing file /opt/airflow/dags/tcc_pipeline_dag.py for tasks to queue
[2025-09-05T18:50:05.796+0000] {logging_mixin.py:188} INFO - [2025-09-05T18:50:05.796+0000] {dagbag.py:545} INFO - Filling up the DagBag from /opt/airflow/dags/tcc_pipeline_dag.py
[2025-09-05T18:50:05.893+0000] {processor.py:840} INFO - DAG(s) 'pipeline_dados_transito_tcc' retrieved from /opt/airflow/dags/tcc_pipeline_dag.py
[2025-09-05T18:50:05.935+0000] {logging_mixin.py:188} INFO - [2025-09-05T18:50:05.935+0000] {dag.py:3096} INFO - Sync 1 DAGs
[2025-09-05T18:50:05.961+0000] {logging_mixin.py:188} INFO - [2025-09-05T18:50:05.960+0000] {dag.py:3954} INFO - Setting next_dagrun for pipeline_dados_transito_tcc to 2025-09-05 08:00:00+00:00, run_after=2025-09-06 08:00:00+00:00
[2025-09-05T18:50:05.994+0000] {processor.py:183} INFO - Processing /opt/airflow/dags/tcc_pipeline_dag.py took 0.210 seconds
[2025-09-05T18:50:36.274+0000] {processor.py:161} INFO - Started process (PID=483) to work on /opt/airflow/dags/tcc_pipeline_dag.py
[2025-09-05T18:50:36.275+0000] {processor.py:830} INFO - Processing file /opt/airflow/dags/tcc_pipeline_dag.py for tasks to queue
[2025-09-05T18:50:36.277+0000] {logging_mixin.py:188} INFO - [2025-09-05T18:50:36.277+0000] {dagbag.py:545} INFO - Filling up the DagBag from /opt/airflow/dags/tcc_pipeline_dag.py
[2025-09-05T18:50:36.318+0000] {processor.py:840} INFO - DAG(s) 'pipeline_dados_transito_tcc' retrieved from /opt/airflow/dags/tcc_pipeline_dag.py
[2025-09-05T18:50:36.341+0000] {logging_mixin.py:188} INFO - [2025-09-05T18:50:36.341+0000] {dag.py:3096} INFO - Sync 1 DAGs
[2025-09-05T18:50:36.359+0000] {logging_mixin.py:188} INFO - [2025-09-05T18:50:36.358+0000] {dag.py:3954} INFO - Setting next_dagrun for pipeline_dados_transito_tcc to 2025-09-05 08:00:00+00:00, run_after=2025-09-06 08:00:00+00:00
[2025-09-05T18:50:36.376+0000] {processor.py:183} INFO - Processing /opt/airflow/dags/tcc_pipeline_dag.py took 0.107 seconds
[2025-09-05T18:51:06.656+0000] {processor.py:161} INFO - Started process (PID=490) to work on /opt/airflow/dags/tcc_pipeline_dag.py
[2025-09-05T18:51:06.657+0000] {processor.py:830} INFO - Processing file /opt/airflow/dags/tcc_pipeline_dag.py for tasks to queue
[2025-09-05T18:51:06.660+0000] {logging_mixin.py:188} INFO - [2025-09-05T18:51:06.660+0000] {dagbag.py:545} INFO - Filling up the DagBag from /opt/airflow/dags/tcc_pipeline_dag.py
[2025-09-05T18:51:06.697+0000] {processor.py:840} INFO - DAG(s) 'pipeline_dados_transito_tcc' retrieved from /opt/airflow/dags/tcc_pipeline_dag.py
[2025-09-05T18:51:06.725+0000] {logging_mixin.py:188} INFO - [2025-09-05T18:51:06.724+0000] {dag.py:3096} INFO - Sync 1 DAGs
[2025-09-05T18:51:06.745+0000] {logging_mixin.py:188} INFO - [2025-09-05T18:51:06.745+0000] {dag.py:3954} INFO - Setting next_dagrun for pipeline_dados_transito_tcc to 2025-09-05 08:00:00+00:00, run_after=2025-09-06 08:00:00+00:00
[2025-09-05T18:51:06.804+0000] {processor.py:183} INFO - Processing /opt/airflow/dags/tcc_pipeline_dag.py took 0.154 seconds
[2025-09-05T18:51:37.180+0000] {processor.py:161} INFO - Started process (PID=497) to work on /opt/airflow/dags/tcc_pipeline_dag.py
[2025-09-05T18:51:37.182+0000] {processor.py:830} INFO - Processing file /opt/airflow/dags/tcc_pipeline_dag.py for tasks to queue
[2025-09-05T18:51:37.184+0000] {logging_mixin.py:188} INFO - [2025-09-05T18:51:37.184+0000] {dagbag.py:545} INFO - Filling up the DagBag from /opt/airflow/dags/tcc_pipeline_dag.py
[2025-09-05T18:51:37.225+0000] {processor.py:840} INFO - DAG(s) 'pipeline_dados_transito_tcc' retrieved from /opt/airflow/dags/tcc_pipeline_dag.py
[2025-09-05T18:51:37.258+0000] {logging_mixin.py:188} INFO - [2025-09-05T18:51:37.257+0000] {dag.py:3096} INFO - Sync 1 DAGs
[2025-09-05T18:51:37.283+0000] {logging_mixin.py:188} INFO - [2025-09-05T18:51:37.283+0000] {dag.py:3954} INFO - Setting next_dagrun for pipeline_dados_transito_tcc to 2025-09-05 08:00:00+00:00, run_after=2025-09-06 08:00:00+00:00
[2025-09-05T18:51:37.309+0000] {processor.py:183} INFO - Processing /opt/airflow/dags/tcc_pipeline_dag.py took 0.136 seconds
[2025-09-05T18:52:07.526+0000] {processor.py:161} INFO - Started process (PID=504) to work on /opt/airflow/dags/tcc_pipeline_dag.py
[2025-09-05T18:52:07.527+0000] {processor.py:830} INFO - Processing file /opt/airflow/dags/tcc_pipeline_dag.py for tasks to queue
[2025-09-05T18:52:07.530+0000] {logging_mixin.py:188} INFO - [2025-09-05T18:52:07.530+0000] {dagbag.py:545} INFO - Filling up the DagBag from /opt/airflow/dags/tcc_pipeline_dag.py
[2025-09-05T18:52:07.584+0000] {processor.py:840} INFO - DAG(s) 'pipeline_dados_transito_tcc' retrieved from /opt/airflow/dags/tcc_pipeline_dag.py
[2025-09-05T18:52:07.609+0000] {logging_mixin.py:188} INFO - [2025-09-05T18:52:07.609+0000] {dag.py:3096} INFO - Sync 1 DAGs
[2025-09-05T18:52:07.631+0000] {logging_mixin.py:188} INFO - [2025-09-05T18:52:07.630+0000] {dag.py:3954} INFO - Setting next_dagrun for pipeline_dados_transito_tcc to 2025-09-05 08:00:00+00:00, run_after=2025-09-06 08:00:00+00:00
[2025-09-05T18:52:07.657+0000] {processor.py:183} INFO - Processing /opt/airflow/dags/tcc_pipeline_dag.py took 0.143 seconds
[2025-09-05T18:52:38.006+0000] {processor.py:161} INFO - Started process (PID=511) to work on /opt/airflow/dags/tcc_pipeline_dag.py
[2025-09-05T18:52:38.008+0000] {processor.py:830} INFO - Processing file /opt/airflow/dags/tcc_pipeline_dag.py for tasks to queue
[2025-09-05T18:52:38.010+0000] {logging_mixin.py:188} INFO - [2025-09-05T18:52:38.010+0000] {dagbag.py:545} INFO - Filling up the DagBag from /opt/airflow/dags/tcc_pipeline_dag.py
[2025-09-05T18:52:38.047+0000] {processor.py:840} INFO - DAG(s) 'pipeline_dados_transito_tcc' retrieved from /opt/airflow/dags/tcc_pipeline_dag.py
[2025-09-05T18:52:38.068+0000] {logging_mixin.py:188} INFO - [2025-09-05T18:52:38.068+0000] {dag.py:3096} INFO - Sync 1 DAGs
[2025-09-05T18:52:38.088+0000] {logging_mixin.py:188} INFO - [2025-09-05T18:52:38.087+0000] {dag.py:3954} INFO - Setting next_dagrun for pipeline_dados_transito_tcc to 2025-09-05 08:00:00+00:00, run_after=2025-09-06 08:00:00+00:00
[2025-09-05T18:52:38.110+0000] {processor.py:183} INFO - Processing /opt/airflow/dags/tcc_pipeline_dag.py took 0.110 seconds
[2025-09-05T18:53:08.331+0000] {processor.py:161} INFO - Started process (PID=518) to work on /opt/airflow/dags/tcc_pipeline_dag.py
[2025-09-05T18:53:08.332+0000] {processor.py:830} INFO - Processing file /opt/airflow/dags/tcc_pipeline_dag.py for tasks to queue
[2025-09-05T18:53:08.337+0000] {logging_mixin.py:188} INFO - [2025-09-05T18:53:08.336+0000] {dagbag.py:545} INFO - Filling up the DagBag from /opt/airflow/dags/tcc_pipeline_dag.py
[2025-09-05T18:53:08.405+0000] {processor.py:840} INFO - DAG(s) 'pipeline_dados_transito_tcc' retrieved from /opt/airflow/dags/tcc_pipeline_dag.py
[2025-09-05T18:53:08.449+0000] {logging_mixin.py:188} INFO - [2025-09-05T18:53:08.449+0000] {dag.py:3096} INFO - Sync 1 DAGs
[2025-09-05T18:53:08.485+0000] {logging_mixin.py:188} INFO - [2025-09-05T18:53:08.485+0000] {dag.py:3954} INFO - Setting next_dagrun for pipeline_dados_transito_tcc to 2025-09-05 08:00:00+00:00, run_after=2025-09-06 08:00:00+00:00
[2025-09-05T18:53:08.522+0000] {processor.py:183} INFO - Processing /opt/airflow/dags/tcc_pipeline_dag.py took 0.199 seconds
[2025-09-05T18:53:38.700+0000] {processor.py:161} INFO - Started process (PID=525) to work on /opt/airflow/dags/tcc_pipeline_dag.py
[2025-09-05T18:53:38.701+0000] {processor.py:830} INFO - Processing file /opt/airflow/dags/tcc_pipeline_dag.py for tasks to queue
[2025-09-05T18:53:38.703+0000] {logging_mixin.py:188} INFO - [2025-09-05T18:53:38.702+0000] {dagbag.py:545} INFO - Filling up the DagBag from /opt/airflow/dags/tcc_pipeline_dag.py
[2025-09-05T18:53:38.738+0000] {processor.py:840} INFO - DAG(s) 'pipeline_dados_transito_tcc' retrieved from /opt/airflow/dags/tcc_pipeline_dag.py
[2025-09-05T18:53:38.761+0000] {logging_mixin.py:188} INFO - [2025-09-05T18:53:38.761+0000] {dag.py:3096} INFO - Sync 1 DAGs
[2025-09-05T18:53:38.783+0000] {logging_mixin.py:188} INFO - [2025-09-05T18:53:38.783+0000] {dag.py:3954} INFO - Setting next_dagrun for pipeline_dados_transito_tcc to 2025-09-05 08:00:00+00:00, run_after=2025-09-06 08:00:00+00:00
[2025-09-05T18:53:38.801+0000] {processor.py:183} INFO - Processing /opt/airflow/dags/tcc_pipeline_dag.py took 0.107 seconds
[2025-09-05T18:54:09.064+0000] {processor.py:161} INFO - Started process (PID=532) to work on /opt/airflow/dags/tcc_pipeline_dag.py
[2025-09-05T18:54:09.066+0000] {processor.py:830} INFO - Processing file /opt/airflow/dags/tcc_pipeline_dag.py for tasks to queue
[2025-09-05T18:54:09.068+0000] {logging_mixin.py:188} INFO - [2025-09-05T18:54:09.068+0000] {dagbag.py:545} INFO - Filling up the DagBag from /opt/airflow/dags/tcc_pipeline_dag.py
[2025-09-05T18:54:09.102+0000] {processor.py:840} INFO - DAG(s) 'pipeline_dados_transito_tcc' retrieved from /opt/airflow/dags/tcc_pipeline_dag.py
[2025-09-05T18:54:09.126+0000] {logging_mixin.py:188} INFO - [2025-09-05T18:54:09.126+0000] {dag.py:3096} INFO - Sync 1 DAGs
[2025-09-05T18:54:09.148+0000] {logging_mixin.py:188} INFO - [2025-09-05T18:54:09.148+0000] {dag.py:3954} INFO - Setting next_dagrun for pipeline_dados_transito_tcc to 2025-09-05 08:00:00+00:00, run_after=2025-09-06 08:00:00+00:00
[2025-09-05T18:54:09.169+0000] {processor.py:183} INFO - Processing /opt/airflow/dags/tcc_pipeline_dag.py took 0.112 seconds
[2025-09-05T18:54:39.379+0000] {processor.py:161} INFO - Started process (PID=539) to work on /opt/airflow/dags/tcc_pipeline_dag.py
[2025-09-05T18:54:39.382+0000] {processor.py:830} INFO - Processing file /opt/airflow/dags/tcc_pipeline_dag.py for tasks to queue
[2025-09-05T18:54:39.384+0000] {logging_mixin.py:188} INFO - [2025-09-05T18:54:39.384+0000] {dagbag.py:545} INFO - Filling up the DagBag from /opt/airflow/dags/tcc_pipeline_dag.py
[2025-09-05T18:54:39.436+0000] {processor.py:840} INFO - DAG(s) 'pipeline_dados_transito_tcc' retrieved from /opt/airflow/dags/tcc_pipeline_dag.py
[2025-09-05T18:54:39.479+0000] {logging_mixin.py:188} INFO - [2025-09-05T18:54:39.479+0000] {dag.py:3096} INFO - Sync 1 DAGs
[2025-09-05T18:54:39.503+0000] {logging_mixin.py:188} INFO - [2025-09-05T18:54:39.502+0000] {dag.py:3954} INFO - Setting next_dagrun for pipeline_dados_transito_tcc to 2025-09-05 08:00:00+00:00, run_after=2025-09-06 08:00:00+00:00
[2025-09-05T18:54:39.533+0000] {processor.py:183} INFO - Processing /opt/airflow/dags/tcc_pipeline_dag.py took 0.162 seconds
[2025-09-05T18:55:09.836+0000] {processor.py:161} INFO - Started process (PID=546) to work on /opt/airflow/dags/tcc_pipeline_dag.py
[2025-09-05T18:55:09.838+0000] {processor.py:830} INFO - Processing file /opt/airflow/dags/tcc_pipeline_dag.py for tasks to queue
[2025-09-05T18:55:09.842+0000] {logging_mixin.py:188} INFO - [2025-09-05T18:55:09.841+0000] {dagbag.py:545} INFO - Filling up the DagBag from /opt/airflow/dags/tcc_pipeline_dag.py
[2025-09-05T18:55:09.904+0000] {processor.py:840} INFO - DAG(s) 'pipeline_dados_transito_tcc' retrieved from /opt/airflow/dags/tcc_pipeline_dag.py
[2025-09-05T18:55:09.941+0000] {logging_mixin.py:188} INFO - [2025-09-05T18:55:09.941+0000] {dag.py:3096} INFO - Sync 1 DAGs
[2025-09-05T18:55:09.964+0000] {logging_mixin.py:188} INFO - [2025-09-05T18:55:09.964+0000] {dag.py:3954} INFO - Setting next_dagrun for pipeline_dados_transito_tcc to 2025-09-05 08:00:00+00:00, run_after=2025-09-06 08:00:00+00:00
[2025-09-05T18:55:09.994+0000] {processor.py:183} INFO - Processing /opt/airflow/dags/tcc_pipeline_dag.py took 0.166 seconds
[2025-09-05T18:55:40.177+0000] {processor.py:161} INFO - Started process (PID=553) to work on /opt/airflow/dags/tcc_pipeline_dag.py
[2025-09-05T18:55:40.178+0000] {processor.py:830} INFO - Processing file /opt/airflow/dags/tcc_pipeline_dag.py for tasks to queue
[2025-09-05T18:55:40.180+0000] {logging_mixin.py:188} INFO - [2025-09-05T18:55:40.180+0000] {dagbag.py:545} INFO - Filling up the DagBag from /opt/airflow/dags/tcc_pipeline_dag.py
[2025-09-05T18:55:40.224+0000] {processor.py:840} INFO - DAG(s) 'pipeline_dados_transito_tcc' retrieved from /opt/airflow/dags/tcc_pipeline_dag.py
[2025-09-05T18:55:40.265+0000] {logging_mixin.py:188} INFO - [2025-09-05T18:55:40.265+0000] {dag.py:3096} INFO - Sync 1 DAGs
[2025-09-05T18:55:40.289+0000] {logging_mixin.py:188} INFO - [2025-09-05T18:55:40.288+0000] {dag.py:3954} INFO - Setting next_dagrun for pipeline_dados_transito_tcc to 2025-09-05 08:00:00+00:00, run_after=2025-09-06 08:00:00+00:00
[2025-09-05T18:55:40.313+0000] {processor.py:183} INFO - Processing /opt/airflow/dags/tcc_pipeline_dag.py took 0.144 seconds
[2025-09-05T18:56:10.628+0000] {processor.py:161} INFO - Started process (PID=560) to work on /opt/airflow/dags/tcc_pipeline_dag.py
[2025-09-05T18:56:10.630+0000] {processor.py:830} INFO - Processing file /opt/airflow/dags/tcc_pipeline_dag.py for tasks to queue
[2025-09-05T18:56:10.633+0000] {logging_mixin.py:188} INFO - [2025-09-05T18:56:10.632+0000] {dagbag.py:545} INFO - Filling up the DagBag from /opt/airflow/dags/tcc_pipeline_dag.py
[2025-09-05T18:56:10.684+0000] {processor.py:840} INFO - DAG(s) 'pipeline_dados_transito_tcc' retrieved from /opt/airflow/dags/tcc_pipeline_dag.py
[2025-09-05T18:56:10.716+0000] {logging_mixin.py:188} INFO - [2025-09-05T18:56:10.716+0000] {dag.py:3096} INFO - Sync 1 DAGs
[2025-09-05T18:56:10.746+0000] {logging_mixin.py:188} INFO - [2025-09-05T18:56:10.746+0000] {dag.py:3954} INFO - Setting next_dagrun for pipeline_dados_transito_tcc to 2025-09-05 08:00:00+00:00, run_after=2025-09-06 08:00:00+00:00
[2025-09-05T18:56:10.789+0000] {processor.py:183} INFO - Processing /opt/airflow/dags/tcc_pipeline_dag.py took 0.166 seconds
[2025-09-05T18:56:41.006+0000] {processor.py:161} INFO - Started process (PID=567) to work on /opt/airflow/dags/tcc_pipeline_dag.py
[2025-09-05T18:56:41.008+0000] {processor.py:830} INFO - Processing file /opt/airflow/dags/tcc_pipeline_dag.py for tasks to queue
[2025-09-05T18:56:41.013+0000] {logging_mixin.py:188} INFO - [2025-09-05T18:56:41.012+0000] {dagbag.py:545} INFO - Filling up the DagBag from /opt/airflow/dags/tcc_pipeline_dag.py
[2025-09-05T18:56:41.105+0000] {processor.py:840} INFO - DAG(s) 'pipeline_dados_transito_tcc' retrieved from /opt/airflow/dags/tcc_pipeline_dag.py
[2025-09-05T18:56:41.129+0000] {logging_mixin.py:188} INFO - [2025-09-05T18:56:41.129+0000] {dag.py:3096} INFO - Sync 1 DAGs
[2025-09-05T18:56:41.151+0000] {logging_mixin.py:188} INFO - [2025-09-05T18:56:41.150+0000] {dag.py:3954} INFO - Setting next_dagrun for pipeline_dados_transito_tcc to 2025-09-05 08:00:00+00:00, run_after=2025-09-06 08:00:00+00:00
[2025-09-05T18:56:41.171+0000] {processor.py:183} INFO - Processing /opt/airflow/dags/tcc_pipeline_dag.py took 0.172 seconds
[2025-09-05T18:57:11.499+0000] {processor.py:161} INFO - Started process (PID=574) to work on /opt/airflow/dags/tcc_pipeline_dag.py
[2025-09-05T18:57:11.503+0000] {processor.py:830} INFO - Processing file /opt/airflow/dags/tcc_pipeline_dag.py for tasks to queue
[2025-09-05T18:57:11.506+0000] {logging_mixin.py:188} INFO - [2025-09-05T18:57:11.506+0000] {dagbag.py:545} INFO - Filling up the DagBag from /opt/airflow/dags/tcc_pipeline_dag.py
[2025-09-05T18:57:11.561+0000] {processor.py:840} INFO - DAG(s) 'pipeline_dados_transito_tcc' retrieved from /opt/airflow/dags/tcc_pipeline_dag.py
[2025-09-05T18:57:11.587+0000] {logging_mixin.py:188} INFO - [2025-09-05T18:57:11.587+0000] {dag.py:3096} INFO - Sync 1 DAGs
[2025-09-05T18:57:11.610+0000] {logging_mixin.py:188} INFO - [2025-09-05T18:57:11.610+0000] {dag.py:3954} INFO - Setting next_dagrun for pipeline_dados_transito_tcc to 2025-09-05 08:00:00+00:00, run_after=2025-09-06 08:00:00+00:00
[2025-09-05T18:57:11.630+0000] {processor.py:183} INFO - Processing /opt/airflow/dags/tcc_pipeline_dag.py took 0.136 seconds
[2025-09-05T18:57:41.837+0000] {processor.py:161} INFO - Started process (PID=582) to work on /opt/airflow/dags/tcc_pipeline_dag.py
[2025-09-05T18:57:41.839+0000] {processor.py:830} INFO - Processing file /opt/airflow/dags/tcc_pipeline_dag.py for tasks to queue
[2025-09-05T18:57:41.842+0000] {logging_mixin.py:188} INFO - [2025-09-05T18:57:41.842+0000] {dagbag.py:545} INFO - Filling up the DagBag from /opt/airflow/dags/tcc_pipeline_dag.py
[2025-09-05T18:57:41.894+0000] {processor.py:840} INFO - DAG(s) 'pipeline_dados_transito_tcc' retrieved from /opt/airflow/dags/tcc_pipeline_dag.py
[2025-09-05T18:57:41.934+0000] {logging_mixin.py:188} INFO - [2025-09-05T18:57:41.934+0000] {dag.py:3096} INFO - Sync 1 DAGs
[2025-09-05T18:57:41.959+0000] {logging_mixin.py:188} INFO - [2025-09-05T18:57:41.959+0000] {dag.py:3954} INFO - Setting next_dagrun for pipeline_dados_transito_tcc to 2025-09-05 08:00:00+00:00, run_after=2025-09-06 08:00:00+00:00
[2025-09-05T18:57:41.982+0000] {processor.py:183} INFO - Processing /opt/airflow/dags/tcc_pipeline_dag.py took 0.152 seconds
[2025-09-05T18:58:12.249+0000] {processor.py:161} INFO - Started process (PID=589) to work on /opt/airflow/dags/tcc_pipeline_dag.py
[2025-09-05T18:58:12.251+0000] {processor.py:830} INFO - Processing file /opt/airflow/dags/tcc_pipeline_dag.py for tasks to queue
[2025-09-05T18:58:12.254+0000] {logging_mixin.py:188} INFO - [2025-09-05T18:58:12.253+0000] {dagbag.py:545} INFO - Filling up the DagBag from /opt/airflow/dags/tcc_pipeline_dag.py
[2025-09-05T18:58:12.299+0000] {processor.py:840} INFO - DAG(s) 'pipeline_dados_transito_tcc' retrieved from /opt/airflow/dags/tcc_pipeline_dag.py
[2025-09-05T18:58:12.332+0000] {logging_mixin.py:188} INFO - [2025-09-05T18:58:12.332+0000] {dag.py:3096} INFO - Sync 1 DAGs
[2025-09-05T18:58:12.361+0000] {logging_mixin.py:188} INFO - [2025-09-05T18:58:12.361+0000] {dag.py:3954} INFO - Setting next_dagrun for pipeline_dados_transito_tcc to 2025-09-05 08:00:00+00:00, run_after=2025-09-06 08:00:00+00:00
[2025-09-05T18:58:12.390+0000] {processor.py:183} INFO - Processing /opt/airflow/dags/tcc_pipeline_dag.py took 0.149 seconds
[2025-09-05T18:58:42.661+0000] {processor.py:161} INFO - Started process (PID=596) to work on /opt/airflow/dags/tcc_pipeline_dag.py
[2025-09-05T18:58:42.663+0000] {processor.py:830} INFO - Processing file /opt/airflow/dags/tcc_pipeline_dag.py for tasks to queue
[2025-09-05T18:58:42.667+0000] {logging_mixin.py:188} INFO - [2025-09-05T18:58:42.666+0000] {dagbag.py:545} INFO - Filling up the DagBag from /opt/airflow/dags/tcc_pipeline_dag.py
[2025-09-05T18:58:42.729+0000] {processor.py:840} INFO - DAG(s) 'pipeline_dados_transito_tcc' retrieved from /opt/airflow/dags/tcc_pipeline_dag.py
[2025-09-05T18:58:42.754+0000] {logging_mixin.py:188} INFO - [2025-09-05T18:58:42.754+0000] {dag.py:3096} INFO - Sync 1 DAGs
[2025-09-05T18:58:42.784+0000] {logging_mixin.py:188} INFO - [2025-09-05T18:58:42.784+0000] {dag.py:3954} INFO - Setting next_dagrun for pipeline_dados_transito_tcc to 2025-09-05 08:00:00+00:00, run_after=2025-09-06 08:00:00+00:00
[2025-09-05T18:58:42.807+0000] {processor.py:183} INFO - Processing /opt/airflow/dags/tcc_pipeline_dag.py took 0.157 seconds
[2025-09-05T18:59:12.966+0000] {processor.py:161} INFO - Started process (PID=602) to work on /opt/airflow/dags/tcc_pipeline_dag.py
[2025-09-05T18:59:12.969+0000] {processor.py:830} INFO - Processing file /opt/airflow/dags/tcc_pipeline_dag.py for tasks to queue
[2025-09-05T18:59:12.975+0000] {logging_mixin.py:188} INFO - [2025-09-05T18:59:12.974+0000] {dagbag.py:545} INFO - Filling up the DagBag from /opt/airflow/dags/tcc_pipeline_dag.py
[2025-09-05T18:59:13.052+0000] {processor.py:840} INFO - DAG(s) 'pipeline_dados_transito_tcc' retrieved from /opt/airflow/dags/tcc_pipeline_dag.py
[2025-09-05T18:59:13.099+0000] {logging_mixin.py:188} INFO - [2025-09-05T18:59:13.098+0000] {dag.py:3096} INFO - Sync 1 DAGs
[2025-09-05T18:59:13.128+0000] {logging_mixin.py:188} INFO - [2025-09-05T18:59:13.127+0000] {dag.py:3954} INFO - Setting next_dagrun for pipeline_dados_transito_tcc to 2025-09-05 08:00:00+00:00, run_after=2025-09-06 08:00:00+00:00
[2025-09-05T18:59:13.150+0000] {processor.py:183} INFO - Processing /opt/airflow/dags/tcc_pipeline_dag.py took 0.197 seconds
[2025-09-05T18:59:43.440+0000] {processor.py:161} INFO - Started process (PID=609) to work on /opt/airflow/dags/tcc_pipeline_dag.py
[2025-09-05T18:59:43.441+0000] {processor.py:830} INFO - Processing file /opt/airflow/dags/tcc_pipeline_dag.py for tasks to queue
[2025-09-05T18:59:43.443+0000] {logging_mixin.py:188} INFO - [2025-09-05T18:59:43.442+0000] {dagbag.py:545} INFO - Filling up the DagBag from /opt/airflow/dags/tcc_pipeline_dag.py
[2025-09-05T18:59:43.466+0000] {processor.py:840} INFO - DAG(s) 'pipeline_dados_transito_tcc' retrieved from /opt/airflow/dags/tcc_pipeline_dag.py
[2025-09-05T18:59:43.498+0000] {logging_mixin.py:188} INFO - [2025-09-05T18:59:43.498+0000] {dag.py:3096} INFO - Sync 1 DAGs
[2025-09-05T18:59:43.518+0000] {logging_mixin.py:188} INFO - [2025-09-05T18:59:43.518+0000] {dag.py:3954} INFO - Setting next_dagrun for pipeline_dados_transito_tcc to 2025-09-05 08:00:00+00:00, run_after=2025-09-06 08:00:00+00:00
[2025-09-05T18:59:43.549+0000] {processor.py:183} INFO - Processing /opt/airflow/dags/tcc_pipeline_dag.py took 0.115 seconds
[2025-09-05T19:00:13.727+0000] {processor.py:161} INFO - Started process (PID=616) to work on /opt/airflow/dags/tcc_pipeline_dag.py
[2025-09-05T19:00:13.728+0000] {processor.py:830} INFO - Processing file /opt/airflow/dags/tcc_pipeline_dag.py for tasks to queue
[2025-09-05T19:00:13.730+0000] {logging_mixin.py:188} INFO - [2025-09-05T19:00:13.729+0000] {dagbag.py:545} INFO - Filling up the DagBag from /opt/airflow/dags/tcc_pipeline_dag.py
[2025-09-05T19:00:13.771+0000] {processor.py:840} INFO - DAG(s) 'pipeline_dados_transito_tcc' retrieved from /opt/airflow/dags/tcc_pipeline_dag.py
[2025-09-05T19:00:13.822+0000] {logging_mixin.py:188} INFO - [2025-09-05T19:00:13.821+0000] {dag.py:3096} INFO - Sync 1 DAGs
[2025-09-05T19:00:13.856+0000] {logging_mixin.py:188} INFO - [2025-09-05T19:00:13.856+0000] {dag.py:3954} INFO - Setting next_dagrun for pipeline_dados_transito_tcc to 2025-09-05 08:00:00+00:00, run_after=2025-09-06 08:00:00+00:00
[2025-09-05T19:00:13.886+0000] {processor.py:183} INFO - Processing /opt/airflow/dags/tcc_pipeline_dag.py took 0.164 seconds
[2025-09-05T19:00:44.167+0000] {processor.py:161} INFO - Started process (PID=623) to work on /opt/airflow/dags/tcc_pipeline_dag.py
[2025-09-05T19:00:44.169+0000] {processor.py:830} INFO - Processing file /opt/airflow/dags/tcc_pipeline_dag.py for tasks to queue
[2025-09-05T19:00:44.172+0000] {logging_mixin.py:188} INFO - [2025-09-05T19:00:44.172+0000] {dagbag.py:545} INFO - Filling up the DagBag from /opt/airflow/dags/tcc_pipeline_dag.py
[2025-09-05T19:00:44.207+0000] {processor.py:840} INFO - DAG(s) 'pipeline_dados_transito_tcc' retrieved from /opt/airflow/dags/tcc_pipeline_dag.py
[2025-09-05T19:00:44.231+0000] {logging_mixin.py:188} INFO - [2025-09-05T19:00:44.231+0000] {dag.py:3096} INFO - Sync 1 DAGs
[2025-09-05T19:00:44.251+0000] {logging_mixin.py:188} INFO - [2025-09-05T19:00:44.251+0000] {dag.py:3954} INFO - Setting next_dagrun for pipeline_dados_transito_tcc to 2025-09-05 08:00:00+00:00, run_after=2025-09-06 08:00:00+00:00
[2025-09-05T19:00:44.272+0000] {processor.py:183} INFO - Processing /opt/airflow/dags/tcc_pipeline_dag.py took 0.110 seconds
[2025-09-05T19:01:14.473+0000] {processor.py:161} INFO - Started process (PID=630) to work on /opt/airflow/dags/tcc_pipeline_dag.py
[2025-09-05T19:01:14.475+0000] {processor.py:830} INFO - Processing file /opt/airflow/dags/tcc_pipeline_dag.py for tasks to queue
[2025-09-05T19:01:14.477+0000] {logging_mixin.py:188} INFO - [2025-09-05T19:01:14.477+0000] {dagbag.py:545} INFO - Filling up the DagBag from /opt/airflow/dags/tcc_pipeline_dag.py
[2025-09-05T19:01:14.517+0000] {processor.py:840} INFO - DAG(s) 'pipeline_dados_transito_tcc' retrieved from /opt/airflow/dags/tcc_pipeline_dag.py
[2025-09-05T19:01:14.541+0000] {logging_mixin.py:188} INFO - [2025-09-05T19:01:14.541+0000] {dag.py:3096} INFO - Sync 1 DAGs
[2025-09-05T19:01:14.561+0000] {logging_mixin.py:188} INFO - [2025-09-05T19:01:14.561+0000] {dag.py:3954} INFO - Setting next_dagrun for pipeline_dados_transito_tcc to 2025-09-05 08:00:00+00:00, run_after=2025-09-06 08:00:00+00:00
[2025-09-05T19:01:14.585+0000] {processor.py:183} INFO - Processing /opt/airflow/dags/tcc_pipeline_dag.py took 0.116 seconds
[2025-09-05T19:01:44.792+0000] {processor.py:161} INFO - Started process (PID=637) to work on /opt/airflow/dags/tcc_pipeline_dag.py
[2025-09-05T19:01:44.794+0000] {processor.py:830} INFO - Processing file /opt/airflow/dags/tcc_pipeline_dag.py for tasks to queue
[2025-09-05T19:01:44.796+0000] {logging_mixin.py:188} INFO - [2025-09-05T19:01:44.796+0000] {dagbag.py:545} INFO - Filling up the DagBag from /opt/airflow/dags/tcc_pipeline_dag.py
[2025-09-05T19:01:44.832+0000] {processor.py:840} INFO - DAG(s) 'pipeline_dados_transito_tcc' retrieved from /opt/airflow/dags/tcc_pipeline_dag.py
[2025-09-05T19:01:44.867+0000] {logging_mixin.py:188} INFO - [2025-09-05T19:01:44.867+0000] {dag.py:3096} INFO - Sync 1 DAGs
[2025-09-05T19:01:44.888+0000] {logging_mixin.py:188} INFO - [2025-09-05T19:01:44.888+0000] {dag.py:3954} INFO - Setting next_dagrun for pipeline_dados_transito_tcc to 2025-09-05 08:00:00+00:00, run_after=2025-09-06 08:00:00+00:00
[2025-09-05T19:01:44.908+0000] {processor.py:183} INFO - Processing /opt/airflow/dags/tcc_pipeline_dag.py took 0.122 seconds
[2025-09-05T19:02:15.119+0000] {processor.py:161} INFO - Started process (PID=644) to work on /opt/airflow/dags/tcc_pipeline_dag.py
[2025-09-05T19:02:15.120+0000] {processor.py:830} INFO - Processing file /opt/airflow/dags/tcc_pipeline_dag.py for tasks to queue
[2025-09-05T19:02:15.122+0000] {logging_mixin.py:188} INFO - [2025-09-05T19:02:15.121+0000] {dagbag.py:545} INFO - Filling up the DagBag from /opt/airflow/dags/tcc_pipeline_dag.py
[2025-09-05T19:02:15.155+0000] {processor.py:840} INFO - DAG(s) 'pipeline_dados_transito_tcc' retrieved from /opt/airflow/dags/tcc_pipeline_dag.py
[2025-09-05T19:02:15.183+0000] {logging_mixin.py:188} INFO - [2025-09-05T19:02:15.183+0000] {dag.py:3096} INFO - Sync 1 DAGs
[2025-09-05T19:02:15.206+0000] {logging_mixin.py:188} INFO - [2025-09-05T19:02:15.205+0000] {dag.py:3954} INFO - Setting next_dagrun for pipeline_dados_transito_tcc to 2025-09-05 08:00:00+00:00, run_after=2025-09-06 08:00:00+00:00
[2025-09-05T19:02:15.244+0000] {processor.py:183} INFO - Processing /opt/airflow/dags/tcc_pipeline_dag.py took 0.130 seconds
[2025-09-05T19:02:45.498+0000] {processor.py:161} INFO - Started process (PID=651) to work on /opt/airflow/dags/tcc_pipeline_dag.py
[2025-09-05T19:02:45.501+0000] {processor.py:830} INFO - Processing file /opt/airflow/dags/tcc_pipeline_dag.py for tasks to queue
[2025-09-05T19:02:45.506+0000] {logging_mixin.py:188} INFO - [2025-09-05T19:02:45.505+0000] {dagbag.py:545} INFO - Filling up the DagBag from /opt/airflow/dags/tcc_pipeline_dag.py
[2025-09-05T19:02:45.561+0000] {processor.py:840} INFO - DAG(s) 'pipeline_dados_transito_tcc' retrieved from /opt/airflow/dags/tcc_pipeline_dag.py
[2025-09-05T19:02:45.607+0000] {logging_mixin.py:188} INFO - [2025-09-05T19:02:45.607+0000] {dag.py:3096} INFO - Sync 1 DAGs
[2025-09-05T19:02:45.670+0000] {logging_mixin.py:188} INFO - [2025-09-05T19:02:45.669+0000] {dag.py:3954} INFO - Setting next_dagrun for pipeline_dados_transito_tcc to 2025-09-05 08:00:00+00:00, run_after=2025-09-06 08:00:00+00:00
[2025-09-05T19:02:45.724+0000] {processor.py:183} INFO - Processing /opt/airflow/dags/tcc_pipeline_dag.py took 0.242 seconds
[2025-09-05T19:03:15.862+0000] {processor.py:161} INFO - Started process (PID=658) to work on /opt/airflow/dags/tcc_pipeline_dag.py
[2025-09-05T19:03:15.865+0000] {processor.py:830} INFO - Processing file /opt/airflow/dags/tcc_pipeline_dag.py for tasks to queue
[2025-09-05T19:03:15.868+0000] {logging_mixin.py:188} INFO - [2025-09-05T19:03:15.867+0000] {dagbag.py:545} INFO - Filling up the DagBag from /opt/airflow/dags/tcc_pipeline_dag.py
[2025-09-05T19:03:15.911+0000] {processor.py:840} INFO - DAG(s) 'pipeline_dados_transito_tcc' retrieved from /opt/airflow/dags/tcc_pipeline_dag.py
[2025-09-05T19:03:15.932+0000] {logging_mixin.py:188} INFO - [2025-09-05T19:03:15.932+0000] {dag.py:3096} INFO - Sync 1 DAGs
[2025-09-05T19:03:15.949+0000] {logging_mixin.py:188} INFO - [2025-09-05T19:03:15.949+0000] {dag.py:3954} INFO - Setting next_dagrun for pipeline_dados_transito_tcc to 2025-09-05 08:00:00+00:00, run_after=2025-09-06 08:00:00+00:00
[2025-09-05T19:03:15.966+0000] {processor.py:183} INFO - Processing /opt/airflow/dags/tcc_pipeline_dag.py took 0.127 seconds
[2025-09-05T19:03:46.056+0000] {processor.py:161} INFO - Started process (PID=665) to work on /opt/airflow/dags/tcc_pipeline_dag.py
[2025-09-05T19:03:46.058+0000] {processor.py:830} INFO - Processing file /opt/airflow/dags/tcc_pipeline_dag.py for tasks to queue
[2025-09-05T19:03:46.060+0000] {logging_mixin.py:188} INFO - [2025-09-05T19:03:46.060+0000] {dagbag.py:545} INFO - Filling up the DagBag from /opt/airflow/dags/tcc_pipeline_dag.py
[2025-09-05T19:03:46.103+0000] {processor.py:840} INFO - DAG(s) 'pipeline_dados_transito_tcc' retrieved from /opt/airflow/dags/tcc_pipeline_dag.py
[2025-09-05T19:03:46.128+0000] {logging_mixin.py:188} INFO - [2025-09-05T19:03:46.128+0000] {dag.py:3096} INFO - Sync 1 DAGs
[2025-09-05T19:03:46.151+0000] {logging_mixin.py:188} INFO - [2025-09-05T19:03:46.150+0000] {dag.py:3954} INFO - Setting next_dagrun for pipeline_dados_transito_tcc to 2025-09-05 08:00:00+00:00, run_after=2025-09-06 08:00:00+00:00
[2025-09-05T19:03:46.179+0000] {processor.py:183} INFO - Processing /opt/airflow/dags/tcc_pipeline_dag.py took 0.130 seconds
[2025-09-05T19:04:16.519+0000] {processor.py:161} INFO - Started process (PID=672) to work on /opt/airflow/dags/tcc_pipeline_dag.py
[2025-09-05T19:04:16.522+0000] {processor.py:830} INFO - Processing file /opt/airflow/dags/tcc_pipeline_dag.py for tasks to queue
[2025-09-05T19:04:16.525+0000] {logging_mixin.py:188} INFO - [2025-09-05T19:04:16.525+0000] {dagbag.py:545} INFO - Filling up the DagBag from /opt/airflow/dags/tcc_pipeline_dag.py
[2025-09-05T19:04:16.577+0000] {processor.py:840} INFO - DAG(s) 'pipeline_dados_transito_tcc' retrieved from /opt/airflow/dags/tcc_pipeline_dag.py
[2025-09-05T19:04:16.601+0000] {logging_mixin.py:188} INFO - [2025-09-05T19:04:16.600+0000] {dag.py:3096} INFO - Sync 1 DAGs
[2025-09-05T19:04:16.633+0000] {logging_mixin.py:188} INFO - [2025-09-05T19:04:16.632+0000] {dag.py:3954} INFO - Setting next_dagrun for pipeline_dados_transito_tcc to 2025-09-05 08:00:00+00:00, run_after=2025-09-06 08:00:00+00:00
[2025-09-05T19:04:16.650+0000] {processor.py:183} INFO - Processing /opt/airflow/dags/tcc_pipeline_dag.py took 0.139 seconds
[2025-09-05T19:04:46.863+0000] {processor.py:161} INFO - Started process (PID=679) to work on /opt/airflow/dags/tcc_pipeline_dag.py
[2025-09-05T19:04:46.865+0000] {processor.py:830} INFO - Processing file /opt/airflow/dags/tcc_pipeline_dag.py for tasks to queue
[2025-09-05T19:04:46.867+0000] {logging_mixin.py:188} INFO - [2025-09-05T19:04:46.867+0000] {dagbag.py:545} INFO - Filling up the DagBag from /opt/airflow/dags/tcc_pipeline_dag.py
[2025-09-05T19:04:46.891+0000] {processor.py:840} INFO - DAG(s) 'pipeline_dados_transito_tcc' retrieved from /opt/airflow/dags/tcc_pipeline_dag.py
[2025-09-05T19:04:46.912+0000] {logging_mixin.py:188} INFO - [2025-09-05T19:04:46.912+0000] {dag.py:3096} INFO - Sync 1 DAGs
[2025-09-05T19:04:46.930+0000] {logging_mixin.py:188} INFO - [2025-09-05T19:04:46.930+0000] {dag.py:3954} INFO - Setting next_dagrun for pipeline_dados_transito_tcc to 2025-09-05 08:00:00+00:00, run_after=2025-09-06 08:00:00+00:00
[2025-09-05T19:04:46.948+0000] {processor.py:183} INFO - Processing /opt/airflow/dags/tcc_pipeline_dag.py took 0.094 seconds
[2025-09-05T19:05:17.267+0000] {processor.py:161} INFO - Started process (PID=686) to work on /opt/airflow/dags/tcc_pipeline_dag.py
[2025-09-05T19:05:17.269+0000] {processor.py:830} INFO - Processing file /opt/airflow/dags/tcc_pipeline_dag.py for tasks to queue
[2025-09-05T19:05:17.273+0000] {logging_mixin.py:188} INFO - [2025-09-05T19:05:17.272+0000] {dagbag.py:545} INFO - Filling up the DagBag from /opt/airflow/dags/tcc_pipeline_dag.py
[2025-09-05T19:05:17.324+0000] {processor.py:840} INFO - DAG(s) 'pipeline_dados_transito_tcc' retrieved from /opt/airflow/dags/tcc_pipeline_dag.py
[2025-09-05T19:05:17.363+0000] {logging_mixin.py:188} INFO - [2025-09-05T19:05:17.362+0000] {dag.py:3096} INFO - Sync 1 DAGs
[2025-09-05T19:05:17.392+0000] {logging_mixin.py:188} INFO - [2025-09-05T19:05:17.391+0000] {dag.py:3954} INFO - Setting next_dagrun for pipeline_dados_transito_tcc to 2025-09-05 08:00:00+00:00, run_after=2025-09-06 08:00:00+00:00
[2025-09-05T19:05:17.424+0000] {processor.py:183} INFO - Processing /opt/airflow/dags/tcc_pipeline_dag.py took 0.164 seconds
[2025-09-05T19:05:47.593+0000] {processor.py:161} INFO - Started process (PID=692) to work on /opt/airflow/dags/tcc_pipeline_dag.py
[2025-09-05T19:05:47.595+0000] {processor.py:830} INFO - Processing file /opt/airflow/dags/tcc_pipeline_dag.py for tasks to queue
[2025-09-05T19:05:47.597+0000] {logging_mixin.py:188} INFO - [2025-09-05T19:05:47.597+0000] {dagbag.py:545} INFO - Filling up the DagBag from /opt/airflow/dags/tcc_pipeline_dag.py
[2025-09-05T19:05:47.618+0000] {processor.py:840} INFO - DAG(s) 'pipeline_dados_transito_tcc' retrieved from /opt/airflow/dags/tcc_pipeline_dag.py
[2025-09-05T19:05:47.638+0000] {logging_mixin.py:188} INFO - [2025-09-05T19:05:47.638+0000] {dag.py:3096} INFO - Sync 1 DAGs
[2025-09-05T19:05:47.655+0000] {logging_mixin.py:188} INFO - [2025-09-05T19:05:47.655+0000] {dag.py:3954} INFO - Setting next_dagrun for pipeline_dados_transito_tcc to 2025-09-05 08:00:00+00:00, run_after=2025-09-06 08:00:00+00:00
[2025-09-05T19:05:47.670+0000] {processor.py:183} INFO - Processing /opt/airflow/dags/tcc_pipeline_dag.py took 0.086 seconds
[2025-09-05T19:06:17.879+0000] {processor.py:161} INFO - Started process (PID=699) to work on /opt/airflow/dags/tcc_pipeline_dag.py
[2025-09-05T19:06:17.880+0000] {processor.py:830} INFO - Processing file /opt/airflow/dags/tcc_pipeline_dag.py for tasks to queue
[2025-09-05T19:06:17.883+0000] {logging_mixin.py:188} INFO - [2025-09-05T19:06:17.883+0000] {dagbag.py:545} INFO - Filling up the DagBag from /opt/airflow/dags/tcc_pipeline_dag.py
[2025-09-05T19:06:17.907+0000] {processor.py:840} INFO - DAG(s) 'pipeline_dados_transito_tcc' retrieved from /opt/airflow/dags/tcc_pipeline_dag.py
[2025-09-05T19:06:17.933+0000] {logging_mixin.py:188} INFO - [2025-09-05T19:06:17.932+0000] {dag.py:3096} INFO - Sync 1 DAGs
[2025-09-05T19:06:17.954+0000] {logging_mixin.py:188} INFO - [2025-09-05T19:06:17.954+0000] {dag.py:3954} INFO - Setting next_dagrun for pipeline_dados_transito_tcc to 2025-09-05 08:00:00+00:00, run_after=2025-09-06 08:00:00+00:00
[2025-09-05T19:06:17.973+0000] {processor.py:183} INFO - Processing /opt/airflow/dags/tcc_pipeline_dag.py took 0.100 seconds
[2025-09-05T19:06:48.196+0000] {processor.py:161} INFO - Started process (PID=706) to work on /opt/airflow/dags/tcc_pipeline_dag.py
[2025-09-05T19:06:48.197+0000] {processor.py:830} INFO - Processing file /opt/airflow/dags/tcc_pipeline_dag.py for tasks to queue
[2025-09-05T19:06:48.199+0000] {logging_mixin.py:188} INFO - [2025-09-05T19:06:48.199+0000] {dagbag.py:545} INFO - Filling up the DagBag from /opt/airflow/dags/tcc_pipeline_dag.py
[2025-09-05T19:06:48.221+0000] {processor.py:840} INFO - DAG(s) 'pipeline_dados_transito_tcc' retrieved from /opt/airflow/dags/tcc_pipeline_dag.py
[2025-09-05T19:06:48.241+0000] {logging_mixin.py:188} INFO - [2025-09-05T19:06:48.241+0000] {dag.py:3096} INFO - Sync 1 DAGs
[2025-09-05T19:06:48.258+0000] {logging_mixin.py:188} INFO - [2025-09-05T19:06:48.258+0000] {dag.py:3954} INFO - Setting next_dagrun for pipeline_dados_transito_tcc to 2025-09-05 08:00:00+00:00, run_after=2025-09-06 08:00:00+00:00
[2025-09-05T19:06:48.274+0000] {processor.py:183} INFO - Processing /opt/airflow/dags/tcc_pipeline_dag.py took 0.082 seconds
[2025-09-05T19:07:18.643+0000] {processor.py:161} INFO - Started process (PID=713) to work on /opt/airflow/dags/tcc_pipeline_dag.py
[2025-09-05T19:07:18.645+0000] {processor.py:830} INFO - Processing file /opt/airflow/dags/tcc_pipeline_dag.py for tasks to queue
[2025-09-05T19:07:18.649+0000] {logging_mixin.py:188} INFO - [2025-09-05T19:07:18.648+0000] {dagbag.py:545} INFO - Filling up the DagBag from /opt/airflow/dags/tcc_pipeline_dag.py
[2025-09-05T19:07:18.696+0000] {processor.py:840} INFO - DAG(s) 'pipeline_dados_transito_tcc' retrieved from /opt/airflow/dags/tcc_pipeline_dag.py
[2025-09-05T19:07:18.727+0000] {logging_mixin.py:188} INFO - [2025-09-05T19:07:18.726+0000] {dag.py:3096} INFO - Sync 1 DAGs
[2025-09-05T19:07:18.757+0000] {logging_mixin.py:188} INFO - [2025-09-05T19:07:18.757+0000] {dag.py:3954} INFO - Setting next_dagrun for pipeline_dados_transito_tcc to 2025-09-05 08:00:00+00:00, run_after=2025-09-06 08:00:00+00:00
[2025-09-05T19:07:18.790+0000] {processor.py:183} INFO - Processing /opt/airflow/dags/tcc_pipeline_dag.py took 0.153 seconds
[2025-09-05T19:07:48.911+0000] {processor.py:161} INFO - Started process (PID=721) to work on /opt/airflow/dags/tcc_pipeline_dag.py
[2025-09-05T19:07:48.913+0000] {processor.py:830} INFO - Processing file /opt/airflow/dags/tcc_pipeline_dag.py for tasks to queue
[2025-09-05T19:07:48.915+0000] {logging_mixin.py:188} INFO - [2025-09-05T19:07:48.914+0000] {dagbag.py:545} INFO - Filling up the DagBag from /opt/airflow/dags/tcc_pipeline_dag.py
[2025-09-05T19:07:48.937+0000] {processor.py:840} INFO - DAG(s) 'pipeline_dados_transito_tcc' retrieved from /opt/airflow/dags/tcc_pipeline_dag.py
[2025-09-05T19:07:48.957+0000] {logging_mixin.py:188} INFO - [2025-09-05T19:07:48.957+0000] {dag.py:3096} INFO - Sync 1 DAGs
[2025-09-05T19:07:48.974+0000] {logging_mixin.py:188} INFO - [2025-09-05T19:07:48.974+0000] {dag.py:3954} INFO - Setting next_dagrun for pipeline_dados_transito_tcc to 2025-09-05 08:00:00+00:00, run_after=2025-09-06 08:00:00+00:00
[2025-09-05T19:07:48.991+0000] {processor.py:183} INFO - Processing /opt/airflow/dags/tcc_pipeline_dag.py took 0.090 seconds
[2025-09-05T19:08:19.164+0000] {processor.py:161} INFO - Started process (PID=728) to work on /opt/airflow/dags/tcc_pipeline_dag.py
[2025-09-05T19:08:19.166+0000] {processor.py:830} INFO - Processing file /opt/airflow/dags/tcc_pipeline_dag.py for tasks to queue
[2025-09-05T19:08:19.169+0000] {logging_mixin.py:188} INFO - [2025-09-05T19:08:19.169+0000] {dagbag.py:545} INFO - Filling up the DagBag from /opt/airflow/dags/tcc_pipeline_dag.py
[2025-09-05T19:08:19.191+0000] {processor.py:840} INFO - DAG(s) 'pipeline_dados_transito_tcc' retrieved from /opt/airflow/dags/tcc_pipeline_dag.py
[2025-09-05T19:08:19.216+0000] {logging_mixin.py:188} INFO - [2025-09-05T19:08:19.216+0000] {dag.py:3096} INFO - Sync 1 DAGs
[2025-09-05T19:08:19.235+0000] {logging_mixin.py:188} INFO - [2025-09-05T19:08:19.235+0000] {dag.py:3954} INFO - Setting next_dagrun for pipeline_dados_transito_tcc to 2025-09-05 08:00:00+00:00, run_after=2025-09-06 08:00:00+00:00
[2025-09-05T19:08:19.253+0000] {processor.py:183} INFO - Processing /opt/airflow/dags/tcc_pipeline_dag.py took 0.096 seconds
[2025-09-05T19:08:49.443+0000] {processor.py:161} INFO - Started process (PID=735) to work on /opt/airflow/dags/tcc_pipeline_dag.py
[2025-09-05T19:08:49.444+0000] {processor.py:830} INFO - Processing file /opt/airflow/dags/tcc_pipeline_dag.py for tasks to queue
[2025-09-05T19:08:49.446+0000] {logging_mixin.py:188} INFO - [2025-09-05T19:08:49.445+0000] {dagbag.py:545} INFO - Filling up the DagBag from /opt/airflow/dags/tcc_pipeline_dag.py
[2025-09-05T19:08:49.475+0000] {processor.py:840} INFO - DAG(s) 'pipeline_dados_transito_tcc' retrieved from /opt/airflow/dags/tcc_pipeline_dag.py
[2025-09-05T19:08:49.498+0000] {logging_mixin.py:188} INFO - [2025-09-05T19:08:49.498+0000] {dag.py:3096} INFO - Sync 1 DAGs
[2025-09-05T19:08:49.515+0000] {logging_mixin.py:188} INFO - [2025-09-05T19:08:49.515+0000] {dag.py:3954} INFO - Setting next_dagrun for pipeline_dados_transito_tcc to 2025-09-05 08:00:00+00:00, run_after=2025-09-06 08:00:00+00:00
[2025-09-05T19:08:49.540+0000] {processor.py:183} INFO - Processing /opt/airflow/dags/tcc_pipeline_dag.py took 0.103 seconds
[2025-09-05T19:09:19.754+0000] {processor.py:161} INFO - Started process (PID=742) to work on /opt/airflow/dags/tcc_pipeline_dag.py
[2025-09-05T19:09:19.756+0000] {processor.py:830} INFO - Processing file /opt/airflow/dags/tcc_pipeline_dag.py for tasks to queue
[2025-09-05T19:09:19.759+0000] {logging_mixin.py:188} INFO - [2025-09-05T19:09:19.759+0000] {dagbag.py:545} INFO - Filling up the DagBag from /opt/airflow/dags/tcc_pipeline_dag.py
[2025-09-05T19:09:19.802+0000] {processor.py:840} INFO - DAG(s) 'pipeline_dados_transito_tcc' retrieved from /opt/airflow/dags/tcc_pipeline_dag.py
[2025-09-05T19:09:19.828+0000] {logging_mixin.py:188} INFO - [2025-09-05T19:09:19.828+0000] {dag.py:3096} INFO - Sync 1 DAGs
[2025-09-05T19:09:19.852+0000] {logging_mixin.py:188} INFO - [2025-09-05T19:09:19.852+0000] {dag.py:3954} INFO - Setting next_dagrun for pipeline_dados_transito_tcc to 2025-09-05 08:00:00+00:00, run_after=2025-09-06 08:00:00+00:00
[2025-09-05T19:09:19.883+0000] {processor.py:183} INFO - Processing /opt/airflow/dags/tcc_pipeline_dag.py took 0.134 seconds
[2025-09-05T19:09:50.146+0000] {processor.py:161} INFO - Started process (PID=749) to work on /opt/airflow/dags/tcc_pipeline_dag.py
[2025-09-05T19:09:50.148+0000] {processor.py:830} INFO - Processing file /opt/airflow/dags/tcc_pipeline_dag.py for tasks to queue
[2025-09-05T19:09:50.150+0000] {logging_mixin.py:188} INFO - [2025-09-05T19:09:50.150+0000] {dagbag.py:545} INFO - Filling up the DagBag from /opt/airflow/dags/tcc_pipeline_dag.py
[2025-09-05T19:09:50.187+0000] {processor.py:840} INFO - DAG(s) 'pipeline_dados_transito_tcc' retrieved from /opt/airflow/dags/tcc_pipeline_dag.py
[2025-09-05T19:09:50.206+0000] {logging_mixin.py:188} INFO - [2025-09-05T19:09:50.206+0000] {dag.py:3096} INFO - Sync 1 DAGs
[2025-09-05T19:09:50.224+0000] {logging_mixin.py:188} INFO - [2025-09-05T19:09:50.223+0000] {dag.py:3954} INFO - Setting next_dagrun for pipeline_dados_transito_tcc to 2025-09-05 08:00:00+00:00, run_after=2025-09-06 08:00:00+00:00
[2025-09-05T19:09:50.240+0000] {processor.py:183} INFO - Processing /opt/airflow/dags/tcc_pipeline_dag.py took 0.104 seconds
[2025-09-05T19:10:20.416+0000] {processor.py:161} INFO - Started process (PID=756) to work on /opt/airflow/dags/tcc_pipeline_dag.py
[2025-09-05T19:10:20.419+0000] {processor.py:830} INFO - Processing file /opt/airflow/dags/tcc_pipeline_dag.py for tasks to queue
[2025-09-05T19:10:20.424+0000] {logging_mixin.py:188} INFO - [2025-09-05T19:10:20.423+0000] {dagbag.py:545} INFO - Filling up the DagBag from /opt/airflow/dags/tcc_pipeline_dag.py
[2025-09-05T19:10:20.484+0000] {processor.py:840} INFO - DAG(s) 'pipeline_dados_transito_tcc' retrieved from /opt/airflow/dags/tcc_pipeline_dag.py
[2025-09-05T19:10:20.509+0000] {logging_mixin.py:188} INFO - [2025-09-05T19:10:20.509+0000] {dag.py:3096} INFO - Sync 1 DAGs
[2025-09-05T19:10:20.531+0000] {logging_mixin.py:188} INFO - [2025-09-05T19:10:20.531+0000] {dag.py:3954} INFO - Setting next_dagrun for pipeline_dados_transito_tcc to 2025-09-05 08:00:00+00:00, run_after=2025-09-06 08:00:00+00:00
[2025-09-05T19:10:20.555+0000] {processor.py:183} INFO - Processing /opt/airflow/dags/tcc_pipeline_dag.py took 0.144 seconds
[2025-09-05T19:10:50.748+0000] {processor.py:161} INFO - Started process (PID=763) to work on /opt/airflow/dags/tcc_pipeline_dag.py
[2025-09-05T19:10:50.752+0000] {processor.py:830} INFO - Processing file /opt/airflow/dags/tcc_pipeline_dag.py for tasks to queue
[2025-09-05T19:10:50.754+0000] {logging_mixin.py:188} INFO - [2025-09-05T19:10:50.753+0000] {dagbag.py:545} INFO - Filling up the DagBag from /opt/airflow/dags/tcc_pipeline_dag.py
[2025-09-05T19:10:50.808+0000] {processor.py:840} INFO - DAG(s) 'pipeline_dados_transito_tcc' retrieved from /opt/airflow/dags/tcc_pipeline_dag.py
[2025-09-05T19:10:50.835+0000] {logging_mixin.py:188} INFO - [2025-09-05T19:10:50.835+0000] {dag.py:3096} INFO - Sync 1 DAGs
[2025-09-05T19:10:50.854+0000] {logging_mixin.py:188} INFO - [2025-09-05T19:10:50.854+0000] {dag.py:3954} INFO - Setting next_dagrun for pipeline_dados_transito_tcc to 2025-09-05 08:00:00+00:00, run_after=2025-09-06 08:00:00+00:00
[2025-09-05T19:10:50.870+0000] {processor.py:183} INFO - Processing /opt/airflow/dags/tcc_pipeline_dag.py took 0.129 seconds
[2025-09-05T19:11:21.162+0000] {processor.py:161} INFO - Started process (PID=771) to work on /opt/airflow/dags/tcc_pipeline_dag.py
[2025-09-05T19:11:21.164+0000] {processor.py:830} INFO - Processing file /opt/airflow/dags/tcc_pipeline_dag.py for tasks to queue
[2025-09-05T19:11:21.167+0000] {logging_mixin.py:188} INFO - [2025-09-05T19:11:21.167+0000] {dagbag.py:545} INFO - Filling up the DagBag from /opt/airflow/dags/tcc_pipeline_dag.py
[2025-09-05T19:11:21.195+0000] {processor.py:840} INFO - DAG(s) 'pipeline_dados_transito_tcc' retrieved from /opt/airflow/dags/tcc_pipeline_dag.py
[2025-09-05T19:11:21.217+0000] {logging_mixin.py:188} INFO - [2025-09-05T19:11:21.217+0000] {dag.py:3096} INFO - Sync 1 DAGs
[2025-09-05T19:11:21.235+0000] {logging_mixin.py:188} INFO - [2025-09-05T19:11:21.235+0000] {dag.py:3954} INFO - Setting next_dagrun for pipeline_dados_transito_tcc to 2025-09-05 08:00:00+00:00, run_after=2025-09-06 08:00:00+00:00
[2025-09-05T19:11:21.250+0000] {processor.py:183} INFO - Processing /opt/airflow/dags/tcc_pipeline_dag.py took 0.099 seconds
[2025-09-05T19:11:51.428+0000] {processor.py:161} INFO - Started process (PID=778) to work on /opt/airflow/dags/tcc_pipeline_dag.py
[2025-09-05T19:11:51.429+0000] {processor.py:830} INFO - Processing file /opt/airflow/dags/tcc_pipeline_dag.py for tasks to queue
[2025-09-05T19:11:51.431+0000] {logging_mixin.py:188} INFO - [2025-09-05T19:11:51.430+0000] {dagbag.py:545} INFO - Filling up the DagBag from /opt/airflow/dags/tcc_pipeline_dag.py
[2025-09-05T19:11:51.453+0000] {processor.py:840} INFO - DAG(s) 'pipeline_dados_transito_tcc' retrieved from /opt/airflow/dags/tcc_pipeline_dag.py
[2025-09-05T19:11:51.476+0000] {logging_mixin.py:188} INFO - [2025-09-05T19:11:51.476+0000] {dag.py:3096} INFO - Sync 1 DAGs
[2025-09-05T19:11:51.494+0000] {logging_mixin.py:188} INFO - [2025-09-05T19:11:51.494+0000] {dag.py:3954} INFO - Setting next_dagrun for pipeline_dados_transito_tcc to 2025-09-05 08:00:00+00:00, run_after=2025-09-06 08:00:00+00:00
[2025-09-05T19:11:51.515+0000] {processor.py:183} INFO - Processing /opt/airflow/dags/tcc_pipeline_dag.py took 0.092 seconds
[2025-09-05T19:12:21.705+0000] {processor.py:161} INFO - Started process (PID=785) to work on /opt/airflow/dags/tcc_pipeline_dag.py
[2025-09-05T19:12:21.706+0000] {processor.py:830} INFO - Processing file /opt/airflow/dags/tcc_pipeline_dag.py for tasks to queue
[2025-09-05T19:12:21.708+0000] {logging_mixin.py:188} INFO - [2025-09-05T19:12:21.708+0000] {dagbag.py:545} INFO - Filling up the DagBag from /opt/airflow/dags/tcc_pipeline_dag.py
[2025-09-05T19:12:21.740+0000] {processor.py:840} INFO - DAG(s) 'pipeline_dados_transito_tcc' retrieved from /opt/airflow/dags/tcc_pipeline_dag.py
[2025-09-05T19:12:21.785+0000] {logging_mixin.py:188} INFO - [2025-09-05T19:12:21.785+0000] {dag.py:3096} INFO - Sync 1 DAGs
[2025-09-05T19:12:21.832+0000] {logging_mixin.py:188} INFO - [2025-09-05T19:12:21.832+0000] {dag.py:3954} INFO - Setting next_dagrun for pipeline_dados_transito_tcc to 2025-09-05 08:00:00+00:00, run_after=2025-09-06 08:00:00+00:00
[2025-09-05T19:12:21.858+0000] {processor.py:183} INFO - Processing /opt/airflow/dags/tcc_pipeline_dag.py took 0.159 seconds
[2025-09-05T19:12:52.117+0000] {processor.py:161} INFO - Started process (PID=791) to work on /opt/airflow/dags/tcc_pipeline_dag.py
[2025-09-05T19:12:52.118+0000] {processor.py:830} INFO - Processing file /opt/airflow/dags/tcc_pipeline_dag.py for tasks to queue
[2025-09-05T19:12:52.120+0000] {logging_mixin.py:188} INFO - [2025-09-05T19:12:52.120+0000] {dagbag.py:545} INFO - Filling up the DagBag from /opt/airflow/dags/tcc_pipeline_dag.py
[2025-09-05T19:12:52.165+0000] {processor.py:840} INFO - DAG(s) 'pipeline_dados_transito_tcc' retrieved from /opt/airflow/dags/tcc_pipeline_dag.py
[2025-09-05T19:12:52.198+0000] {logging_mixin.py:188} INFO - [2025-09-05T19:12:52.197+0000] {dag.py:3096} INFO - Sync 1 DAGs
[2025-09-05T19:12:52.218+0000] {logging_mixin.py:188} INFO - [2025-09-05T19:12:52.218+0000] {dag.py:3954} INFO - Setting next_dagrun for pipeline_dados_transito_tcc to 2025-09-05 08:00:00+00:00, run_after=2025-09-06 08:00:00+00:00
[2025-09-05T19:12:52.242+0000] {processor.py:183} INFO - Processing /opt/airflow/dags/tcc_pipeline_dag.py took 0.133 seconds
[2025-09-05T19:13:22.495+0000] {processor.py:161} INFO - Started process (PID=798) to work on /opt/airflow/dags/tcc_pipeline_dag.py
[2025-09-05T19:13:22.497+0000] {processor.py:830} INFO - Processing file /opt/airflow/dags/tcc_pipeline_dag.py for tasks to queue
[2025-09-05T19:13:22.500+0000] {logging_mixin.py:188} INFO - [2025-09-05T19:13:22.500+0000] {dagbag.py:545} INFO - Filling up the DagBag from /opt/airflow/dags/tcc_pipeline_dag.py
[2025-09-05T19:13:22.564+0000] {processor.py:840} INFO - DAG(s) 'pipeline_dados_transito_tcc' retrieved from /opt/airflow/dags/tcc_pipeline_dag.py
[2025-09-05T19:13:22.594+0000] {logging_mixin.py:188} INFO - [2025-09-05T19:13:22.594+0000] {dag.py:3096} INFO - Sync 1 DAGs
[2025-09-05T19:13:22.616+0000] {logging_mixin.py:188} INFO - [2025-09-05T19:13:22.616+0000] {dag.py:3954} INFO - Setting next_dagrun for pipeline_dados_transito_tcc to 2025-09-05 08:00:00+00:00, run_after=2025-09-06 08:00:00+00:00
[2025-09-05T19:13:22.643+0000] {processor.py:183} INFO - Processing /opt/airflow/dags/tcc_pipeline_dag.py took 0.153 seconds
[2025-09-05T19:13:52.896+0000] {processor.py:161} INFO - Started process (PID=805) to work on /opt/airflow/dags/tcc_pipeline_dag.py
[2025-09-05T19:13:52.898+0000] {processor.py:830} INFO - Processing file /opt/airflow/dags/tcc_pipeline_dag.py for tasks to queue
[2025-09-05T19:13:52.901+0000] {logging_mixin.py:188} INFO - [2025-09-05T19:13:52.900+0000] {dagbag.py:545} INFO - Filling up the DagBag from /opt/airflow/dags/tcc_pipeline_dag.py
[2025-09-05T19:13:52.966+0000] {processor.py:840} INFO - DAG(s) 'pipeline_dados_transito_tcc' retrieved from /opt/airflow/dags/tcc_pipeline_dag.py
[2025-09-05T19:13:52.993+0000] {logging_mixin.py:188} INFO - [2025-09-05T19:13:52.992+0000] {dag.py:3096} INFO - Sync 1 DAGs
[2025-09-05T19:13:53.016+0000] {logging_mixin.py:188} INFO - [2025-09-05T19:13:53.016+0000] {dag.py:3954} INFO - Setting next_dagrun for pipeline_dados_transito_tcc to 2025-09-05 08:00:00+00:00, run_after=2025-09-06 08:00:00+00:00
[2025-09-05T19:13:53.047+0000] {processor.py:183} INFO - Processing /opt/airflow/dags/tcc_pipeline_dag.py took 0.161 seconds
[2025-09-05T19:14:23.295+0000] {processor.py:161} INFO - Started process (PID=812) to work on /opt/airflow/dags/tcc_pipeline_dag.py
[2025-09-05T19:14:23.296+0000] {processor.py:830} INFO - Processing file /opt/airflow/dags/tcc_pipeline_dag.py for tasks to queue
[2025-09-05T19:14:23.302+0000] {logging_mixin.py:188} INFO - [2025-09-05T19:14:23.301+0000] {dagbag.py:545} INFO - Filling up the DagBag from /opt/airflow/dags/tcc_pipeline_dag.py
[2025-09-05T19:14:23.370+0000] {processor.py:840} INFO - DAG(s) 'pipeline_dados_transito_tcc' retrieved from /opt/airflow/dags/tcc_pipeline_dag.py
[2025-09-05T19:14:23.416+0000] {logging_mixin.py:188} INFO - [2025-09-05T19:14:23.416+0000] {dag.py:3096} INFO - Sync 1 DAGs
[2025-09-05T19:14:23.448+0000] {logging_mixin.py:188} INFO - [2025-09-05T19:14:23.447+0000] {dag.py:3954} INFO - Setting next_dagrun for pipeline_dados_transito_tcc to 2025-09-05 08:00:00+00:00, run_after=2025-09-06 08:00:00+00:00
[2025-09-05T19:14:23.475+0000] {processor.py:183} INFO - Processing /opt/airflow/dags/tcc_pipeline_dag.py took 0.190 seconds
[2025-09-05T19:14:53.856+0000] {processor.py:161} INFO - Started process (PID=819) to work on /opt/airflow/dags/tcc_pipeline_dag.py
[2025-09-05T19:14:53.857+0000] {processor.py:830} INFO - Processing file /opt/airflow/dags/tcc_pipeline_dag.py for tasks to queue
[2025-09-05T19:14:53.859+0000] {logging_mixin.py:188} INFO - [2025-09-05T19:14:53.859+0000] {dagbag.py:545} INFO - Filling up the DagBag from /opt/airflow/dags/tcc_pipeline_dag.py
[2025-09-05T19:14:53.897+0000] {processor.py:840} INFO - DAG(s) 'pipeline_dados_transito_tcc' retrieved from /opt/airflow/dags/tcc_pipeline_dag.py
[2025-09-05T19:14:53.924+0000] {logging_mixin.py:188} INFO - [2025-09-05T19:14:53.924+0000] {dag.py:3096} INFO - Sync 1 DAGs
[2025-09-05T19:14:53.943+0000] {logging_mixin.py:188} INFO - [2025-09-05T19:14:53.943+0000] {dag.py:3954} INFO - Setting next_dagrun for pipeline_dados_transito_tcc to 2025-09-05 08:00:00+00:00, run_after=2025-09-06 08:00:00+00:00
[2025-09-05T19:14:53.963+0000] {processor.py:183} INFO - Processing /opt/airflow/dags/tcc_pipeline_dag.py took 0.113 seconds
[2025-09-05T19:15:24.238+0000] {processor.py:161} INFO - Started process (PID=832) to work on /opt/airflow/dags/tcc_pipeline_dag.py
[2025-09-05T19:15:24.240+0000] {processor.py:830} INFO - Processing file /opt/airflow/dags/tcc_pipeline_dag.py for tasks to queue
[2025-09-05T19:15:24.244+0000] {logging_mixin.py:188} INFO - [2025-09-05T19:15:24.243+0000] {dagbag.py:545} INFO - Filling up the DagBag from /opt/airflow/dags/tcc_pipeline_dag.py
[2025-09-05T19:15:24.302+0000] {processor.py:840} INFO - DAG(s) 'pipeline_dados_transito_tcc' retrieved from /opt/airflow/dags/tcc_pipeline_dag.py
[2025-09-05T19:15:24.363+0000] {logging_mixin.py:188} INFO - [2025-09-05T19:15:24.363+0000] {dag.py:3096} INFO - Sync 1 DAGs
[2025-09-05T19:15:24.392+0000] {logging_mixin.py:188} INFO - [2025-09-05T19:15:24.392+0000] {dag.py:3954} INFO - Setting next_dagrun for pipeline_dados_transito_tcc to 2025-09-05 08:00:00+00:00, run_after=2025-09-06 08:00:00+00:00
[2025-09-05T19:15:24.428+0000] {processor.py:183} INFO - Processing /opt/airflow/dags/tcc_pipeline_dag.py took 0.198 seconds
[2025-09-05T19:15:54.660+0000] {processor.py:161} INFO - Started process (PID=839) to work on /opt/airflow/dags/tcc_pipeline_dag.py
[2025-09-05T19:15:54.662+0000] {processor.py:830} INFO - Processing file /opt/airflow/dags/tcc_pipeline_dag.py for tasks to queue
[2025-09-05T19:15:54.664+0000] {logging_mixin.py:188} INFO - [2025-09-05T19:15:54.664+0000] {dagbag.py:545} INFO - Filling up the DagBag from /opt/airflow/dags/tcc_pipeline_dag.py
[2025-09-05T19:15:54.703+0000] {processor.py:840} INFO - DAG(s) 'pipeline_dados_transito_tcc' retrieved from /opt/airflow/dags/tcc_pipeline_dag.py
[2025-09-05T19:15:54.735+0000] {logging_mixin.py:188} INFO - [2025-09-05T19:15:54.734+0000] {dag.py:3096} INFO - Sync 1 DAGs
[2025-09-05T19:15:54.760+0000] {logging_mixin.py:188} INFO - [2025-09-05T19:15:54.760+0000] {dag.py:3954} INFO - Setting next_dagrun for pipeline_dados_transito_tcc to 2025-09-05 08:00:00+00:00, run_after=2025-09-06 08:00:00+00:00
[2025-09-05T19:15:54.779+0000] {processor.py:183} INFO - Processing /opt/airflow/dags/tcc_pipeline_dag.py took 0.124 seconds
[2025-09-05T19:16:25.068+0000] {processor.py:161} INFO - Started process (PID=846) to work on /opt/airflow/dags/tcc_pipeline_dag.py
[2025-09-05T19:16:25.071+0000] {processor.py:830} INFO - Processing file /opt/airflow/dags/tcc_pipeline_dag.py for tasks to queue
[2025-09-05T19:16:25.077+0000] {logging_mixin.py:188} INFO - [2025-09-05T19:16:25.076+0000] {dagbag.py:545} INFO - Filling up the DagBag from /opt/airflow/dags/tcc_pipeline_dag.py
[2025-09-05T19:16:25.161+0000] {processor.py:840} INFO - DAG(s) 'pipeline_dados_transito_tcc' retrieved from /opt/airflow/dags/tcc_pipeline_dag.py
[2025-09-05T19:16:25.231+0000] {logging_mixin.py:188} INFO - [2025-09-05T19:16:25.230+0000] {dag.py:3096} INFO - Sync 1 DAGs
[2025-09-05T19:16:25.284+0000] {logging_mixin.py:188} INFO - [2025-09-05T19:16:25.283+0000] {dag.py:3954} INFO - Setting next_dagrun for pipeline_dados_transito_tcc to 2025-09-05 08:00:00+00:00, run_after=2025-09-06 08:00:00+00:00
[2025-09-05T19:16:25.363+0000] {processor.py:183} INFO - Processing /opt/airflow/dags/tcc_pipeline_dag.py took 0.312 seconds
[2025-09-05T19:16:55.735+0000] {processor.py:161} INFO - Started process (PID=853) to work on /opt/airflow/dags/tcc_pipeline_dag.py
[2025-09-05T19:16:55.737+0000] {processor.py:830} INFO - Processing file /opt/airflow/dags/tcc_pipeline_dag.py for tasks to queue
[2025-09-05T19:16:55.740+0000] {logging_mixin.py:188} INFO - [2025-09-05T19:16:55.739+0000] {dagbag.py:545} INFO - Filling up the DagBag from /opt/airflow/dags/tcc_pipeline_dag.py
[2025-09-05T19:16:55.788+0000] {processor.py:840} INFO - DAG(s) 'pipeline_dados_transito_tcc' retrieved from /opt/airflow/dags/tcc_pipeline_dag.py
[2025-09-05T19:16:55.812+0000] {logging_mixin.py:188} INFO - [2025-09-05T19:16:55.812+0000] {dag.py:3096} INFO - Sync 1 DAGs
[2025-09-05T19:16:55.830+0000] {logging_mixin.py:188} INFO - [2025-09-05T19:16:55.829+0000] {dag.py:3954} INFO - Setting next_dagrun for pipeline_dados_transito_tcc to 2025-09-05 08:00:00+00:00, run_after=2025-09-06 08:00:00+00:00
[2025-09-05T19:16:55.851+0000] {processor.py:183} INFO - Processing /opt/airflow/dags/tcc_pipeline_dag.py took 0.121 seconds
[2025-09-05T19:17:26.079+0000] {processor.py:161} INFO - Started process (PID=860) to work on /opt/airflow/dags/tcc_pipeline_dag.py
[2025-09-05T19:17:26.081+0000] {processor.py:830} INFO - Processing file /opt/airflow/dags/tcc_pipeline_dag.py for tasks to queue
[2025-09-05T19:17:26.083+0000] {logging_mixin.py:188} INFO - [2025-09-05T19:17:26.083+0000] {dagbag.py:545} INFO - Filling up the DagBag from /opt/airflow/dags/tcc_pipeline_dag.py
[2025-09-05T19:17:26.181+0000] {processor.py:840} INFO - DAG(s) 'pipeline_dados_transito_tcc' retrieved from /opt/airflow/dags/tcc_pipeline_dag.py
[2025-09-05T19:17:26.233+0000] {logging_mixin.py:188} INFO - [2025-09-05T19:17:26.233+0000] {dag.py:3096} INFO - Sync 1 DAGs
[2025-09-05T19:17:26.255+0000] {logging_mixin.py:188} INFO - [2025-09-05T19:17:26.255+0000] {dag.py:3954} INFO - Setting next_dagrun for pipeline_dados_transito_tcc to 2025-09-05 08:00:00+00:00, run_after=2025-09-06 08:00:00+00:00
[2025-09-05T19:17:26.277+0000] {processor.py:183} INFO - Processing /opt/airflow/dags/tcc_pipeline_dag.py took 0.206 seconds
[2025-09-05T19:17:56.478+0000] {processor.py:161} INFO - Started process (PID=867) to work on /opt/airflow/dags/tcc_pipeline_dag.py
[2025-09-05T19:17:56.480+0000] {processor.py:830} INFO - Processing file /opt/airflow/dags/tcc_pipeline_dag.py for tasks to queue
[2025-09-05T19:17:56.482+0000] {logging_mixin.py:188} INFO - [2025-09-05T19:17:56.482+0000] {dagbag.py:545} INFO - Filling up the DagBag from /opt/airflow/dags/tcc_pipeline_dag.py
[2025-09-05T19:17:56.525+0000] {processor.py:840} INFO - DAG(s) 'pipeline_dados_transito_tcc' retrieved from /opt/airflow/dags/tcc_pipeline_dag.py
[2025-09-05T19:17:56.548+0000] {logging_mixin.py:188} INFO - [2025-09-05T19:17:56.548+0000] {dag.py:3096} INFO - Sync 1 DAGs
[2025-09-05T19:17:56.566+0000] {logging_mixin.py:188} INFO - [2025-09-05T19:17:56.566+0000] {dag.py:3954} INFO - Setting next_dagrun for pipeline_dados_transito_tcc to 2025-09-05 08:00:00+00:00, run_after=2025-09-06 08:00:00+00:00
[2025-09-05T19:17:56.587+0000] {processor.py:183} INFO - Processing /opt/airflow/dags/tcc_pipeline_dag.py took 0.115 seconds
[2025-09-05T19:18:26.908+0000] {processor.py:161} INFO - Started process (PID=874) to work on /opt/airflow/dags/tcc_pipeline_dag.py
[2025-09-05T19:18:26.911+0000] {processor.py:830} INFO - Processing file /opt/airflow/dags/tcc_pipeline_dag.py for tasks to queue
[2025-09-05T19:18:26.913+0000] {logging_mixin.py:188} INFO - [2025-09-05T19:18:26.913+0000] {dagbag.py:545} INFO - Filling up the DagBag from /opt/airflow/dags/tcc_pipeline_dag.py
[2025-09-05T19:18:26.983+0000] {processor.py:840} INFO - DAG(s) 'pipeline_dados_transito_tcc' retrieved from /opt/airflow/dags/tcc_pipeline_dag.py
[2025-09-05T19:18:27.011+0000] {logging_mixin.py:188} INFO - [2025-09-05T19:18:27.011+0000] {dag.py:3096} INFO - Sync 1 DAGs
[2025-09-05T19:18:27.033+0000] {logging_mixin.py:188} INFO - [2025-09-05T19:18:27.033+0000] {dag.py:3954} INFO - Setting next_dagrun for pipeline_dados_transito_tcc to 2025-09-05 08:00:00+00:00, run_after=2025-09-06 08:00:00+00:00
[2025-09-05T19:18:27.051+0000] {processor.py:183} INFO - Processing /opt/airflow/dags/tcc_pipeline_dag.py took 0.150 seconds
[2025-09-05T19:18:57.250+0000] {processor.py:161} INFO - Started process (PID=881) to work on /opt/airflow/dags/tcc_pipeline_dag.py
[2025-09-05T19:18:57.252+0000] {processor.py:830} INFO - Processing file /opt/airflow/dags/tcc_pipeline_dag.py for tasks to queue
[2025-09-05T19:18:57.255+0000] {logging_mixin.py:188} INFO - [2025-09-05T19:18:57.254+0000] {dagbag.py:545} INFO - Filling up the DagBag from /opt/airflow/dags/tcc_pipeline_dag.py
[2025-09-05T19:18:57.363+0000] {processor.py:840} INFO - DAG(s) 'pipeline_dados_transito_tcc' retrieved from /opt/airflow/dags/tcc_pipeline_dag.py
[2025-09-05T19:18:57.401+0000] {logging_mixin.py:188} INFO - [2025-09-05T19:18:57.401+0000] {dag.py:3096} INFO - Sync 1 DAGs
[2025-09-05T19:18:57.430+0000] {logging_mixin.py:188} INFO - [2025-09-05T19:18:57.430+0000] {dag.py:3954} INFO - Setting next_dagrun for pipeline_dados_transito_tcc to 2025-09-05 08:00:00+00:00, run_after=2025-09-06 08:00:00+00:00
[2025-09-05T19:18:57.474+0000] {processor.py:183} INFO - Processing /opt/airflow/dags/tcc_pipeline_dag.py took 0.231 seconds
[2025-09-05T19:19:27.710+0000] {processor.py:161} INFO - Started process (PID=889) to work on /opt/airflow/dags/tcc_pipeline_dag.py
[2025-09-05T19:19:27.714+0000] {processor.py:830} INFO - Processing file /opt/airflow/dags/tcc_pipeline_dag.py for tasks to queue
[2025-09-05T19:19:27.716+0000] {logging_mixin.py:188} INFO - [2025-09-05T19:19:27.716+0000] {dagbag.py:545} INFO - Filling up the DagBag from /opt/airflow/dags/tcc_pipeline_dag.py
[2025-09-05T19:19:27.785+0000] {processor.py:840} INFO - DAG(s) 'pipeline_dados_transito_tcc' retrieved from /opt/airflow/dags/tcc_pipeline_dag.py
[2025-09-05T19:19:27.808+0000] {logging_mixin.py:188} INFO - [2025-09-05T19:19:27.808+0000] {dag.py:3096} INFO - Sync 1 DAGs
[2025-09-05T19:19:27.827+0000] {logging_mixin.py:188} INFO - [2025-09-05T19:19:27.827+0000] {dag.py:3954} INFO - Setting next_dagrun for pipeline_dados_transito_tcc to 2025-09-05 08:00:00+00:00, run_after=2025-09-06 08:00:00+00:00
[2025-09-05T19:19:27.848+0000] {processor.py:183} INFO - Processing /opt/airflow/dags/tcc_pipeline_dag.py took 0.143 seconds
[2025-09-05T19:19:58.343+0000] {processor.py:161} INFO - Started process (PID=896) to work on /opt/airflow/dags/tcc_pipeline_dag.py
[2025-09-05T19:19:58.345+0000] {processor.py:830} INFO - Processing file /opt/airflow/dags/tcc_pipeline_dag.py for tasks to queue
[2025-09-05T19:19:58.349+0000] {logging_mixin.py:188} INFO - [2025-09-05T19:19:58.348+0000] {dagbag.py:545} INFO - Filling up the DagBag from /opt/airflow/dags/tcc_pipeline_dag.py
[2025-09-05T19:19:58.408+0000] {processor.py:840} INFO - DAG(s) 'pipeline_dados_transito_tcc' retrieved from /opt/airflow/dags/tcc_pipeline_dag.py
[2025-09-05T19:19:58.435+0000] {logging_mixin.py:188} INFO - [2025-09-05T19:19:58.434+0000] {dag.py:3096} INFO - Sync 1 DAGs
[2025-09-05T19:19:58.453+0000] {logging_mixin.py:188} INFO - [2025-09-05T19:19:58.453+0000] {dag.py:3954} INFO - Setting next_dagrun for pipeline_dados_transito_tcc to 2025-09-05 08:00:00+00:00, run_after=2025-09-06 08:00:00+00:00
[2025-09-05T19:19:58.476+0000] {processor.py:183} INFO - Processing /opt/airflow/dags/tcc_pipeline_dag.py took 0.143 seconds
[2025-09-05T19:20:28.685+0000] {processor.py:161} INFO - Started process (PID=903) to work on /opt/airflow/dags/tcc_pipeline_dag.py
[2025-09-05T19:20:28.688+0000] {processor.py:830} INFO - Processing file /opt/airflow/dags/tcc_pipeline_dag.py for tasks to queue
[2025-09-05T19:20:28.690+0000] {logging_mixin.py:188} INFO - [2025-09-05T19:20:28.690+0000] {dagbag.py:545} INFO - Filling up the DagBag from /opt/airflow/dags/tcc_pipeline_dag.py
[2025-09-05T19:20:28.738+0000] {processor.py:840} INFO - DAG(s) 'pipeline_dados_transito_tcc' retrieved from /opt/airflow/dags/tcc_pipeline_dag.py
[2025-09-05T19:20:28.765+0000] {logging_mixin.py:188} INFO - [2025-09-05T19:20:28.765+0000] {dag.py:3096} INFO - Sync 1 DAGs
[2025-09-05T19:20:28.791+0000] {logging_mixin.py:188} INFO - [2025-09-05T19:20:28.790+0000] {dag.py:3954} INFO - Setting next_dagrun for pipeline_dados_transito_tcc to 2025-09-05 08:00:00+00:00, run_after=2025-09-06 08:00:00+00:00
[2025-09-05T19:20:28.821+0000] {processor.py:183} INFO - Processing /opt/airflow/dags/tcc_pipeline_dag.py took 0.145 seconds
[2025-09-05T19:20:59.088+0000] {processor.py:161} INFO - Started process (PID=910) to work on /opt/airflow/dags/tcc_pipeline_dag.py
[2025-09-05T19:20:59.089+0000] {processor.py:830} INFO - Processing file /opt/airflow/dags/tcc_pipeline_dag.py for tasks to queue
[2025-09-05T19:20:59.092+0000] {logging_mixin.py:188} INFO - [2025-09-05T19:20:59.091+0000] {dagbag.py:545} INFO - Filling up the DagBag from /opt/airflow/dags/tcc_pipeline_dag.py
[2025-09-05T19:20:59.144+0000] {processor.py:840} INFO - DAG(s) 'pipeline_dados_transito_tcc' retrieved from /opt/airflow/dags/tcc_pipeline_dag.py
[2025-09-05T19:20:59.188+0000] {logging_mixin.py:188} INFO - [2025-09-05T19:20:59.187+0000] {dag.py:3096} INFO - Sync 1 DAGs
[2025-09-05T19:20:59.211+0000] {logging_mixin.py:188} INFO - [2025-09-05T19:20:59.211+0000] {dag.py:3954} INFO - Setting next_dagrun for pipeline_dados_transito_tcc to 2025-09-05 08:00:00+00:00, run_after=2025-09-06 08:00:00+00:00
[2025-09-05T19:20:59.233+0000] {processor.py:183} INFO - Processing /opt/airflow/dags/tcc_pipeline_dag.py took 0.151 seconds
[2025-09-05T19:21:29.435+0000] {processor.py:161} INFO - Started process (PID=917) to work on /opt/airflow/dags/tcc_pipeline_dag.py
[2025-09-05T19:21:29.436+0000] {processor.py:830} INFO - Processing file /opt/airflow/dags/tcc_pipeline_dag.py for tasks to queue
[2025-09-05T19:21:29.438+0000] {logging_mixin.py:188} INFO - [2025-09-05T19:21:29.438+0000] {dagbag.py:545} INFO - Filling up the DagBag from /opt/airflow/dags/tcc_pipeline_dag.py
[2025-09-05T19:21:29.492+0000] {processor.py:840} INFO - DAG(s) 'pipeline_dados_transito_tcc' retrieved from /opt/airflow/dags/tcc_pipeline_dag.py
[2025-09-05T19:21:29.517+0000] {logging_mixin.py:188} INFO - [2025-09-05T19:21:29.517+0000] {dag.py:3096} INFO - Sync 1 DAGs
[2025-09-05T19:21:29.541+0000] {logging_mixin.py:188} INFO - [2025-09-05T19:21:29.541+0000] {dag.py:3954} INFO - Setting next_dagrun for pipeline_dados_transito_tcc to 2025-09-05 08:00:00+00:00, run_after=2025-09-06 08:00:00+00:00
[2025-09-05T19:21:29.563+0000] {processor.py:183} INFO - Processing /opt/airflow/dags/tcc_pipeline_dag.py took 0.134 seconds
[2025-09-05T19:21:59.891+0000] {processor.py:161} INFO - Started process (PID=924) to work on /opt/airflow/dags/tcc_pipeline_dag.py
[2025-09-05T19:21:59.893+0000] {processor.py:830} INFO - Processing file /opt/airflow/dags/tcc_pipeline_dag.py for tasks to queue
[2025-09-05T19:21:59.898+0000] {logging_mixin.py:188} INFO - [2025-09-05T19:21:59.898+0000] {dagbag.py:545} INFO - Filling up the DagBag from /opt/airflow/dags/tcc_pipeline_dag.py
[2025-09-05T19:21:59.944+0000] {processor.py:840} INFO - DAG(s) 'pipeline_dados_transito_tcc' retrieved from /opt/airflow/dags/tcc_pipeline_dag.py
[2025-09-05T19:21:59.979+0000] {logging_mixin.py:188} INFO - [2025-09-05T19:21:59.979+0000] {dag.py:3096} INFO - Sync 1 DAGs
[2025-09-05T19:22:00.008+0000] {logging_mixin.py:188} INFO - [2025-09-05T19:22:00.007+0000] {dag.py:3954} INFO - Setting next_dagrun for pipeline_dados_transito_tcc to 2025-09-05 08:00:00+00:00, run_after=2025-09-06 08:00:00+00:00
[2025-09-05T19:22:00.045+0000] {processor.py:183} INFO - Processing /opt/airflow/dags/tcc_pipeline_dag.py took 0.164 seconds
[2025-09-05T19:22:30.188+0000] {processor.py:161} INFO - Started process (PID=931) to work on /opt/airflow/dags/tcc_pipeline_dag.py
[2025-09-05T19:22:30.190+0000] {processor.py:830} INFO - Processing file /opt/airflow/dags/tcc_pipeline_dag.py for tasks to queue
[2025-09-05T19:22:30.194+0000] {logging_mixin.py:188} INFO - [2025-09-05T19:22:30.193+0000] {dagbag.py:545} INFO - Filling up the DagBag from /opt/airflow/dags/tcc_pipeline_dag.py
[2025-09-05T19:22:30.254+0000] {processor.py:840} INFO - DAG(s) 'pipeline_dados_transito_tcc' retrieved from /opt/airflow/dags/tcc_pipeline_dag.py
[2025-09-05T19:22:30.279+0000] {logging_mixin.py:188} INFO - [2025-09-05T19:22:30.278+0000] {dag.py:3096} INFO - Sync 1 DAGs
[2025-09-05T19:22:30.301+0000] {logging_mixin.py:188} INFO - [2025-09-05T19:22:30.301+0000] {dag.py:3954} INFO - Setting next_dagrun for pipeline_dados_transito_tcc to 2025-09-05 08:00:00+00:00, run_after=2025-09-06 08:00:00+00:00
[2025-09-05T19:22:30.325+0000] {processor.py:183} INFO - Processing /opt/airflow/dags/tcc_pipeline_dag.py took 0.144 seconds
[2025-09-05T19:23:00.650+0000] {processor.py:161} INFO - Started process (PID=938) to work on /opt/airflow/dags/tcc_pipeline_dag.py
[2025-09-05T19:23:00.652+0000] {processor.py:830} INFO - Processing file /opt/airflow/dags/tcc_pipeline_dag.py for tasks to queue
[2025-09-05T19:23:00.655+0000] {logging_mixin.py:188} INFO - [2025-09-05T19:23:00.655+0000] {dagbag.py:545} INFO - Filling up the DagBag from /opt/airflow/dags/tcc_pipeline_dag.py
[2025-09-05T19:23:00.697+0000] {processor.py:840} INFO - DAG(s) 'pipeline_dados_transito_tcc' retrieved from /opt/airflow/dags/tcc_pipeline_dag.py
[2025-09-05T19:23:00.720+0000] {logging_mixin.py:188} INFO - [2025-09-05T19:23:00.719+0000] {dag.py:3096} INFO - Sync 1 DAGs
[2025-09-05T19:23:00.739+0000] {logging_mixin.py:188} INFO - [2025-09-05T19:23:00.739+0000] {dag.py:3954} INFO - Setting next_dagrun for pipeline_dados_transito_tcc to 2025-09-05 08:00:00+00:00, run_after=2025-09-06 08:00:00+00:00
[2025-09-05T19:23:00.757+0000] {processor.py:183} INFO - Processing /opt/airflow/dags/tcc_pipeline_dag.py took 0.115 seconds
[2025-09-05T19:23:30.906+0000] {processor.py:161} INFO - Started process (PID=945) to work on /opt/airflow/dags/tcc_pipeline_dag.py
[2025-09-05T19:23:30.908+0000] {processor.py:830} INFO - Processing file /opt/airflow/dags/tcc_pipeline_dag.py for tasks to queue
[2025-09-05T19:23:30.910+0000] {logging_mixin.py:188} INFO - [2025-09-05T19:23:30.910+0000] {dagbag.py:545} INFO - Filling up the DagBag from /opt/airflow/dags/tcc_pipeline_dag.py
[2025-09-05T19:23:30.945+0000] {processor.py:840} INFO - DAG(s) 'pipeline_dados_transito_tcc' retrieved from /opt/airflow/dags/tcc_pipeline_dag.py
[2025-09-05T19:23:30.971+0000] {logging_mixin.py:188} INFO - [2025-09-05T19:23:30.971+0000] {dag.py:3096} INFO - Sync 1 DAGs
[2025-09-05T19:23:30.991+0000] {logging_mixin.py:188} INFO - [2025-09-05T19:23:30.991+0000] {dag.py:3954} INFO - Setting next_dagrun for pipeline_dados_transito_tcc to 2025-09-05 08:00:00+00:00, run_after=2025-09-06 08:00:00+00:00
[2025-09-05T19:23:31.012+0000] {processor.py:183} INFO - Processing /opt/airflow/dags/tcc_pipeline_dag.py took 0.113 seconds
[2025-09-05T19:24:01.288+0000] {processor.py:161} INFO - Started process (PID=952) to work on /opt/airflow/dags/tcc_pipeline_dag.py
[2025-09-05T19:24:01.290+0000] {processor.py:830} INFO - Processing file /opt/airflow/dags/tcc_pipeline_dag.py for tasks to queue
[2025-09-05T19:24:01.295+0000] {logging_mixin.py:188} INFO - [2025-09-05T19:24:01.295+0000] {dagbag.py:545} INFO - Filling up the DagBag from /opt/airflow/dags/tcc_pipeline_dag.py
[2025-09-05T19:24:01.351+0000] {processor.py:840} INFO - DAG(s) 'pipeline_dados_transito_tcc' retrieved from /opt/airflow/dags/tcc_pipeline_dag.py
[2025-09-05T19:24:01.391+0000] {logging_mixin.py:188} INFO - [2025-09-05T19:24:01.391+0000] {dag.py:3096} INFO - Sync 1 DAGs
[2025-09-05T19:24:01.417+0000] {logging_mixin.py:188} INFO - [2025-09-05T19:24:01.417+0000] {dag.py:3954} INFO - Setting next_dagrun for pipeline_dados_transito_tcc to 2025-09-05 08:00:00+00:00, run_after=2025-09-06 08:00:00+00:00
[2025-09-05T19:24:01.444+0000] {processor.py:183} INFO - Processing /opt/airflow/dags/tcc_pipeline_dag.py took 0.164 seconds
[2025-09-05T19:24:31.613+0000] {processor.py:161} INFO - Started process (PID=959) to work on /opt/airflow/dags/tcc_pipeline_dag.py
[2025-09-05T19:24:31.616+0000] {processor.py:830} INFO - Processing file /opt/airflow/dags/tcc_pipeline_dag.py for tasks to queue
[2025-09-05T19:24:31.623+0000] {logging_mixin.py:188} INFO - [2025-09-05T19:24:31.622+0000] {dagbag.py:545} INFO - Filling up the DagBag from /opt/airflow/dags/tcc_pipeline_dag.py
[2025-09-05T19:24:31.671+0000] {processor.py:840} INFO - DAG(s) 'pipeline_dados_transito_tcc' retrieved from /opt/airflow/dags/tcc_pipeline_dag.py
[2025-09-05T19:24:31.706+0000] {logging_mixin.py:188} INFO - [2025-09-05T19:24:31.706+0000] {dag.py:3096} INFO - Sync 1 DAGs
[2025-09-05T19:24:31.725+0000] {logging_mixin.py:188} INFO - [2025-09-05T19:24:31.725+0000] {dag.py:3954} INFO - Setting next_dagrun for pipeline_dados_transito_tcc to 2025-09-05 08:00:00+00:00, run_after=2025-09-06 08:00:00+00:00
[2025-09-05T19:24:31.753+0000] {processor.py:183} INFO - Processing /opt/airflow/dags/tcc_pipeline_dag.py took 0.149 seconds
[2025-09-05T19:25:02.172+0000] {processor.py:161} INFO - Started process (PID=967) to work on /opt/airflow/dags/tcc_pipeline_dag.py
[2025-09-05T19:25:02.173+0000] {processor.py:830} INFO - Processing file /opt/airflow/dags/tcc_pipeline_dag.py for tasks to queue
[2025-09-05T19:25:02.176+0000] {logging_mixin.py:188} INFO - [2025-09-05T19:25:02.175+0000] {dagbag.py:545} INFO - Filling up the DagBag from /opt/airflow/dags/tcc_pipeline_dag.py
[2025-09-05T19:25:02.230+0000] {processor.py:840} INFO - DAG(s) 'pipeline_dados_transito_tcc' retrieved from /opt/airflow/dags/tcc_pipeline_dag.py
[2025-09-05T19:25:02.269+0000] {logging_mixin.py:188} INFO - [2025-09-05T19:25:02.268+0000] {dag.py:3096} INFO - Sync 1 DAGs
[2025-09-05T19:25:02.297+0000] {logging_mixin.py:188} INFO - [2025-09-05T19:25:02.297+0000] {dag.py:3954} INFO - Setting next_dagrun for pipeline_dados_transito_tcc to 2025-09-05 08:00:00+00:00, run_after=2025-09-06 08:00:00+00:00
[2025-09-05T19:25:02.332+0000] {processor.py:183} INFO - Processing /opt/airflow/dags/tcc_pipeline_dag.py took 0.170 seconds
[2025-09-05T19:25:32.531+0000] {processor.py:161} INFO - Started process (PID=974) to work on /opt/airflow/dags/tcc_pipeline_dag.py
[2025-09-05T19:25:32.533+0000] {processor.py:830} INFO - Processing file /opt/airflow/dags/tcc_pipeline_dag.py for tasks to queue
[2025-09-05T19:25:32.539+0000] {logging_mixin.py:188} INFO - [2025-09-05T19:25:32.537+0000] {dagbag.py:545} INFO - Filling up the DagBag from /opt/airflow/dags/tcc_pipeline_dag.py
[2025-09-05T19:25:32.589+0000] {processor.py:840} INFO - DAG(s) 'pipeline_dados_transito_tcc' retrieved from /opt/airflow/dags/tcc_pipeline_dag.py
[2025-09-05T19:25:32.617+0000] {logging_mixin.py:188} INFO - [2025-09-05T19:25:32.616+0000] {dag.py:3096} INFO - Sync 1 DAGs
[2025-09-05T19:25:32.636+0000] {logging_mixin.py:188} INFO - [2025-09-05T19:25:32.636+0000] {dag.py:3954} INFO - Setting next_dagrun for pipeline_dados_transito_tcc to 2025-09-05 08:00:00+00:00, run_after=2025-09-06 08:00:00+00:00
[2025-09-05T19:25:32.667+0000] {processor.py:183} INFO - Processing /opt/airflow/dags/tcc_pipeline_dag.py took 0.145 seconds
[2025-09-05T19:26:02.976+0000] {processor.py:161} INFO - Started process (PID=980) to work on /opt/airflow/dags/tcc_pipeline_dag.py
[2025-09-05T19:26:02.977+0000] {processor.py:830} INFO - Processing file /opt/airflow/dags/tcc_pipeline_dag.py for tasks to queue
[2025-09-05T19:26:02.979+0000] {logging_mixin.py:188} INFO - [2025-09-05T19:26:02.979+0000] {dagbag.py:545} INFO - Filling up the DagBag from /opt/airflow/dags/tcc_pipeline_dag.py
[2025-09-05T19:26:03.020+0000] {processor.py:840} INFO - DAG(s) 'pipeline_dados_transito_tcc' retrieved from /opt/airflow/dags/tcc_pipeline_dag.py
[2025-09-05T19:26:03.051+0000] {logging_mixin.py:188} INFO - [2025-09-05T19:26:03.050+0000] {dag.py:3096} INFO - Sync 1 DAGs
[2025-09-05T19:26:03.070+0000] {logging_mixin.py:188} INFO - [2025-09-05T19:26:03.070+0000] {dag.py:3954} INFO - Setting next_dagrun for pipeline_dados_transito_tcc to 2025-09-05 08:00:00+00:00, run_after=2025-09-06 08:00:00+00:00
[2025-09-05T19:26:03.094+0000] {processor.py:183} INFO - Processing /opt/airflow/dags/tcc_pipeline_dag.py took 0.123 seconds
[2025-09-05T19:26:33.279+0000] {processor.py:161} INFO - Started process (PID=987) to work on /opt/airflow/dags/tcc_pipeline_dag.py
[2025-09-05T19:26:33.281+0000] {processor.py:830} INFO - Processing file /opt/airflow/dags/tcc_pipeline_dag.py for tasks to queue
[2025-09-05T19:26:33.283+0000] {logging_mixin.py:188} INFO - [2025-09-05T19:26:33.283+0000] {dagbag.py:545} INFO - Filling up the DagBag from /opt/airflow/dags/tcc_pipeline_dag.py
[2025-09-05T19:26:33.338+0000] {processor.py:840} INFO - DAG(s) 'pipeline_dados_transito_tcc' retrieved from /opt/airflow/dags/tcc_pipeline_dag.py
[2025-09-05T19:26:33.376+0000] {logging_mixin.py:188} INFO - [2025-09-05T19:26:33.376+0000] {dag.py:3096} INFO - Sync 1 DAGs
[2025-09-05T19:26:33.406+0000] {logging_mixin.py:188} INFO - [2025-09-05T19:26:33.406+0000] {dag.py:3954} INFO - Setting next_dagrun for pipeline_dados_transito_tcc to 2025-09-05 08:00:00+00:00, run_after=2025-09-06 08:00:00+00:00
[2025-09-05T19:26:33.439+0000] {processor.py:183} INFO - Processing /opt/airflow/dags/tcc_pipeline_dag.py took 0.168 seconds
[2025-09-05T19:27:03.675+0000] {processor.py:161} INFO - Started process (PID=994) to work on /opt/airflow/dags/tcc_pipeline_dag.py
[2025-09-05T19:27:03.676+0000] {processor.py:830} INFO - Processing file /opt/airflow/dags/tcc_pipeline_dag.py for tasks to queue
[2025-09-05T19:27:03.679+0000] {logging_mixin.py:188} INFO - [2025-09-05T19:27:03.678+0000] {dagbag.py:545} INFO - Filling up the DagBag from /opt/airflow/dags/tcc_pipeline_dag.py
[2025-09-05T19:27:03.722+0000] {processor.py:840} INFO - DAG(s) 'pipeline_dados_transito_tcc' retrieved from /opt/airflow/dags/tcc_pipeline_dag.py
[2025-09-05T19:27:03.751+0000] {logging_mixin.py:188} INFO - [2025-09-05T19:27:03.751+0000] {dag.py:3096} INFO - Sync 1 DAGs
[2025-09-05T19:27:03.778+0000] {logging_mixin.py:188} INFO - [2025-09-05T19:27:03.778+0000] {dag.py:3954} INFO - Setting next_dagrun for pipeline_dados_transito_tcc to 2025-09-05 08:00:00+00:00, run_after=2025-09-06 08:00:00+00:00
[2025-09-05T19:27:03.805+0000] {processor.py:183} INFO - Processing /opt/airflow/dags/tcc_pipeline_dag.py took 0.135 seconds
[2025-09-05T19:27:34.144+0000] {processor.py:161} INFO - Started process (PID=1001) to work on /opt/airflow/dags/tcc_pipeline_dag.py
[2025-09-05T19:27:34.145+0000] {processor.py:830} INFO - Processing file /opt/airflow/dags/tcc_pipeline_dag.py for tasks to queue
[2025-09-05T19:27:34.147+0000] {logging_mixin.py:188} INFO - [2025-09-05T19:27:34.147+0000] {dagbag.py:545} INFO - Filling up the DagBag from /opt/airflow/dags/tcc_pipeline_dag.py
[2025-09-05T19:27:34.178+0000] {processor.py:840} INFO - DAG(s) 'pipeline_dados_transito_tcc' retrieved from /opt/airflow/dags/tcc_pipeline_dag.py
[2025-09-05T19:27:34.199+0000] {logging_mixin.py:188} INFO - [2025-09-05T19:27:34.199+0000] {dag.py:3096} INFO - Sync 1 DAGs
[2025-09-05T19:27:34.218+0000] {logging_mixin.py:188} INFO - [2025-09-05T19:27:34.218+0000] {dag.py:3954} INFO - Setting next_dagrun for pipeline_dados_transito_tcc to 2025-09-05 08:00:00+00:00, run_after=2025-09-06 08:00:00+00:00
[2025-09-05T19:27:34.255+0000] {processor.py:183} INFO - Processing /opt/airflow/dags/tcc_pipeline_dag.py took 0.116 seconds
[2025-09-05T19:28:04.475+0000] {processor.py:161} INFO - Started process (PID=1007) to work on /opt/airflow/dags/tcc_pipeline_dag.py
[2025-09-05T19:28:04.477+0000] {processor.py:830} INFO - Processing file /opt/airflow/dags/tcc_pipeline_dag.py for tasks to queue
[2025-09-05T19:28:04.480+0000] {logging_mixin.py:188} INFO - [2025-09-05T19:28:04.480+0000] {dagbag.py:545} INFO - Filling up the DagBag from /opt/airflow/dags/tcc_pipeline_dag.py
[2025-09-05T19:28:04.529+0000] {processor.py:840} INFO - DAG(s) 'pipeline_dados_transito_tcc' retrieved from /opt/airflow/dags/tcc_pipeline_dag.py
[2025-09-05T19:28:04.555+0000] {logging_mixin.py:188} INFO - [2025-09-05T19:28:04.555+0000] {dag.py:3096} INFO - Sync 1 DAGs
[2025-09-05T19:28:04.575+0000] {logging_mixin.py:188} INFO - [2025-09-05T19:28:04.575+0000] {dag.py:3954} INFO - Setting next_dagrun for pipeline_dados_transito_tcc to 2025-09-05 08:00:00+00:00, run_after=2025-09-06 08:00:00+00:00
[2025-09-05T19:28:04.596+0000] {processor.py:183} INFO - Processing /opt/airflow/dags/tcc_pipeline_dag.py took 0.127 seconds
[2025-09-05T19:28:34.905+0000] {processor.py:161} INFO - Started process (PID=1014) to work on /opt/airflow/dags/tcc_pipeline_dag.py
[2025-09-05T19:28:34.908+0000] {processor.py:830} INFO - Processing file /opt/airflow/dags/tcc_pipeline_dag.py for tasks to queue
[2025-09-05T19:28:34.910+0000] {logging_mixin.py:188} INFO - [2025-09-05T19:28:34.910+0000] {dagbag.py:545} INFO - Filling up the DagBag from /opt/airflow/dags/tcc_pipeline_dag.py
[2025-09-05T19:28:34.990+0000] {processor.py:840} INFO - DAG(s) 'pipeline_dados_transito_tcc' retrieved from /opt/airflow/dags/tcc_pipeline_dag.py
[2025-09-05T19:28:35.027+0000] {logging_mixin.py:188} INFO - [2025-09-05T19:28:35.027+0000] {dag.py:3096} INFO - Sync 1 DAGs
[2025-09-05T19:28:35.053+0000] {logging_mixin.py:188} INFO - [2025-09-05T19:28:35.053+0000] {dag.py:3954} INFO - Setting next_dagrun for pipeline_dados_transito_tcc to 2025-09-05 08:00:00+00:00, run_after=2025-09-06 08:00:00+00:00
[2025-09-05T19:28:35.075+0000] {processor.py:183} INFO - Processing /opt/airflow/dags/tcc_pipeline_dag.py took 0.176 seconds
[2025-09-05T19:29:05.337+0000] {processor.py:161} INFO - Started process (PID=1021) to work on /opt/airflow/dags/tcc_pipeline_dag.py
[2025-09-05T19:29:05.339+0000] {processor.py:830} INFO - Processing file /opt/airflow/dags/tcc_pipeline_dag.py for tasks to queue
[2025-09-05T19:29:05.342+0000] {logging_mixin.py:188} INFO - [2025-09-05T19:29:05.342+0000] {dagbag.py:545} INFO - Filling up the DagBag from /opt/airflow/dags/tcc_pipeline_dag.py
[2025-09-05T19:29:05.398+0000] {processor.py:840} INFO - DAG(s) 'pipeline_dados_transito_tcc' retrieved from /opt/airflow/dags/tcc_pipeline_dag.py
[2025-09-05T19:29:05.438+0000] {logging_mixin.py:188} INFO - [2025-09-05T19:29:05.438+0000] {dag.py:3096} INFO - Sync 1 DAGs
[2025-09-05T19:29:05.473+0000] {logging_mixin.py:188} INFO - [2025-09-05T19:29:05.473+0000] {dag.py:3954} INFO - Setting next_dagrun for pipeline_dados_transito_tcc to 2025-09-05 08:00:00+00:00, run_after=2025-09-06 08:00:00+00:00
[2025-09-05T19:29:05.501+0000] {processor.py:183} INFO - Processing /opt/airflow/dags/tcc_pipeline_dag.py took 0.171 seconds
[2025-09-05T19:29:35.628+0000] {processor.py:161} INFO - Started process (PID=1028) to work on /opt/airflow/dags/tcc_pipeline_dag.py
[2025-09-05T19:29:35.629+0000] {processor.py:830} INFO - Processing file /opt/airflow/dags/tcc_pipeline_dag.py for tasks to queue
[2025-09-05T19:29:35.631+0000] {logging_mixin.py:188} INFO - [2025-09-05T19:29:35.631+0000] {dagbag.py:545} INFO - Filling up the DagBag from /opt/airflow/dags/tcc_pipeline_dag.py
[2025-09-05T19:29:35.665+0000] {processor.py:840} INFO - DAG(s) 'pipeline_dados_transito_tcc' retrieved from /opt/airflow/dags/tcc_pipeline_dag.py
[2025-09-05T19:29:35.689+0000] {logging_mixin.py:188} INFO - [2025-09-05T19:29:35.688+0000] {dag.py:3096} INFO - Sync 1 DAGs
[2025-09-05T19:29:35.715+0000] {logging_mixin.py:188} INFO - [2025-09-05T19:29:35.715+0000] {dag.py:3954} INFO - Setting next_dagrun for pipeline_dados_transito_tcc to 2025-09-05 08:00:00+00:00, run_after=2025-09-06 08:00:00+00:00
[2025-09-05T19:29:35.739+0000] {processor.py:183} INFO - Processing /opt/airflow/dags/tcc_pipeline_dag.py took 0.117 seconds
[2025-09-05T19:30:05.931+0000] {processor.py:161} INFO - Started process (PID=1035) to work on /opt/airflow/dags/tcc_pipeline_dag.py
[2025-09-05T19:30:05.932+0000] {processor.py:830} INFO - Processing file /opt/airflow/dags/tcc_pipeline_dag.py for tasks to queue
[2025-09-05T19:30:05.934+0000] {logging_mixin.py:188} INFO - [2025-09-05T19:30:05.934+0000] {dagbag.py:545} INFO - Filling up the DagBag from /opt/airflow/dags/tcc_pipeline_dag.py
[2025-09-05T19:30:05.959+0000] {processor.py:840} INFO - DAG(s) 'pipeline_dados_transito_tcc' retrieved from /opt/airflow/dags/tcc_pipeline_dag.py
[2025-09-05T19:30:05.986+0000] {logging_mixin.py:188} INFO - [2025-09-05T19:30:05.985+0000] {dag.py:3096} INFO - Sync 1 DAGs
[2025-09-05T19:30:06.012+0000] {logging_mixin.py:188} INFO - [2025-09-05T19:30:06.011+0000] {dag.py:3954} INFO - Setting next_dagrun for pipeline_dados_transito_tcc to 2025-09-05 08:00:00+00:00, run_after=2025-09-06 08:00:00+00:00
[2025-09-05T19:30:06.048+0000] {processor.py:183} INFO - Processing /opt/airflow/dags/tcc_pipeline_dag.py took 0.122 seconds
[2025-09-05T19:30:36.357+0000] {processor.py:161} INFO - Started process (PID=1042) to work on /opt/airflow/dags/tcc_pipeline_dag.py
[2025-09-05T19:30:36.359+0000] {processor.py:830} INFO - Processing file /opt/airflow/dags/tcc_pipeline_dag.py for tasks to queue
[2025-09-05T19:30:36.362+0000] {logging_mixin.py:188} INFO - [2025-09-05T19:30:36.362+0000] {dagbag.py:545} INFO - Filling up the DagBag from /opt/airflow/dags/tcc_pipeline_dag.py
[2025-09-05T19:30:36.404+0000] {processor.py:840} INFO - DAG(s) 'pipeline_dados_transito_tcc' retrieved from /opt/airflow/dags/tcc_pipeline_dag.py
[2025-09-05T19:30:36.435+0000] {logging_mixin.py:188} INFO - [2025-09-05T19:30:36.434+0000] {dag.py:3096} INFO - Sync 1 DAGs
[2025-09-05T19:30:36.458+0000] {logging_mixin.py:188} INFO - [2025-09-05T19:30:36.458+0000] {dag.py:3954} INFO - Setting next_dagrun for pipeline_dados_transito_tcc to 2025-09-05 08:00:00+00:00, run_after=2025-09-06 08:00:00+00:00
[2025-09-05T19:30:36.489+0000] {processor.py:183} INFO - Processing /opt/airflow/dags/tcc_pipeline_dag.py took 0.138 seconds
[2025-09-05T19:31:06.703+0000] {processor.py:161} INFO - Started process (PID=1049) to work on /opt/airflow/dags/tcc_pipeline_dag.py
[2025-09-05T19:31:06.706+0000] {processor.py:830} INFO - Processing file /opt/airflow/dags/tcc_pipeline_dag.py for tasks to queue
[2025-09-05T19:31:06.710+0000] {logging_mixin.py:188} INFO - [2025-09-05T19:31:06.709+0000] {dagbag.py:545} INFO - Filling up the DagBag from /opt/airflow/dags/tcc_pipeline_dag.py
[2025-09-05T19:31:06.788+0000] {processor.py:840} INFO - DAG(s) 'pipeline_dados_transito_tcc' retrieved from /opt/airflow/dags/tcc_pipeline_dag.py
[2025-09-05T19:31:06.830+0000] {logging_mixin.py:188} INFO - [2025-09-05T19:31:06.829+0000] {dag.py:3096} INFO - Sync 1 DAGs
[2025-09-05T19:31:06.864+0000] {logging_mixin.py:188} INFO - [2025-09-05T19:31:06.864+0000] {dag.py:3954} INFO - Setting next_dagrun for pipeline_dados_transito_tcc to 2025-09-05 08:00:00+00:00, run_after=2025-09-06 08:00:00+00:00
[2025-09-05T19:31:06.909+0000] {processor.py:183} INFO - Processing /opt/airflow/dags/tcc_pipeline_dag.py took 0.213 seconds
[2025-09-05T19:31:37.187+0000] {processor.py:161} INFO - Started process (PID=1056) to work on /opt/airflow/dags/tcc_pipeline_dag.py
[2025-09-05T19:31:37.189+0000] {processor.py:830} INFO - Processing file /opt/airflow/dags/tcc_pipeline_dag.py for tasks to queue
[2025-09-05T19:31:37.192+0000] {logging_mixin.py:188} INFO - [2025-09-05T19:31:37.191+0000] {dagbag.py:545} INFO - Filling up the DagBag from /opt/airflow/dags/tcc_pipeline_dag.py
[2025-09-05T19:31:37.242+0000] {processor.py:840} INFO - DAG(s) 'pipeline_dados_transito_tcc' retrieved from /opt/airflow/dags/tcc_pipeline_dag.py
[2025-09-05T19:31:37.273+0000] {logging_mixin.py:188} INFO - [2025-09-05T19:31:37.273+0000] {dag.py:3096} INFO - Sync 1 DAGs
[2025-09-05T19:31:37.306+0000] {logging_mixin.py:188} INFO - [2025-09-05T19:31:37.306+0000] {dag.py:3954} INFO - Setting next_dagrun for pipeline_dados_transito_tcc to 2025-09-05 08:00:00+00:00, run_after=2025-09-06 08:00:00+00:00
[2025-09-05T19:31:37.333+0000] {processor.py:183} INFO - Processing /opt/airflow/dags/tcc_pipeline_dag.py took 0.153 seconds
[2025-09-05T19:32:07.681+0000] {processor.py:161} INFO - Started process (PID=1063) to work on /opt/airflow/dags/tcc_pipeline_dag.py
[2025-09-05T19:32:07.690+0000] {processor.py:830} INFO - Processing file /opt/airflow/dags/tcc_pipeline_dag.py for tasks to queue
[2025-09-05T19:32:07.697+0000] {logging_mixin.py:188} INFO - [2025-09-05T19:32:07.696+0000] {dagbag.py:545} INFO - Filling up the DagBag from /opt/airflow/dags/tcc_pipeline_dag.py
[2025-09-05T19:32:07.794+0000] {processor.py:840} INFO - DAG(s) 'pipeline_dados_transito_tcc' retrieved from /opt/airflow/dags/tcc_pipeline_dag.py
[2025-09-05T19:32:07.833+0000] {logging_mixin.py:188} INFO - [2025-09-05T19:32:07.833+0000] {dag.py:3096} INFO - Sync 1 DAGs
[2025-09-05T19:32:07.913+0000] {logging_mixin.py:188} INFO - [2025-09-05T19:32:07.912+0000] {dag.py:3954} INFO - Setting next_dagrun for pipeline_dados_transito_tcc to 2025-09-05 08:00:00+00:00, run_after=2025-09-06 08:00:00+00:00
[2025-09-05T19:32:07.965+0000] {processor.py:183} INFO - Processing /opt/airflow/dags/tcc_pipeline_dag.py took 0.303 seconds
[2025-09-05T19:32:38.339+0000] {processor.py:161} INFO - Started process (PID=1070) to work on /opt/airflow/dags/tcc_pipeline_dag.py
[2025-09-05T19:32:38.340+0000] {processor.py:830} INFO - Processing file /opt/airflow/dags/tcc_pipeline_dag.py for tasks to queue
[2025-09-05T19:32:38.343+0000] {logging_mixin.py:188} INFO - [2025-09-05T19:32:38.342+0000] {dagbag.py:545} INFO - Filling up the DagBag from /opt/airflow/dags/tcc_pipeline_dag.py
[2025-09-05T19:32:38.387+0000] {processor.py:840} INFO - DAG(s) 'pipeline_dados_transito_tcc' retrieved from /opt/airflow/dags/tcc_pipeline_dag.py
[2025-09-05T19:32:38.424+0000] {logging_mixin.py:188} INFO - [2025-09-05T19:32:38.424+0000] {dag.py:3096} INFO - Sync 1 DAGs
[2025-09-05T19:32:38.455+0000] {logging_mixin.py:188} INFO - [2025-09-05T19:32:38.455+0000] {dag.py:3954} INFO - Setting next_dagrun for pipeline_dados_transito_tcc to 2025-09-05 08:00:00+00:00, run_after=2025-09-06 08:00:00+00:00
[2025-09-05T19:32:38.481+0000] {processor.py:183} INFO - Processing /opt/airflow/dags/tcc_pipeline_dag.py took 0.147 seconds
[2025-09-05T19:33:08.655+0000] {processor.py:161} INFO - Started process (PID=1077) to work on /opt/airflow/dags/tcc_pipeline_dag.py
[2025-09-05T19:33:08.656+0000] {processor.py:830} INFO - Processing file /opt/airflow/dags/tcc_pipeline_dag.py for tasks to queue
[2025-09-05T19:33:08.658+0000] {logging_mixin.py:188} INFO - [2025-09-05T19:33:08.658+0000] {dagbag.py:545} INFO - Filling up the DagBag from /opt/airflow/dags/tcc_pipeline_dag.py
[2025-09-05T19:33:08.704+0000] {processor.py:840} INFO - DAG(s) 'pipeline_dados_transito_tcc' retrieved from /opt/airflow/dags/tcc_pipeline_dag.py
[2025-09-05T19:33:08.733+0000] {logging_mixin.py:188} INFO - [2025-09-05T19:33:08.733+0000] {dag.py:3096} INFO - Sync 1 DAGs
[2025-09-05T19:33:08.756+0000] {logging_mixin.py:188} INFO - [2025-09-05T19:33:08.756+0000] {dag.py:3954} INFO - Setting next_dagrun for pipeline_dados_transito_tcc to 2025-09-05 08:00:00+00:00, run_after=2025-09-06 08:00:00+00:00
[2025-09-05T19:33:08.783+0000] {processor.py:183} INFO - Processing /opt/airflow/dags/tcc_pipeline_dag.py took 0.133 seconds
[2025-09-05T19:33:39.192+0000] {processor.py:161} INFO - Started process (PID=1084) to work on /opt/airflow/dags/tcc_pipeline_dag.py
[2025-09-05T19:33:39.195+0000] {processor.py:830} INFO - Processing file /opt/airflow/dags/tcc_pipeline_dag.py for tasks to queue
[2025-09-05T19:33:39.202+0000] {logging_mixin.py:188} INFO - [2025-09-05T19:33:39.201+0000] {dagbag.py:545} INFO - Filling up the DagBag from /opt/airflow/dags/tcc_pipeline_dag.py
[2025-09-05T19:33:39.271+0000] {processor.py:840} INFO - DAG(s) 'pipeline_dados_transito_tcc' retrieved from /opt/airflow/dags/tcc_pipeline_dag.py
[2025-09-05T19:33:39.329+0000] {logging_mixin.py:188} INFO - [2025-09-05T19:33:39.329+0000] {dag.py:3096} INFO - Sync 1 DAGs
[2025-09-05T19:33:39.356+0000] {logging_mixin.py:188} INFO - [2025-09-05T19:33:39.356+0000] {dag.py:3954} INFO - Setting next_dagrun for pipeline_dados_transito_tcc to 2025-09-05 08:00:00+00:00, run_after=2025-09-06 08:00:00+00:00
[2025-09-05T19:33:39.401+0000] {processor.py:183} INFO - Processing /opt/airflow/dags/tcc_pipeline_dag.py took 0.221 seconds
[2025-09-05T19:34:09.553+0000] {processor.py:161} INFO - Started process (PID=1091) to work on /opt/airflow/dags/tcc_pipeline_dag.py
[2025-09-05T19:34:09.555+0000] {processor.py:830} INFO - Processing file /opt/airflow/dags/tcc_pipeline_dag.py for tasks to queue
[2025-09-05T19:34:09.557+0000] {logging_mixin.py:188} INFO - [2025-09-05T19:34:09.557+0000] {dagbag.py:545} INFO - Filling up the DagBag from /opt/airflow/dags/tcc_pipeline_dag.py
[2025-09-05T19:34:09.617+0000] {processor.py:840} INFO - DAG(s) 'pipeline_dados_transito_tcc' retrieved from /opt/airflow/dags/tcc_pipeline_dag.py
[2025-09-05T19:34:09.650+0000] {logging_mixin.py:188} INFO - [2025-09-05T19:34:09.650+0000] {dag.py:3096} INFO - Sync 1 DAGs
[2025-09-05T19:34:09.675+0000] {logging_mixin.py:188} INFO - [2025-09-05T19:34:09.675+0000] {dag.py:3954} INFO - Setting next_dagrun for pipeline_dados_transito_tcc to 2025-09-05 08:00:00+00:00, run_after=2025-09-06 08:00:00+00:00
[2025-09-05T19:34:09.700+0000] {processor.py:183} INFO - Processing /opt/airflow/dags/tcc_pipeline_dag.py took 0.154 seconds
[2025-09-05T19:34:40.042+0000] {processor.py:161} INFO - Started process (PID=1098) to work on /opt/airflow/dags/tcc_pipeline_dag.py
[2025-09-05T19:34:40.044+0000] {processor.py:830} INFO - Processing file /opt/airflow/dags/tcc_pipeline_dag.py for tasks to queue
[2025-09-05T19:34:40.047+0000] {logging_mixin.py:188} INFO - [2025-09-05T19:34:40.047+0000] {dagbag.py:545} INFO - Filling up the DagBag from /opt/airflow/dags/tcc_pipeline_dag.py
[2025-09-05T19:34:40.075+0000] {processor.py:840} INFO - DAG(s) 'pipeline_dados_transito_tcc' retrieved from /opt/airflow/dags/tcc_pipeline_dag.py
[2025-09-05T19:34:40.097+0000] {logging_mixin.py:188} INFO - [2025-09-05T19:34:40.097+0000] {dag.py:3096} INFO - Sync 1 DAGs
[2025-09-05T19:34:40.116+0000] {logging_mixin.py:188} INFO - [2025-09-05T19:34:40.116+0000] {dag.py:3954} INFO - Setting next_dagrun for pipeline_dados_transito_tcc to 2025-09-05 08:00:00+00:00, run_after=2025-09-06 08:00:00+00:00
[2025-09-05T19:34:40.138+0000] {processor.py:183} INFO - Processing /opt/airflow/dags/tcc_pipeline_dag.py took 0.100 seconds
[2025-09-05T19:35:10.576+0000] {processor.py:161} INFO - Started process (PID=1105) to work on /opt/airflow/dags/tcc_pipeline_dag.py
[2025-09-05T19:35:10.578+0000] {processor.py:830} INFO - Processing file /opt/airflow/dags/tcc_pipeline_dag.py for tasks to queue
[2025-09-05T19:35:10.580+0000] {logging_mixin.py:188} INFO - [2025-09-05T19:35:10.580+0000] {dagbag.py:545} INFO - Filling up the DagBag from /opt/airflow/dags/tcc_pipeline_dag.py
[2025-09-05T19:35:10.622+0000] {processor.py:840} INFO - DAG(s) 'pipeline_dados_transito_tcc' retrieved from /opt/airflow/dags/tcc_pipeline_dag.py
[2025-09-05T19:35:10.651+0000] {logging_mixin.py:188} INFO - [2025-09-05T19:35:10.650+0000] {dag.py:3096} INFO - Sync 1 DAGs
[2025-09-05T19:35:10.678+0000] {logging_mixin.py:188} INFO - [2025-09-05T19:35:10.678+0000] {dag.py:3954} INFO - Setting next_dagrun for pipeline_dados_transito_tcc to 2025-09-05 08:00:00+00:00, run_after=2025-09-06 08:00:00+00:00
[2025-09-05T19:35:10.703+0000] {processor.py:183} INFO - Processing /opt/airflow/dags/tcc_pipeline_dag.py took 0.139 seconds
[2025-09-05T19:35:40.885+0000] {processor.py:161} INFO - Started process (PID=1113) to work on /opt/airflow/dags/tcc_pipeline_dag.py
[2025-09-05T19:35:40.890+0000] {processor.py:830} INFO - Processing file /opt/airflow/dags/tcc_pipeline_dag.py for tasks to queue
[2025-09-05T19:35:40.896+0000] {logging_mixin.py:188} INFO - [2025-09-05T19:35:40.895+0000] {dagbag.py:545} INFO - Filling up the DagBag from /opt/airflow/dags/tcc_pipeline_dag.py
[2025-09-05T19:35:40.949+0000] {processor.py:840} INFO - DAG(s) 'pipeline_dados_transito_tcc' retrieved from /opt/airflow/dags/tcc_pipeline_dag.py
[2025-09-05T19:35:40.984+0000] {logging_mixin.py:188} INFO - [2025-09-05T19:35:40.984+0000] {dag.py:3096} INFO - Sync 1 DAGs
[2025-09-05T19:35:41.017+0000] {logging_mixin.py:188} INFO - [2025-09-05T19:35:41.016+0000] {dag.py:3954} INFO - Setting next_dagrun for pipeline_dados_transito_tcc to 2025-09-05 08:00:00+00:00, run_after=2025-09-06 08:00:00+00:00
[2025-09-05T19:35:41.049+0000] {processor.py:183} INFO - Processing /opt/airflow/dags/tcc_pipeline_dag.py took 0.173 seconds
[2025-09-05T19:36:11.307+0000] {processor.py:161} INFO - Started process (PID=1120) to work on /opt/airflow/dags/tcc_pipeline_dag.py
[2025-09-05T19:36:11.309+0000] {processor.py:830} INFO - Processing file /opt/airflow/dags/tcc_pipeline_dag.py for tasks to queue
[2025-09-05T19:36:11.313+0000] {logging_mixin.py:188} INFO - [2025-09-05T19:36:11.312+0000] {dagbag.py:545} INFO - Filling up the DagBag from /opt/airflow/dags/tcc_pipeline_dag.py
[2025-09-05T19:36:11.396+0000] {processor.py:840} INFO - DAG(s) 'pipeline_dados_transito_tcc' retrieved from /opt/airflow/dags/tcc_pipeline_dag.py
[2025-09-05T19:36:11.446+0000] {logging_mixin.py:188} INFO - [2025-09-05T19:36:11.446+0000] {dag.py:3096} INFO - Sync 1 DAGs
[2025-09-05T19:36:11.488+0000] {logging_mixin.py:188} INFO - [2025-09-05T19:36:11.488+0000] {dag.py:3954} INFO - Setting next_dagrun for pipeline_dados_transito_tcc to 2025-09-05 08:00:00+00:00, run_after=2025-09-06 08:00:00+00:00
[2025-09-05T19:36:11.515+0000] {processor.py:183} INFO - Processing /opt/airflow/dags/tcc_pipeline_dag.py took 0.218 seconds
[2025-09-05T19:36:41.655+0000] {processor.py:161} INFO - Started process (PID=1131) to work on /opt/airflow/dags/tcc_pipeline_dag.py
[2025-09-05T19:36:41.657+0000] {processor.py:830} INFO - Processing file /opt/airflow/dags/tcc_pipeline_dag.py for tasks to queue
[2025-09-05T19:36:41.660+0000] {logging_mixin.py:188} INFO - [2025-09-05T19:36:41.659+0000] {dagbag.py:545} INFO - Filling up the DagBag from /opt/airflow/dags/tcc_pipeline_dag.py
[2025-09-05T19:36:41.707+0000] {processor.py:840} INFO - DAG(s) 'pipeline_dados_transito_tcc' retrieved from /opt/airflow/dags/tcc_pipeline_dag.py
[2025-09-05T19:36:41.732+0000] {logging_mixin.py:188} INFO - [2025-09-05T19:36:41.732+0000] {dag.py:3096} INFO - Sync 1 DAGs
[2025-09-05T19:36:41.753+0000] {logging_mixin.py:188} INFO - [2025-09-05T19:36:41.753+0000] {dag.py:3954} INFO - Setting next_dagrun for pipeline_dados_transito_tcc to 2025-09-05 08:00:00+00:00, run_after=2025-09-06 08:00:00+00:00
[2025-09-05T19:36:41.790+0000] {processor.py:183} INFO - Processing /opt/airflow/dags/tcc_pipeline_dag.py took 0.143 seconds
[2025-09-05T19:37:12.062+0000] {processor.py:161} INFO - Started process (PID=1138) to work on /opt/airflow/dags/tcc_pipeline_dag.py
[2025-09-05T19:37:12.063+0000] {processor.py:830} INFO - Processing file /opt/airflow/dags/tcc_pipeline_dag.py for tasks to queue
[2025-09-05T19:37:12.067+0000] {logging_mixin.py:188} INFO - [2025-09-05T19:37:12.066+0000] {dagbag.py:545} INFO - Filling up the DagBag from /opt/airflow/dags/tcc_pipeline_dag.py
[2025-09-05T19:37:12.098+0000] {processor.py:840} INFO - DAG(s) 'pipeline_dados_transito_tcc' retrieved from /opt/airflow/dags/tcc_pipeline_dag.py
[2025-09-05T19:37:12.123+0000] {logging_mixin.py:188} INFO - [2025-09-05T19:37:12.123+0000] {dag.py:3096} INFO - Sync 1 DAGs
[2025-09-05T19:37:12.144+0000] {logging_mixin.py:188} INFO - [2025-09-05T19:37:12.144+0000] {dag.py:3954} INFO - Setting next_dagrun for pipeline_dados_transito_tcc to 2025-09-05 08:00:00+00:00, run_after=2025-09-06 08:00:00+00:00
[2025-09-05T19:37:12.168+0000] {processor.py:183} INFO - Processing /opt/airflow/dags/tcc_pipeline_dag.py took 0.117 seconds
[2025-09-05T19:37:42.423+0000] {processor.py:161} INFO - Started process (PID=1145) to work on /opt/airflow/dags/tcc_pipeline_dag.py
[2025-09-05T19:37:42.425+0000] {processor.py:830} INFO - Processing file /opt/airflow/dags/tcc_pipeline_dag.py for tasks to queue
[2025-09-05T19:37:42.427+0000] {logging_mixin.py:188} INFO - [2025-09-05T19:37:42.427+0000] {dagbag.py:545} INFO - Filling up the DagBag from /opt/airflow/dags/tcc_pipeline_dag.py
[2025-09-05T19:37:42.463+0000] {processor.py:840} INFO - DAG(s) 'pipeline_dados_transito_tcc' retrieved from /opt/airflow/dags/tcc_pipeline_dag.py
[2025-09-05T19:37:42.492+0000] {logging_mixin.py:188} INFO - [2025-09-05T19:37:42.492+0000] {dag.py:3096} INFO - Sync 1 DAGs
[2025-09-05T19:37:42.513+0000] {logging_mixin.py:188} INFO - [2025-09-05T19:37:42.513+0000] {dag.py:3954} INFO - Setting next_dagrun for pipeline_dados_transito_tcc to 2025-09-05 08:00:00+00:00, run_after=2025-09-06 08:00:00+00:00
[2025-09-05T19:37:42.530+0000] {processor.py:183} INFO - Processing /opt/airflow/dags/tcc_pipeline_dag.py took 0.115 seconds
[2025-09-05T19:38:12.757+0000] {processor.py:161} INFO - Started process (PID=1152) to work on /opt/airflow/dags/tcc_pipeline_dag.py
[2025-09-05T19:38:12.758+0000] {processor.py:830} INFO - Processing file /opt/airflow/dags/tcc_pipeline_dag.py for tasks to queue
[2025-09-05T19:38:12.761+0000] {logging_mixin.py:188} INFO - [2025-09-05T19:38:12.761+0000] {dagbag.py:545} INFO - Filling up the DagBag from /opt/airflow/dags/tcc_pipeline_dag.py
[2025-09-05T19:38:12.810+0000] {processor.py:840} INFO - DAG(s) 'pipeline_dados_transito_tcc' retrieved from /opt/airflow/dags/tcc_pipeline_dag.py
[2025-09-05T19:38:12.834+0000] {logging_mixin.py:188} INFO - [2025-09-05T19:38:12.834+0000] {dag.py:3096} INFO - Sync 1 DAGs
[2025-09-05T19:38:12.855+0000] {logging_mixin.py:188} INFO - [2025-09-05T19:38:12.855+0000] {dag.py:3954} INFO - Setting next_dagrun for pipeline_dados_transito_tcc to 2025-09-05 08:00:00+00:00, run_after=2025-09-06 08:00:00+00:00
[2025-09-05T19:38:12.876+0000] {processor.py:183} INFO - Processing /opt/airflow/dags/tcc_pipeline_dag.py took 0.128 seconds
[2025-09-05T19:38:43.038+0000] {processor.py:161} INFO - Started process (PID=1159) to work on /opt/airflow/dags/tcc_pipeline_dag.py
[2025-09-05T19:38:43.040+0000] {processor.py:830} INFO - Processing file /opt/airflow/dags/tcc_pipeline_dag.py for tasks to queue
[2025-09-05T19:38:43.043+0000] {logging_mixin.py:188} INFO - [2025-09-05T19:38:43.043+0000] {dagbag.py:545} INFO - Filling up the DagBag from /opt/airflow/dags/tcc_pipeline_dag.py
[2025-09-05T19:38:43.094+0000] {processor.py:840} INFO - DAG(s) 'pipeline_dados_transito_tcc' retrieved from /opt/airflow/dags/tcc_pipeline_dag.py
[2025-09-05T19:38:43.118+0000] {logging_mixin.py:188} INFO - [2025-09-05T19:38:43.117+0000] {dag.py:3096} INFO - Sync 1 DAGs
[2025-09-05T19:38:43.138+0000] {logging_mixin.py:188} INFO - [2025-09-05T19:38:43.138+0000] {dag.py:3954} INFO - Setting next_dagrun for pipeline_dados_transito_tcc to 2025-09-05 08:00:00+00:00, run_after=2025-09-06 08:00:00+00:00
[2025-09-05T19:38:43.163+0000] {processor.py:183} INFO - Processing /opt/airflow/dags/tcc_pipeline_dag.py took 0.130 seconds
[2025-09-05T19:39:13.380+0000] {processor.py:161} INFO - Started process (PID=1166) to work on /opt/airflow/dags/tcc_pipeline_dag.py
[2025-09-05T19:39:13.382+0000] {processor.py:830} INFO - Processing file /opt/airflow/dags/tcc_pipeline_dag.py for tasks to queue
[2025-09-05T19:39:13.385+0000] {logging_mixin.py:188} INFO - [2025-09-05T19:39:13.384+0000] {dagbag.py:545} INFO - Filling up the DagBag from /opt/airflow/dags/tcc_pipeline_dag.py
[2025-09-05T19:39:13.427+0000] {processor.py:840} INFO - DAG(s) 'pipeline_dados_transito_tcc' retrieved from /opt/airflow/dags/tcc_pipeline_dag.py
[2025-09-05T19:39:13.452+0000] {logging_mixin.py:188} INFO - [2025-09-05T19:39:13.452+0000] {dag.py:3096} INFO - Sync 1 DAGs
[2025-09-05T19:39:13.476+0000] {logging_mixin.py:188} INFO - [2025-09-05T19:39:13.475+0000] {dag.py:3954} INFO - Setting next_dagrun for pipeline_dados_transito_tcc to 2025-09-05 08:00:00+00:00, run_after=2025-09-06 08:00:00+00:00
[2025-09-05T19:39:13.495+0000] {processor.py:183} INFO - Processing /opt/airflow/dags/tcc_pipeline_dag.py took 0.119 seconds
[2025-09-05T19:39:43.653+0000] {processor.py:161} INFO - Started process (PID=1173) to work on /opt/airflow/dags/tcc_pipeline_dag.py
[2025-09-05T19:39:43.655+0000] {processor.py:830} INFO - Processing file /opt/airflow/dags/tcc_pipeline_dag.py for tasks to queue
[2025-09-05T19:39:43.658+0000] {logging_mixin.py:188} INFO - [2025-09-05T19:39:43.657+0000] {dagbag.py:545} INFO - Filling up the DagBag from /opt/airflow/dags/tcc_pipeline_dag.py
[2025-09-05T19:39:43.686+0000] {processor.py:840} INFO - DAG(s) 'pipeline_dados_transito_tcc' retrieved from /opt/airflow/dags/tcc_pipeline_dag.py
[2025-09-05T19:39:43.710+0000] {logging_mixin.py:188} INFO - [2025-09-05T19:39:43.710+0000] {dag.py:3096} INFO - Sync 1 DAGs
[2025-09-05T19:39:43.731+0000] {logging_mixin.py:188} INFO - [2025-09-05T19:39:43.731+0000] {dag.py:3954} INFO - Setting next_dagrun for pipeline_dados_transito_tcc to 2025-09-05 08:00:00+00:00, run_after=2025-09-06 08:00:00+00:00
[2025-09-05T19:39:43.752+0000] {processor.py:183} INFO - Processing /opt/airflow/dags/tcc_pipeline_dag.py took 0.106 seconds
[2025-09-05T19:40:14.055+0000] {processor.py:161} INFO - Started process (PID=1180) to work on /opt/airflow/dags/tcc_pipeline_dag.py
[2025-09-05T19:40:14.056+0000] {processor.py:830} INFO - Processing file /opt/airflow/dags/tcc_pipeline_dag.py for tasks to queue
[2025-09-05T19:40:14.058+0000] {logging_mixin.py:188} INFO - [2025-09-05T19:40:14.058+0000] {dagbag.py:545} INFO - Filling up the DagBag from /opt/airflow/dags/tcc_pipeline_dag.py
[2025-09-05T19:40:14.091+0000] {processor.py:840} INFO - DAG(s) 'pipeline_dados_transito_tcc' retrieved from /opt/airflow/dags/tcc_pipeline_dag.py
[2025-09-05T19:40:14.115+0000] {logging_mixin.py:188} INFO - [2025-09-05T19:40:14.115+0000] {dag.py:3096} INFO - Sync 1 DAGs
[2025-09-05T19:40:14.133+0000] {logging_mixin.py:188} INFO - [2025-09-05T19:40:14.133+0000] {dag.py:3954} INFO - Setting next_dagrun for pipeline_dados_transito_tcc to 2025-09-05 08:00:00+00:00, run_after=2025-09-06 08:00:00+00:00
[2025-09-05T19:40:14.152+0000] {processor.py:183} INFO - Processing /opt/airflow/dags/tcc_pipeline_dag.py took 0.102 seconds
[2025-09-05T19:40:44.368+0000] {processor.py:161} INFO - Started process (PID=1187) to work on /opt/airflow/dags/tcc_pipeline_dag.py
[2025-09-05T19:40:44.369+0000] {processor.py:830} INFO - Processing file /opt/airflow/dags/tcc_pipeline_dag.py for tasks to queue
[2025-09-05T19:40:44.372+0000] {logging_mixin.py:188} INFO - [2025-09-05T19:40:44.372+0000] {dagbag.py:545} INFO - Filling up the DagBag from /opt/airflow/dags/tcc_pipeline_dag.py
[2025-09-05T19:40:44.424+0000] {processor.py:840} INFO - DAG(s) 'pipeline_dados_transito_tcc' retrieved from /opt/airflow/dags/tcc_pipeline_dag.py
[2025-09-05T19:40:44.456+0000] {logging_mixin.py:188} INFO - [2025-09-05T19:40:44.456+0000] {dag.py:3096} INFO - Sync 1 DAGs
[2025-09-05T19:40:44.476+0000] {logging_mixin.py:188} INFO - [2025-09-05T19:40:44.476+0000] {dag.py:3954} INFO - Setting next_dagrun for pipeline_dados_transito_tcc to 2025-09-05 08:00:00+00:00, run_after=2025-09-06 08:00:00+00:00
[2025-09-05T19:40:44.498+0000] {processor.py:183} INFO - Processing /opt/airflow/dags/tcc_pipeline_dag.py took 0.149 seconds
[2025-09-05T19:41:14.692+0000] {processor.py:161} INFO - Started process (PID=1194) to work on /opt/airflow/dags/tcc_pipeline_dag.py
[2025-09-05T19:41:14.694+0000] {processor.py:830} INFO - Processing file /opt/airflow/dags/tcc_pipeline_dag.py for tasks to queue
[2025-09-05T19:41:14.696+0000] {logging_mixin.py:188} INFO - [2025-09-05T19:41:14.696+0000] {dagbag.py:545} INFO - Filling up the DagBag from /opt/airflow/dags/tcc_pipeline_dag.py
[2025-09-05T19:41:14.740+0000] {processor.py:840} INFO - DAG(s) 'pipeline_dados_transito_tcc' retrieved from /opt/airflow/dags/tcc_pipeline_dag.py
[2025-09-05T19:41:14.769+0000] {logging_mixin.py:188} INFO - [2025-09-05T19:41:14.769+0000] {dag.py:3096} INFO - Sync 1 DAGs
[2025-09-05T19:41:14.788+0000] {logging_mixin.py:188} INFO - [2025-09-05T19:41:14.788+0000] {dag.py:3954} INFO - Setting next_dagrun for pipeline_dados_transito_tcc to 2025-09-05 08:00:00+00:00, run_after=2025-09-06 08:00:00+00:00
[2025-09-05T19:41:14.807+0000] {processor.py:183} INFO - Processing /opt/airflow/dags/tcc_pipeline_dag.py took 0.120 seconds
[2025-09-05T19:41:45.030+0000] {processor.py:161} INFO - Started process (PID=1201) to work on /opt/airflow/dags/tcc_pipeline_dag.py
[2025-09-05T19:41:45.031+0000] {processor.py:830} INFO - Processing file /opt/airflow/dags/tcc_pipeline_dag.py for tasks to queue
[2025-09-05T19:41:45.032+0000] {logging_mixin.py:188} INFO - [2025-09-05T19:41:45.032+0000] {dagbag.py:545} INFO - Filling up the DagBag from /opt/airflow/dags/tcc_pipeline_dag.py
[2025-09-05T19:41:45.064+0000] {processor.py:840} INFO - DAG(s) 'pipeline_dados_transito_tcc' retrieved from /opt/airflow/dags/tcc_pipeline_dag.py
[2025-09-05T19:41:45.086+0000] {logging_mixin.py:188} INFO - [2025-09-05T19:41:45.086+0000] {dag.py:3096} INFO - Sync 1 DAGs
[2025-09-05T19:41:45.104+0000] {logging_mixin.py:188} INFO - [2025-09-05T19:41:45.104+0000] {dag.py:3954} INFO - Setting next_dagrun for pipeline_dados_transito_tcc to 2025-09-05 08:00:00+00:00, run_after=2025-09-06 08:00:00+00:00
[2025-09-05T19:41:45.122+0000] {processor.py:183} INFO - Processing /opt/airflow/dags/tcc_pipeline_dag.py took 0.099 seconds
[2025-09-05T19:42:15.367+0000] {processor.py:161} INFO - Started process (PID=1209) to work on /opt/airflow/dags/tcc_pipeline_dag.py
[2025-09-05T19:42:15.369+0000] {processor.py:830} INFO - Processing file /opt/airflow/dags/tcc_pipeline_dag.py for tasks to queue
[2025-09-05T19:42:15.371+0000] {logging_mixin.py:188} INFO - [2025-09-05T19:42:15.371+0000] {dagbag.py:545} INFO - Filling up the DagBag from /opt/airflow/dags/tcc_pipeline_dag.py
[2025-09-05T19:42:15.421+0000] {processor.py:840} INFO - DAG(s) 'pipeline_dados_transito_tcc' retrieved from /opt/airflow/dags/tcc_pipeline_dag.py
[2025-09-05T19:42:15.449+0000] {logging_mixin.py:188} INFO - [2025-09-05T19:42:15.449+0000] {dag.py:3096} INFO - Sync 1 DAGs
[2025-09-05T19:42:15.471+0000] {logging_mixin.py:188} INFO - [2025-09-05T19:42:15.470+0000] {dag.py:3954} INFO - Setting next_dagrun for pipeline_dados_transito_tcc to 2025-09-05 08:00:00+00:00, run_after=2025-09-06 08:00:00+00:00
[2025-09-05T19:42:15.498+0000] {processor.py:183} INFO - Processing /opt/airflow/dags/tcc_pipeline_dag.py took 0.138 seconds
[2025-09-05T19:42:45.671+0000] {processor.py:161} INFO - Started process (PID=1216) to work on /opt/airflow/dags/tcc_pipeline_dag.py
[2025-09-05T19:42:45.675+0000] {processor.py:830} INFO - Processing file /opt/airflow/dags/tcc_pipeline_dag.py for tasks to queue
[2025-09-05T19:42:45.678+0000] {logging_mixin.py:188} INFO - [2025-09-05T19:42:45.678+0000] {dagbag.py:545} INFO - Filling up the DagBag from /opt/airflow/dags/tcc_pipeline_dag.py
[2025-09-05T19:42:45.727+0000] {processor.py:840} INFO - DAG(s) 'pipeline_dados_transito_tcc' retrieved from /opt/airflow/dags/tcc_pipeline_dag.py
[2025-09-05T19:42:45.786+0000] {logging_mixin.py:188} INFO - [2025-09-05T19:42:45.786+0000] {dag.py:3096} INFO - Sync 1 DAGs
[2025-09-05T19:42:45.822+0000] {logging_mixin.py:188} INFO - [2025-09-05T19:42:45.822+0000] {dag.py:3954} INFO - Setting next_dagrun for pipeline_dados_transito_tcc to 2025-09-05 08:00:00+00:00, run_after=2025-09-06 08:00:00+00:00
[2025-09-05T19:42:45.868+0000] {processor.py:183} INFO - Processing /opt/airflow/dags/tcc_pipeline_dag.py took 0.209 seconds
[2025-09-05T19:43:15.976+0000] {processor.py:161} INFO - Started process (PID=1223) to work on /opt/airflow/dags/tcc_pipeline_dag.py
[2025-09-05T19:43:15.978+0000] {processor.py:830} INFO - Processing file /opt/airflow/dags/tcc_pipeline_dag.py for tasks to queue
[2025-09-05T19:43:15.981+0000] {logging_mixin.py:188} INFO - [2025-09-05T19:43:15.981+0000] {dagbag.py:545} INFO - Filling up the DagBag from /opt/airflow/dags/tcc_pipeline_dag.py
[2025-09-05T19:43:16.035+0000] {processor.py:840} INFO - DAG(s) 'pipeline_dados_transito_tcc' retrieved from /opt/airflow/dags/tcc_pipeline_dag.py
[2025-09-05T19:43:16.072+0000] {logging_mixin.py:188} INFO - [2025-09-05T19:43:16.071+0000] {dag.py:3096} INFO - Sync 1 DAGs
[2025-09-05T19:43:16.095+0000] {logging_mixin.py:188} INFO - [2025-09-05T19:43:16.095+0000] {dag.py:3954} INFO - Setting next_dagrun for pipeline_dados_transito_tcc to 2025-09-05 08:00:00+00:00, run_after=2025-09-06 08:00:00+00:00
[2025-09-05T19:43:16.115+0000] {processor.py:183} INFO - Processing /opt/airflow/dags/tcc_pipeline_dag.py took 0.149 seconds
[2025-09-05T19:43:46.541+0000] {processor.py:161} INFO - Started process (PID=1230) to work on /opt/airflow/dags/tcc_pipeline_dag.py
[2025-09-05T19:43:46.542+0000] {processor.py:830} INFO - Processing file /opt/airflow/dags/tcc_pipeline_dag.py for tasks to queue
[2025-09-05T19:43:46.546+0000] {logging_mixin.py:188} INFO - [2025-09-05T19:43:46.545+0000] {dagbag.py:545} INFO - Filling up the DagBag from /opt/airflow/dags/tcc_pipeline_dag.py
[2025-09-05T19:43:46.620+0000] {processor.py:840} INFO - DAG(s) 'pipeline_dados_transito_tcc' retrieved from /opt/airflow/dags/tcc_pipeline_dag.py
[2025-09-05T19:43:46.682+0000] {logging_mixin.py:188} INFO - [2025-09-05T19:43:46.682+0000] {dag.py:3096} INFO - Sync 1 DAGs
[2025-09-05T19:43:46.721+0000] {logging_mixin.py:188} INFO - [2025-09-05T19:43:46.721+0000] {dag.py:3954} INFO - Setting next_dagrun for pipeline_dados_transito_tcc to 2025-09-05 08:00:00+00:00, run_after=2025-09-06 08:00:00+00:00
[2025-09-05T19:43:46.760+0000] {processor.py:183} INFO - Processing /opt/airflow/dags/tcc_pipeline_dag.py took 0.227 seconds
[2025-09-05T19:44:17.023+0000] {processor.py:161} INFO - Started process (PID=1237) to work on /opt/airflow/dags/tcc_pipeline_dag.py
[2025-09-05T19:44:17.025+0000] {processor.py:830} INFO - Processing file /opt/airflow/dags/tcc_pipeline_dag.py for tasks to queue
[2025-09-05T19:44:17.027+0000] {logging_mixin.py:188} INFO - [2025-09-05T19:44:17.027+0000] {dagbag.py:545} INFO - Filling up the DagBag from /opt/airflow/dags/tcc_pipeline_dag.py
[2025-09-05T19:44:17.062+0000] {processor.py:840} INFO - DAG(s) 'pipeline_dados_transito_tcc' retrieved from /opt/airflow/dags/tcc_pipeline_dag.py
[2025-09-05T19:44:17.093+0000] {logging_mixin.py:188} INFO - [2025-09-05T19:44:17.093+0000] {dag.py:3096} INFO - Sync 1 DAGs
[2025-09-05T19:44:17.119+0000] {logging_mixin.py:188} INFO - [2025-09-05T19:44:17.119+0000] {dag.py:3954} INFO - Setting next_dagrun for pipeline_dados_transito_tcc to 2025-09-05 08:00:00+00:00, run_after=2025-09-06 08:00:00+00:00
[2025-09-05T19:44:17.144+0000] {processor.py:183} INFO - Processing /opt/airflow/dags/tcc_pipeline_dag.py took 0.127 seconds
[2025-09-05T19:44:47.278+0000] {processor.py:161} INFO - Started process (PID=1244) to work on /opt/airflow/dags/tcc_pipeline_dag.py
[2025-09-05T19:44:47.280+0000] {processor.py:830} INFO - Processing file /opt/airflow/dags/tcc_pipeline_dag.py for tasks to queue
[2025-09-05T19:44:47.282+0000] {logging_mixin.py:188} INFO - [2025-09-05T19:44:47.281+0000] {dagbag.py:545} INFO - Filling up the DagBag from /opt/airflow/dags/tcc_pipeline_dag.py
[2025-09-05T19:44:47.318+0000] {processor.py:840} INFO - DAG(s) 'pipeline_dados_transito_tcc' retrieved from /opt/airflow/dags/tcc_pipeline_dag.py
[2025-09-05T19:44:47.349+0000] {logging_mixin.py:188} INFO - [2025-09-05T19:44:47.349+0000] {dag.py:3096} INFO - Sync 1 DAGs
[2025-09-05T19:44:47.369+0000] {logging_mixin.py:188} INFO - [2025-09-05T19:44:47.369+0000] {dag.py:3954} INFO - Setting next_dagrun for pipeline_dados_transito_tcc to 2025-09-05 08:00:00+00:00, run_after=2025-09-06 08:00:00+00:00
[2025-09-05T19:44:47.397+0000] {processor.py:183} INFO - Processing /opt/airflow/dags/tcc_pipeline_dag.py took 0.123 seconds
[2025-09-05T19:45:17.669+0000] {processor.py:161} INFO - Started process (PID=1251) to work on /opt/airflow/dags/tcc_pipeline_dag.py
[2025-09-05T19:45:17.670+0000] {processor.py:830} INFO - Processing file /opt/airflow/dags/tcc_pipeline_dag.py for tasks to queue
[2025-09-05T19:45:17.672+0000] {logging_mixin.py:188} INFO - [2025-09-05T19:45:17.672+0000] {dagbag.py:545} INFO - Filling up the DagBag from /opt/airflow/dags/tcc_pipeline_dag.py
[2025-09-05T19:45:17.698+0000] {processor.py:840} INFO - DAG(s) 'pipeline_dados_transito_tcc' retrieved from /opt/airflow/dags/tcc_pipeline_dag.py
[2025-09-05T19:45:17.720+0000] {logging_mixin.py:188} INFO - [2025-09-05T19:45:17.720+0000] {dag.py:3096} INFO - Sync 1 DAGs
[2025-09-05T19:45:17.739+0000] {logging_mixin.py:188} INFO - [2025-09-05T19:45:17.739+0000] {dag.py:3954} INFO - Setting next_dagrun for pipeline_dados_transito_tcc to 2025-09-05 08:00:00+00:00, run_after=2025-09-06 08:00:00+00:00
[2025-09-05T19:45:17.754+0000] {processor.py:183} INFO - Processing /opt/airflow/dags/tcc_pipeline_dag.py took 0.090 seconds
[2025-09-05T19:45:47.992+0000] {processor.py:161} INFO - Started process (PID=1258) to work on /opt/airflow/dags/tcc_pipeline_dag.py
[2025-09-05T19:45:47.995+0000] {processor.py:830} INFO - Processing file /opt/airflow/dags/tcc_pipeline_dag.py for tasks to queue
[2025-09-05T19:45:47.999+0000] {logging_mixin.py:188} INFO - [2025-09-05T19:45:47.999+0000] {dagbag.py:545} INFO - Filling up the DagBag from /opt/airflow/dags/tcc_pipeline_dag.py
[2025-09-05T19:45:48.042+0000] {processor.py:840} INFO - DAG(s) 'pipeline_dados_transito_tcc' retrieved from /opt/airflow/dags/tcc_pipeline_dag.py
[2025-09-05T19:45:48.078+0000] {logging_mixin.py:188} INFO - [2025-09-05T19:45:48.078+0000] {dag.py:3096} INFO - Sync 1 DAGs
[2025-09-05T19:45:48.105+0000] {logging_mixin.py:188} INFO - [2025-09-05T19:45:48.105+0000] {dag.py:3954} INFO - Setting next_dagrun for pipeline_dados_transito_tcc to 2025-09-05 08:00:00+00:00, run_after=2025-09-06 08:00:00+00:00
[2025-09-05T19:45:48.128+0000] {processor.py:183} INFO - Processing /opt/airflow/dags/tcc_pipeline_dag.py took 0.141 seconds
[2025-09-05T19:46:18.243+0000] {processor.py:161} INFO - Started process (PID=1265) to work on /opt/airflow/dags/tcc_pipeline_dag.py
[2025-09-05T19:46:18.249+0000] {processor.py:830} INFO - Processing file /opt/airflow/dags/tcc_pipeline_dag.py for tasks to queue
[2025-09-05T19:46:18.252+0000] {logging_mixin.py:188} INFO - [2025-09-05T19:46:18.251+0000] {dagbag.py:545} INFO - Filling up the DagBag from /opt/airflow/dags/tcc_pipeline_dag.py
[2025-09-05T19:46:18.298+0000] {processor.py:840} INFO - DAG(s) 'pipeline_dados_transito_tcc' retrieved from /opt/airflow/dags/tcc_pipeline_dag.py
[2025-09-05T19:46:18.322+0000] {logging_mixin.py:188} INFO - [2025-09-05T19:46:18.322+0000] {dag.py:3096} INFO - Sync 1 DAGs
[2025-09-05T19:46:18.342+0000] {logging_mixin.py:188} INFO - [2025-09-05T19:46:18.342+0000] {dag.py:3954} INFO - Setting next_dagrun for pipeline_dados_transito_tcc to 2025-09-05 08:00:00+00:00, run_after=2025-09-06 08:00:00+00:00
[2025-09-05T19:46:18.370+0000] {processor.py:183} INFO - Processing /opt/airflow/dags/tcc_pipeline_dag.py took 0.138 seconds
[2025-09-05T19:46:48.686+0000] {processor.py:161} INFO - Started process (PID=1272) to work on /opt/airflow/dags/tcc_pipeline_dag.py
[2025-09-05T19:46:48.688+0000] {processor.py:830} INFO - Processing file /opt/airflow/dags/tcc_pipeline_dag.py for tasks to queue
[2025-09-05T19:46:48.689+0000] {logging_mixin.py:188} INFO - [2025-09-05T19:46:48.689+0000] {dagbag.py:545} INFO - Filling up the DagBag from /opt/airflow/dags/tcc_pipeline_dag.py
[2025-09-05T19:46:48.735+0000] {processor.py:840} INFO - DAG(s) 'pipeline_dados_transito_tcc' retrieved from /opt/airflow/dags/tcc_pipeline_dag.py
[2025-09-05T19:46:48.764+0000] {logging_mixin.py:188} INFO - [2025-09-05T19:46:48.764+0000] {dag.py:3096} INFO - Sync 1 DAGs
[2025-09-05T19:46:48.789+0000] {logging_mixin.py:188} INFO - [2025-09-05T19:46:48.789+0000] {dag.py:3954} INFO - Setting next_dagrun for pipeline_dados_transito_tcc to 2025-09-05 08:00:00+00:00, run_after=2025-09-06 08:00:00+00:00
[2025-09-05T19:46:48.807+0000] {processor.py:183} INFO - Processing /opt/airflow/dags/tcc_pipeline_dag.py took 0.127 seconds
[2025-09-05T19:47:18.973+0000] {processor.py:161} INFO - Started process (PID=1279) to work on /opt/airflow/dags/tcc_pipeline_dag.py
[2025-09-05T19:47:18.975+0000] {processor.py:830} INFO - Processing file /opt/airflow/dags/tcc_pipeline_dag.py for tasks to queue
[2025-09-05T19:47:18.977+0000] {logging_mixin.py:188} INFO - [2025-09-05T19:47:18.976+0000] {dagbag.py:545} INFO - Filling up the DagBag from /opt/airflow/dags/tcc_pipeline_dag.py
[2025-09-05T19:47:19.018+0000] {processor.py:840} INFO - DAG(s) 'pipeline_dados_transito_tcc' retrieved from /opt/airflow/dags/tcc_pipeline_dag.py
[2025-09-05T19:47:19.059+0000] {logging_mixin.py:188} INFO - [2025-09-05T19:47:19.059+0000] {dag.py:3096} INFO - Sync 1 DAGs
[2025-09-05T19:47:19.091+0000] {logging_mixin.py:188} INFO - [2025-09-05T19:47:19.090+0000] {dag.py:3954} INFO - Setting next_dagrun for pipeline_dados_transito_tcc to 2025-09-05 08:00:00+00:00, run_after=2025-09-06 08:00:00+00:00
[2025-09-05T19:47:19.125+0000] {processor.py:183} INFO - Processing /opt/airflow/dags/tcc_pipeline_dag.py took 0.158 seconds
[2025-09-05T19:47:49.387+0000] {processor.py:161} INFO - Started process (PID=1286) to work on /opt/airflow/dags/tcc_pipeline_dag.py
[2025-09-05T19:47:49.388+0000] {processor.py:830} INFO - Processing file /opt/airflow/dags/tcc_pipeline_dag.py for tasks to queue
[2025-09-05T19:47:49.390+0000] {logging_mixin.py:188} INFO - [2025-09-05T19:47:49.390+0000] {dagbag.py:545} INFO - Filling up the DagBag from /opt/airflow/dags/tcc_pipeline_dag.py
[2025-09-05T19:47:49.423+0000] {processor.py:840} INFO - DAG(s) 'pipeline_dados_transito_tcc' retrieved from /opt/airflow/dags/tcc_pipeline_dag.py
[2025-09-05T19:47:49.463+0000] {logging_mixin.py:188} INFO - [2025-09-05T19:47:49.463+0000] {dag.py:3096} INFO - Sync 1 DAGs
[2025-09-05T19:47:49.503+0000] {logging_mixin.py:188} INFO - [2025-09-05T19:47:49.503+0000] {dag.py:3954} INFO - Setting next_dagrun for pipeline_dados_transito_tcc to 2025-09-05 08:00:00+00:00, run_after=2025-09-06 08:00:00+00:00
[2025-09-05T19:47:49.536+0000] {processor.py:183} INFO - Processing /opt/airflow/dags/tcc_pipeline_dag.py took 0.153 seconds
[2025-09-05T19:48:19.726+0000] {processor.py:161} INFO - Started process (PID=1293) to work on /opt/airflow/dags/tcc_pipeline_dag.py
[2025-09-05T19:48:19.729+0000] {processor.py:830} INFO - Processing file /opt/airflow/dags/tcc_pipeline_dag.py for tasks to queue
[2025-09-05T19:48:19.731+0000] {logging_mixin.py:188} INFO - [2025-09-05T19:48:19.731+0000] {dagbag.py:545} INFO - Filling up the DagBag from /opt/airflow/dags/tcc_pipeline_dag.py
[2025-09-05T19:48:19.767+0000] {processor.py:840} INFO - DAG(s) 'pipeline_dados_transito_tcc' retrieved from /opt/airflow/dags/tcc_pipeline_dag.py
[2025-09-05T19:48:19.799+0000] {logging_mixin.py:188} INFO - [2025-09-05T19:48:19.798+0000] {dag.py:3096} INFO - Sync 1 DAGs
[2025-09-05T19:48:19.844+0000] {logging_mixin.py:188} INFO - [2025-09-05T19:48:19.844+0000] {dag.py:3954} INFO - Setting next_dagrun for pipeline_dados_transito_tcc to 2025-09-05 08:00:00+00:00, run_after=2025-09-06 08:00:00+00:00
[2025-09-05T19:48:19.877+0000] {processor.py:183} INFO - Processing /opt/airflow/dags/tcc_pipeline_dag.py took 0.166 seconds
[2025-09-05T19:48:50.069+0000] {processor.py:161} INFO - Started process (PID=1300) to work on /opt/airflow/dags/tcc_pipeline_dag.py
[2025-09-05T19:48:50.071+0000] {processor.py:830} INFO - Processing file /opt/airflow/dags/tcc_pipeline_dag.py for tasks to queue
[2025-09-05T19:48:50.078+0000] {logging_mixin.py:188} INFO - [2025-09-05T19:48:50.077+0000] {dagbag.py:545} INFO - Filling up the DagBag from /opt/airflow/dags/tcc_pipeline_dag.py
[2025-09-05T19:48:50.138+0000] {processor.py:840} INFO - DAG(s) 'pipeline_dados_transito_tcc' retrieved from /opt/airflow/dags/tcc_pipeline_dag.py
[2025-09-05T19:48:50.174+0000] {logging_mixin.py:188} INFO - [2025-09-05T19:48:50.174+0000] {dag.py:3096} INFO - Sync 1 DAGs
[2025-09-05T19:48:50.201+0000] {logging_mixin.py:188} INFO - [2025-09-05T19:48:50.201+0000] {dag.py:3954} INFO - Setting next_dagrun for pipeline_dados_transito_tcc to 2025-09-05 08:00:00+00:00, run_after=2025-09-06 08:00:00+00:00
[2025-09-05T19:48:50.226+0000] {processor.py:183} INFO - Processing /opt/airflow/dags/tcc_pipeline_dag.py took 0.163 seconds
[2025-09-05T19:49:20.641+0000] {processor.py:161} INFO - Started process (PID=1307) to work on /opt/airflow/dags/tcc_pipeline_dag.py
[2025-09-05T19:49:20.642+0000] {processor.py:830} INFO - Processing file /opt/airflow/dags/tcc_pipeline_dag.py for tasks to queue
[2025-09-05T19:49:20.645+0000] {logging_mixin.py:188} INFO - [2025-09-05T19:49:20.644+0000] {dagbag.py:545} INFO - Filling up the DagBag from /opt/airflow/dags/tcc_pipeline_dag.py
[2025-09-05T19:49:20.715+0000] {processor.py:840} INFO - DAG(s) 'pipeline_dados_transito_tcc' retrieved from /opt/airflow/dags/tcc_pipeline_dag.py
[2025-09-05T19:49:20.752+0000] {logging_mixin.py:188} INFO - [2025-09-05T19:49:20.752+0000] {dag.py:3096} INFO - Sync 1 DAGs
[2025-09-05T19:49:20.773+0000] {logging_mixin.py:188} INFO - [2025-09-05T19:49:20.773+0000] {dag.py:3954} INFO - Setting next_dagrun for pipeline_dados_transito_tcc to 2025-09-05 08:00:00+00:00, run_after=2025-09-06 08:00:00+00:00
[2025-09-05T19:49:20.796+0000] {processor.py:183} INFO - Processing /opt/airflow/dags/tcc_pipeline_dag.py took 0.161 seconds
[2025-09-05T19:49:50.880+0000] {processor.py:161} INFO - Started process (PID=1314) to work on /opt/airflow/dags/tcc_pipeline_dag.py
[2025-09-05T19:49:50.881+0000] {processor.py:830} INFO - Processing file /opt/airflow/dags/tcc_pipeline_dag.py for tasks to queue
[2025-09-05T19:49:50.884+0000] {logging_mixin.py:188} INFO - [2025-09-05T19:49:50.883+0000] {dagbag.py:545} INFO - Filling up the DagBag from /opt/airflow/dags/tcc_pipeline_dag.py
[2025-09-05T19:49:50.912+0000] {processor.py:840} INFO - DAG(s) 'pipeline_dados_transito_tcc' retrieved from /opt/airflow/dags/tcc_pipeline_dag.py
[2025-09-05T19:49:50.936+0000] {logging_mixin.py:188} INFO - [2025-09-05T19:49:50.936+0000] {dag.py:3096} INFO - Sync 1 DAGs
[2025-09-05T19:49:50.954+0000] {logging_mixin.py:188} INFO - [2025-09-05T19:49:50.954+0000] {dag.py:3954} INFO - Setting next_dagrun for pipeline_dados_transito_tcc to 2025-09-05 08:00:00+00:00, run_after=2025-09-06 08:00:00+00:00
[2025-09-05T19:49:50.974+0000] {processor.py:183} INFO - Processing /opt/airflow/dags/tcc_pipeline_dag.py took 0.099 seconds
[2025-09-05T19:50:21.122+0000] {processor.py:161} INFO - Started process (PID=1321) to work on /opt/airflow/dags/tcc_pipeline_dag.py
[2025-09-05T19:50:21.123+0000] {processor.py:830} INFO - Processing file /opt/airflow/dags/tcc_pipeline_dag.py for tasks to queue
[2025-09-05T19:50:21.126+0000] {logging_mixin.py:188} INFO - [2025-09-05T19:50:21.126+0000] {dagbag.py:545} INFO - Filling up the DagBag from /opt/airflow/dags/tcc_pipeline_dag.py
[2025-09-05T19:50:21.164+0000] {processor.py:840} INFO - DAG(s) 'pipeline_dados_transito_tcc' retrieved from /opt/airflow/dags/tcc_pipeline_dag.py
[2025-09-05T19:50:21.218+0000] {logging_mixin.py:188} INFO - [2025-09-05T19:50:21.218+0000] {dag.py:3096} INFO - Sync 1 DAGs
[2025-09-05T19:50:21.243+0000] {logging_mixin.py:188} INFO - [2025-09-05T19:50:21.243+0000] {dag.py:3954} INFO - Setting next_dagrun for pipeline_dados_transito_tcc to 2025-09-05 08:00:00+00:00, run_after=2025-09-06 08:00:00+00:00
[2025-09-05T19:50:21.270+0000] {processor.py:183} INFO - Processing /opt/airflow/dags/tcc_pipeline_dag.py took 0.155 seconds
[2025-09-05T19:50:51.550+0000] {processor.py:161} INFO - Started process (PID=1328) to work on /opt/airflow/dags/tcc_pipeline_dag.py
[2025-09-05T19:50:51.552+0000] {processor.py:830} INFO - Processing file /opt/airflow/dags/tcc_pipeline_dag.py for tasks to queue
[2025-09-05T19:50:51.559+0000] {logging_mixin.py:188} INFO - [2025-09-05T19:50:51.558+0000] {dagbag.py:545} INFO - Filling up the DagBag from /opt/airflow/dags/tcc_pipeline_dag.py
[2025-09-05T19:50:51.654+0000] {processor.py:840} INFO - DAG(s) 'pipeline_dados_transito_tcc' retrieved from /opt/airflow/dags/tcc_pipeline_dag.py
[2025-09-05T19:50:51.697+0000] {logging_mixin.py:188} INFO - [2025-09-05T19:50:51.697+0000] {dag.py:3096} INFO - Sync 1 DAGs
[2025-09-05T19:50:51.722+0000] {logging_mixin.py:188} INFO - [2025-09-05T19:50:51.722+0000] {dag.py:3954} INFO - Setting next_dagrun for pipeline_dados_transito_tcc to 2025-09-05 08:00:00+00:00, run_after=2025-09-06 08:00:00+00:00
[2025-09-05T19:50:51.752+0000] {processor.py:183} INFO - Processing /opt/airflow/dags/tcc_pipeline_dag.py took 0.214 seconds
[2025-09-05T19:51:21.863+0000] {processor.py:161} INFO - Started process (PID=1336) to work on /opt/airflow/dags/tcc_pipeline_dag.py
[2025-09-05T19:51:21.865+0000] {processor.py:830} INFO - Processing file /opt/airflow/dags/tcc_pipeline_dag.py for tasks to queue
[2025-09-05T19:51:21.866+0000] {logging_mixin.py:188} INFO - [2025-09-05T19:51:21.866+0000] {dagbag.py:545} INFO - Filling up the DagBag from /opt/airflow/dags/tcc_pipeline_dag.py
[2025-09-05T19:51:21.905+0000] {processor.py:840} INFO - DAG(s) 'pipeline_dados_transito_tcc' retrieved from /opt/airflow/dags/tcc_pipeline_dag.py
[2025-09-05T19:51:21.931+0000] {logging_mixin.py:188} INFO - [2025-09-05T19:51:21.931+0000] {dag.py:3096} INFO - Sync 1 DAGs
[2025-09-05T19:51:21.957+0000] {logging_mixin.py:188} INFO - [2025-09-05T19:51:21.957+0000] {dag.py:3954} INFO - Setting next_dagrun for pipeline_dados_transito_tcc to 2025-09-05 08:00:00+00:00, run_after=2025-09-06 08:00:00+00:00
[2025-09-05T19:51:21.982+0000] {processor.py:183} INFO - Processing /opt/airflow/dags/tcc_pipeline_dag.py took 0.124 seconds
[2025-09-05T19:51:52.170+0000] {processor.py:161} INFO - Started process (PID=1343) to work on /opt/airflow/dags/tcc_pipeline_dag.py
[2025-09-05T19:51:52.173+0000] {processor.py:830} INFO - Processing file /opt/airflow/dags/tcc_pipeline_dag.py for tasks to queue
[2025-09-05T19:51:52.177+0000] {logging_mixin.py:188} INFO - [2025-09-05T19:51:52.176+0000] {dagbag.py:545} INFO - Filling up the DagBag from /opt/airflow/dags/tcc_pipeline_dag.py
[2025-09-05T19:51:52.228+0000] {processor.py:840} INFO - DAG(s) 'pipeline_dados_transito_tcc' retrieved from /opt/airflow/dags/tcc_pipeline_dag.py
[2025-09-05T19:51:52.251+0000] {logging_mixin.py:188} INFO - [2025-09-05T19:51:52.251+0000] {dag.py:3096} INFO - Sync 1 DAGs
[2025-09-05T19:51:52.271+0000] {logging_mixin.py:188} INFO - [2025-09-05T19:51:52.271+0000] {dag.py:3954} INFO - Setting next_dagrun for pipeline_dados_transito_tcc to 2025-09-05 08:00:00+00:00, run_after=2025-09-06 08:00:00+00:00
[2025-09-05T19:51:52.290+0000] {processor.py:183} INFO - Processing /opt/airflow/dags/tcc_pipeline_dag.py took 0.132 seconds
[2025-09-05T19:52:22.518+0000] {processor.py:161} INFO - Started process (PID=1350) to work on /opt/airflow/dags/tcc_pipeline_dag.py
[2025-09-05T19:52:22.520+0000] {processor.py:830} INFO - Processing file /opt/airflow/dags/tcc_pipeline_dag.py for tasks to queue
[2025-09-05T19:52:22.525+0000] {logging_mixin.py:188} INFO - [2025-09-05T19:52:22.524+0000] {dagbag.py:545} INFO - Filling up the DagBag from /opt/airflow/dags/tcc_pipeline_dag.py
[2025-09-05T19:52:22.565+0000] {processor.py:840} INFO - DAG(s) 'pipeline_dados_transito_tcc' retrieved from /opt/airflow/dags/tcc_pipeline_dag.py
[2025-09-05T19:52:22.609+0000] {logging_mixin.py:188} INFO - [2025-09-05T19:52:22.608+0000] {dag.py:3096} INFO - Sync 1 DAGs
[2025-09-05T19:52:22.633+0000] {logging_mixin.py:188} INFO - [2025-09-05T19:52:22.633+0000] {dag.py:3954} INFO - Setting next_dagrun for pipeline_dados_transito_tcc to 2025-09-05 08:00:00+00:00, run_after=2025-09-06 08:00:00+00:00
[2025-09-05T19:52:22.653+0000] {processor.py:183} INFO - Processing /opt/airflow/dags/tcc_pipeline_dag.py took 0.147 seconds
[2025-09-05T19:52:52.841+0000] {processor.py:161} INFO - Started process (PID=1357) to work on /opt/airflow/dags/tcc_pipeline_dag.py
[2025-09-05T19:52:52.842+0000] {processor.py:830} INFO - Processing file /opt/airflow/dags/tcc_pipeline_dag.py for tasks to queue
[2025-09-05T19:52:52.845+0000] {logging_mixin.py:188} INFO - [2025-09-05T19:52:52.845+0000] {dagbag.py:545} INFO - Filling up the DagBag from /opt/airflow/dags/tcc_pipeline_dag.py
[2025-09-05T19:52:52.882+0000] {processor.py:840} INFO - DAG(s) 'pipeline_dados_transito_tcc' retrieved from /opt/airflow/dags/tcc_pipeline_dag.py
[2025-09-05T19:52:52.915+0000] {logging_mixin.py:188} INFO - [2025-09-05T19:52:52.915+0000] {dag.py:3096} INFO - Sync 1 DAGs
[2025-09-05T19:52:52.935+0000] {logging_mixin.py:188} INFO - [2025-09-05T19:52:52.935+0000] {dag.py:3954} INFO - Setting next_dagrun for pipeline_dados_transito_tcc to 2025-09-05 08:00:00+00:00, run_after=2025-09-06 08:00:00+00:00
[2025-09-05T19:52:52.955+0000] {processor.py:183} INFO - Processing /opt/airflow/dags/tcc_pipeline_dag.py took 0.120 seconds
[2025-09-05T19:53:23.204+0000] {processor.py:161} INFO - Started process (PID=1364) to work on /opt/airflow/dags/tcc_pipeline_dag.py
[2025-09-05T19:53:23.205+0000] {processor.py:830} INFO - Processing file /opt/airflow/dags/tcc_pipeline_dag.py for tasks to queue
[2025-09-05T19:53:23.207+0000] {logging_mixin.py:188} INFO - [2025-09-05T19:53:23.206+0000] {dagbag.py:545} INFO - Filling up the DagBag from /opt/airflow/dags/tcc_pipeline_dag.py
[2025-09-05T19:53:23.228+0000] {processor.py:840} INFO - DAG(s) 'pipeline_dados_transito_tcc' retrieved from /opt/airflow/dags/tcc_pipeline_dag.py
[2025-09-05T19:53:23.248+0000] {logging_mixin.py:188} INFO - [2025-09-05T19:53:23.248+0000] {dag.py:3096} INFO - Sync 1 DAGs
[2025-09-05T19:53:23.267+0000] {logging_mixin.py:188} INFO - [2025-09-05T19:53:23.267+0000] {dag.py:3954} INFO - Setting next_dagrun for pipeline_dados_transito_tcc to 2025-09-05 08:00:00+00:00, run_after=2025-09-06 08:00:00+00:00
[2025-09-05T19:53:23.284+0000] {processor.py:183} INFO - Processing /opt/airflow/dags/tcc_pipeline_dag.py took 0.084 seconds
[2025-09-05T19:53:53.489+0000] {processor.py:161} INFO - Started process (PID=1371) to work on /opt/airflow/dags/tcc_pipeline_dag.py
[2025-09-05T19:53:53.492+0000] {processor.py:830} INFO - Processing file /opt/airflow/dags/tcc_pipeline_dag.py for tasks to queue
[2025-09-05T19:53:53.495+0000] {logging_mixin.py:188} INFO - [2025-09-05T19:53:53.494+0000] {dagbag.py:545} INFO - Filling up the DagBag from /opt/airflow/dags/tcc_pipeline_dag.py
[2025-09-05T19:53:53.536+0000] {processor.py:840} INFO - DAG(s) 'pipeline_dados_transito_tcc' retrieved from /opt/airflow/dags/tcc_pipeline_dag.py
[2025-09-05T19:53:53.568+0000] {logging_mixin.py:188} INFO - [2025-09-05T19:53:53.568+0000] {dag.py:3096} INFO - Sync 1 DAGs
[2025-09-05T19:53:53.597+0000] {logging_mixin.py:188} INFO - [2025-09-05T19:53:53.597+0000] {dag.py:3954} INFO - Setting next_dagrun for pipeline_dados_transito_tcc to 2025-09-05 08:00:00+00:00, run_after=2025-09-06 08:00:00+00:00
[2025-09-05T19:53:53.631+0000] {processor.py:183} INFO - Processing /opt/airflow/dags/tcc_pipeline_dag.py took 0.150 seconds
[2025-09-05T19:54:23.841+0000] {processor.py:161} INFO - Started process (PID=1378) to work on /opt/airflow/dags/tcc_pipeline_dag.py
[2025-09-05T19:54:23.843+0000] {processor.py:830} INFO - Processing file /opt/airflow/dags/tcc_pipeline_dag.py for tasks to queue
[2025-09-05T19:54:23.845+0000] {logging_mixin.py:188} INFO - [2025-09-05T19:54:23.845+0000] {dagbag.py:545} INFO - Filling up the DagBag from /opt/airflow/dags/tcc_pipeline_dag.py
[2025-09-05T19:54:23.890+0000] {processor.py:840} INFO - DAG(s) 'pipeline_dados_transito_tcc' retrieved from /opt/airflow/dags/tcc_pipeline_dag.py
[2025-09-05T19:54:23.920+0000] {logging_mixin.py:188} INFO - [2025-09-05T19:54:23.919+0000] {dag.py:3096} INFO - Sync 1 DAGs
[2025-09-05T19:54:23.943+0000] {logging_mixin.py:188} INFO - [2025-09-05T19:54:23.943+0000] {dag.py:3954} INFO - Setting next_dagrun for pipeline_dados_transito_tcc to 2025-09-05 08:00:00+00:00, run_after=2025-09-06 08:00:00+00:00
[2025-09-05T19:54:23.968+0000] {processor.py:183} INFO - Processing /opt/airflow/dags/tcc_pipeline_dag.py took 0.132 seconds
[2025-09-05T19:54:54.218+0000] {processor.py:161} INFO - Started process (PID=1385) to work on /opt/airflow/dags/tcc_pipeline_dag.py
[2025-09-05T19:54:54.220+0000] {processor.py:830} INFO - Processing file /opt/airflow/dags/tcc_pipeline_dag.py for tasks to queue
[2025-09-05T19:54:54.222+0000] {logging_mixin.py:188} INFO - [2025-09-05T19:54:54.221+0000] {dagbag.py:545} INFO - Filling up the DagBag from /opt/airflow/dags/tcc_pipeline_dag.py
[2025-09-05T19:54:54.266+0000] {processor.py:840} INFO - DAG(s) 'pipeline_dados_transito_tcc' retrieved from /opt/airflow/dags/tcc_pipeline_dag.py
[2025-09-05T19:54:54.294+0000] {logging_mixin.py:188} INFO - [2025-09-05T19:54:54.294+0000] {dag.py:3096} INFO - Sync 1 DAGs
[2025-09-05T19:54:54.317+0000] {logging_mixin.py:188} INFO - [2025-09-05T19:54:54.317+0000] {dag.py:3954} INFO - Setting next_dagrun for pipeline_dados_transito_tcc to 2025-09-05 08:00:00+00:00, run_after=2025-09-06 08:00:00+00:00
[2025-09-05T19:54:54.339+0000] {processor.py:183} INFO - Processing /opt/airflow/dags/tcc_pipeline_dag.py took 0.129 seconds
[2025-09-05T19:55:24.480+0000] {processor.py:161} INFO - Started process (PID=1392) to work on /opt/airflow/dags/tcc_pipeline_dag.py
[2025-09-05T19:55:24.482+0000] {processor.py:830} INFO - Processing file /opt/airflow/dags/tcc_pipeline_dag.py for tasks to queue
[2025-09-05T19:55:24.484+0000] {logging_mixin.py:188} INFO - [2025-09-05T19:55:24.483+0000] {dagbag.py:545} INFO - Filling up the DagBag from /opt/airflow/dags/tcc_pipeline_dag.py
[2025-09-05T19:55:24.518+0000] {processor.py:840} INFO - DAG(s) 'pipeline_dados_transito_tcc' retrieved from /opt/airflow/dags/tcc_pipeline_dag.py
[2025-09-05T19:55:24.546+0000] {logging_mixin.py:188} INFO - [2025-09-05T19:55:24.546+0000] {dag.py:3096} INFO - Sync 1 DAGs
[2025-09-05T19:55:24.566+0000] {logging_mixin.py:188} INFO - [2025-09-05T19:55:24.566+0000] {dag.py:3954} INFO - Setting next_dagrun for pipeline_dados_transito_tcc to 2025-09-05 08:00:00+00:00, run_after=2025-09-06 08:00:00+00:00
[2025-09-05T19:55:24.585+0000] {processor.py:183} INFO - Processing /opt/airflow/dags/tcc_pipeline_dag.py took 0.113 seconds
[2025-09-05T19:55:54.779+0000] {processor.py:161} INFO - Started process (PID=1400) to work on /opt/airflow/dags/tcc_pipeline_dag.py
[2025-09-05T19:55:54.780+0000] {processor.py:830} INFO - Processing file /opt/airflow/dags/tcc_pipeline_dag.py for tasks to queue
[2025-09-05T19:55:54.782+0000] {logging_mixin.py:188} INFO - [2025-09-05T19:55:54.782+0000] {dagbag.py:545} INFO - Filling up the DagBag from /opt/airflow/dags/tcc_pipeline_dag.py
[2025-09-05T19:55:54.824+0000] {processor.py:840} INFO - DAG(s) 'pipeline_dados_transito_tcc' retrieved from /opt/airflow/dags/tcc_pipeline_dag.py
[2025-09-05T19:55:54.849+0000] {logging_mixin.py:188} INFO - [2025-09-05T19:55:54.849+0000] {dag.py:3096} INFO - Sync 1 DAGs
[2025-09-05T19:55:54.868+0000] {logging_mixin.py:188} INFO - [2025-09-05T19:55:54.868+0000] {dag.py:3954} INFO - Setting next_dagrun for pipeline_dados_transito_tcc to 2025-09-05 08:00:00+00:00, run_after=2025-09-06 08:00:00+00:00
[2025-09-05T19:55:54.885+0000] {processor.py:183} INFO - Processing /opt/airflow/dags/tcc_pipeline_dag.py took 0.116 seconds
[2025-09-05T19:56:25.287+0000] {processor.py:161} INFO - Started process (PID=1407) to work on /opt/airflow/dags/tcc_pipeline_dag.py
[2025-09-05T19:56:25.290+0000] {processor.py:830} INFO - Processing file /opt/airflow/dags/tcc_pipeline_dag.py for tasks to queue
[2025-09-05T19:56:25.297+0000] {logging_mixin.py:188} INFO - [2025-09-05T19:56:25.297+0000] {dagbag.py:545} INFO - Filling up the DagBag from /opt/airflow/dags/tcc_pipeline_dag.py
[2025-09-05T19:56:25.456+0000] {processor.py:840} INFO - DAG(s) 'pipeline_dados_transito_tcc' retrieved from /opt/airflow/dags/tcc_pipeline_dag.py
[2025-09-05T19:56:25.496+0000] {logging_mixin.py:188} INFO - [2025-09-05T19:56:25.496+0000] {dag.py:3096} INFO - Sync 1 DAGs
[2025-09-05T19:56:25.522+0000] {logging_mixin.py:188} INFO - [2025-09-05T19:56:25.522+0000] {dag.py:3954} INFO - Setting next_dagrun for pipeline_dados_transito_tcc to 2025-09-05 08:00:00+00:00, run_after=2025-09-06 08:00:00+00:00
[2025-09-05T19:56:25.562+0000] {processor.py:183} INFO - Processing /opt/airflow/dags/tcc_pipeline_dag.py took 0.283 seconds
[2025-09-05T19:56:55.944+0000] {processor.py:161} INFO - Started process (PID=1414) to work on /opt/airflow/dags/tcc_pipeline_dag.py
[2025-09-05T19:56:55.946+0000] {processor.py:830} INFO - Processing file /opt/airflow/dags/tcc_pipeline_dag.py for tasks to queue
[2025-09-05T19:56:55.951+0000] {logging_mixin.py:188} INFO - [2025-09-05T19:56:55.950+0000] {dagbag.py:545} INFO - Filling up the DagBag from /opt/airflow/dags/tcc_pipeline_dag.py
[2025-09-05T19:56:56.003+0000] {processor.py:840} INFO - DAG(s) 'pipeline_dados_transito_tcc' retrieved from /opt/airflow/dags/tcc_pipeline_dag.py
[2025-09-05T19:56:56.051+0000] {logging_mixin.py:188} INFO - [2025-09-05T19:56:56.051+0000] {dag.py:3096} INFO - Sync 1 DAGs
[2025-09-05T19:56:56.077+0000] {logging_mixin.py:188} INFO - [2025-09-05T19:56:56.077+0000] {dag.py:3954} INFO - Setting next_dagrun for pipeline_dados_transito_tcc to 2025-09-05 08:00:00+00:00, run_after=2025-09-06 08:00:00+00:00
[2025-09-05T19:56:56.116+0000] {processor.py:183} INFO - Processing /opt/airflow/dags/tcc_pipeline_dag.py took 0.187 seconds
[2025-09-05T19:57:26.285+0000] {processor.py:161} INFO - Started process (PID=1421) to work on /opt/airflow/dags/tcc_pipeline_dag.py
[2025-09-05T19:57:26.287+0000] {processor.py:830} INFO - Processing file /opt/airflow/dags/tcc_pipeline_dag.py for tasks to queue
[2025-09-05T19:57:26.290+0000] {logging_mixin.py:188} INFO - [2025-09-05T19:57:26.289+0000] {dagbag.py:545} INFO - Filling up the DagBag from /opt/airflow/dags/tcc_pipeline_dag.py
[2025-09-05T19:57:26.326+0000] {processor.py:840} INFO - DAG(s) 'pipeline_dados_transito_tcc' retrieved from /opt/airflow/dags/tcc_pipeline_dag.py
[2025-09-05T19:57:26.366+0000] {logging_mixin.py:188} INFO - [2025-09-05T19:57:26.366+0000] {dag.py:3096} INFO - Sync 1 DAGs
[2025-09-05T19:57:26.422+0000] {logging_mixin.py:188} INFO - [2025-09-05T19:57:26.422+0000] {dag.py:3954} INFO - Setting next_dagrun for pipeline_dados_transito_tcc to 2025-09-05 08:00:00+00:00, run_after=2025-09-06 08:00:00+00:00
[2025-09-05T19:57:26.453+0000] {processor.py:183} INFO - Processing /opt/airflow/dags/tcc_pipeline_dag.py took 0.174 seconds
[2025-09-05T19:57:56.701+0000] {processor.py:161} INFO - Started process (PID=1428) to work on /opt/airflow/dags/tcc_pipeline_dag.py
[2025-09-05T19:57:56.702+0000] {processor.py:830} INFO - Processing file /opt/airflow/dags/tcc_pipeline_dag.py for tasks to queue
[2025-09-05T19:57:56.708+0000] {logging_mixin.py:188} INFO - [2025-09-05T19:57:56.707+0000] {dagbag.py:545} INFO - Filling up the DagBag from /opt/airflow/dags/tcc_pipeline_dag.py
[2025-09-05T19:57:56.801+0000] {processor.py:840} INFO - DAG(s) 'pipeline_dados_transito_tcc' retrieved from /opt/airflow/dags/tcc_pipeline_dag.py
[2025-09-05T19:57:56.852+0000] {logging_mixin.py:188} INFO - [2025-09-05T19:57:56.852+0000] {dag.py:3096} INFO - Sync 1 DAGs
[2025-09-05T19:57:56.892+0000] {logging_mixin.py:188} INFO - [2025-09-05T19:57:56.892+0000] {dag.py:3954} INFO - Setting next_dagrun for pipeline_dados_transito_tcc to 2025-09-05 08:00:00+00:00, run_after=2025-09-06 08:00:00+00:00
[2025-09-05T19:57:56.918+0000] {processor.py:183} INFO - Processing /opt/airflow/dags/tcc_pipeline_dag.py took 0.227 seconds
[2025-09-05T19:58:27.052+0000] {processor.py:161} INFO - Started process (PID=1435) to work on /opt/airflow/dags/tcc_pipeline_dag.py
[2025-09-05T19:58:27.056+0000] {processor.py:830} INFO - Processing file /opt/airflow/dags/tcc_pipeline_dag.py for tasks to queue
[2025-09-05T19:58:27.061+0000] {logging_mixin.py:188} INFO - [2025-09-05T19:58:27.060+0000] {dagbag.py:545} INFO - Filling up the DagBag from /opt/airflow/dags/tcc_pipeline_dag.py
[2025-09-05T19:58:27.099+0000] {processor.py:840} INFO - DAG(s) 'pipeline_dados_transito_tcc' retrieved from /opt/airflow/dags/tcc_pipeline_dag.py
[2025-09-05T19:58:27.124+0000] {logging_mixin.py:188} INFO - [2025-09-05T19:58:27.124+0000] {dag.py:3096} INFO - Sync 1 DAGs
[2025-09-05T19:58:27.148+0000] {logging_mixin.py:188} INFO - [2025-09-05T19:58:27.148+0000] {dag.py:3954} INFO - Setting next_dagrun for pipeline_dados_transito_tcc to 2025-09-05 08:00:00+00:00, run_after=2025-09-06 08:00:00+00:00
[2025-09-05T19:58:27.174+0000] {processor.py:183} INFO - Processing /opt/airflow/dags/tcc_pipeline_dag.py took 0.127 seconds
[2025-09-05T19:58:57.302+0000] {processor.py:161} INFO - Started process (PID=1442) to work on /opt/airflow/dags/tcc_pipeline_dag.py
[2025-09-05T19:58:57.304+0000] {processor.py:830} INFO - Processing file /opt/airflow/dags/tcc_pipeline_dag.py for tasks to queue
[2025-09-05T19:58:57.306+0000] {logging_mixin.py:188} INFO - [2025-09-05T19:58:57.305+0000] {dagbag.py:545} INFO - Filling up the DagBag from /opt/airflow/dags/tcc_pipeline_dag.py
[2025-09-05T19:58:57.343+0000] {processor.py:840} INFO - DAG(s) 'pipeline_dados_transito_tcc' retrieved from /opt/airflow/dags/tcc_pipeline_dag.py
[2025-09-05T19:58:57.365+0000] {logging_mixin.py:188} INFO - [2025-09-05T19:58:57.365+0000] {dag.py:3096} INFO - Sync 1 DAGs
[2025-09-05T19:58:57.382+0000] {logging_mixin.py:188} INFO - [2025-09-05T19:58:57.382+0000] {dag.py:3954} INFO - Setting next_dagrun for pipeline_dados_transito_tcc to 2025-09-05 08:00:00+00:00, run_after=2025-09-06 08:00:00+00:00
[2025-09-05T19:58:57.422+0000] {processor.py:183} INFO - Processing /opt/airflow/dags/tcc_pipeline_dag.py took 0.126 seconds
[2025-09-05T19:59:27.605+0000] {processor.py:161} INFO - Started process (PID=1449) to work on /opt/airflow/dags/tcc_pipeline_dag.py
[2025-09-05T19:59:27.610+0000] {processor.py:830} INFO - Processing file /opt/airflow/dags/tcc_pipeline_dag.py for tasks to queue
[2025-09-05T19:59:27.613+0000] {logging_mixin.py:188} INFO - [2025-09-05T19:59:27.612+0000] {dagbag.py:545} INFO - Filling up the DagBag from /opt/airflow/dags/tcc_pipeline_dag.py
[2025-09-05T19:59:27.647+0000] {processor.py:840} INFO - DAG(s) 'pipeline_dados_transito_tcc' retrieved from /opt/airflow/dags/tcc_pipeline_dag.py
[2025-09-05T19:59:27.672+0000] {logging_mixin.py:188} INFO - [2025-09-05T19:59:27.672+0000] {dag.py:3096} INFO - Sync 1 DAGs
[2025-09-05T19:59:27.690+0000] {logging_mixin.py:188} INFO - [2025-09-05T19:59:27.690+0000] {dag.py:3954} INFO - Setting next_dagrun for pipeline_dados_transito_tcc to 2025-09-05 08:00:00+00:00, run_after=2025-09-06 08:00:00+00:00
[2025-09-05T19:59:27.709+0000] {processor.py:183} INFO - Processing /opt/airflow/dags/tcc_pipeline_dag.py took 0.109 seconds
[2025-09-05T19:59:58.058+0000] {processor.py:161} INFO - Started process (PID=1456) to work on /opt/airflow/dags/tcc_pipeline_dag.py
[2025-09-05T19:59:58.060+0000] {processor.py:830} INFO - Processing file /opt/airflow/dags/tcc_pipeline_dag.py for tasks to queue
[2025-09-05T19:59:58.063+0000] {logging_mixin.py:188} INFO - [2025-09-05T19:59:58.063+0000] {dagbag.py:545} INFO - Filling up the DagBag from /opt/airflow/dags/tcc_pipeline_dag.py
[2025-09-05T19:59:58.114+0000] {processor.py:840} INFO - DAG(s) 'pipeline_dados_transito_tcc' retrieved from /opt/airflow/dags/tcc_pipeline_dag.py
[2025-09-05T19:59:58.143+0000] {logging_mixin.py:188} INFO - [2025-09-05T19:59:58.142+0000] {dag.py:3096} INFO - Sync 1 DAGs
[2025-09-05T19:59:58.163+0000] {logging_mixin.py:188} INFO - [2025-09-05T19:59:58.162+0000] {dag.py:3954} INFO - Setting next_dagrun for pipeline_dados_transito_tcc to 2025-09-05 08:00:00+00:00, run_after=2025-09-06 08:00:00+00:00
[2025-09-05T19:59:58.189+0000] {processor.py:183} INFO - Processing /opt/airflow/dags/tcc_pipeline_dag.py took 0.136 seconds
[2025-09-05T20:00:28.300+0000] {processor.py:161} INFO - Started process (PID=1463) to work on /opt/airflow/dags/tcc_pipeline_dag.py
[2025-09-05T20:00:28.301+0000] {processor.py:830} INFO - Processing file /opt/airflow/dags/tcc_pipeline_dag.py for tasks to queue
[2025-09-05T20:00:28.303+0000] {logging_mixin.py:188} INFO - [2025-09-05T20:00:28.303+0000] {dagbag.py:545} INFO - Filling up the DagBag from /opt/airflow/dags/tcc_pipeline_dag.py
[2025-09-05T20:00:28.344+0000] {processor.py:840} INFO - DAG(s) 'pipeline_dados_transito_tcc' retrieved from /opt/airflow/dags/tcc_pipeline_dag.py
[2025-09-05T20:00:28.387+0000] {logging_mixin.py:188} INFO - [2025-09-05T20:00:28.387+0000] {dag.py:3096} INFO - Sync 1 DAGs
[2025-09-05T20:00:28.412+0000] {logging_mixin.py:188} INFO - [2025-09-05T20:00:28.411+0000] {dag.py:3954} INFO - Setting next_dagrun for pipeline_dados_transito_tcc to 2025-09-05 08:00:00+00:00, run_after=2025-09-06 08:00:00+00:00
[2025-09-05T20:00:28.430+0000] {processor.py:183} INFO - Processing /opt/airflow/dags/tcc_pipeline_dag.py took 0.136 seconds
[2025-09-05T20:00:58.732+0000] {processor.py:161} INFO - Started process (PID=1470) to work on /opt/airflow/dags/tcc_pipeline_dag.py
[2025-09-05T20:00:58.733+0000] {processor.py:830} INFO - Processing file /opt/airflow/dags/tcc_pipeline_dag.py for tasks to queue
[2025-09-05T20:00:58.736+0000] {logging_mixin.py:188} INFO - [2025-09-05T20:00:58.735+0000] {dagbag.py:545} INFO - Filling up the DagBag from /opt/airflow/dags/tcc_pipeline_dag.py
[2025-09-05T20:00:58.773+0000] {processor.py:840} INFO - DAG(s) 'pipeline_dados_transito_tcc' retrieved from /opt/airflow/dags/tcc_pipeline_dag.py
[2025-09-05T20:00:58.802+0000] {logging_mixin.py:188} INFO - [2025-09-05T20:00:58.802+0000] {dag.py:3096} INFO - Sync 1 DAGs
[2025-09-05T20:00:58.826+0000] {logging_mixin.py:188} INFO - [2025-09-05T20:00:58.826+0000] {dag.py:3954} INFO - Setting next_dagrun for pipeline_dados_transito_tcc to 2025-09-05 08:00:00+00:00, run_after=2025-09-06 08:00:00+00:00
[2025-09-05T20:00:58.844+0000] {processor.py:183} INFO - Processing /opt/airflow/dags/tcc_pipeline_dag.py took 0.120 seconds
[2025-09-05T20:01:28.985+0000] {processor.py:161} INFO - Started process (PID=1481) to work on /opt/airflow/dags/tcc_pipeline_dag.py
[2025-09-05T20:01:28.986+0000] {processor.py:830} INFO - Processing file /opt/airflow/dags/tcc_pipeline_dag.py for tasks to queue
[2025-09-05T20:01:28.988+0000] {logging_mixin.py:188} INFO - [2025-09-05T20:01:28.988+0000] {dagbag.py:545} INFO - Filling up the DagBag from /opt/airflow/dags/tcc_pipeline_dag.py
[2025-09-05T20:01:29.034+0000] {processor.py:840} INFO - DAG(s) 'pipeline_dados_transito_tcc' retrieved from /opt/airflow/dags/tcc_pipeline_dag.py
[2025-09-05T20:01:29.058+0000] {logging_mixin.py:188} INFO - [2025-09-05T20:01:29.057+0000] {dag.py:3096} INFO - Sync 1 DAGs
[2025-09-05T20:01:29.078+0000] {logging_mixin.py:188} INFO - [2025-09-05T20:01:29.078+0000] {dag.py:3954} INFO - Setting next_dagrun for pipeline_dados_transito_tcc to 2025-09-05 08:00:00+00:00, run_after=2025-09-06 08:00:00+00:00
[2025-09-05T20:01:29.097+0000] {processor.py:183} INFO - Processing /opt/airflow/dags/tcc_pipeline_dag.py took 0.117 seconds
[2025-09-05T20:01:59.318+0000] {processor.py:161} INFO - Started process (PID=1488) to work on /opt/airflow/dags/tcc_pipeline_dag.py
[2025-09-05T20:01:59.320+0000] {processor.py:830} INFO - Processing file /opt/airflow/dags/tcc_pipeline_dag.py for tasks to queue
[2025-09-05T20:01:59.322+0000] {logging_mixin.py:188} INFO - [2025-09-05T20:01:59.321+0000] {dagbag.py:545} INFO - Filling up the DagBag from /opt/airflow/dags/tcc_pipeline_dag.py
[2025-09-05T20:01:59.357+0000] {processor.py:840} INFO - DAG(s) 'pipeline_dados_transito_tcc' retrieved from /opt/airflow/dags/tcc_pipeline_dag.py
[2025-09-05T20:01:59.381+0000] {logging_mixin.py:188} INFO - [2025-09-05T20:01:59.381+0000] {dag.py:3096} INFO - Sync 1 DAGs
[2025-09-05T20:01:59.400+0000] {logging_mixin.py:188} INFO - [2025-09-05T20:01:59.400+0000] {dag.py:3954} INFO - Setting next_dagrun for pipeline_dados_transito_tcc to 2025-09-05 08:00:00+00:00, run_after=2025-09-06 08:00:00+00:00
[2025-09-05T20:01:59.417+0000] {processor.py:183} INFO - Processing /opt/airflow/dags/tcc_pipeline_dag.py took 0.103 seconds
[2025-09-05T20:02:29.594+0000] {processor.py:161} INFO - Started process (PID=1495) to work on /opt/airflow/dags/tcc_pipeline_dag.py
[2025-09-05T20:02:29.595+0000] {processor.py:830} INFO - Processing file /opt/airflow/dags/tcc_pipeline_dag.py for tasks to queue
[2025-09-05T20:02:29.596+0000] {logging_mixin.py:188} INFO - [2025-09-05T20:02:29.596+0000] {dagbag.py:545} INFO - Filling up the DagBag from /opt/airflow/dags/tcc_pipeline_dag.py
[2025-09-05T20:02:29.627+0000] {processor.py:840} INFO - DAG(s) 'pipeline_dados_transito_tcc' retrieved from /opt/airflow/dags/tcc_pipeline_dag.py
[2025-09-05T20:02:29.659+0000] {logging_mixin.py:188} INFO - [2025-09-05T20:02:29.659+0000] {dag.py:3096} INFO - Sync 1 DAGs
[2025-09-05T20:02:29.679+0000] {logging_mixin.py:188} INFO - [2025-09-05T20:02:29.679+0000] {dag.py:3954} INFO - Setting next_dagrun for pipeline_dados_transito_tcc to 2025-09-05 08:00:00+00:00, run_after=2025-09-06 08:00:00+00:00
[2025-09-05T20:02:29.698+0000] {processor.py:183} INFO - Processing /opt/airflow/dags/tcc_pipeline_dag.py took 0.111 seconds
[2025-09-05T20:02:59.973+0000] {processor.py:161} INFO - Started process (PID=1502) to work on /opt/airflow/dags/tcc_pipeline_dag.py
[2025-09-05T20:02:59.974+0000] {processor.py:830} INFO - Processing file /opt/airflow/dags/tcc_pipeline_dag.py for tasks to queue
[2025-09-05T20:02:59.976+0000] {logging_mixin.py:188} INFO - [2025-09-05T20:02:59.976+0000] {dagbag.py:545} INFO - Filling up the DagBag from /opt/airflow/dags/tcc_pipeline_dag.py
[2025-09-05T20:03:00.031+0000] {processor.py:840} INFO - DAG(s) 'pipeline_dados_transito_tcc' retrieved from /opt/airflow/dags/tcc_pipeline_dag.py
[2025-09-05T20:03:00.076+0000] {logging_mixin.py:188} INFO - [2025-09-05T20:03:00.076+0000] {dag.py:3096} INFO - Sync 1 DAGs
[2025-09-05T20:03:00.098+0000] {logging_mixin.py:188} INFO - [2025-09-05T20:03:00.097+0000] {dag.py:3954} INFO - Setting next_dagrun for pipeline_dados_transito_tcc to 2025-09-05 08:00:00+00:00, run_after=2025-09-06 08:00:00+00:00
[2025-09-05T20:03:00.124+0000] {processor.py:183} INFO - Processing /opt/airflow/dags/tcc_pipeline_dag.py took 0.156 seconds
[2025-09-05T20:03:30.275+0000] {processor.py:161} INFO - Started process (PID=1509) to work on /opt/airflow/dags/tcc_pipeline_dag.py
[2025-09-05T20:03:30.276+0000] {processor.py:830} INFO - Processing file /opt/airflow/dags/tcc_pipeline_dag.py for tasks to queue
[2025-09-05T20:03:30.278+0000] {logging_mixin.py:188} INFO - [2025-09-05T20:03:30.278+0000] {dagbag.py:545} INFO - Filling up the DagBag from /opt/airflow/dags/tcc_pipeline_dag.py
[2025-09-05T20:03:30.326+0000] {processor.py:840} INFO - DAG(s) 'pipeline_dados_transito_tcc' retrieved from /opt/airflow/dags/tcc_pipeline_dag.py
[2025-09-05T20:03:30.350+0000] {logging_mixin.py:188} INFO - [2025-09-05T20:03:30.350+0000] {dag.py:3096} INFO - Sync 1 DAGs
[2025-09-05T20:03:30.372+0000] {logging_mixin.py:188} INFO - [2025-09-05T20:03:30.372+0000] {dag.py:3954} INFO - Setting next_dagrun for pipeline_dados_transito_tcc to 2025-09-05 08:00:00+00:00, run_after=2025-09-06 08:00:00+00:00
[2025-09-05T20:03:30.392+0000] {processor.py:183} INFO - Processing /opt/airflow/dags/tcc_pipeline_dag.py took 0.126 seconds
[2025-09-05T20:04:00.693+0000] {processor.py:161} INFO - Started process (PID=1516) to work on /opt/airflow/dags/tcc_pipeline_dag.py
[2025-09-05T20:04:00.695+0000] {processor.py:830} INFO - Processing file /opt/airflow/dags/tcc_pipeline_dag.py for tasks to queue
[2025-09-05T20:04:00.698+0000] {logging_mixin.py:188} INFO - [2025-09-05T20:04:00.698+0000] {dagbag.py:545} INFO - Filling up the DagBag from /opt/airflow/dags/tcc_pipeline_dag.py
[2025-09-05T20:04:00.764+0000] {processor.py:840} INFO - DAG(s) 'pipeline_dados_transito_tcc' retrieved from /opt/airflow/dags/tcc_pipeline_dag.py
[2025-09-05T20:04:00.819+0000] {logging_mixin.py:188} INFO - [2025-09-05T20:04:00.819+0000] {dag.py:3096} INFO - Sync 1 DAGs
[2025-09-05T20:04:00.848+0000] {logging_mixin.py:188} INFO - [2025-09-05T20:04:00.847+0000] {dag.py:3954} INFO - Setting next_dagrun for pipeline_dados_transito_tcc to 2025-09-05 08:00:00+00:00, run_after=2025-09-06 08:00:00+00:00
[2025-09-05T20:04:00.873+0000] {processor.py:183} INFO - Processing /opt/airflow/dags/tcc_pipeline_dag.py took 0.185 seconds
[2025-09-05T20:04:31.202+0000] {processor.py:161} INFO - Started process (PID=1522) to work on /opt/airflow/dags/tcc_pipeline_dag.py
[2025-09-05T20:04:31.203+0000] {processor.py:830} INFO - Processing file /opt/airflow/dags/tcc_pipeline_dag.py for tasks to queue
[2025-09-05T20:04:31.205+0000] {logging_mixin.py:188} INFO - [2025-09-05T20:04:31.205+0000] {dagbag.py:545} INFO - Filling up the DagBag from /opt/airflow/dags/tcc_pipeline_dag.py
[2025-09-05T20:04:31.238+0000] {processor.py:840} INFO - DAG(s) 'pipeline_dados_transito_tcc' retrieved from /opt/airflow/dags/tcc_pipeline_dag.py
[2025-09-05T20:04:31.265+0000] {logging_mixin.py:188} INFO - [2025-09-05T20:04:31.265+0000] {dag.py:3096} INFO - Sync 1 DAGs
[2025-09-05T20:04:31.296+0000] {logging_mixin.py:188} INFO - [2025-09-05T20:04:31.296+0000] {dag.py:3954} INFO - Setting next_dagrun for pipeline_dados_transito_tcc to 2025-09-05 08:00:00+00:00, run_after=2025-09-06 08:00:00+00:00
[2025-09-05T20:04:31.322+0000] {processor.py:183} INFO - Processing /opt/airflow/dags/tcc_pipeline_dag.py took 0.126 seconds
[2025-09-05T20:05:01.524+0000] {processor.py:161} INFO - Started process (PID=1535) to work on /opt/airflow/dags/tcc_pipeline_dag.py
[2025-09-05T20:05:01.526+0000] {processor.py:830} INFO - Processing file /opt/airflow/dags/tcc_pipeline_dag.py for tasks to queue
[2025-09-05T20:05:01.528+0000] {logging_mixin.py:188} INFO - [2025-09-05T20:05:01.527+0000] {dagbag.py:545} INFO - Filling up the DagBag from /opt/airflow/dags/tcc_pipeline_dag.py
[2025-09-05T20:05:01.566+0000] {processor.py:840} INFO - DAG(s) 'pipeline_dados_transito_tcc' retrieved from /opt/airflow/dags/tcc_pipeline_dag.py
[2025-09-05T20:05:01.586+0000] {logging_mixin.py:188} INFO - [2025-09-05T20:05:01.585+0000] {dag.py:3096} INFO - Sync 1 DAGs
[2025-09-05T20:05:01.602+0000] {logging_mixin.py:188} INFO - [2025-09-05T20:05:01.602+0000] {dag.py:3954} INFO - Setting next_dagrun for pipeline_dados_transito_tcc to 2025-09-05 08:00:00+00:00, run_after=2025-09-06 08:00:00+00:00
[2025-09-05T20:05:01.618+0000] {processor.py:183} INFO - Processing /opt/airflow/dags/tcc_pipeline_dag.py took 0.099 seconds
[2025-09-05T20:05:31.902+0000] {processor.py:161} INFO - Started process (PID=1542) to work on /opt/airflow/dags/tcc_pipeline_dag.py
[2025-09-05T20:05:31.905+0000] {processor.py:830} INFO - Processing file /opt/airflow/dags/tcc_pipeline_dag.py for tasks to queue
[2025-09-05T20:05:31.912+0000] {logging_mixin.py:188} INFO - [2025-09-05T20:05:31.911+0000] {dagbag.py:545} INFO - Filling up the DagBag from /opt/airflow/dags/tcc_pipeline_dag.py
[2025-09-05T20:05:31.959+0000] {processor.py:840} INFO - DAG(s) 'pipeline_dados_transito_tcc' retrieved from /opt/airflow/dags/tcc_pipeline_dag.py
[2025-09-05T20:05:32.000+0000] {logging_mixin.py:188} INFO - [2025-09-05T20:05:32.000+0000] {dag.py:3096} INFO - Sync 1 DAGs
[2025-09-05T20:05:32.020+0000] {logging_mixin.py:188} INFO - [2025-09-05T20:05:32.020+0000] {dag.py:3954} INFO - Setting next_dagrun for pipeline_dados_transito_tcc to 2025-09-05 08:00:00+00:00, run_after=2025-09-06 08:00:00+00:00
[2025-09-05T20:05:32.040+0000] {processor.py:183} INFO - Processing /opt/airflow/dags/tcc_pipeline_dag.py took 0.142 seconds
[2025-09-05T20:06:42.972+0000] {processor.py:161} INFO - Started process (PID=52) to work on /opt/airflow/dags/tcc_pipeline_dag.py
[2025-09-05T20:06:42.974+0000] {processor.py:830} INFO - Processing file /opt/airflow/dags/tcc_pipeline_dag.py for tasks to queue
[2025-09-05T20:06:42.978+0000] {logging_mixin.py:188} INFO - [2025-09-05T20:06:42.977+0000] {dagbag.py:545} INFO - Filling up the DagBag from /opt/airflow/dags/tcc_pipeline_dag.py
[2025-09-05T20:06:43.054+0000] {processor.py:840} INFO - DAG(s) 'pipeline_dados_transito_tcc' retrieved from /opt/airflow/dags/tcc_pipeline_dag.py
[2025-09-05T20:06:43.428+0000] {logging_mixin.py:188} INFO - [2025-09-05T20:06:43.427+0000] {override.py:1829} INFO - Created Permission View: can read on DAG:pipeline_dados_transito_tcc
[2025-09-05T20:06:43.438+0000] {logging_mixin.py:188} INFO - [2025-09-05T20:06:43.437+0000] {override.py:1829} INFO - Created Permission View: can delete on DAG:pipeline_dados_transito_tcc
[2025-09-05T20:06:43.445+0000] {logging_mixin.py:188} INFO - [2025-09-05T20:06:43.445+0000] {override.py:1829} INFO - Created Permission View: can edit on DAG:pipeline_dados_transito_tcc
[2025-09-05T20:06:43.446+0000] {logging_mixin.py:188} INFO - [2025-09-05T20:06:43.446+0000] {dag.py:3096} INFO - Sync 1 DAGs
[2025-09-05T20:06:43.458+0000] {logging_mixin.py:188} INFO - [2025-09-05T20:06:43.458+0000] {dag.py:3118} INFO - Creating ORM DAG for pipeline_dados_transito_tcc
[2025-09-05T20:06:43.471+0000] {logging_mixin.py:188} INFO - [2025-09-05T20:06:43.470+0000] {dag.py:3954} INFO - Setting next_dagrun for pipeline_dados_transito_tcc to 2025-09-04 08:00:00+00:00, run_after=2025-09-05 08:00:00+00:00
[2025-09-05T20:06:43.501+0000] {processor.py:183} INFO - Processing /opt/airflow/dags/tcc_pipeline_dag.py took 0.537 seconds
[2025-09-05T20:07:13.771+0000] {processor.py:161} INFO - Started process (PID=65) to work on /opt/airflow/dags/tcc_pipeline_dag.py
[2025-09-05T20:07:13.773+0000] {processor.py:830} INFO - Processing file /opt/airflow/dags/tcc_pipeline_dag.py for tasks to queue
[2025-09-05T20:07:13.778+0000] {logging_mixin.py:188} INFO - [2025-09-05T20:07:13.777+0000] {dagbag.py:545} INFO - Filling up the DagBag from /opt/airflow/dags/tcc_pipeline_dag.py
[2025-09-05T20:07:13.828+0000] {processor.py:840} INFO - DAG(s) 'pipeline_dados_transito_tcc' retrieved from /opt/airflow/dags/tcc_pipeline_dag.py
[2025-09-05T20:07:13.872+0000] {logging_mixin.py:188} INFO - [2025-09-05T20:07:13.872+0000] {dag.py:3096} INFO - Sync 1 DAGs
[2025-09-05T20:07:13.911+0000] {logging_mixin.py:188} INFO - [2025-09-05T20:07:13.911+0000] {dag.py:3954} INFO - Setting next_dagrun for pipeline_dados_transito_tcc to 2025-09-05 08:00:00+00:00, run_after=2025-09-06 08:00:00+00:00
[2025-09-05T20:07:13.942+0000] {processor.py:183} INFO - Processing /opt/airflow/dags/tcc_pipeline_dag.py took 0.182 seconds
[2025-09-05T20:07:44.245+0000] {processor.py:161} INFO - Started process (PID=72) to work on /opt/airflow/dags/tcc_pipeline_dag.py
[2025-09-05T20:07:44.247+0000] {processor.py:830} INFO - Processing file /opt/airflow/dags/tcc_pipeline_dag.py for tasks to queue
[2025-09-05T20:07:44.248+0000] {logging_mixin.py:188} INFO - [2025-09-05T20:07:44.248+0000] {dagbag.py:545} INFO - Filling up the DagBag from /opt/airflow/dags/tcc_pipeline_dag.py
[2025-09-05T20:07:44.282+0000] {processor.py:840} INFO - DAG(s) 'pipeline_dados_transito_tcc' retrieved from /opt/airflow/dags/tcc_pipeline_dag.py
[2025-09-05T20:07:44.313+0000] {logging_mixin.py:188} INFO - [2025-09-05T20:07:44.313+0000] {dag.py:3096} INFO - Sync 1 DAGs
[2025-09-05T20:07:44.337+0000] {logging_mixin.py:188} INFO - [2025-09-05T20:07:44.337+0000] {dag.py:3954} INFO - Setting next_dagrun for pipeline_dados_transito_tcc to 2025-09-05 08:00:00+00:00, run_after=2025-09-06 08:00:00+00:00
[2025-09-05T20:07:44.361+0000] {processor.py:183} INFO - Processing /opt/airflow/dags/tcc_pipeline_dag.py took 0.120 seconds
[2025-09-05T20:08:14.482+0000] {processor.py:161} INFO - Started process (PID=79) to work on /opt/airflow/dags/tcc_pipeline_dag.py
[2025-09-05T20:08:14.483+0000] {processor.py:830} INFO - Processing file /opt/airflow/dags/tcc_pipeline_dag.py for tasks to queue
[2025-09-05T20:08:14.487+0000] {logging_mixin.py:188} INFO - [2025-09-05T20:08:14.486+0000] {dagbag.py:545} INFO - Filling up the DagBag from /opt/airflow/dags/tcc_pipeline_dag.py
[2025-09-05T20:08:14.522+0000] {processor.py:840} INFO - DAG(s) 'pipeline_dados_transito_tcc' retrieved from /opt/airflow/dags/tcc_pipeline_dag.py
[2025-09-05T20:08:14.553+0000] {logging_mixin.py:188} INFO - [2025-09-05T20:08:14.552+0000] {dag.py:3096} INFO - Sync 1 DAGs
[2025-09-05T20:08:14.575+0000] {logging_mixin.py:188} INFO - [2025-09-05T20:08:14.575+0000] {dag.py:3954} INFO - Setting next_dagrun for pipeline_dados_transito_tcc to 2025-09-05 08:00:00+00:00, run_after=2025-09-06 08:00:00+00:00
[2025-09-05T20:08:14.599+0000] {processor.py:183} INFO - Processing /opt/airflow/dags/tcc_pipeline_dag.py took 0.122 seconds
[2025-09-05T20:08:44.829+0000] {processor.py:161} INFO - Started process (PID=86) to work on /opt/airflow/dags/tcc_pipeline_dag.py
[2025-09-05T20:08:44.831+0000] {processor.py:830} INFO - Processing file /opt/airflow/dags/tcc_pipeline_dag.py for tasks to queue
[2025-09-05T20:08:44.834+0000] {logging_mixin.py:188} INFO - [2025-09-05T20:08:44.833+0000] {dagbag.py:545} INFO - Filling up the DagBag from /opt/airflow/dags/tcc_pipeline_dag.py
[2025-09-05T20:08:44.865+0000] {processor.py:840} INFO - DAG(s) 'pipeline_dados_transito_tcc' retrieved from /opt/airflow/dags/tcc_pipeline_dag.py
[2025-09-05T20:08:44.898+0000] {logging_mixin.py:188} INFO - [2025-09-05T20:08:44.898+0000] {dag.py:3096} INFO - Sync 1 DAGs
[2025-09-05T20:08:44.921+0000] {logging_mixin.py:188} INFO - [2025-09-05T20:08:44.921+0000] {dag.py:3954} INFO - Setting next_dagrun for pipeline_dados_transito_tcc to 2025-09-05 08:00:00+00:00, run_after=2025-09-06 08:00:00+00:00
[2025-09-05T20:08:44.946+0000] {processor.py:183} INFO - Processing /opt/airflow/dags/tcc_pipeline_dag.py took 0.122 seconds
[2025-09-05T20:09:15.072+0000] {processor.py:161} INFO - Started process (PID=93) to work on /opt/airflow/dags/tcc_pipeline_dag.py
[2025-09-05T20:09:15.073+0000] {processor.py:830} INFO - Processing file /opt/airflow/dags/tcc_pipeline_dag.py for tasks to queue
[2025-09-05T20:09:15.075+0000] {logging_mixin.py:188} INFO - [2025-09-05T20:09:15.075+0000] {dagbag.py:545} INFO - Filling up the DagBag from /opt/airflow/dags/tcc_pipeline_dag.py
[2025-09-05T20:09:15.102+0000] {processor.py:840} INFO - DAG(s) 'pipeline_dados_transito_tcc' retrieved from /opt/airflow/dags/tcc_pipeline_dag.py
[2025-09-05T20:09:15.123+0000] {logging_mixin.py:188} INFO - [2025-09-05T20:09:15.123+0000] {dag.py:3096} INFO - Sync 1 DAGs
[2025-09-05T20:09:15.142+0000] {logging_mixin.py:188} INFO - [2025-09-05T20:09:15.142+0000] {dag.py:3954} INFO - Setting next_dagrun for pipeline_dados_transito_tcc to 2025-09-05 08:00:00+00:00, run_after=2025-09-06 08:00:00+00:00
[2025-09-05T20:09:15.159+0000] {processor.py:183} INFO - Processing /opt/airflow/dags/tcc_pipeline_dag.py took 0.093 seconds
[2025-09-05T20:09:45.391+0000] {processor.py:161} INFO - Started process (PID=100) to work on /opt/airflow/dags/tcc_pipeline_dag.py
[2025-09-05T20:09:45.392+0000] {processor.py:830} INFO - Processing file /opt/airflow/dags/tcc_pipeline_dag.py for tasks to queue
[2025-09-05T20:09:45.393+0000] {logging_mixin.py:188} INFO - [2025-09-05T20:09:45.393+0000] {dagbag.py:545} INFO - Filling up the DagBag from /opt/airflow/dags/tcc_pipeline_dag.py
[2025-09-05T20:09:45.416+0000] {processor.py:840} INFO - DAG(s) 'pipeline_dados_transito_tcc' retrieved from /opt/airflow/dags/tcc_pipeline_dag.py
[2025-09-05T20:09:45.438+0000] {logging_mixin.py:188} INFO - [2025-09-05T20:09:45.438+0000] {dag.py:3096} INFO - Sync 1 DAGs
[2025-09-05T20:09:45.456+0000] {logging_mixin.py:188} INFO - [2025-09-05T20:09:45.456+0000] {dag.py:3954} INFO - Setting next_dagrun for pipeline_dados_transito_tcc to 2025-09-05 08:00:00+00:00, run_after=2025-09-06 08:00:00+00:00
[2025-09-05T20:09:45.476+0000] {processor.py:183} INFO - Processing /opt/airflow/dags/tcc_pipeline_dag.py took 0.091 seconds
[2025-09-05T20:10:15.672+0000] {processor.py:161} INFO - Started process (PID=107) to work on /opt/airflow/dags/tcc_pipeline_dag.py
[2025-09-05T20:10:15.673+0000] {processor.py:830} INFO - Processing file /opt/airflow/dags/tcc_pipeline_dag.py for tasks to queue
[2025-09-05T20:10:15.675+0000] {logging_mixin.py:188} INFO - [2025-09-05T20:10:15.675+0000] {dagbag.py:545} INFO - Filling up the DagBag from /opt/airflow/dags/tcc_pipeline_dag.py
[2025-09-05T20:10:15.715+0000] {processor.py:840} INFO - DAG(s) 'pipeline_dados_transito_tcc' retrieved from /opt/airflow/dags/tcc_pipeline_dag.py
[2025-09-05T20:10:15.741+0000] {logging_mixin.py:188} INFO - [2025-09-05T20:10:15.741+0000] {dag.py:3096} INFO - Sync 1 DAGs
[2025-09-05T20:10:15.761+0000] {logging_mixin.py:188} INFO - [2025-09-05T20:10:15.761+0000] {dag.py:3954} INFO - Setting next_dagrun for pipeline_dados_transito_tcc to 2025-09-05 08:00:00+00:00, run_after=2025-09-06 08:00:00+00:00
[2025-09-05T20:10:15.788+0000] {processor.py:183} INFO - Processing /opt/airflow/dags/tcc_pipeline_dag.py took 0.121 seconds
[2025-09-05T20:10:45.967+0000] {processor.py:161} INFO - Started process (PID=114) to work on /opt/airflow/dags/tcc_pipeline_dag.py
[2025-09-05T20:10:45.968+0000] {processor.py:830} INFO - Processing file /opt/airflow/dags/tcc_pipeline_dag.py for tasks to queue
[2025-09-05T20:10:45.970+0000] {logging_mixin.py:188} INFO - [2025-09-05T20:10:45.970+0000] {dagbag.py:545} INFO - Filling up the DagBag from /opt/airflow/dags/tcc_pipeline_dag.py
[2025-09-05T20:10:45.995+0000] {processor.py:840} INFO - DAG(s) 'pipeline_dados_transito_tcc' retrieved from /opt/airflow/dags/tcc_pipeline_dag.py
[2025-09-05T20:10:46.017+0000] {logging_mixin.py:188} INFO - [2025-09-05T20:10:46.017+0000] {dag.py:3096} INFO - Sync 1 DAGs
[2025-09-05T20:10:46.036+0000] {logging_mixin.py:188} INFO - [2025-09-05T20:10:46.036+0000] {dag.py:3954} INFO - Setting next_dagrun for pipeline_dados_transito_tcc to 2025-09-05 08:00:00+00:00, run_after=2025-09-06 08:00:00+00:00
[2025-09-05T20:10:46.055+0000] {processor.py:183} INFO - Processing /opt/airflow/dags/tcc_pipeline_dag.py took 0.093 seconds
[2025-09-05T20:11:16.285+0000] {processor.py:161} INFO - Started process (PID=125) to work on /opt/airflow/dags/tcc_pipeline_dag.py
[2025-09-05T20:11:16.286+0000] {processor.py:830} INFO - Processing file /opt/airflow/dags/tcc_pipeline_dag.py for tasks to queue
[2025-09-05T20:11:16.288+0000] {logging_mixin.py:188} INFO - [2025-09-05T20:11:16.287+0000] {dagbag.py:545} INFO - Filling up the DagBag from /opt/airflow/dags/tcc_pipeline_dag.py
[2025-09-05T20:11:16.317+0000] {processor.py:840} INFO - DAG(s) 'pipeline_dados_transito_tcc' retrieved from /opt/airflow/dags/tcc_pipeline_dag.py
[2025-09-05T20:11:16.348+0000] {logging_mixin.py:188} INFO - [2025-09-05T20:11:16.347+0000] {dag.py:3096} INFO - Sync 1 DAGs
[2025-09-05T20:11:16.371+0000] {logging_mixin.py:188} INFO - [2025-09-05T20:11:16.371+0000] {dag.py:3954} INFO - Setting next_dagrun for pipeline_dados_transito_tcc to 2025-09-05 08:00:00+00:00, run_after=2025-09-06 08:00:00+00:00
[2025-09-05T20:11:16.394+0000] {processor.py:183} INFO - Processing /opt/airflow/dags/tcc_pipeline_dag.py took 0.115 seconds
[2025-09-05T20:11:46.650+0000] {processor.py:161} INFO - Started process (PID=132) to work on /opt/airflow/dags/tcc_pipeline_dag.py
[2025-09-05T20:11:46.651+0000] {processor.py:830} INFO - Processing file /opt/airflow/dags/tcc_pipeline_dag.py for tasks to queue
[2025-09-05T20:11:46.654+0000] {logging_mixin.py:188} INFO - [2025-09-05T20:11:46.653+0000] {dagbag.py:545} INFO - Filling up the DagBag from /opt/airflow/dags/tcc_pipeline_dag.py
[2025-09-05T20:11:46.696+0000] {processor.py:840} INFO - DAG(s) 'pipeline_dados_transito_tcc' retrieved from /opt/airflow/dags/tcc_pipeline_dag.py
[2025-09-05T20:11:46.731+0000] {logging_mixin.py:188} INFO - [2025-09-05T20:11:46.730+0000] {dag.py:3096} INFO - Sync 1 DAGs
[2025-09-05T20:11:46.766+0000] {logging_mixin.py:188} INFO - [2025-09-05T20:11:46.766+0000] {dag.py:3954} INFO - Setting next_dagrun for pipeline_dados_transito_tcc to 2025-09-05 08:00:00+00:00, run_after=2025-09-06 08:00:00+00:00
[2025-09-05T20:11:46.803+0000] {processor.py:183} INFO - Processing /opt/airflow/dags/tcc_pipeline_dag.py took 0.159 seconds
[2025-09-05T20:12:16.943+0000] {processor.py:161} INFO - Started process (PID=139) to work on /opt/airflow/dags/tcc_pipeline_dag.py
[2025-09-05T20:12:16.944+0000] {processor.py:830} INFO - Processing file /opt/airflow/dags/tcc_pipeline_dag.py for tasks to queue
[2025-09-05T20:12:16.947+0000] {logging_mixin.py:188} INFO - [2025-09-05T20:12:16.946+0000] {dagbag.py:545} INFO - Filling up the DagBag from /opt/airflow/dags/tcc_pipeline_dag.py
[2025-09-05T20:12:16.993+0000] {processor.py:840} INFO - DAG(s) 'pipeline_dados_transito_tcc' retrieved from /opt/airflow/dags/tcc_pipeline_dag.py
[2025-09-05T20:12:17.030+0000] {logging_mixin.py:188} INFO - [2025-09-05T20:12:17.030+0000] {dag.py:3096} INFO - Sync 1 DAGs
[2025-09-05T20:12:17.055+0000] {logging_mixin.py:188} INFO - [2025-09-05T20:12:17.054+0000] {dag.py:3954} INFO - Setting next_dagrun for pipeline_dados_transito_tcc to 2025-09-05 08:00:00+00:00, run_after=2025-09-06 08:00:00+00:00
[2025-09-05T20:12:17.090+0000] {processor.py:183} INFO - Processing /opt/airflow/dags/tcc_pipeline_dag.py took 0.153 seconds
[2025-09-05T20:12:47.341+0000] {processor.py:161} INFO - Started process (PID=147) to work on /opt/airflow/dags/tcc_pipeline_dag.py
[2025-09-05T20:12:47.342+0000] {processor.py:830} INFO - Processing file /opt/airflow/dags/tcc_pipeline_dag.py for tasks to queue
[2025-09-05T20:12:47.345+0000] {logging_mixin.py:188} INFO - [2025-09-05T20:12:47.345+0000] {dagbag.py:545} INFO - Filling up the DagBag from /opt/airflow/dags/tcc_pipeline_dag.py
[2025-09-05T20:12:47.387+0000] {processor.py:840} INFO - DAG(s) 'pipeline_dados_transito_tcc' retrieved from /opt/airflow/dags/tcc_pipeline_dag.py
[2025-09-05T20:12:47.407+0000] {logging_mixin.py:188} INFO - [2025-09-05T20:12:47.407+0000] {dag.py:3096} INFO - Sync 1 DAGs
[2025-09-05T20:12:47.426+0000] {logging_mixin.py:188} INFO - [2025-09-05T20:12:47.426+0000] {dag.py:3954} INFO - Setting next_dagrun for pipeline_dados_transito_tcc to 2025-09-05 08:00:00+00:00, run_after=2025-09-06 08:00:00+00:00
[2025-09-05T20:12:47.442+0000] {processor.py:183} INFO - Processing /opt/airflow/dags/tcc_pipeline_dag.py took 0.108 seconds
[2025-09-05T20:13:17.637+0000] {processor.py:161} INFO - Started process (PID=154) to work on /opt/airflow/dags/tcc_pipeline_dag.py
[2025-09-05T20:13:17.638+0000] {processor.py:830} INFO - Processing file /opt/airflow/dags/tcc_pipeline_dag.py for tasks to queue
[2025-09-05T20:13:17.641+0000] {logging_mixin.py:188} INFO - [2025-09-05T20:13:17.640+0000] {dagbag.py:545} INFO - Filling up the DagBag from /opt/airflow/dags/tcc_pipeline_dag.py
[2025-09-05T20:13:17.672+0000] {processor.py:840} INFO - DAG(s) 'pipeline_dados_transito_tcc' retrieved from /opt/airflow/dags/tcc_pipeline_dag.py
[2025-09-05T20:13:17.698+0000] {logging_mixin.py:188} INFO - [2025-09-05T20:13:17.698+0000] {dag.py:3096} INFO - Sync 1 DAGs
[2025-09-05T20:13:17.721+0000] {logging_mixin.py:188} INFO - [2025-09-05T20:13:17.721+0000] {dag.py:3954} INFO - Setting next_dagrun for pipeline_dados_transito_tcc to 2025-09-05 08:00:00+00:00, run_after=2025-09-06 08:00:00+00:00
[2025-09-05T20:13:17.739+0000] {processor.py:183} INFO - Processing /opt/airflow/dags/tcc_pipeline_dag.py took 0.108 seconds
[2025-09-05T20:13:47.973+0000] {processor.py:161} INFO - Started process (PID=162) to work on /opt/airflow/dags/tcc_pipeline_dag.py
[2025-09-05T20:13:47.974+0000] {processor.py:830} INFO - Processing file /opt/airflow/dags/tcc_pipeline_dag.py for tasks to queue
[2025-09-05T20:13:47.977+0000] {logging_mixin.py:188} INFO - [2025-09-05T20:13:47.976+0000] {dagbag.py:545} INFO - Filling up the DagBag from /opt/airflow/dags/tcc_pipeline_dag.py
[2025-09-05T20:13:48.020+0000] {processor.py:840} INFO - DAG(s) 'pipeline_dados_transito_tcc' retrieved from /opt/airflow/dags/tcc_pipeline_dag.py
[2025-09-05T20:13:48.058+0000] {logging_mixin.py:188} INFO - [2025-09-05T20:13:48.057+0000] {dag.py:3096} INFO - Sync 1 DAGs
[2025-09-05T20:13:48.088+0000] {logging_mixin.py:188} INFO - [2025-09-05T20:13:48.088+0000] {dag.py:3954} INFO - Setting next_dagrun for pipeline_dados_transito_tcc to 2025-09-05 08:00:00+00:00, run_after=2025-09-06 08:00:00+00:00
[2025-09-05T20:13:48.113+0000] {processor.py:183} INFO - Processing /opt/airflow/dags/tcc_pipeline_dag.py took 0.148 seconds
[2025-09-05T20:14:18.261+0000] {processor.py:161} INFO - Started process (PID=169) to work on /opt/airflow/dags/tcc_pipeline_dag.py
[2025-09-05T20:14:18.263+0000] {processor.py:830} INFO - Processing file /opt/airflow/dags/tcc_pipeline_dag.py for tasks to queue
[2025-09-05T20:14:18.266+0000] {logging_mixin.py:188} INFO - [2025-09-05T20:14:18.265+0000] {dagbag.py:545} INFO - Filling up the DagBag from /opt/airflow/dags/tcc_pipeline_dag.py
[2025-09-05T20:14:18.314+0000] {processor.py:840} INFO - DAG(s) 'pipeline_dados_transito_tcc' retrieved from /opt/airflow/dags/tcc_pipeline_dag.py
[2025-09-05T20:14:18.344+0000] {logging_mixin.py:188} INFO - [2025-09-05T20:14:18.343+0000] {dag.py:3096} INFO - Sync 1 DAGs
[2025-09-05T20:14:18.368+0000] {logging_mixin.py:188} INFO - [2025-09-05T20:14:18.368+0000] {dag.py:3954} INFO - Setting next_dagrun for pipeline_dados_transito_tcc to 2025-09-05 08:00:00+00:00, run_after=2025-09-06 08:00:00+00:00
[2025-09-05T20:14:18.390+0000] {processor.py:183} INFO - Processing /opt/airflow/dags/tcc_pipeline_dag.py took 0.140 seconds
[2025-09-05T20:14:48.673+0000] {processor.py:161} INFO - Started process (PID=176) to work on /opt/airflow/dags/tcc_pipeline_dag.py
[2025-09-05T20:14:48.675+0000] {processor.py:830} INFO - Processing file /opt/airflow/dags/tcc_pipeline_dag.py for tasks to queue
[2025-09-05T20:14:48.679+0000] {logging_mixin.py:188} INFO - [2025-09-05T20:14:48.678+0000] {dagbag.py:545} INFO - Filling up the DagBag from /opt/airflow/dags/tcc_pipeline_dag.py
[2025-09-05T20:14:48.721+0000] {processor.py:840} INFO - DAG(s) 'pipeline_dados_transito_tcc' retrieved from /opt/airflow/dags/tcc_pipeline_dag.py
[2025-09-05T20:14:48.751+0000] {logging_mixin.py:188} INFO - [2025-09-05T20:14:48.751+0000] {dag.py:3096} INFO - Sync 1 DAGs
[2025-09-05T20:14:48.772+0000] {logging_mixin.py:188} INFO - [2025-09-05T20:14:48.772+0000] {dag.py:3954} INFO - Setting next_dagrun for pipeline_dados_transito_tcc to 2025-09-05 08:00:00+00:00, run_after=2025-09-06 08:00:00+00:00
[2025-09-05T20:14:48.791+0000] {processor.py:183} INFO - Processing /opt/airflow/dags/tcc_pipeline_dag.py took 0.133 seconds
[2025-09-05T20:15:18.911+0000] {processor.py:161} INFO - Started process (PID=183) to work on /opt/airflow/dags/tcc_pipeline_dag.py
[2025-09-05T20:15:18.912+0000] {processor.py:830} INFO - Processing file /opt/airflow/dags/tcc_pipeline_dag.py for tasks to queue
[2025-09-05T20:15:18.914+0000] {logging_mixin.py:188} INFO - [2025-09-05T20:15:18.914+0000] {dagbag.py:545} INFO - Filling up the DagBag from /opt/airflow/dags/tcc_pipeline_dag.py
[2025-09-05T20:15:18.942+0000] {processor.py:840} INFO - DAG(s) 'pipeline_dados_transito_tcc' retrieved from /opt/airflow/dags/tcc_pipeline_dag.py
[2025-09-05T20:15:18.967+0000] {logging_mixin.py:188} INFO - [2025-09-05T20:15:18.967+0000] {dag.py:3096} INFO - Sync 1 DAGs
[2025-09-05T20:15:18.986+0000] {logging_mixin.py:188} INFO - [2025-09-05T20:15:18.986+0000] {dag.py:3954} INFO - Setting next_dagrun for pipeline_dados_transito_tcc to 2025-09-05 08:00:00+00:00, run_after=2025-09-06 08:00:00+00:00
[2025-09-05T20:15:19.005+0000] {processor.py:183} INFO - Processing /opt/airflow/dags/tcc_pipeline_dag.py took 0.100 seconds
[2025-09-05T20:15:49.221+0000] {processor.py:161} INFO - Started process (PID=190) to work on /opt/airflow/dags/tcc_pipeline_dag.py
[2025-09-05T20:15:49.223+0000] {processor.py:830} INFO - Processing file /opt/airflow/dags/tcc_pipeline_dag.py for tasks to queue
[2025-09-05T20:15:49.227+0000] {logging_mixin.py:188} INFO - [2025-09-05T20:15:49.226+0000] {dagbag.py:545} INFO - Filling up the DagBag from /opt/airflow/dags/tcc_pipeline_dag.py
[2025-09-05T20:15:49.284+0000] {processor.py:840} INFO - DAG(s) 'pipeline_dados_transito_tcc' retrieved from /opt/airflow/dags/tcc_pipeline_dag.py
[2025-09-05T20:15:49.331+0000] {logging_mixin.py:188} INFO - [2025-09-05T20:15:49.331+0000] {dag.py:3096} INFO - Sync 1 DAGs
[2025-09-05T20:15:49.364+0000] {logging_mixin.py:188} INFO - [2025-09-05T20:15:49.363+0000] {dag.py:3954} INFO - Setting next_dagrun for pipeline_dados_transito_tcc to 2025-09-05 08:00:00+00:00, run_after=2025-09-06 08:00:00+00:00
[2025-09-05T20:15:49.397+0000] {processor.py:183} INFO - Processing /opt/airflow/dags/tcc_pipeline_dag.py took 0.188 seconds
[2025-09-05T20:16:19.521+0000] {processor.py:161} INFO - Started process (PID=197) to work on /opt/airflow/dags/tcc_pipeline_dag.py
[2025-09-05T20:16:19.523+0000] {processor.py:830} INFO - Processing file /opt/airflow/dags/tcc_pipeline_dag.py for tasks to queue
[2025-09-05T20:16:19.526+0000] {logging_mixin.py:188} INFO - [2025-09-05T20:16:19.525+0000] {dagbag.py:545} INFO - Filling up the DagBag from /opt/airflow/dags/tcc_pipeline_dag.py
[2025-09-05T20:16:19.577+0000] {processor.py:840} INFO - DAG(s) 'pipeline_dados_transito_tcc' retrieved from /opt/airflow/dags/tcc_pipeline_dag.py
[2025-09-05T20:16:19.605+0000] {logging_mixin.py:188} INFO - [2025-09-05T20:16:19.605+0000] {dag.py:3096} INFO - Sync 1 DAGs
[2025-09-05T20:16:19.629+0000] {logging_mixin.py:188} INFO - [2025-09-05T20:16:19.629+0000] {dag.py:3954} INFO - Setting next_dagrun for pipeline_dados_transito_tcc to 2025-09-05 08:00:00+00:00, run_after=2025-09-06 08:00:00+00:00
[2025-09-05T20:16:19.658+0000] {processor.py:183} INFO - Processing /opt/airflow/dags/tcc_pipeline_dag.py took 0.145 seconds
[2025-09-05T20:16:49.974+0000] {processor.py:161} INFO - Started process (PID=204) to work on /opt/airflow/dags/tcc_pipeline_dag.py
[2025-09-05T20:16:49.975+0000] {processor.py:830} INFO - Processing file /opt/airflow/dags/tcc_pipeline_dag.py for tasks to queue
[2025-09-05T20:16:49.978+0000] {logging_mixin.py:188} INFO - [2025-09-05T20:16:49.977+0000] {dagbag.py:545} INFO - Filling up the DagBag from /opt/airflow/dags/tcc_pipeline_dag.py
[2025-09-05T20:16:50.018+0000] {processor.py:840} INFO - DAG(s) 'pipeline_dados_transito_tcc' retrieved from /opt/airflow/dags/tcc_pipeline_dag.py
[2025-09-05T20:16:50.043+0000] {logging_mixin.py:188} INFO - [2025-09-05T20:16:50.043+0000] {dag.py:3096} INFO - Sync 1 DAGs
[2025-09-05T20:16:50.063+0000] {logging_mixin.py:188} INFO - [2025-09-05T20:16:50.063+0000] {dag.py:3954} INFO - Setting next_dagrun for pipeline_dados_transito_tcc to 2025-09-05 08:00:00+00:00, run_after=2025-09-06 08:00:00+00:00
[2025-09-05T20:16:50.082+0000] {processor.py:183} INFO - Processing /opt/airflow/dags/tcc_pipeline_dag.py took 0.115 seconds
[2025-09-05T20:17:20.269+0000] {processor.py:161} INFO - Started process (PID=211) to work on /opt/airflow/dags/tcc_pipeline_dag.py
[2025-09-05T20:17:20.271+0000] {processor.py:830} INFO - Processing file /opt/airflow/dags/tcc_pipeline_dag.py for tasks to queue
[2025-09-05T20:17:20.273+0000] {logging_mixin.py:188} INFO - [2025-09-05T20:17:20.273+0000] {dagbag.py:545} INFO - Filling up the DagBag from /opt/airflow/dags/tcc_pipeline_dag.py
[2025-09-05T20:17:20.302+0000] {processor.py:840} INFO - DAG(s) 'pipeline_dados_transito_tcc' retrieved from /opt/airflow/dags/tcc_pipeline_dag.py
[2025-09-05T20:17:20.323+0000] {logging_mixin.py:188} INFO - [2025-09-05T20:17:20.323+0000] {dag.py:3096} INFO - Sync 1 DAGs
[2025-09-05T20:17:20.342+0000] {logging_mixin.py:188} INFO - [2025-09-05T20:17:20.341+0000] {dag.py:3954} INFO - Setting next_dagrun for pipeline_dados_transito_tcc to 2025-09-05 08:00:00+00:00, run_after=2025-09-06 08:00:00+00:00
[2025-09-05T20:17:20.359+0000] {processor.py:183} INFO - Processing /opt/airflow/dags/tcc_pipeline_dag.py took 0.099 seconds
[2025-09-05T20:17:50.612+0000] {processor.py:161} INFO - Started process (PID=218) to work on /opt/airflow/dags/tcc_pipeline_dag.py
[2025-09-05T20:17:50.613+0000] {processor.py:830} INFO - Processing file /opt/airflow/dags/tcc_pipeline_dag.py for tasks to queue
[2025-09-05T20:17:50.616+0000] {logging_mixin.py:188} INFO - [2025-09-05T20:17:50.615+0000] {dagbag.py:545} INFO - Filling up the DagBag from /opt/airflow/dags/tcc_pipeline_dag.py
[2025-09-05T20:17:50.662+0000] {processor.py:840} INFO - DAG(s) 'pipeline_dados_transito_tcc' retrieved from /opt/airflow/dags/tcc_pipeline_dag.py
[2025-09-05T20:17:50.693+0000] {logging_mixin.py:188} INFO - [2025-09-05T20:17:50.693+0000] {dag.py:3096} INFO - Sync 1 DAGs
[2025-09-05T20:17:50.715+0000] {logging_mixin.py:188} INFO - [2025-09-05T20:17:50.715+0000] {dag.py:3954} INFO - Setting next_dagrun for pipeline_dados_transito_tcc to 2025-09-05 08:00:00+00:00, run_after=2025-09-06 08:00:00+00:00
[2025-09-05T20:17:50.734+0000] {processor.py:183} INFO - Processing /opt/airflow/dags/tcc_pipeline_dag.py took 0.129 seconds
[2025-09-05T20:18:20.896+0000] {processor.py:161} INFO - Started process (PID=225) to work on /opt/airflow/dags/tcc_pipeline_dag.py
[2025-09-05T20:18:20.897+0000] {processor.py:830} INFO - Processing file /opt/airflow/dags/tcc_pipeline_dag.py for tasks to queue
[2025-09-05T20:18:20.898+0000] {logging_mixin.py:188} INFO - [2025-09-05T20:18:20.898+0000] {dagbag.py:545} INFO - Filling up the DagBag from /opt/airflow/dags/tcc_pipeline_dag.py
[2025-09-05T20:18:20.928+0000] {processor.py:840} INFO - DAG(s) 'pipeline_dados_transito_tcc' retrieved from /opt/airflow/dags/tcc_pipeline_dag.py
[2025-09-05T20:18:20.960+0000] {logging_mixin.py:188} INFO - [2025-09-05T20:18:20.960+0000] {dag.py:3096} INFO - Sync 1 DAGs
[2025-09-05T20:18:20.991+0000] {logging_mixin.py:188} INFO - [2025-09-05T20:18:20.991+0000] {dag.py:3954} INFO - Setting next_dagrun for pipeline_dados_transito_tcc to 2025-09-05 08:00:00+00:00, run_after=2025-09-06 08:00:00+00:00
[2025-09-05T20:18:21.015+0000] {processor.py:183} INFO - Processing /opt/airflow/dags/tcc_pipeline_dag.py took 0.125 seconds
[2025-09-05T20:18:51.242+0000] {processor.py:161} INFO - Started process (PID=232) to work on /opt/airflow/dags/tcc_pipeline_dag.py
[2025-09-05T20:18:51.243+0000] {processor.py:830} INFO - Processing file /opt/airflow/dags/tcc_pipeline_dag.py for tasks to queue
[2025-09-05T20:18:51.244+0000] {logging_mixin.py:188} INFO - [2025-09-05T20:18:51.244+0000] {dagbag.py:545} INFO - Filling up the DagBag from /opt/airflow/dags/tcc_pipeline_dag.py
[2025-09-05T20:18:51.281+0000] {processor.py:840} INFO - DAG(s) 'pipeline_dados_transito_tcc' retrieved from /opt/airflow/dags/tcc_pipeline_dag.py
[2025-09-05T20:18:51.308+0000] {logging_mixin.py:188} INFO - [2025-09-05T20:18:51.308+0000] {dag.py:3096} INFO - Sync 1 DAGs
[2025-09-05T20:18:51.328+0000] {logging_mixin.py:188} INFO - [2025-09-05T20:18:51.327+0000] {dag.py:3954} INFO - Setting next_dagrun for pipeline_dados_transito_tcc to 2025-09-05 08:00:00+00:00, run_after=2025-09-06 08:00:00+00:00
[2025-09-05T20:18:51.347+0000] {processor.py:183} INFO - Processing /opt/airflow/dags/tcc_pipeline_dag.py took 0.110 seconds
[2025-09-05T20:19:21.529+0000] {processor.py:161} INFO - Started process (PID=239) to work on /opt/airflow/dags/tcc_pipeline_dag.py
[2025-09-05T20:19:21.530+0000] {processor.py:830} INFO - Processing file /opt/airflow/dags/tcc_pipeline_dag.py for tasks to queue
[2025-09-05T20:19:21.532+0000] {logging_mixin.py:188} INFO - [2025-09-05T20:19:21.532+0000] {dagbag.py:545} INFO - Filling up the DagBag from /opt/airflow/dags/tcc_pipeline_dag.py
[2025-09-05T20:19:21.570+0000] {processor.py:840} INFO - DAG(s) 'pipeline_dados_transito_tcc' retrieved from /opt/airflow/dags/tcc_pipeline_dag.py
[2025-09-05T20:19:21.615+0000] {logging_mixin.py:188} INFO - [2025-09-05T20:19:21.614+0000] {dag.py:3096} INFO - Sync 1 DAGs
[2025-09-05T20:19:21.656+0000] {logging_mixin.py:188} INFO - [2025-09-05T20:19:21.656+0000] {dag.py:3954} INFO - Setting next_dagrun for pipeline_dados_transito_tcc to 2025-09-05 08:00:00+00:00, run_after=2025-09-06 08:00:00+00:00
[2025-09-05T20:19:21.695+0000] {processor.py:183} INFO - Processing /opt/airflow/dags/tcc_pipeline_dag.py took 0.173 seconds
[2025-09-05T20:19:51.895+0000] {processor.py:161} INFO - Started process (PID=246) to work on /opt/airflow/dags/tcc_pipeline_dag.py
[2025-09-05T20:19:51.897+0000] {processor.py:830} INFO - Processing file /opt/airflow/dags/tcc_pipeline_dag.py for tasks to queue
[2025-09-05T20:19:51.906+0000] {logging_mixin.py:188} INFO - [2025-09-05T20:19:51.902+0000] {dagbag.py:545} INFO - Filling up the DagBag from /opt/airflow/dags/tcc_pipeline_dag.py
[2025-09-05T20:19:51.945+0000] {processor.py:840} INFO - DAG(s) 'pipeline_dados_transito_tcc' retrieved from /opt/airflow/dags/tcc_pipeline_dag.py
[2025-09-05T20:19:51.968+0000] {logging_mixin.py:188} INFO - [2025-09-05T20:19:51.968+0000] {dag.py:3096} INFO - Sync 1 DAGs
[2025-09-05T20:19:51.986+0000] {logging_mixin.py:188} INFO - [2025-09-05T20:19:51.986+0000] {dag.py:3954} INFO - Setting next_dagrun for pipeline_dados_transito_tcc to 2025-09-05 08:00:00+00:00, run_after=2025-09-06 08:00:00+00:00
[2025-09-05T20:19:52.003+0000] {processor.py:183} INFO - Processing /opt/airflow/dags/tcc_pipeline_dag.py took 0.122 seconds
[2025-09-05T20:20:22.214+0000] {processor.py:161} INFO - Started process (PID=253) to work on /opt/airflow/dags/tcc_pipeline_dag.py
[2025-09-05T20:20:22.215+0000] {processor.py:830} INFO - Processing file /opt/airflow/dags/tcc_pipeline_dag.py for tasks to queue
[2025-09-05T20:20:22.218+0000] {logging_mixin.py:188} INFO - [2025-09-05T20:20:22.217+0000] {dagbag.py:545} INFO - Filling up the DagBag from /opt/airflow/dags/tcc_pipeline_dag.py
[2025-09-05T20:20:22.264+0000] {processor.py:840} INFO - DAG(s) 'pipeline_dados_transito_tcc' retrieved from /opt/airflow/dags/tcc_pipeline_dag.py
[2025-09-05T20:20:22.303+0000] {logging_mixin.py:188} INFO - [2025-09-05T20:20:22.303+0000] {dag.py:3096} INFO - Sync 1 DAGs
[2025-09-05T20:20:22.334+0000] {logging_mixin.py:188} INFO - [2025-09-05T20:20:22.333+0000] {dag.py:3954} INFO - Setting next_dagrun for pipeline_dados_transito_tcc to 2025-09-05 08:00:00+00:00, run_after=2025-09-06 08:00:00+00:00
[2025-09-05T20:20:22.389+0000] {processor.py:183} INFO - Processing /opt/airflow/dags/tcc_pipeline_dag.py took 0.181 seconds
[2025-09-05T20:20:52.593+0000] {processor.py:161} INFO - Started process (PID=260) to work on /opt/airflow/dags/tcc_pipeline_dag.py
[2025-09-05T20:20:52.599+0000] {processor.py:830} INFO - Processing file /opt/airflow/dags/tcc_pipeline_dag.py for tasks to queue
[2025-09-05T20:20:52.604+0000] {logging_mixin.py:188} INFO - [2025-09-05T20:20:52.603+0000] {dagbag.py:545} INFO - Filling up the DagBag from /opt/airflow/dags/tcc_pipeline_dag.py
[2025-09-05T20:20:52.654+0000] {processor.py:840} INFO - DAG(s) 'pipeline_dados_transito_tcc' retrieved from /opt/airflow/dags/tcc_pipeline_dag.py
[2025-09-05T20:20:52.677+0000] {logging_mixin.py:188} INFO - [2025-09-05T20:20:52.676+0000] {dag.py:3096} INFO - Sync 1 DAGs
[2025-09-05T20:20:52.698+0000] {logging_mixin.py:188} INFO - [2025-09-05T20:20:52.698+0000] {dag.py:3954} INFO - Setting next_dagrun for pipeline_dados_transito_tcc to 2025-09-05 08:00:00+00:00, run_after=2025-09-06 08:00:00+00:00
[2025-09-05T20:20:52.716+0000] {processor.py:183} INFO - Processing /opt/airflow/dags/tcc_pipeline_dag.py took 0.132 seconds
[2025-09-05T20:21:23.041+0000] {processor.py:161} INFO - Started process (PID=267) to work on /opt/airflow/dags/tcc_pipeline_dag.py
[2025-09-05T20:21:23.042+0000] {processor.py:830} INFO - Processing file /opt/airflow/dags/tcc_pipeline_dag.py for tasks to queue
[2025-09-05T20:21:23.044+0000] {logging_mixin.py:188} INFO - [2025-09-05T20:21:23.044+0000] {dagbag.py:545} INFO - Filling up the DagBag from /opt/airflow/dags/tcc_pipeline_dag.py
[2025-09-05T20:21:23.078+0000] {processor.py:840} INFO - DAG(s) 'pipeline_dados_transito_tcc' retrieved from /opt/airflow/dags/tcc_pipeline_dag.py
[2025-09-05T20:21:23.099+0000] {logging_mixin.py:188} INFO - [2025-09-05T20:21:23.099+0000] {dag.py:3096} INFO - Sync 1 DAGs
[2025-09-05T20:21:23.119+0000] {logging_mixin.py:188} INFO - [2025-09-05T20:21:23.118+0000] {dag.py:3954} INFO - Setting next_dagrun for pipeline_dados_transito_tcc to 2025-09-05 08:00:00+00:00, run_after=2025-09-06 08:00:00+00:00
[2025-09-05T20:21:23.135+0000] {processor.py:183} INFO - Processing /opt/airflow/dags/tcc_pipeline_dag.py took 0.100 seconds
[2025-09-05T20:21:53.456+0000] {processor.py:161} INFO - Started process (PID=274) to work on /opt/airflow/dags/tcc_pipeline_dag.py
[2025-09-05T20:21:53.458+0000] {processor.py:830} INFO - Processing file /opt/airflow/dags/tcc_pipeline_dag.py for tasks to queue
[2025-09-05T20:21:53.461+0000] {logging_mixin.py:188} INFO - [2025-09-05T20:21:53.461+0000] {dagbag.py:545} INFO - Filling up the DagBag from /opt/airflow/dags/tcc_pipeline_dag.py
[2025-09-05T20:21:53.521+0000] {processor.py:840} INFO - DAG(s) 'pipeline_dados_transito_tcc' retrieved from /opt/airflow/dags/tcc_pipeline_dag.py
[2025-09-05T20:21:53.558+0000] {logging_mixin.py:188} INFO - [2025-09-05T20:21:53.558+0000] {dag.py:3096} INFO - Sync 1 DAGs
[2025-09-05T20:21:53.602+0000] {logging_mixin.py:188} INFO - [2025-09-05T20:21:53.601+0000] {dag.py:3954} INFO - Setting next_dagrun for pipeline_dados_transito_tcc to 2025-09-05 08:00:00+00:00, run_after=2025-09-06 08:00:00+00:00
[2025-09-05T20:21:53.632+0000] {processor.py:183} INFO - Processing /opt/airflow/dags/tcc_pipeline_dag.py took 0.183 seconds
[2025-09-05T20:22:23.776+0000] {processor.py:161} INFO - Started process (PID=281) to work on /opt/airflow/dags/tcc_pipeline_dag.py
[2025-09-05T20:22:23.778+0000] {processor.py:830} INFO - Processing file /opt/airflow/dags/tcc_pipeline_dag.py for tasks to queue
[2025-09-05T20:22:23.780+0000] {logging_mixin.py:188} INFO - [2025-09-05T20:22:23.780+0000] {dagbag.py:545} INFO - Filling up the DagBag from /opt/airflow/dags/tcc_pipeline_dag.py
[2025-09-05T20:22:23.831+0000] {processor.py:840} INFO - DAG(s) 'pipeline_dados_transito_tcc' retrieved from /opt/airflow/dags/tcc_pipeline_dag.py
[2025-09-05T20:22:23.853+0000] {logging_mixin.py:188} INFO - [2025-09-05T20:22:23.853+0000] {dag.py:3096} INFO - Sync 1 DAGs
[2025-09-05T20:22:23.871+0000] {logging_mixin.py:188} INFO - [2025-09-05T20:22:23.871+0000] {dag.py:3954} INFO - Setting next_dagrun for pipeline_dados_transito_tcc to 2025-09-05 08:00:00+00:00, run_after=2025-09-06 08:00:00+00:00
[2025-09-05T20:22:23.887+0000] {processor.py:183} INFO - Processing /opt/airflow/dags/tcc_pipeline_dag.py took 0.120 seconds
[2025-09-05T20:22:54.085+0000] {processor.py:161} INFO - Started process (PID=288) to work on /opt/airflow/dags/tcc_pipeline_dag.py
[2025-09-05T20:22:54.086+0000] {processor.py:830} INFO - Processing file /opt/airflow/dags/tcc_pipeline_dag.py for tasks to queue
[2025-09-05T20:22:54.090+0000] {logging_mixin.py:188} INFO - [2025-09-05T20:22:54.090+0000] {dagbag.py:545} INFO - Filling up the DagBag from /opt/airflow/dags/tcc_pipeline_dag.py
[2025-09-05T20:22:54.153+0000] {processor.py:840} INFO - DAG(s) 'pipeline_dados_transito_tcc' retrieved from /opt/airflow/dags/tcc_pipeline_dag.py
[2025-09-05T20:22:54.191+0000] {logging_mixin.py:188} INFO - [2025-09-05T20:22:54.190+0000] {dag.py:3096} INFO - Sync 1 DAGs
[2025-09-05T20:22:54.215+0000] {logging_mixin.py:188} INFO - [2025-09-05T20:22:54.215+0000] {dag.py:3954} INFO - Setting next_dagrun for pipeline_dados_transito_tcc to 2025-09-05 08:00:00+00:00, run_after=2025-09-06 08:00:00+00:00
[2025-09-05T20:22:54.234+0000] {processor.py:183} INFO - Processing /opt/airflow/dags/tcc_pipeline_dag.py took 0.154 seconds
[2025-09-05T20:23:24.514+0000] {processor.py:161} INFO - Started process (PID=295) to work on /opt/airflow/dags/tcc_pipeline_dag.py
[2025-09-05T20:23:24.515+0000] {processor.py:830} INFO - Processing file /opt/airflow/dags/tcc_pipeline_dag.py for tasks to queue
[2025-09-05T20:23:24.517+0000] {logging_mixin.py:188} INFO - [2025-09-05T20:23:24.517+0000] {dagbag.py:545} INFO - Filling up the DagBag from /opt/airflow/dags/tcc_pipeline_dag.py
[2025-09-05T20:23:24.540+0000] {processor.py:840} INFO - DAG(s) 'pipeline_dados_transito_tcc' retrieved from /opt/airflow/dags/tcc_pipeline_dag.py
[2025-09-05T20:23:24.568+0000] {logging_mixin.py:188} INFO - [2025-09-05T20:23:24.568+0000] {dag.py:3096} INFO - Sync 1 DAGs
[2025-09-05T20:23:24.590+0000] {logging_mixin.py:188} INFO - [2025-09-05T20:23:24.589+0000] {dag.py:3954} INFO - Setting next_dagrun for pipeline_dados_transito_tcc to 2025-09-05 08:00:00+00:00, run_after=2025-09-06 08:00:00+00:00
[2025-09-05T20:23:24.614+0000] {processor.py:183} INFO - Processing /opt/airflow/dags/tcc_pipeline_dag.py took 0.104 seconds
[2025-09-05T20:23:54.894+0000] {processor.py:161} INFO - Started process (PID=302) to work on /opt/airflow/dags/tcc_pipeline_dag.py
[2025-09-05T20:23:54.896+0000] {processor.py:830} INFO - Processing file /opt/airflow/dags/tcc_pipeline_dag.py for tasks to queue
[2025-09-05T20:23:54.898+0000] {logging_mixin.py:188} INFO - [2025-09-05T20:23:54.898+0000] {dagbag.py:545} INFO - Filling up the DagBag from /opt/airflow/dags/tcc_pipeline_dag.py
[2025-09-05T20:23:54.942+0000] {processor.py:840} INFO - DAG(s) 'pipeline_dados_transito_tcc' retrieved from /opt/airflow/dags/tcc_pipeline_dag.py
[2025-09-05T20:23:54.972+0000] {logging_mixin.py:188} INFO - [2025-09-05T20:23:54.972+0000] {dag.py:3096} INFO - Sync 1 DAGs
[2025-09-05T20:23:54.994+0000] {logging_mixin.py:188} INFO - [2025-09-05T20:23:54.994+0000] {dag.py:3954} INFO - Setting next_dagrun for pipeline_dados_transito_tcc to 2025-09-05 08:00:00+00:00, run_after=2025-09-06 08:00:00+00:00
[2025-09-05T20:23:55.016+0000] {processor.py:183} INFO - Processing /opt/airflow/dags/tcc_pipeline_dag.py took 0.127 seconds
[2025-09-05T20:24:25.235+0000] {processor.py:161} INFO - Started process (PID=309) to work on /opt/airflow/dags/tcc_pipeline_dag.py
[2025-09-05T20:24:25.236+0000] {processor.py:830} INFO - Processing file /opt/airflow/dags/tcc_pipeline_dag.py for tasks to queue
[2025-09-05T20:24:25.238+0000] {logging_mixin.py:188} INFO - [2025-09-05T20:24:25.238+0000] {dagbag.py:545} INFO - Filling up the DagBag from /opt/airflow/dags/tcc_pipeline_dag.py
[2025-09-05T20:24:25.281+0000] {processor.py:840} INFO - DAG(s) 'pipeline_dados_transito_tcc' retrieved from /opt/airflow/dags/tcc_pipeline_dag.py
[2025-09-05T20:24:25.305+0000] {logging_mixin.py:188} INFO - [2025-09-05T20:24:25.305+0000] {dag.py:3096} INFO - Sync 1 DAGs
[2025-09-05T20:24:25.325+0000] {logging_mixin.py:188} INFO - [2025-09-05T20:24:25.325+0000] {dag.py:3954} INFO - Setting next_dagrun for pipeline_dados_transito_tcc to 2025-09-05 08:00:00+00:00, run_after=2025-09-06 08:00:00+00:00
[2025-09-05T20:24:25.343+0000] {processor.py:183} INFO - Processing /opt/airflow/dags/tcc_pipeline_dag.py took 0.117 seconds
[2025-09-05T20:24:55.678+0000] {processor.py:161} INFO - Started process (PID=316) to work on /opt/airflow/dags/tcc_pipeline_dag.py
[2025-09-05T20:24:55.679+0000] {processor.py:830} INFO - Processing file /opt/airflow/dags/tcc_pipeline_dag.py for tasks to queue
[2025-09-05T20:24:55.681+0000] {logging_mixin.py:188} INFO - [2025-09-05T20:24:55.681+0000] {dagbag.py:545} INFO - Filling up the DagBag from /opt/airflow/dags/tcc_pipeline_dag.py
[2025-09-05T20:24:55.751+0000] {processor.py:840} INFO - DAG(s) 'pipeline_dados_transito_tcc' retrieved from /opt/airflow/dags/tcc_pipeline_dag.py
[2025-09-05T20:24:55.775+0000] {logging_mixin.py:188} INFO - [2025-09-05T20:24:55.775+0000] {dag.py:3096} INFO - Sync 1 DAGs
[2025-09-05T20:24:55.792+0000] {logging_mixin.py:188} INFO - [2025-09-05T20:24:55.792+0000] {dag.py:3954} INFO - Setting next_dagrun for pipeline_dados_transito_tcc to 2025-09-05 08:00:00+00:00, run_after=2025-09-06 08:00:00+00:00
[2025-09-05T20:24:55.822+0000] {processor.py:183} INFO - Processing /opt/airflow/dags/tcc_pipeline_dag.py took 0.152 seconds
[2025-09-05T20:25:25.999+0000] {processor.py:161} INFO - Started process (PID=323) to work on /opt/airflow/dags/tcc_pipeline_dag.py
[2025-09-05T20:25:26.000+0000] {processor.py:830} INFO - Processing file /opt/airflow/dags/tcc_pipeline_dag.py for tasks to queue
[2025-09-05T20:25:26.003+0000] {logging_mixin.py:188} INFO - [2025-09-05T20:25:26.002+0000] {dagbag.py:545} INFO - Filling up the DagBag from /opt/airflow/dags/tcc_pipeline_dag.py
[2025-09-05T20:25:26.042+0000] {processor.py:840} INFO - DAG(s) 'pipeline_dados_transito_tcc' retrieved from /opt/airflow/dags/tcc_pipeline_dag.py
[2025-09-05T20:25:26.069+0000] {logging_mixin.py:188} INFO - [2025-09-05T20:25:26.069+0000] {dag.py:3096} INFO - Sync 1 DAGs
[2025-09-05T20:25:26.090+0000] {logging_mixin.py:188} INFO - [2025-09-05T20:25:26.090+0000] {dag.py:3954} INFO - Setting next_dagrun for pipeline_dados_transito_tcc to 2025-09-05 08:00:00+00:00, run_after=2025-09-06 08:00:00+00:00
[2025-09-05T20:25:26.106+0000] {processor.py:183} INFO - Processing /opt/airflow/dags/tcc_pipeline_dag.py took 0.113 seconds
[2025-09-05T20:25:56.454+0000] {processor.py:161} INFO - Started process (PID=330) to work on /opt/airflow/dags/tcc_pipeline_dag.py
[2025-09-05T20:25:56.457+0000] {processor.py:830} INFO - Processing file /opt/airflow/dags/tcc_pipeline_dag.py for tasks to queue
[2025-09-05T20:25:56.460+0000] {logging_mixin.py:188} INFO - [2025-09-05T20:25:56.459+0000] {dagbag.py:545} INFO - Filling up the DagBag from /opt/airflow/dags/tcc_pipeline_dag.py
[2025-09-05T20:25:56.514+0000] {processor.py:840} INFO - DAG(s) 'pipeline_dados_transito_tcc' retrieved from /opt/airflow/dags/tcc_pipeline_dag.py
[2025-09-05T20:25:56.540+0000] {logging_mixin.py:188} INFO - [2025-09-05T20:25:56.539+0000] {dag.py:3096} INFO - Sync 1 DAGs
[2025-09-05T20:25:56.559+0000] {logging_mixin.py:188} INFO - [2025-09-05T20:25:56.559+0000] {dag.py:3954} INFO - Setting next_dagrun for pipeline_dados_transito_tcc to 2025-09-05 08:00:00+00:00, run_after=2025-09-06 08:00:00+00:00
[2025-09-05T20:25:56.575+0000] {processor.py:183} INFO - Processing /opt/airflow/dags/tcc_pipeline_dag.py took 0.130 seconds
[2025-09-05T20:26:26.812+0000] {processor.py:161} INFO - Started process (PID=337) to work on /opt/airflow/dags/tcc_pipeline_dag.py
[2025-09-05T20:26:26.813+0000] {processor.py:830} INFO - Processing file /opt/airflow/dags/tcc_pipeline_dag.py for tasks to queue
[2025-09-05T20:26:26.816+0000] {logging_mixin.py:188} INFO - [2025-09-05T20:26:26.815+0000] {dagbag.py:545} INFO - Filling up the DagBag from /opt/airflow/dags/tcc_pipeline_dag.py
[2025-09-05T20:26:26.863+0000] {processor.py:840} INFO - DAG(s) 'pipeline_dados_transito_tcc' retrieved from /opt/airflow/dags/tcc_pipeline_dag.py
[2025-09-05T20:26:26.901+0000] {logging_mixin.py:188} INFO - [2025-09-05T20:26:26.900+0000] {dag.py:3096} INFO - Sync 1 DAGs
[2025-09-05T20:26:26.920+0000] {logging_mixin.py:188} INFO - [2025-09-05T20:26:26.920+0000] {dag.py:3954} INFO - Setting next_dagrun for pipeline_dados_transito_tcc to 2025-09-05 08:00:00+00:00, run_after=2025-09-06 08:00:00+00:00
[2025-09-05T20:26:26.935+0000] {processor.py:183} INFO - Processing /opt/airflow/dags/tcc_pipeline_dag.py took 0.133 seconds
[2025-09-05T20:26:57.334+0000] {processor.py:161} INFO - Started process (PID=344) to work on /opt/airflow/dags/tcc_pipeline_dag.py
[2025-09-05T20:26:57.336+0000] {processor.py:830} INFO - Processing file /opt/airflow/dags/tcc_pipeline_dag.py for tasks to queue
[2025-09-05T20:26:57.338+0000] {logging_mixin.py:188} INFO - [2025-09-05T20:26:57.337+0000] {dagbag.py:545} INFO - Filling up the DagBag from /opt/airflow/dags/tcc_pipeline_dag.py
[2025-09-05T20:26:57.360+0000] {processor.py:840} INFO - DAG(s) 'pipeline_dados_transito_tcc' retrieved from /opt/airflow/dags/tcc_pipeline_dag.py
[2025-09-05T20:26:57.385+0000] {logging_mixin.py:188} INFO - [2025-09-05T20:26:57.385+0000] {dag.py:3096} INFO - Sync 1 DAGs
[2025-09-05T20:26:57.411+0000] {logging_mixin.py:188} INFO - [2025-09-05T20:26:57.411+0000] {dag.py:3954} INFO - Setting next_dagrun for pipeline_dados_transito_tcc to 2025-09-05 08:00:00+00:00, run_after=2025-09-06 08:00:00+00:00
[2025-09-05T20:26:57.443+0000] {processor.py:183} INFO - Processing /opt/airflow/dags/tcc_pipeline_dag.py took 0.115 seconds
[2025-09-05T20:27:27.672+0000] {processor.py:161} INFO - Started process (PID=351) to work on /opt/airflow/dags/tcc_pipeline_dag.py
[2025-09-05T20:27:27.673+0000] {processor.py:830} INFO - Processing file /opt/airflow/dags/tcc_pipeline_dag.py for tasks to queue
[2025-09-05T20:27:27.675+0000] {logging_mixin.py:188} INFO - [2025-09-05T20:27:27.675+0000] {dagbag.py:545} INFO - Filling up the DagBag from /opt/airflow/dags/tcc_pipeline_dag.py
[2025-09-05T20:27:27.722+0000] {processor.py:840} INFO - DAG(s) 'pipeline_dados_transito_tcc' retrieved from /opt/airflow/dags/tcc_pipeline_dag.py
[2025-09-05T20:27:27.750+0000] {logging_mixin.py:188} INFO - [2025-09-05T20:27:27.750+0000] {dag.py:3096} INFO - Sync 1 DAGs
[2025-09-05T20:27:27.769+0000] {logging_mixin.py:188} INFO - [2025-09-05T20:27:27.769+0000] {dag.py:3954} INFO - Setting next_dagrun for pipeline_dados_transito_tcc to 2025-09-05 08:00:00+00:00, run_after=2025-09-06 08:00:00+00:00
[2025-09-05T20:27:27.786+0000] {processor.py:183} INFO - Processing /opt/airflow/dags/tcc_pipeline_dag.py took 0.121 seconds
[2025-09-05T20:27:58.108+0000] {processor.py:161} INFO - Started process (PID=358) to work on /opt/airflow/dags/tcc_pipeline_dag.py
[2025-09-05T20:27:58.109+0000] {processor.py:830} INFO - Processing file /opt/airflow/dags/tcc_pipeline_dag.py for tasks to queue
[2025-09-05T20:27:58.112+0000] {logging_mixin.py:188} INFO - [2025-09-05T20:27:58.111+0000] {dagbag.py:545} INFO - Filling up the DagBag from /opt/airflow/dags/tcc_pipeline_dag.py
[2025-09-05T20:27:58.138+0000] {processor.py:840} INFO - DAG(s) 'pipeline_dados_transito_tcc' retrieved from /opt/airflow/dags/tcc_pipeline_dag.py
[2025-09-05T20:27:58.161+0000] {logging_mixin.py:188} INFO - [2025-09-05T20:27:58.161+0000] {dag.py:3096} INFO - Sync 1 DAGs
[2025-09-05T20:27:58.180+0000] {logging_mixin.py:188} INFO - [2025-09-05T20:27:58.179+0000] {dag.py:3954} INFO - Setting next_dagrun for pipeline_dados_transito_tcc to 2025-09-05 08:00:00+00:00, run_after=2025-09-06 08:00:00+00:00
[2025-09-05T20:27:58.196+0000] {processor.py:183} INFO - Processing /opt/airflow/dags/tcc_pipeline_dag.py took 0.095 seconds
[2025-09-05T20:28:28.457+0000] {processor.py:161} INFO - Started process (PID=365) to work on /opt/airflow/dags/tcc_pipeline_dag.py
[2025-09-05T20:28:28.460+0000] {processor.py:830} INFO - Processing file /opt/airflow/dags/tcc_pipeline_dag.py for tasks to queue
[2025-09-05T20:28:28.465+0000] {logging_mixin.py:188} INFO - [2025-09-05T20:28:28.464+0000] {dagbag.py:545} INFO - Filling up the DagBag from /opt/airflow/dags/tcc_pipeline_dag.py
[2025-09-05T20:28:28.529+0000] {processor.py:840} INFO - DAG(s) 'pipeline_dados_transito_tcc' retrieved from /opt/airflow/dags/tcc_pipeline_dag.py
[2025-09-05T20:28:28.558+0000] {logging_mixin.py:188} INFO - [2025-09-05T20:28:28.558+0000] {dag.py:3096} INFO - Sync 1 DAGs
[2025-09-05T20:28:28.579+0000] {logging_mixin.py:188} INFO - [2025-09-05T20:28:28.579+0000] {dag.py:3954} INFO - Setting next_dagrun for pipeline_dados_transito_tcc to 2025-09-05 08:00:00+00:00, run_after=2025-09-06 08:00:00+00:00
[2025-09-05T20:28:28.613+0000] {processor.py:183} INFO - Processing /opt/airflow/dags/tcc_pipeline_dag.py took 0.168 seconds
[2025-09-05T20:28:58.811+0000] {processor.py:161} INFO - Started process (PID=372) to work on /opt/airflow/dags/tcc_pipeline_dag.py
[2025-09-05T20:28:58.812+0000] {processor.py:830} INFO - Processing file /opt/airflow/dags/tcc_pipeline_dag.py for tasks to queue
[2025-09-05T20:28:58.815+0000] {logging_mixin.py:188} INFO - [2025-09-05T20:28:58.814+0000] {dagbag.py:545} INFO - Filling up the DagBag from /opt/airflow/dags/tcc_pipeline_dag.py
[2025-09-05T20:28:58.854+0000] {processor.py:840} INFO - DAG(s) 'pipeline_dados_transito_tcc' retrieved from /opt/airflow/dags/tcc_pipeline_dag.py
[2025-09-05T20:28:58.877+0000] {logging_mixin.py:188} INFO - [2025-09-05T20:28:58.877+0000] {dag.py:3096} INFO - Sync 1 DAGs
[2025-09-05T20:28:58.896+0000] {logging_mixin.py:188} INFO - [2025-09-05T20:28:58.896+0000] {dag.py:3954} INFO - Setting next_dagrun for pipeline_dados_transito_tcc to 2025-09-05 08:00:00+00:00, run_after=2025-09-06 08:00:00+00:00
[2025-09-05T20:28:58.913+0000] {processor.py:183} INFO - Processing /opt/airflow/dags/tcc_pipeline_dag.py took 0.115 seconds
[2025-09-05T20:29:29.201+0000] {processor.py:161} INFO - Started process (PID=379) to work on /opt/airflow/dags/tcc_pipeline_dag.py
[2025-09-05T20:29:29.202+0000] {processor.py:830} INFO - Processing file /opt/airflow/dags/tcc_pipeline_dag.py for tasks to queue
[2025-09-05T20:29:29.206+0000] {logging_mixin.py:188} INFO - [2025-09-05T20:29:29.204+0000] {dagbag.py:545} INFO - Filling up the DagBag from /opt/airflow/dags/tcc_pipeline_dag.py
[2025-09-05T20:29:29.231+0000] {processor.py:840} INFO - DAG(s) 'pipeline_dados_transito_tcc' retrieved from /opt/airflow/dags/tcc_pipeline_dag.py
[2025-09-05T20:29:29.258+0000] {logging_mixin.py:188} INFO - [2025-09-05T20:29:29.257+0000] {dag.py:3096} INFO - Sync 1 DAGs
[2025-09-05T20:29:29.281+0000] {logging_mixin.py:188} INFO - [2025-09-05T20:29:29.281+0000] {dag.py:3954} INFO - Setting next_dagrun for pipeline_dados_transito_tcc to 2025-09-05 08:00:00+00:00, run_after=2025-09-06 08:00:00+00:00
[2025-09-05T20:29:29.299+0000] {processor.py:183} INFO - Processing /opt/airflow/dags/tcc_pipeline_dag.py took 0.105 seconds
[2025-09-05T20:29:59.536+0000] {processor.py:161} INFO - Started process (PID=386) to work on /opt/airflow/dags/tcc_pipeline_dag.py
[2025-09-05T20:29:59.537+0000] {processor.py:830} INFO - Processing file /opt/airflow/dags/tcc_pipeline_dag.py for tasks to queue
[2025-09-05T20:29:59.540+0000] {logging_mixin.py:188} INFO - [2025-09-05T20:29:59.540+0000] {dagbag.py:545} INFO - Filling up the DagBag from /opt/airflow/dags/tcc_pipeline_dag.py
[2025-09-05T20:29:59.573+0000] {processor.py:840} INFO - DAG(s) 'pipeline_dados_transito_tcc' retrieved from /opt/airflow/dags/tcc_pipeline_dag.py
[2025-09-05T20:29:59.601+0000] {logging_mixin.py:188} INFO - [2025-09-05T20:29:59.601+0000] {dag.py:3096} INFO - Sync 1 DAGs
[2025-09-05T20:29:59.623+0000] {logging_mixin.py:188} INFO - [2025-09-05T20:29:59.623+0000] {dag.py:3954} INFO - Setting next_dagrun for pipeline_dados_transito_tcc to 2025-09-05 08:00:00+00:00, run_after=2025-09-06 08:00:00+00:00
[2025-09-05T20:29:59.643+0000] {processor.py:183} INFO - Processing /opt/airflow/dags/tcc_pipeline_dag.py took 0.115 seconds
[2025-09-05T20:30:29.842+0000] {processor.py:161} INFO - Started process (PID=393) to work on /opt/airflow/dags/tcc_pipeline_dag.py
[2025-09-05T20:30:29.845+0000] {processor.py:830} INFO - Processing file /opt/airflow/dags/tcc_pipeline_dag.py for tasks to queue
[2025-09-05T20:30:29.848+0000] {logging_mixin.py:188} INFO - [2025-09-05T20:30:29.847+0000] {dagbag.py:545} INFO - Filling up the DagBag from /opt/airflow/dags/tcc_pipeline_dag.py
[2025-09-05T20:30:29.893+0000] {processor.py:840} INFO - DAG(s) 'pipeline_dados_transito_tcc' retrieved from /opt/airflow/dags/tcc_pipeline_dag.py
[2025-09-05T20:30:29.957+0000] {logging_mixin.py:188} INFO - [2025-09-05T20:30:29.956+0000] {dag.py:3096} INFO - Sync 1 DAGs
[2025-09-05T20:30:29.987+0000] {logging_mixin.py:188} INFO - [2025-09-05T20:30:29.986+0000] {dag.py:3954} INFO - Setting next_dagrun for pipeline_dados_transito_tcc to 2025-09-05 08:00:00+00:00, run_after=2025-09-06 08:00:00+00:00
[2025-09-05T20:30:30.013+0000] {processor.py:183} INFO - Processing /opt/airflow/dags/tcc_pipeline_dag.py took 0.178 seconds
[2025-09-05T20:31:00.234+0000] {processor.py:161} INFO - Started process (PID=400) to work on /opt/airflow/dags/tcc_pipeline_dag.py
[2025-09-05T20:31:00.235+0000] {processor.py:830} INFO - Processing file /opt/airflow/dags/tcc_pipeline_dag.py for tasks to queue
[2025-09-05T20:31:00.237+0000] {logging_mixin.py:188} INFO - [2025-09-05T20:31:00.237+0000] {dagbag.py:545} INFO - Filling up the DagBag from /opt/airflow/dags/tcc_pipeline_dag.py
[2025-09-05T20:31:00.273+0000] {processor.py:840} INFO - DAG(s) 'pipeline_dados_transito_tcc' retrieved from /opt/airflow/dags/tcc_pipeline_dag.py
[2025-09-05T20:31:00.295+0000] {logging_mixin.py:188} INFO - [2025-09-05T20:31:00.295+0000] {dag.py:3096} INFO - Sync 1 DAGs
[2025-09-05T20:31:00.318+0000] {logging_mixin.py:188} INFO - [2025-09-05T20:31:00.318+0000] {dag.py:3954} INFO - Setting next_dagrun for pipeline_dados_transito_tcc to 2025-09-05 08:00:00+00:00, run_after=2025-09-06 08:00:00+00:00
[2025-09-05T20:31:00.337+0000] {processor.py:183} INFO - Processing /opt/airflow/dags/tcc_pipeline_dag.py took 0.110 seconds
[2025-09-05T20:31:30.544+0000] {processor.py:161} INFO - Started process (PID=407) to work on /opt/airflow/dags/tcc_pipeline_dag.py
[2025-09-05T20:31:30.546+0000] {processor.py:830} INFO - Processing file /opt/airflow/dags/tcc_pipeline_dag.py for tasks to queue
[2025-09-05T20:31:30.549+0000] {logging_mixin.py:188} INFO - [2025-09-05T20:31:30.549+0000] {dagbag.py:545} INFO - Filling up the DagBag from /opt/airflow/dags/tcc_pipeline_dag.py
[2025-09-05T20:31:30.606+0000] {processor.py:840} INFO - DAG(s) 'pipeline_dados_transito_tcc' retrieved from /opt/airflow/dags/tcc_pipeline_dag.py
[2025-09-05T20:31:30.642+0000] {logging_mixin.py:188} INFO - [2025-09-05T20:31:30.642+0000] {dag.py:3096} INFO - Sync 1 DAGs
[2025-09-05T20:31:30.681+0000] {logging_mixin.py:188} INFO - [2025-09-05T20:31:30.681+0000] {dag.py:3954} INFO - Setting next_dagrun for pipeline_dados_transito_tcc to 2025-09-05 08:00:00+00:00, run_after=2025-09-06 08:00:00+00:00
[2025-09-05T20:31:30.706+0000] {processor.py:183} INFO - Processing /opt/airflow/dags/tcc_pipeline_dag.py took 0.169 seconds
[2025-09-05T20:32:00.911+0000] {processor.py:161} INFO - Started process (PID=414) to work on /opt/airflow/dags/tcc_pipeline_dag.py
[2025-09-05T20:32:00.913+0000] {processor.py:830} INFO - Processing file /opt/airflow/dags/tcc_pipeline_dag.py for tasks to queue
[2025-09-05T20:32:00.918+0000] {logging_mixin.py:188} INFO - [2025-09-05T20:32:00.917+0000] {dagbag.py:545} INFO - Filling up the DagBag from /opt/airflow/dags/tcc_pipeline_dag.py
[2025-09-05T20:32:00.989+0000] {processor.py:840} INFO - DAG(s) 'pipeline_dados_transito_tcc' retrieved from /opt/airflow/dags/tcc_pipeline_dag.py
[2025-09-05T20:32:01.026+0000] {logging_mixin.py:188} INFO - [2025-09-05T20:32:01.026+0000] {dag.py:3096} INFO - Sync 1 DAGs
[2025-09-05T20:32:01.047+0000] {logging_mixin.py:188} INFO - [2025-09-05T20:32:01.047+0000] {dag.py:3954} INFO - Setting next_dagrun for pipeline_dados_transito_tcc to 2025-09-05 08:00:00+00:00, run_after=2025-09-06 08:00:00+00:00
[2025-09-05T20:32:01.070+0000] {processor.py:183} INFO - Processing /opt/airflow/dags/tcc_pipeline_dag.py took 0.171 seconds
[2025-09-05T20:32:31.174+0000] {processor.py:161} INFO - Started process (PID=421) to work on /opt/airflow/dags/tcc_pipeline_dag.py
[2025-09-05T20:32:31.176+0000] {processor.py:830} INFO - Processing file /opt/airflow/dags/tcc_pipeline_dag.py for tasks to queue
[2025-09-05T20:32:31.178+0000] {logging_mixin.py:188} INFO - [2025-09-05T20:32:31.178+0000] {dagbag.py:545} INFO - Filling up the DagBag from /opt/airflow/dags/tcc_pipeline_dag.py
[2025-09-05T20:32:31.217+0000] {processor.py:840} INFO - DAG(s) 'pipeline_dados_transito_tcc' retrieved from /opt/airflow/dags/tcc_pipeline_dag.py
[2025-09-05T20:32:31.258+0000] {logging_mixin.py:188} INFO - [2025-09-05T20:32:31.257+0000] {dag.py:3096} INFO - Sync 1 DAGs
[2025-09-05T20:32:31.290+0000] {logging_mixin.py:188} INFO - [2025-09-05T20:32:31.290+0000] {dag.py:3954} INFO - Setting next_dagrun for pipeline_dados_transito_tcc to 2025-09-05 08:00:00+00:00, run_after=2025-09-06 08:00:00+00:00
[2025-09-05T20:32:31.323+0000] {processor.py:183} INFO - Processing /opt/airflow/dags/tcc_pipeline_dag.py took 0.154 seconds
[2025-09-05T20:33:01.642+0000] {processor.py:161} INFO - Started process (PID=429) to work on /opt/airflow/dags/tcc_pipeline_dag.py
[2025-09-05T20:33:01.643+0000] {processor.py:830} INFO - Processing file /opt/airflow/dags/tcc_pipeline_dag.py for tasks to queue
[2025-09-05T20:33:01.647+0000] {logging_mixin.py:188} INFO - [2025-09-05T20:33:01.646+0000] {dagbag.py:545} INFO - Filling up the DagBag from /opt/airflow/dags/tcc_pipeline_dag.py
[2025-09-05T20:33:01.697+0000] {processor.py:840} INFO - DAG(s) 'pipeline_dados_transito_tcc' retrieved from /opt/airflow/dags/tcc_pipeline_dag.py
[2025-09-05T20:33:01.728+0000] {logging_mixin.py:188} INFO - [2025-09-05T20:33:01.727+0000] {dag.py:3096} INFO - Sync 1 DAGs
[2025-09-05T20:33:01.758+0000] {logging_mixin.py:188} INFO - [2025-09-05T20:33:01.758+0000] {dag.py:3954} INFO - Setting next_dagrun for pipeline_dados_transito_tcc to 2025-09-05 08:00:00+00:00, run_after=2025-09-06 08:00:00+00:00
[2025-09-05T20:33:01.805+0000] {processor.py:183} INFO - Processing /opt/airflow/dags/tcc_pipeline_dag.py took 0.168 seconds
[2025-09-05T20:33:31.914+0000] {processor.py:161} INFO - Started process (PID=436) to work on /opt/airflow/dags/tcc_pipeline_dag.py
[2025-09-05T20:33:31.916+0000] {processor.py:830} INFO - Processing file /opt/airflow/dags/tcc_pipeline_dag.py for tasks to queue
[2025-09-05T20:33:31.919+0000] {logging_mixin.py:188} INFO - [2025-09-05T20:33:31.918+0000] {dagbag.py:545} INFO - Filling up the DagBag from /opt/airflow/dags/tcc_pipeline_dag.py
[2025-09-05T20:33:31.955+0000] {processor.py:840} INFO - DAG(s) 'pipeline_dados_transito_tcc' retrieved from /opt/airflow/dags/tcc_pipeline_dag.py
[2025-09-05T20:33:31.985+0000] {logging_mixin.py:188} INFO - [2025-09-05T20:33:31.984+0000] {dag.py:3096} INFO - Sync 1 DAGs
[2025-09-05T20:33:32.005+0000] {logging_mixin.py:188} INFO - [2025-09-05T20:33:32.005+0000] {dag.py:3954} INFO - Setting next_dagrun for pipeline_dados_transito_tcc to 2025-09-05 08:00:00+00:00, run_after=2025-09-06 08:00:00+00:00
[2025-09-05T20:33:32.026+0000] {processor.py:183} INFO - Processing /opt/airflow/dags/tcc_pipeline_dag.py took 0.118 seconds
[2025-09-05T20:34:02.139+0000] {processor.py:161} INFO - Started process (PID=443) to work on /opt/airflow/dags/tcc_pipeline_dag.py
[2025-09-05T20:34:02.141+0000] {processor.py:830} INFO - Processing file /opt/airflow/dags/tcc_pipeline_dag.py for tasks to queue
[2025-09-05T20:34:02.144+0000] {logging_mixin.py:188} INFO - [2025-09-05T20:34:02.144+0000] {dagbag.py:545} INFO - Filling up the DagBag from /opt/airflow/dags/tcc_pipeline_dag.py
[2025-09-05T20:34:02.194+0000] {processor.py:840} INFO - DAG(s) 'pipeline_dados_transito_tcc' retrieved from /opt/airflow/dags/tcc_pipeline_dag.py
[2025-09-05T20:34:02.220+0000] {logging_mixin.py:188} INFO - [2025-09-05T20:34:02.219+0000] {dag.py:3096} INFO - Sync 1 DAGs
[2025-09-05T20:34:02.248+0000] {logging_mixin.py:188} INFO - [2025-09-05T20:34:02.248+0000] {dag.py:3954} INFO - Setting next_dagrun for pipeline_dados_transito_tcc to 2025-09-05 08:00:00+00:00, run_after=2025-09-06 08:00:00+00:00
[2025-09-05T20:34:02.272+0000] {processor.py:183} INFO - Processing /opt/airflow/dags/tcc_pipeline_dag.py took 0.138 seconds
[2025-09-05T20:34:32.559+0000] {processor.py:161} INFO - Started process (PID=450) to work on /opt/airflow/dags/tcc_pipeline_dag.py
[2025-09-05T20:34:32.562+0000] {processor.py:830} INFO - Processing file /opt/airflow/dags/tcc_pipeline_dag.py for tasks to queue
[2025-09-05T20:34:32.567+0000] {logging_mixin.py:188} INFO - [2025-09-05T20:34:32.566+0000] {dagbag.py:545} INFO - Filling up the DagBag from /opt/airflow/dags/tcc_pipeline_dag.py
[2025-09-05T20:34:32.614+0000] {processor.py:840} INFO - DAG(s) 'pipeline_dados_transito_tcc' retrieved from /opt/airflow/dags/tcc_pipeline_dag.py
[2025-09-05T20:34:32.677+0000] {logging_mixin.py:188} INFO - [2025-09-05T20:34:32.677+0000] {dag.py:3096} INFO - Sync 1 DAGs
[2025-09-05T20:34:32.710+0000] {logging_mixin.py:188} INFO - [2025-09-05T20:34:32.710+0000] {dag.py:3954} INFO - Setting next_dagrun for pipeline_dados_transito_tcc to 2025-09-05 08:00:00+00:00, run_after=2025-09-06 08:00:00+00:00
[2025-09-05T20:34:32.733+0000] {processor.py:183} INFO - Processing /opt/airflow/dags/tcc_pipeline_dag.py took 0.189 seconds
[2025-09-05T20:35:02.859+0000] {processor.py:161} INFO - Started process (PID=457) to work on /opt/airflow/dags/tcc_pipeline_dag.py
[2025-09-05T20:35:02.860+0000] {processor.py:830} INFO - Processing file /opt/airflow/dags/tcc_pipeline_dag.py for tasks to queue
[2025-09-05T20:35:02.864+0000] {logging_mixin.py:188} INFO - [2025-09-05T20:35:02.863+0000] {dagbag.py:545} INFO - Filling up the DagBag from /opt/airflow/dags/tcc_pipeline_dag.py
[2025-09-05T20:35:02.915+0000] {processor.py:840} INFO - DAG(s) 'pipeline_dados_transito_tcc' retrieved from /opt/airflow/dags/tcc_pipeline_dag.py
[2025-09-05T20:35:02.946+0000] {logging_mixin.py:188} INFO - [2025-09-05T20:35:02.946+0000] {dag.py:3096} INFO - Sync 1 DAGs
[2025-09-05T20:35:02.968+0000] {logging_mixin.py:188} INFO - [2025-09-05T20:35:02.968+0000] {dag.py:3954} INFO - Setting next_dagrun for pipeline_dados_transito_tcc to 2025-09-05 08:00:00+00:00, run_after=2025-09-06 08:00:00+00:00
[2025-09-05T20:35:02.994+0000] {processor.py:183} INFO - Processing /opt/airflow/dags/tcc_pipeline_dag.py took 0.141 seconds
[2025-09-05T20:35:33.109+0000] {processor.py:161} INFO - Started process (PID=464) to work on /opt/airflow/dags/tcc_pipeline_dag.py
[2025-09-05T20:35:33.110+0000] {processor.py:830} INFO - Processing file /opt/airflow/dags/tcc_pipeline_dag.py for tasks to queue
[2025-09-05T20:35:33.112+0000] {logging_mixin.py:188} INFO - [2025-09-05T20:35:33.112+0000] {dagbag.py:545} INFO - Filling up the DagBag from /opt/airflow/dags/tcc_pipeline_dag.py
[2025-09-05T20:35:33.149+0000] {processor.py:840} INFO - DAG(s) 'pipeline_dados_transito_tcc' retrieved from /opt/airflow/dags/tcc_pipeline_dag.py
[2025-09-05T20:35:33.177+0000] {logging_mixin.py:188} INFO - [2025-09-05T20:35:33.176+0000] {dag.py:3096} INFO - Sync 1 DAGs
[2025-09-05T20:35:33.195+0000] {logging_mixin.py:188} INFO - [2025-09-05T20:35:33.195+0000] {dag.py:3954} INFO - Setting next_dagrun for pipeline_dados_transito_tcc to 2025-09-05 08:00:00+00:00, run_after=2025-09-06 08:00:00+00:00
[2025-09-05T20:35:33.211+0000] {processor.py:183} INFO - Processing /opt/airflow/dags/tcc_pipeline_dag.py took 0.107 seconds
[2025-09-05T20:36:03.483+0000] {processor.py:161} INFO - Started process (PID=471) to work on /opt/airflow/dags/tcc_pipeline_dag.py
[2025-09-05T20:36:03.484+0000] {processor.py:830} INFO - Processing file /opt/airflow/dags/tcc_pipeline_dag.py for tasks to queue
[2025-09-05T20:36:03.485+0000] {logging_mixin.py:188} INFO - [2025-09-05T20:36:03.485+0000] {dagbag.py:545} INFO - Filling up the DagBag from /opt/airflow/dags/tcc_pipeline_dag.py
[2025-09-05T20:36:03.519+0000] {processor.py:840} INFO - DAG(s) 'pipeline_dados_transito_tcc' retrieved from /opt/airflow/dags/tcc_pipeline_dag.py
[2025-09-05T20:36:03.547+0000] {logging_mixin.py:188} INFO - [2025-09-05T20:36:03.547+0000] {dag.py:3096} INFO - Sync 1 DAGs
[2025-09-05T20:36:03.566+0000] {logging_mixin.py:188} INFO - [2025-09-05T20:36:03.566+0000] {dag.py:3954} INFO - Setting next_dagrun for pipeline_dados_transito_tcc to 2025-09-05 08:00:00+00:00, run_after=2025-09-06 08:00:00+00:00
[2025-09-05T20:36:03.587+0000] {processor.py:183} INFO - Processing /opt/airflow/dags/tcc_pipeline_dag.py took 0.108 seconds
[2025-09-05T20:36:33.757+0000] {processor.py:161} INFO - Started process (PID=478) to work on /opt/airflow/dags/tcc_pipeline_dag.py
[2025-09-05T20:36:33.758+0000] {processor.py:830} INFO - Processing file /opt/airflow/dags/tcc_pipeline_dag.py for tasks to queue
[2025-09-05T20:36:33.761+0000] {logging_mixin.py:188} INFO - [2025-09-05T20:36:33.760+0000] {dagbag.py:545} INFO - Filling up the DagBag from /opt/airflow/dags/tcc_pipeline_dag.py
[2025-09-05T20:36:33.800+0000] {processor.py:840} INFO - DAG(s) 'pipeline_dados_transito_tcc' retrieved from /opt/airflow/dags/tcc_pipeline_dag.py
[2025-09-05T20:36:33.831+0000] {logging_mixin.py:188} INFO - [2025-09-05T20:36:33.831+0000] {dag.py:3096} INFO - Sync 1 DAGs
[2025-09-05T20:36:33.865+0000] {logging_mixin.py:188} INFO - [2025-09-05T20:36:33.864+0000] {dag.py:3954} INFO - Setting next_dagrun for pipeline_dados_transito_tcc to 2025-09-05 08:00:00+00:00, run_after=2025-09-06 08:00:00+00:00
[2025-09-05T20:36:33.888+0000] {processor.py:183} INFO - Processing /opt/airflow/dags/tcc_pipeline_dag.py took 0.137 seconds
[2025-09-05T20:37:04.306+0000] {processor.py:161} INFO - Started process (PID=484) to work on /opt/airflow/dags/tcc_pipeline_dag.py
[2025-09-05T20:37:04.308+0000] {processor.py:830} INFO - Processing file /opt/airflow/dags/tcc_pipeline_dag.py for tasks to queue
[2025-09-05T20:37:04.310+0000] {logging_mixin.py:188} INFO - [2025-09-05T20:37:04.310+0000] {dagbag.py:545} INFO - Filling up the DagBag from /opt/airflow/dags/tcc_pipeline_dag.py
[2025-09-05T20:37:04.359+0000] {processor.py:840} INFO - DAG(s) 'pipeline_dados_transito_tcc' retrieved from /opt/airflow/dags/tcc_pipeline_dag.py
[2025-09-05T20:37:04.405+0000] {logging_mixin.py:188} INFO - [2025-09-05T20:37:04.404+0000] {dag.py:3096} INFO - Sync 1 DAGs
[2025-09-05T20:37:04.433+0000] {logging_mixin.py:188} INFO - [2025-09-05T20:37:04.433+0000] {dag.py:3954} INFO - Setting next_dagrun for pipeline_dados_transito_tcc to 2025-09-05 08:00:00+00:00, run_after=2025-09-06 08:00:00+00:00
[2025-09-05T20:37:04.463+0000] {processor.py:183} INFO - Processing /opt/airflow/dags/tcc_pipeline_dag.py took 0.169 seconds
[2025-09-05T20:37:34.568+0000] {processor.py:161} INFO - Started process (PID=491) to work on /opt/airflow/dags/tcc_pipeline_dag.py
[2025-09-05T20:37:34.569+0000] {processor.py:830} INFO - Processing file /opt/airflow/dags/tcc_pipeline_dag.py for tasks to queue
[2025-09-05T20:37:34.571+0000] {logging_mixin.py:188} INFO - [2025-09-05T20:37:34.571+0000] {dagbag.py:545} INFO - Filling up the DagBag from /opt/airflow/dags/tcc_pipeline_dag.py
[2025-09-05T20:37:34.625+0000] {processor.py:840} INFO - DAG(s) 'pipeline_dados_transito_tcc' retrieved from /opt/airflow/dags/tcc_pipeline_dag.py
[2025-09-05T20:37:34.651+0000] {logging_mixin.py:188} INFO - [2025-09-05T20:37:34.651+0000] {dag.py:3096} INFO - Sync 1 DAGs
[2025-09-05T20:37:34.682+0000] {logging_mixin.py:188} INFO - [2025-09-05T20:37:34.681+0000] {dag.py:3954} INFO - Setting next_dagrun for pipeline_dados_transito_tcc to 2025-09-05 08:00:00+00:00, run_after=2025-09-06 08:00:00+00:00
[2025-09-05T20:37:34.709+0000] {processor.py:183} INFO - Processing /opt/airflow/dags/tcc_pipeline_dag.py took 0.149 seconds
[2025-09-05T20:38:04.908+0000] {processor.py:161} INFO - Started process (PID=498) to work on /opt/airflow/dags/tcc_pipeline_dag.py
[2025-09-05T20:38:04.909+0000] {processor.py:830} INFO - Processing file /opt/airflow/dags/tcc_pipeline_dag.py for tasks to queue
[2025-09-05T20:38:04.911+0000] {logging_mixin.py:188} INFO - [2025-09-05T20:38:04.911+0000] {dagbag.py:545} INFO - Filling up the DagBag from /opt/airflow/dags/tcc_pipeline_dag.py
[2025-09-05T20:38:04.947+0000] {processor.py:840} INFO - DAG(s) 'pipeline_dados_transito_tcc' retrieved from /opt/airflow/dags/tcc_pipeline_dag.py
[2025-09-05T20:38:04.978+0000] {logging_mixin.py:188} INFO - [2025-09-05T20:38:04.978+0000] {dag.py:3096} INFO - Sync 1 DAGs
[2025-09-05T20:38:05.000+0000] {logging_mixin.py:188} INFO - [2025-09-05T20:38:04.999+0000] {dag.py:3954} INFO - Setting next_dagrun for pipeline_dados_transito_tcc to 2025-09-05 08:00:00+00:00, run_after=2025-09-06 08:00:00+00:00
[2025-09-05T20:38:05.033+0000] {processor.py:183} INFO - Processing /opt/airflow/dags/tcc_pipeline_dag.py took 0.134 seconds
[2025-09-05T20:38:35.278+0000] {processor.py:161} INFO - Started process (PID=505) to work on /opt/airflow/dags/tcc_pipeline_dag.py
[2025-09-05T20:38:35.279+0000] {processor.py:830} INFO - Processing file /opt/airflow/dags/tcc_pipeline_dag.py for tasks to queue
[2025-09-05T20:38:35.281+0000] {logging_mixin.py:188} INFO - [2025-09-05T20:38:35.280+0000] {dagbag.py:545} INFO - Filling up the DagBag from /opt/airflow/dags/tcc_pipeline_dag.py
[2025-09-05T20:38:35.312+0000] {processor.py:840} INFO - DAG(s) 'pipeline_dados_transito_tcc' retrieved from /opt/airflow/dags/tcc_pipeline_dag.py
[2025-09-05T20:38:35.334+0000] {logging_mixin.py:188} INFO - [2025-09-05T20:38:35.334+0000] {dag.py:3096} INFO - Sync 1 DAGs
[2025-09-05T20:38:35.360+0000] {logging_mixin.py:188} INFO - [2025-09-05T20:38:35.360+0000] {dag.py:3954} INFO - Setting next_dagrun for pipeline_dados_transito_tcc to 2025-09-05 08:00:00+00:00, run_after=2025-09-06 08:00:00+00:00
[2025-09-05T20:38:35.379+0000] {processor.py:183} INFO - Processing /opt/airflow/dags/tcc_pipeline_dag.py took 0.106 seconds
[2025-09-05T20:39:05.643+0000] {processor.py:161} INFO - Started process (PID=512) to work on /opt/airflow/dags/tcc_pipeline_dag.py
[2025-09-05T20:39:05.645+0000] {processor.py:830} INFO - Processing file /opt/airflow/dags/tcc_pipeline_dag.py for tasks to queue
[2025-09-05T20:39:05.649+0000] {logging_mixin.py:188} INFO - [2025-09-05T20:39:05.649+0000] {dagbag.py:545} INFO - Filling up the DagBag from /opt/airflow/dags/tcc_pipeline_dag.py
[2025-09-05T20:39:05.711+0000] {processor.py:840} INFO - DAG(s) 'pipeline_dados_transito_tcc' retrieved from /opt/airflow/dags/tcc_pipeline_dag.py
[2025-09-05T20:39:05.745+0000] {logging_mixin.py:188} INFO - [2025-09-05T20:39:05.745+0000] {dag.py:3096} INFO - Sync 1 DAGs
[2025-09-05T20:39:05.764+0000] {logging_mixin.py:188} INFO - [2025-09-05T20:39:05.764+0000] {dag.py:3954} INFO - Setting next_dagrun for pipeline_dados_transito_tcc to 2025-09-05 08:00:00+00:00, run_after=2025-09-06 08:00:00+00:00
[2025-09-05T20:39:05.785+0000] {processor.py:183} INFO - Processing /opt/airflow/dags/tcc_pipeline_dag.py took 0.150 seconds
[2025-09-05T20:39:35.904+0000] {processor.py:161} INFO - Started process (PID=519) to work on /opt/airflow/dags/tcc_pipeline_dag.py
[2025-09-05T20:39:35.906+0000] {processor.py:830} INFO - Processing file /opt/airflow/dags/tcc_pipeline_dag.py for tasks to queue
[2025-09-05T20:39:35.908+0000] {logging_mixin.py:188} INFO - [2025-09-05T20:39:35.908+0000] {dagbag.py:545} INFO - Filling up the DagBag from /opt/airflow/dags/tcc_pipeline_dag.py
[2025-09-05T20:39:35.949+0000] {processor.py:840} INFO - DAG(s) 'pipeline_dados_transito_tcc' retrieved from /opt/airflow/dags/tcc_pipeline_dag.py
[2025-09-05T20:39:35.979+0000] {logging_mixin.py:188} INFO - [2025-09-05T20:39:35.979+0000] {dag.py:3096} INFO - Sync 1 DAGs
[2025-09-05T20:39:35.997+0000] {logging_mixin.py:188} INFO - [2025-09-05T20:39:35.997+0000] {dag.py:3954} INFO - Setting next_dagrun for pipeline_dados_transito_tcc to 2025-09-05 08:00:00+00:00, run_after=2025-09-06 08:00:00+00:00
[2025-09-05T20:39:36.019+0000] {processor.py:183} INFO - Processing /opt/airflow/dags/tcc_pipeline_dag.py took 0.120 seconds
[2025-09-05T20:40:06.309+0000] {processor.py:161} INFO - Started process (PID=526) to work on /opt/airflow/dags/tcc_pipeline_dag.py
[2025-09-05T20:40:06.311+0000] {processor.py:830} INFO - Processing file /opt/airflow/dags/tcc_pipeline_dag.py for tasks to queue
[2025-09-05T20:40:06.314+0000] {logging_mixin.py:188} INFO - [2025-09-05T20:40:06.314+0000] {dagbag.py:545} INFO - Filling up the DagBag from /opt/airflow/dags/tcc_pipeline_dag.py
[2025-09-05T20:40:06.360+0000] {processor.py:840} INFO - DAG(s) 'pipeline_dados_transito_tcc' retrieved from /opt/airflow/dags/tcc_pipeline_dag.py
[2025-09-05T20:40:06.402+0000] {logging_mixin.py:188} INFO - [2025-09-05T20:40:06.401+0000] {dag.py:3096} INFO - Sync 1 DAGs
[2025-09-05T20:40:06.425+0000] {logging_mixin.py:188} INFO - [2025-09-05T20:40:06.424+0000] {dag.py:3954} INFO - Setting next_dagrun for pipeline_dados_transito_tcc to 2025-09-05 08:00:00+00:00, run_after=2025-09-06 08:00:00+00:00
[2025-09-05T20:40:06.451+0000] {processor.py:183} INFO - Processing /opt/airflow/dags/tcc_pipeline_dag.py took 0.152 seconds
[2025-09-05T20:40:36.594+0000] {processor.py:161} INFO - Started process (PID=534) to work on /opt/airflow/dags/tcc_pipeline_dag.py
[2025-09-05T20:40:36.596+0000] {processor.py:830} INFO - Processing file /opt/airflow/dags/tcc_pipeline_dag.py for tasks to queue
[2025-09-05T20:40:36.599+0000] {logging_mixin.py:188} INFO - [2025-09-05T20:40:36.599+0000] {dagbag.py:545} INFO - Filling up the DagBag from /opt/airflow/dags/tcc_pipeline_dag.py
[2025-09-05T20:40:36.648+0000] {processor.py:840} INFO - DAG(s) 'pipeline_dados_transito_tcc' retrieved from /opt/airflow/dags/tcc_pipeline_dag.py
[2025-09-05T20:40:36.700+0000] {logging_mixin.py:188} INFO - [2025-09-05T20:40:36.700+0000] {dag.py:3096} INFO - Sync 1 DAGs
[2025-09-05T20:40:36.724+0000] {logging_mixin.py:188} INFO - [2025-09-05T20:40:36.724+0000] {dag.py:3954} INFO - Setting next_dagrun for pipeline_dados_transito_tcc to 2025-09-05 08:00:00+00:00, run_after=2025-09-06 08:00:00+00:00
[2025-09-05T20:40:36.746+0000] {processor.py:183} INFO - Processing /opt/airflow/dags/tcc_pipeline_dag.py took 0.164 seconds
[2025-09-05T20:41:06.974+0000] {processor.py:161} INFO - Started process (PID=540) to work on /opt/airflow/dags/tcc_pipeline_dag.py
[2025-09-05T20:41:06.976+0000] {processor.py:830} INFO - Processing file /opt/airflow/dags/tcc_pipeline_dag.py for tasks to queue
[2025-09-05T20:41:06.979+0000] {logging_mixin.py:188} INFO - [2025-09-05T20:41:06.979+0000] {dagbag.py:545} INFO - Filling up the DagBag from /opt/airflow/dags/tcc_pipeline_dag.py
[2025-09-05T20:41:07.027+0000] {processor.py:840} INFO - DAG(s) 'pipeline_dados_transito_tcc' retrieved from /opt/airflow/dags/tcc_pipeline_dag.py
[2025-09-05T20:41:07.058+0000] {logging_mixin.py:188} INFO - [2025-09-05T20:41:07.058+0000] {dag.py:3096} INFO - Sync 1 DAGs
[2025-09-05T20:41:07.078+0000] {logging_mixin.py:188} INFO - [2025-09-05T20:41:07.078+0000] {dag.py:3954} INFO - Setting next_dagrun for pipeline_dados_transito_tcc to 2025-09-05 08:00:00+00:00, run_after=2025-09-06 08:00:00+00:00
[2025-09-05T20:41:07.096+0000] {processor.py:183} INFO - Processing /opt/airflow/dags/tcc_pipeline_dag.py took 0.128 seconds
[2025-09-05T20:41:37.260+0000] {processor.py:161} INFO - Started process (PID=547) to work on /opt/airflow/dags/tcc_pipeline_dag.py
[2025-09-05T20:41:37.261+0000] {processor.py:830} INFO - Processing file /opt/airflow/dags/tcc_pipeline_dag.py for tasks to queue
[2025-09-05T20:41:37.264+0000] {logging_mixin.py:188} INFO - [2025-09-05T20:41:37.263+0000] {dagbag.py:545} INFO - Filling up the DagBag from /opt/airflow/dags/tcc_pipeline_dag.py
[2025-09-05T20:41:37.292+0000] {processor.py:840} INFO - DAG(s) 'pipeline_dados_transito_tcc' retrieved from /opt/airflow/dags/tcc_pipeline_dag.py
[2025-09-05T20:41:37.319+0000] {logging_mixin.py:188} INFO - [2025-09-05T20:41:37.319+0000] {dag.py:3096} INFO - Sync 1 DAGs
[2025-09-05T20:41:37.339+0000] {logging_mixin.py:188} INFO - [2025-09-05T20:41:37.339+0000] {dag.py:3954} INFO - Setting next_dagrun for pipeline_dados_transito_tcc to 2025-09-05 08:00:00+00:00, run_after=2025-09-06 08:00:00+00:00
[2025-09-05T20:41:37.354+0000] {processor.py:183} INFO - Processing /opt/airflow/dags/tcc_pipeline_dag.py took 0.100 seconds
[2025-09-05T20:42:07.728+0000] {processor.py:161} INFO - Started process (PID=554) to work on /opt/airflow/dags/tcc_pipeline_dag.py
[2025-09-05T20:42:07.730+0000] {processor.py:830} INFO - Processing file /opt/airflow/dags/tcc_pipeline_dag.py for tasks to queue
[2025-09-05T20:42:07.734+0000] {logging_mixin.py:188} INFO - [2025-09-05T20:42:07.734+0000] {dagbag.py:545} INFO - Filling up the DagBag from /opt/airflow/dags/tcc_pipeline_dag.py
[2025-09-05T20:42:07.773+0000] {processor.py:840} INFO - DAG(s) 'pipeline_dados_transito_tcc' retrieved from /opt/airflow/dags/tcc_pipeline_dag.py
[2025-09-05T20:42:07.797+0000] {logging_mixin.py:188} INFO - [2025-09-05T20:42:07.797+0000] {dag.py:3096} INFO - Sync 1 DAGs
[2025-09-05T20:42:07.815+0000] {logging_mixin.py:188} INFO - [2025-09-05T20:42:07.815+0000] {dag.py:3954} INFO - Setting next_dagrun for pipeline_dados_transito_tcc to 2025-09-05 08:00:00+00:00, run_after=2025-09-06 08:00:00+00:00
[2025-09-05T20:42:07.834+0000] {processor.py:183} INFO - Processing /opt/airflow/dags/tcc_pipeline_dag.py took 0.115 seconds
[2025-09-05T20:42:38.020+0000] {processor.py:161} INFO - Started process (PID=561) to work on /opt/airflow/dags/tcc_pipeline_dag.py
[2025-09-05T20:42:38.021+0000] {processor.py:830} INFO - Processing file /opt/airflow/dags/tcc_pipeline_dag.py for tasks to queue
[2025-09-05T20:42:38.023+0000] {logging_mixin.py:188} INFO - [2025-09-05T20:42:38.023+0000] {dagbag.py:545} INFO - Filling up the DagBag from /opt/airflow/dags/tcc_pipeline_dag.py
[2025-09-05T20:42:38.059+0000] {processor.py:840} INFO - DAG(s) 'pipeline_dados_transito_tcc' retrieved from /opt/airflow/dags/tcc_pipeline_dag.py
[2025-09-05T20:42:38.090+0000] {logging_mixin.py:188} INFO - [2025-09-05T20:42:38.090+0000] {dag.py:3096} INFO - Sync 1 DAGs
[2025-09-05T20:42:38.111+0000] {logging_mixin.py:188} INFO - [2025-09-05T20:42:38.111+0000] {dag.py:3954} INFO - Setting next_dagrun for pipeline_dados_transito_tcc to 2025-09-05 08:00:00+00:00, run_after=2025-09-06 08:00:00+00:00
[2025-09-05T20:42:38.137+0000] {processor.py:183} INFO - Processing /opt/airflow/dags/tcc_pipeline_dag.py took 0.124 seconds
[2025-09-05T20:43:08.393+0000] {processor.py:161} INFO - Started process (PID=568) to work on /opt/airflow/dags/tcc_pipeline_dag.py
[2025-09-05T20:43:08.394+0000] {processor.py:830} INFO - Processing file /opt/airflow/dags/tcc_pipeline_dag.py for tasks to queue
[2025-09-05T20:43:08.396+0000] {logging_mixin.py:188} INFO - [2025-09-05T20:43:08.395+0000] {dagbag.py:545} INFO - Filling up the DagBag from /opt/airflow/dags/tcc_pipeline_dag.py
[2025-09-05T20:43:08.425+0000] {processor.py:840} INFO - DAG(s) 'pipeline_dados_transito_tcc' retrieved from /opt/airflow/dags/tcc_pipeline_dag.py
[2025-09-05T20:43:08.450+0000] {logging_mixin.py:188} INFO - [2025-09-05T20:43:08.450+0000] {dag.py:3096} INFO - Sync 1 DAGs
[2025-09-05T20:43:08.469+0000] {logging_mixin.py:188} INFO - [2025-09-05T20:43:08.468+0000] {dag.py:3954} INFO - Setting next_dagrun for pipeline_dados_transito_tcc to 2025-09-05 08:00:00+00:00, run_after=2025-09-06 08:00:00+00:00
[2025-09-05T20:43:08.488+0000] {processor.py:183} INFO - Processing /opt/airflow/dags/tcc_pipeline_dag.py took 0.103 seconds
[2025-09-05T20:43:38.736+0000] {processor.py:161} INFO - Started process (PID=574) to work on /opt/airflow/dags/tcc_pipeline_dag.py
[2025-09-05T20:43:38.738+0000] {processor.py:830} INFO - Processing file /opt/airflow/dags/tcc_pipeline_dag.py for tasks to queue
[2025-09-05T20:43:38.740+0000] {logging_mixin.py:188} INFO - [2025-09-05T20:43:38.740+0000] {dagbag.py:545} INFO - Filling up the DagBag from /opt/airflow/dags/tcc_pipeline_dag.py
[2025-09-05T20:43:38.775+0000] {processor.py:840} INFO - DAG(s) 'pipeline_dados_transito_tcc' retrieved from /opt/airflow/dags/tcc_pipeline_dag.py
[2025-09-05T20:43:38.815+0000] {logging_mixin.py:188} INFO - [2025-09-05T20:43:38.815+0000] {dag.py:3096} INFO - Sync 1 DAGs
[2025-09-05T20:43:38.842+0000] {logging_mixin.py:188} INFO - [2025-09-05T20:43:38.842+0000] {dag.py:3954} INFO - Setting next_dagrun for pipeline_dados_transito_tcc to 2025-09-05 08:00:00+00:00, run_after=2025-09-06 08:00:00+00:00
[2025-09-05T20:43:38.866+0000] {processor.py:183} INFO - Processing /opt/airflow/dags/tcc_pipeline_dag.py took 0.135 seconds
[2025-09-05T20:44:09.061+0000] {processor.py:161} INFO - Started process (PID=581) to work on /opt/airflow/dags/tcc_pipeline_dag.py
[2025-09-05T20:44:09.065+0000] {processor.py:830} INFO - Processing file /opt/airflow/dags/tcc_pipeline_dag.py for tasks to queue
[2025-09-05T20:44:09.069+0000] {logging_mixin.py:188} INFO - [2025-09-05T20:44:09.069+0000] {dagbag.py:545} INFO - Filling up the DagBag from /opt/airflow/dags/tcc_pipeline_dag.py
[2025-09-05T20:44:09.107+0000] {processor.py:840} INFO - DAG(s) 'pipeline_dados_transito_tcc' retrieved from /opt/airflow/dags/tcc_pipeline_dag.py
[2025-09-05T20:44:09.132+0000] {logging_mixin.py:188} INFO - [2025-09-05T20:44:09.132+0000] {dag.py:3096} INFO - Sync 1 DAGs
[2025-09-05T20:44:09.153+0000] {logging_mixin.py:188} INFO - [2025-09-05T20:44:09.153+0000] {dag.py:3954} INFO - Setting next_dagrun for pipeline_dados_transito_tcc to 2025-09-05 08:00:00+00:00, run_after=2025-09-06 08:00:00+00:00
[2025-09-05T20:44:09.171+0000] {processor.py:183} INFO - Processing /opt/airflow/dags/tcc_pipeline_dag.py took 0.117 seconds
[2025-09-05T20:44:39.437+0000] {processor.py:161} INFO - Started process (PID=588) to work on /opt/airflow/dags/tcc_pipeline_dag.py
[2025-09-05T20:44:39.439+0000] {processor.py:830} INFO - Processing file /opt/airflow/dags/tcc_pipeline_dag.py for tasks to queue
[2025-09-05T20:44:39.445+0000] {logging_mixin.py:188} INFO - [2025-09-05T20:44:39.444+0000] {dagbag.py:545} INFO - Filling up the DagBag from /opt/airflow/dags/tcc_pipeline_dag.py
[2025-09-05T20:44:39.495+0000] {processor.py:840} INFO - DAG(s) 'pipeline_dados_transito_tcc' retrieved from /opt/airflow/dags/tcc_pipeline_dag.py
[2025-09-05T20:44:39.534+0000] {logging_mixin.py:188} INFO - [2025-09-05T20:44:39.533+0000] {dag.py:3096} INFO - Sync 1 DAGs
[2025-09-05T20:44:39.562+0000] {logging_mixin.py:188} INFO - [2025-09-05T20:44:39.562+0000] {dag.py:3954} INFO - Setting next_dagrun for pipeline_dados_transito_tcc to 2025-09-05 08:00:00+00:00, run_after=2025-09-06 08:00:00+00:00
[2025-09-05T20:44:39.593+0000] {processor.py:183} INFO - Processing /opt/airflow/dags/tcc_pipeline_dag.py took 0.166 seconds
[2025-09-05T20:45:09.797+0000] {processor.py:161} INFO - Started process (PID=595) to work on /opt/airflow/dags/tcc_pipeline_dag.py
[2025-09-05T20:45:09.799+0000] {processor.py:830} INFO - Processing file /opt/airflow/dags/tcc_pipeline_dag.py for tasks to queue
[2025-09-05T20:45:09.802+0000] {logging_mixin.py:188} INFO - [2025-09-05T20:45:09.801+0000] {dagbag.py:545} INFO - Filling up the DagBag from /opt/airflow/dags/tcc_pipeline_dag.py
[2025-09-05T20:45:09.876+0000] {processor.py:840} INFO - DAG(s) 'pipeline_dados_transito_tcc' retrieved from /opt/airflow/dags/tcc_pipeline_dag.py
[2025-09-05T20:45:09.899+0000] {logging_mixin.py:188} INFO - [2025-09-05T20:45:09.899+0000] {dag.py:3096} INFO - Sync 1 DAGs
[2025-09-05T20:45:09.919+0000] {logging_mixin.py:188} INFO - [2025-09-05T20:45:09.918+0000] {dag.py:3954} INFO - Setting next_dagrun for pipeline_dados_transito_tcc to 2025-09-05 08:00:00+00:00, run_after=2025-09-06 08:00:00+00:00
[2025-09-05T20:45:09.938+0000] {processor.py:183} INFO - Processing /opt/airflow/dags/tcc_pipeline_dag.py took 0.151 seconds
[2025-09-05T20:45:40.117+0000] {processor.py:161} INFO - Started process (PID=602) to work on /opt/airflow/dags/tcc_pipeline_dag.py
[2025-09-05T20:45:40.118+0000] {processor.py:830} INFO - Processing file /opt/airflow/dags/tcc_pipeline_dag.py for tasks to queue
[2025-09-05T20:45:40.121+0000] {logging_mixin.py:188} INFO - [2025-09-05T20:45:40.120+0000] {dagbag.py:545} INFO - Filling up the DagBag from /opt/airflow/dags/tcc_pipeline_dag.py
[2025-09-05T20:45:40.159+0000] {processor.py:840} INFO - DAG(s) 'pipeline_dados_transito_tcc' retrieved from /opt/airflow/dags/tcc_pipeline_dag.py
[2025-09-05T20:45:40.217+0000] {logging_mixin.py:188} INFO - [2025-09-05T20:45:40.217+0000] {dag.py:3096} INFO - Sync 1 DAGs
[2025-09-05T20:45:40.257+0000] {logging_mixin.py:188} INFO - [2025-09-05T20:45:40.257+0000] {dag.py:3954} INFO - Setting next_dagrun for pipeline_dados_transito_tcc to 2025-09-05 08:00:00+00:00, run_after=2025-09-06 08:00:00+00:00
[2025-09-05T20:45:40.291+0000] {processor.py:183} INFO - Processing /opt/airflow/dags/tcc_pipeline_dag.py took 0.180 seconds
[2025-09-05T20:46:10.477+0000] {processor.py:161} INFO - Started process (PID=609) to work on /opt/airflow/dags/tcc_pipeline_dag.py
[2025-09-05T20:46:10.479+0000] {processor.py:830} INFO - Processing file /opt/airflow/dags/tcc_pipeline_dag.py for tasks to queue
[2025-09-05T20:46:10.481+0000] {logging_mixin.py:188} INFO - [2025-09-05T20:46:10.481+0000] {dagbag.py:545} INFO - Filling up the DagBag from /opt/airflow/dags/tcc_pipeline_dag.py
[2025-09-05T20:46:10.524+0000] {processor.py:840} INFO - DAG(s) 'pipeline_dados_transito_tcc' retrieved from /opt/airflow/dags/tcc_pipeline_dag.py
[2025-09-05T20:46:10.548+0000] {logging_mixin.py:188} INFO - [2025-09-05T20:46:10.548+0000] {dag.py:3096} INFO - Sync 1 DAGs
[2025-09-05T20:46:10.568+0000] {logging_mixin.py:188} INFO - [2025-09-05T20:46:10.568+0000] {dag.py:3954} INFO - Setting next_dagrun for pipeline_dados_transito_tcc to 2025-09-05 08:00:00+00:00, run_after=2025-09-06 08:00:00+00:00
[2025-09-05T20:46:10.585+0000] {processor.py:183} INFO - Processing /opt/airflow/dags/tcc_pipeline_dag.py took 0.114 seconds
[2025-09-05T20:46:40.781+0000] {processor.py:161} INFO - Started process (PID=616) to work on /opt/airflow/dags/tcc_pipeline_dag.py
[2025-09-05T20:46:40.782+0000] {processor.py:830} INFO - Processing file /opt/airflow/dags/tcc_pipeline_dag.py for tasks to queue
[2025-09-05T20:46:40.784+0000] {logging_mixin.py:188} INFO - [2025-09-05T20:46:40.784+0000] {dagbag.py:545} INFO - Filling up the DagBag from /opt/airflow/dags/tcc_pipeline_dag.py
[2025-09-05T20:46:40.807+0000] {processor.py:840} INFO - DAG(s) 'pipeline_dados_transito_tcc' retrieved from /opt/airflow/dags/tcc_pipeline_dag.py
[2025-09-05T20:46:40.831+0000] {logging_mixin.py:188} INFO - [2025-09-05T20:46:40.831+0000] {dag.py:3096} INFO - Sync 1 DAGs
[2025-09-05T20:46:40.855+0000] {logging_mixin.py:188} INFO - [2025-09-05T20:46:40.855+0000] {dag.py:3954} INFO - Setting next_dagrun for pipeline_dados_transito_tcc to 2025-09-05 08:00:00+00:00, run_after=2025-09-06 08:00:00+00:00
[2025-09-05T20:46:40.872+0000] {processor.py:183} INFO - Processing /opt/airflow/dags/tcc_pipeline_dag.py took 0.096 seconds
[2025-09-05T20:47:11.139+0000] {processor.py:161} INFO - Started process (PID=623) to work on /opt/airflow/dags/tcc_pipeline_dag.py
[2025-09-05T20:47:11.140+0000] {processor.py:830} INFO - Processing file /opt/airflow/dags/tcc_pipeline_dag.py for tasks to queue
[2025-09-05T20:47:11.142+0000] {logging_mixin.py:188} INFO - [2025-09-05T20:47:11.142+0000] {dagbag.py:545} INFO - Filling up the DagBag from /opt/airflow/dags/tcc_pipeline_dag.py
[2025-09-05T20:47:11.165+0000] {processor.py:840} INFO - DAG(s) 'pipeline_dados_transito_tcc' retrieved from /opt/airflow/dags/tcc_pipeline_dag.py
[2025-09-05T20:47:11.188+0000] {logging_mixin.py:188} INFO - [2025-09-05T20:47:11.188+0000] {dag.py:3096} INFO - Sync 1 DAGs
[2025-09-05T20:47:11.206+0000] {logging_mixin.py:188} INFO - [2025-09-05T20:47:11.206+0000] {dag.py:3954} INFO - Setting next_dagrun for pipeline_dados_transito_tcc to 2025-09-05 08:00:00+00:00, run_after=2025-09-06 08:00:00+00:00
[2025-09-05T20:47:11.226+0000] {processor.py:183} INFO - Processing /opt/airflow/dags/tcc_pipeline_dag.py took 0.093 seconds
[2025-09-05T20:47:41.419+0000] {processor.py:161} INFO - Started process (PID=630) to work on /opt/airflow/dags/tcc_pipeline_dag.py
[2025-09-05T20:47:41.421+0000] {processor.py:830} INFO - Processing file /opt/airflow/dags/tcc_pipeline_dag.py for tasks to queue
[2025-09-05T20:47:41.424+0000] {logging_mixin.py:188} INFO - [2025-09-05T20:47:41.423+0000] {dagbag.py:545} INFO - Filling up the DagBag from /opt/airflow/dags/tcc_pipeline_dag.py
[2025-09-05T20:47:41.460+0000] {processor.py:840} INFO - DAG(s) 'pipeline_dados_transito_tcc' retrieved from /opt/airflow/dags/tcc_pipeline_dag.py
[2025-09-05T20:47:41.487+0000] {logging_mixin.py:188} INFO - [2025-09-05T20:47:41.487+0000] {dag.py:3096} INFO - Sync 1 DAGs
[2025-09-05T20:47:41.506+0000] {logging_mixin.py:188} INFO - [2025-09-05T20:47:41.506+0000] {dag.py:3954} INFO - Setting next_dagrun for pipeline_dados_transito_tcc to 2025-09-05 08:00:00+00:00, run_after=2025-09-06 08:00:00+00:00
[2025-09-05T20:47:41.523+0000] {processor.py:183} INFO - Processing /opt/airflow/dags/tcc_pipeline_dag.py took 0.112 seconds
[2025-09-05T20:48:11.838+0000] {processor.py:161} INFO - Started process (PID=637) to work on /opt/airflow/dags/tcc_pipeline_dag.py
[2025-09-05T20:48:11.839+0000] {processor.py:830} INFO - Processing file /opt/airflow/dags/tcc_pipeline_dag.py for tasks to queue
[2025-09-05T20:48:11.841+0000] {logging_mixin.py:188} INFO - [2025-09-05T20:48:11.841+0000] {dagbag.py:545} INFO - Filling up the DagBag from /opt/airflow/dags/tcc_pipeline_dag.py
[2025-09-05T20:48:11.907+0000] {processor.py:840} INFO - DAG(s) 'pipeline_dados_transito_tcc' retrieved from /opt/airflow/dags/tcc_pipeline_dag.py
[2025-09-05T20:48:11.938+0000] {logging_mixin.py:188} INFO - [2025-09-05T20:48:11.937+0000] {dag.py:3096} INFO - Sync 1 DAGs
[2025-09-05T20:48:11.960+0000] {logging_mixin.py:188} INFO - [2025-09-05T20:48:11.960+0000] {dag.py:3954} INFO - Setting next_dagrun for pipeline_dados_transito_tcc to 2025-09-05 08:00:00+00:00, run_after=2025-09-06 08:00:00+00:00
[2025-09-05T20:48:11.988+0000] {processor.py:183} INFO - Processing /opt/airflow/dags/tcc_pipeline_dag.py took 0.156 seconds
[2025-09-05T20:48:42.125+0000] {processor.py:161} INFO - Started process (PID=644) to work on /opt/airflow/dags/tcc_pipeline_dag.py
[2025-09-05T20:48:42.127+0000] {processor.py:830} INFO - Processing file /opt/airflow/dags/tcc_pipeline_dag.py for tasks to queue
[2025-09-05T20:48:42.130+0000] {logging_mixin.py:188} INFO - [2025-09-05T20:48:42.129+0000] {dagbag.py:545} INFO - Filling up the DagBag from /opt/airflow/dags/tcc_pipeline_dag.py
[2025-09-05T20:48:42.191+0000] {processor.py:840} INFO - DAG(s) 'pipeline_dados_transito_tcc' retrieved from /opt/airflow/dags/tcc_pipeline_dag.py
[2025-09-05T20:48:42.239+0000] {logging_mixin.py:188} INFO - [2025-09-05T20:48:42.239+0000] {dag.py:3096} INFO - Sync 1 DAGs
[2025-09-05T20:48:42.276+0000] {logging_mixin.py:188} INFO - [2025-09-05T20:48:42.275+0000] {dag.py:3954} INFO - Setting next_dagrun for pipeline_dados_transito_tcc to 2025-09-05 08:00:00+00:00, run_after=2025-09-06 08:00:00+00:00
[2025-09-05T20:48:42.303+0000] {processor.py:183} INFO - Processing /opt/airflow/dags/tcc_pipeline_dag.py took 0.188 seconds
[2025-09-05T20:49:12.586+0000] {processor.py:161} INFO - Started process (PID=651) to work on /opt/airflow/dags/tcc_pipeline_dag.py
[2025-09-05T20:49:12.588+0000] {processor.py:830} INFO - Processing file /opt/airflow/dags/tcc_pipeline_dag.py for tasks to queue
[2025-09-05T20:49:12.590+0000] {logging_mixin.py:188} INFO - [2025-09-05T20:49:12.590+0000] {dagbag.py:545} INFO - Filling up the DagBag from /opt/airflow/dags/tcc_pipeline_dag.py
[2025-09-05T20:49:12.634+0000] {processor.py:840} INFO - DAG(s) 'pipeline_dados_transito_tcc' retrieved from /opt/airflow/dags/tcc_pipeline_dag.py
[2025-09-05T20:49:12.660+0000] {logging_mixin.py:188} INFO - [2025-09-05T20:49:12.660+0000] {dag.py:3096} INFO - Sync 1 DAGs
[2025-09-05T20:49:12.689+0000] {logging_mixin.py:188} INFO - [2025-09-05T20:49:12.688+0000] {dag.py:3954} INFO - Setting next_dagrun for pipeline_dados_transito_tcc to 2025-09-05 08:00:00+00:00, run_after=2025-09-06 08:00:00+00:00
[2025-09-05T20:49:12.716+0000] {processor.py:183} INFO - Processing /opt/airflow/dags/tcc_pipeline_dag.py took 0.137 seconds
[2025-09-05T20:49:42.902+0000] {processor.py:161} INFO - Started process (PID=658) to work on /opt/airflow/dags/tcc_pipeline_dag.py
[2025-09-05T20:49:42.903+0000] {processor.py:830} INFO - Processing file /opt/airflow/dags/tcc_pipeline_dag.py for tasks to queue
[2025-09-05T20:49:42.905+0000] {logging_mixin.py:188} INFO - [2025-09-05T20:49:42.904+0000] {dagbag.py:545} INFO - Filling up the DagBag from /opt/airflow/dags/tcc_pipeline_dag.py
[2025-09-05T20:49:42.932+0000] {processor.py:840} INFO - DAG(s) 'pipeline_dados_transito_tcc' retrieved from /opt/airflow/dags/tcc_pipeline_dag.py
[2025-09-05T20:49:42.954+0000] {logging_mixin.py:188} INFO - [2025-09-05T20:49:42.954+0000] {dag.py:3096} INFO - Sync 1 DAGs
[2025-09-05T20:49:42.971+0000] {logging_mixin.py:188} INFO - [2025-09-05T20:49:42.971+0000] {dag.py:3954} INFO - Setting next_dagrun for pipeline_dados_transito_tcc to 2025-09-05 08:00:00+00:00, run_after=2025-09-06 08:00:00+00:00
[2025-09-05T20:49:42.989+0000] {processor.py:183} INFO - Processing /opt/airflow/dags/tcc_pipeline_dag.py took 0.096 seconds
[2025-09-05T20:50:13.290+0000] {processor.py:161} INFO - Started process (PID=664) to work on /opt/airflow/dags/tcc_pipeline_dag.py
[2025-09-05T20:50:13.291+0000] {processor.py:830} INFO - Processing file /opt/airflow/dags/tcc_pipeline_dag.py for tasks to queue
[2025-09-05T20:50:13.293+0000] {logging_mixin.py:188} INFO - [2025-09-05T20:50:13.292+0000] {dagbag.py:545} INFO - Filling up the DagBag from /opt/airflow/dags/tcc_pipeline_dag.py
[2025-09-05T20:50:13.329+0000] {processor.py:840} INFO - DAG(s) 'pipeline_dados_transito_tcc' retrieved from /opt/airflow/dags/tcc_pipeline_dag.py
[2025-09-05T20:50:13.354+0000] {logging_mixin.py:188} INFO - [2025-09-05T20:50:13.353+0000] {dag.py:3096} INFO - Sync 1 DAGs
[2025-09-05T20:50:13.410+0000] {logging_mixin.py:188} INFO - [2025-09-05T20:50:13.409+0000] {dag.py:3954} INFO - Setting next_dagrun for pipeline_dados_transito_tcc to 2025-09-05 08:00:00+00:00, run_after=2025-09-06 08:00:00+00:00
[2025-09-05T20:50:13.447+0000] {processor.py:183} INFO - Processing /opt/airflow/dags/tcc_pipeline_dag.py took 0.163 seconds
[2025-09-05T20:50:43.535+0000] {processor.py:161} INFO - Started process (PID=671) to work on /opt/airflow/dags/tcc_pipeline_dag.py
[2025-09-05T20:50:43.537+0000] {processor.py:830} INFO - Processing file /opt/airflow/dags/tcc_pipeline_dag.py for tasks to queue
[2025-09-05T20:50:43.541+0000] {logging_mixin.py:188} INFO - [2025-09-05T20:50:43.540+0000] {dagbag.py:545} INFO - Filling up the DagBag from /opt/airflow/dags/tcc_pipeline_dag.py
[2025-09-05T20:50:43.589+0000] {processor.py:840} INFO - DAG(s) 'pipeline_dados_transito_tcc' retrieved from /opt/airflow/dags/tcc_pipeline_dag.py
[2025-09-05T20:50:43.611+0000] {logging_mixin.py:188} INFO - [2025-09-05T20:50:43.611+0000] {dag.py:3096} INFO - Sync 1 DAGs
[2025-09-05T20:50:43.634+0000] {logging_mixin.py:188} INFO - [2025-09-05T20:50:43.633+0000] {dag.py:3954} INFO - Setting next_dagrun for pipeline_dados_transito_tcc to 2025-09-05 08:00:00+00:00, run_after=2025-09-06 08:00:00+00:00
[2025-09-05T20:50:43.662+0000] {processor.py:183} INFO - Processing /opt/airflow/dags/tcc_pipeline_dag.py took 0.133 seconds
[2025-09-05T20:51:13.943+0000] {processor.py:161} INFO - Started process (PID=678) to work on /opt/airflow/dags/tcc_pipeline_dag.py
[2025-09-05T20:51:13.944+0000] {processor.py:830} INFO - Processing file /opt/airflow/dags/tcc_pipeline_dag.py for tasks to queue
[2025-09-05T20:51:13.946+0000] {logging_mixin.py:188} INFO - [2025-09-05T20:51:13.946+0000] {dagbag.py:545} INFO - Filling up the DagBag from /opt/airflow/dags/tcc_pipeline_dag.py
[2025-09-05T20:51:13.985+0000] {processor.py:840} INFO - DAG(s) 'pipeline_dados_transito_tcc' retrieved from /opt/airflow/dags/tcc_pipeline_dag.py
[2025-09-05T20:51:14.014+0000] {logging_mixin.py:188} INFO - [2025-09-05T20:51:14.013+0000] {dag.py:3096} INFO - Sync 1 DAGs
[2025-09-05T20:51:14.037+0000] {logging_mixin.py:188} INFO - [2025-09-05T20:51:14.036+0000] {dag.py:3954} INFO - Setting next_dagrun for pipeline_dados_transito_tcc to 2025-09-05 08:00:00+00:00, run_after=2025-09-06 08:00:00+00:00
[2025-09-05T20:51:14.059+0000] {processor.py:183} INFO - Processing /opt/airflow/dags/tcc_pipeline_dag.py took 0.121 seconds
[2025-09-05T20:51:44.180+0000] {processor.py:161} INFO - Started process (PID=685) to work on /opt/airflow/dags/tcc_pipeline_dag.py
[2025-09-05T20:51:44.182+0000] {processor.py:830} INFO - Processing file /opt/airflow/dags/tcc_pipeline_dag.py for tasks to queue
[2025-09-05T20:51:44.185+0000] {logging_mixin.py:188} INFO - [2025-09-05T20:51:44.184+0000] {dagbag.py:545} INFO - Filling up the DagBag from /opt/airflow/dags/tcc_pipeline_dag.py
[2025-09-05T20:51:44.211+0000] {processor.py:840} INFO - DAG(s) 'pipeline_dados_transito_tcc' retrieved from /opt/airflow/dags/tcc_pipeline_dag.py
[2025-09-05T20:51:44.234+0000] {logging_mixin.py:188} INFO - [2025-09-05T20:51:44.234+0000] {dag.py:3096} INFO - Sync 1 DAGs
[2025-09-05T20:51:44.254+0000] {logging_mixin.py:188} INFO - [2025-09-05T20:51:44.254+0000] {dag.py:3954} INFO - Setting next_dagrun for pipeline_dados_transito_tcc to 2025-09-05 08:00:00+00:00, run_after=2025-09-06 08:00:00+00:00
[2025-09-05T20:51:44.272+0000] {processor.py:183} INFO - Processing /opt/airflow/dags/tcc_pipeline_dag.py took 0.098 seconds
[2025-09-05T20:52:14.514+0000] {processor.py:161} INFO - Started process (PID=692) to work on /opt/airflow/dags/tcc_pipeline_dag.py
[2025-09-05T20:52:14.515+0000] {processor.py:830} INFO - Processing file /opt/airflow/dags/tcc_pipeline_dag.py for tasks to queue
[2025-09-05T20:52:14.518+0000] {logging_mixin.py:188} INFO - [2025-09-05T20:52:14.517+0000] {dagbag.py:545} INFO - Filling up the DagBag from /opt/airflow/dags/tcc_pipeline_dag.py
[2025-09-05T20:52:14.539+0000] {processor.py:840} INFO - DAG(s) 'pipeline_dados_transito_tcc' retrieved from /opt/airflow/dags/tcc_pipeline_dag.py
[2025-09-05T20:52:14.563+0000] {logging_mixin.py:188} INFO - [2025-09-05T20:52:14.563+0000] {dag.py:3096} INFO - Sync 1 DAGs
[2025-09-05T20:52:14.584+0000] {logging_mixin.py:188} INFO - [2025-09-05T20:52:14.584+0000] {dag.py:3954} INFO - Setting next_dagrun for pipeline_dados_transito_tcc to 2025-09-05 08:00:00+00:00, run_after=2025-09-06 08:00:00+00:00
[2025-09-05T20:52:14.601+0000] {processor.py:183} INFO - Processing /opt/airflow/dags/tcc_pipeline_dag.py took 0.097 seconds
[2025-09-05T20:52:44.763+0000] {processor.py:161} INFO - Started process (PID=699) to work on /opt/airflow/dags/tcc_pipeline_dag.py
[2025-09-05T20:52:44.764+0000] {processor.py:830} INFO - Processing file /opt/airflow/dags/tcc_pipeline_dag.py for tasks to queue
[2025-09-05T20:52:44.766+0000] {logging_mixin.py:188} INFO - [2025-09-05T20:52:44.766+0000] {dagbag.py:545} INFO - Filling up the DagBag from /opt/airflow/dags/tcc_pipeline_dag.py
[2025-09-05T20:52:44.793+0000] {processor.py:840} INFO - DAG(s) 'pipeline_dados_transito_tcc' retrieved from /opt/airflow/dags/tcc_pipeline_dag.py
[2025-09-05T20:52:44.821+0000] {logging_mixin.py:188} INFO - [2025-09-05T20:52:44.821+0000] {dag.py:3096} INFO - Sync 1 DAGs
[2025-09-05T20:52:44.847+0000] {logging_mixin.py:188} INFO - [2025-09-05T20:52:44.846+0000] {dag.py:3954} INFO - Setting next_dagrun for pipeline_dados_transito_tcc to 2025-09-05 08:00:00+00:00, run_after=2025-09-06 08:00:00+00:00
[2025-09-05T20:52:44.868+0000] {processor.py:183} INFO - Processing /opt/airflow/dags/tcc_pipeline_dag.py took 0.110 seconds
[2025-09-05T20:53:15.124+0000] {processor.py:161} INFO - Started process (PID=707) to work on /opt/airflow/dags/tcc_pipeline_dag.py
[2025-09-05T20:53:15.126+0000] {processor.py:830} INFO - Processing file /opt/airflow/dags/tcc_pipeline_dag.py for tasks to queue
[2025-09-05T20:53:15.128+0000] {logging_mixin.py:188} INFO - [2025-09-05T20:53:15.128+0000] {dagbag.py:545} INFO - Filling up the DagBag from /opt/airflow/dags/tcc_pipeline_dag.py
[2025-09-05T20:53:15.168+0000] {processor.py:840} INFO - DAG(s) 'pipeline_dados_transito_tcc' retrieved from /opt/airflow/dags/tcc_pipeline_dag.py
[2025-09-05T20:53:15.196+0000] {logging_mixin.py:188} INFO - [2025-09-05T20:53:15.196+0000] {dag.py:3096} INFO - Sync 1 DAGs
[2025-09-05T20:53:15.218+0000] {logging_mixin.py:188} INFO - [2025-09-05T20:53:15.218+0000] {dag.py:3954} INFO - Setting next_dagrun for pipeline_dados_transito_tcc to 2025-09-05 08:00:00+00:00, run_after=2025-09-06 08:00:00+00:00
[2025-09-05T20:53:15.252+0000] {processor.py:183} INFO - Processing /opt/airflow/dags/tcc_pipeline_dag.py took 0.135 seconds
[2025-09-05T20:53:45.412+0000] {processor.py:161} INFO - Started process (PID=714) to work on /opt/airflow/dags/tcc_pipeline_dag.py
[2025-09-05T20:53:45.414+0000] {processor.py:830} INFO - Processing file /opt/airflow/dags/tcc_pipeline_dag.py for tasks to queue
[2025-09-05T20:53:45.416+0000] {logging_mixin.py:188} INFO - [2025-09-05T20:53:45.416+0000] {dagbag.py:545} INFO - Filling up the DagBag from /opt/airflow/dags/tcc_pipeline_dag.py
[2025-09-05T20:53:45.469+0000] {processor.py:840} INFO - DAG(s) 'pipeline_dados_transito_tcc' retrieved from /opt/airflow/dags/tcc_pipeline_dag.py
[2025-09-05T20:53:45.520+0000] {logging_mixin.py:188} INFO - [2025-09-05T20:53:45.519+0000] {dag.py:3096} INFO - Sync 1 DAGs
[2025-09-05T20:53:45.548+0000] {logging_mixin.py:188} INFO - [2025-09-05T20:53:45.548+0000] {dag.py:3954} INFO - Setting next_dagrun for pipeline_dados_transito_tcc to 2025-09-05 08:00:00+00:00, run_after=2025-09-06 08:00:00+00:00
[2025-09-05T20:53:45.573+0000] {processor.py:183} INFO - Processing /opt/airflow/dags/tcc_pipeline_dag.py took 0.170 seconds
[2025-09-05T20:54:15.807+0000] {processor.py:161} INFO - Started process (PID=721) to work on /opt/airflow/dags/tcc_pipeline_dag.py
[2025-09-05T20:54:15.809+0000] {processor.py:830} INFO - Processing file /opt/airflow/dags/tcc_pipeline_dag.py for tasks to queue
[2025-09-05T20:54:15.811+0000] {logging_mixin.py:188} INFO - [2025-09-05T20:54:15.811+0000] {dagbag.py:545} INFO - Filling up the DagBag from /opt/airflow/dags/tcc_pipeline_dag.py
[2025-09-05T20:54:15.849+0000] {processor.py:840} INFO - DAG(s) 'pipeline_dados_transito_tcc' retrieved from /opt/airflow/dags/tcc_pipeline_dag.py
[2025-09-05T20:54:15.873+0000] {logging_mixin.py:188} INFO - [2025-09-05T20:54:15.873+0000] {dag.py:3096} INFO - Sync 1 DAGs
[2025-09-05T20:54:15.892+0000] {logging_mixin.py:188} INFO - [2025-09-05T20:54:15.892+0000] {dag.py:3954} INFO - Setting next_dagrun for pipeline_dados_transito_tcc to 2025-09-05 08:00:00+00:00, run_after=2025-09-06 08:00:00+00:00
[2025-09-05T20:54:15.907+0000] {processor.py:183} INFO - Processing /opt/airflow/dags/tcc_pipeline_dag.py took 0.110 seconds
[2025-09-05T20:54:46.085+0000] {processor.py:161} INFO - Started process (PID=728) to work on /opt/airflow/dags/tcc_pipeline_dag.py
[2025-09-05T20:54:46.086+0000] {processor.py:830} INFO - Processing file /opt/airflow/dags/tcc_pipeline_dag.py for tasks to queue
[2025-09-05T20:54:46.088+0000] {logging_mixin.py:188} INFO - [2025-09-05T20:54:46.087+0000] {dagbag.py:545} INFO - Filling up the DagBag from /opt/airflow/dags/tcc_pipeline_dag.py
[2025-09-05T20:54:46.124+0000] {processor.py:840} INFO - DAG(s) 'pipeline_dados_transito_tcc' retrieved from /opt/airflow/dags/tcc_pipeline_dag.py
[2025-09-05T20:54:46.149+0000] {logging_mixin.py:188} INFO - [2025-09-05T20:54:46.149+0000] {dag.py:3096} INFO - Sync 1 DAGs
[2025-09-05T20:54:46.177+0000] {logging_mixin.py:188} INFO - [2025-09-05T20:54:46.176+0000] {dag.py:3954} INFO - Setting next_dagrun for pipeline_dados_transito_tcc to 2025-09-05 08:00:00+00:00, run_after=2025-09-06 08:00:00+00:00
[2025-09-05T20:54:46.201+0000] {processor.py:183} INFO - Processing /opt/airflow/dags/tcc_pipeline_dag.py took 0.121 seconds
[2025-09-05T20:55:16.444+0000] {processor.py:161} INFO - Started process (PID=735) to work on /opt/airflow/dags/tcc_pipeline_dag.py
[2025-09-05T20:55:16.446+0000] {processor.py:830} INFO - Processing file /opt/airflow/dags/tcc_pipeline_dag.py for tasks to queue
[2025-09-05T20:55:16.451+0000] {logging_mixin.py:188} INFO - [2025-09-05T20:55:16.450+0000] {dagbag.py:545} INFO - Filling up the DagBag from /opt/airflow/dags/tcc_pipeline_dag.py
[2025-09-05T20:55:16.518+0000] {processor.py:840} INFO - DAG(s) 'pipeline_dados_transito_tcc' retrieved from /opt/airflow/dags/tcc_pipeline_dag.py
[2025-09-05T20:55:16.550+0000] {logging_mixin.py:188} INFO - [2025-09-05T20:55:16.549+0000] {dag.py:3096} INFO - Sync 1 DAGs
[2025-09-05T20:55:16.579+0000] {logging_mixin.py:188} INFO - [2025-09-05T20:55:16.578+0000] {dag.py:3954} INFO - Setting next_dagrun for pipeline_dados_transito_tcc to 2025-09-05 08:00:00+00:00, run_after=2025-09-06 08:00:00+00:00
[2025-09-05T20:55:16.605+0000] {processor.py:183} INFO - Processing /opt/airflow/dags/tcc_pipeline_dag.py took 0.169 seconds
[2025-09-05T20:55:46.727+0000] {processor.py:161} INFO - Started process (PID=742) to work on /opt/airflow/dags/tcc_pipeline_dag.py
[2025-09-05T20:55:46.729+0000] {processor.py:830} INFO - Processing file /opt/airflow/dags/tcc_pipeline_dag.py for tasks to queue
[2025-09-05T20:55:46.731+0000] {logging_mixin.py:188} INFO - [2025-09-05T20:55:46.731+0000] {dagbag.py:545} INFO - Filling up the DagBag from /opt/airflow/dags/tcc_pipeline_dag.py
[2025-09-05T20:55:46.768+0000] {processor.py:840} INFO - DAG(s) 'pipeline_dados_transito_tcc' retrieved from /opt/airflow/dags/tcc_pipeline_dag.py
[2025-09-05T20:55:46.814+0000] {logging_mixin.py:188} INFO - [2025-09-05T20:55:46.814+0000] {dag.py:3096} INFO - Sync 1 DAGs
[2025-09-05T20:55:46.843+0000] {logging_mixin.py:188} INFO - [2025-09-05T20:55:46.843+0000] {dag.py:3954} INFO - Setting next_dagrun for pipeline_dados_transito_tcc to 2025-09-05 08:00:00+00:00, run_after=2025-09-06 08:00:00+00:00
[2025-09-05T20:55:46.864+0000] {processor.py:183} INFO - Processing /opt/airflow/dags/tcc_pipeline_dag.py took 0.143 seconds
[2025-09-05T20:56:17.174+0000] {processor.py:161} INFO - Started process (PID=749) to work on /opt/airflow/dags/tcc_pipeline_dag.py
[2025-09-05T20:56:17.175+0000] {processor.py:830} INFO - Processing file /opt/airflow/dags/tcc_pipeline_dag.py for tasks to queue
[2025-09-05T20:56:17.177+0000] {logging_mixin.py:188} INFO - [2025-09-05T20:56:17.177+0000] {dagbag.py:545} INFO - Filling up the DagBag from /opt/airflow/dags/tcc_pipeline_dag.py
[2025-09-05T20:56:17.218+0000] {processor.py:840} INFO - DAG(s) 'pipeline_dados_transito_tcc' retrieved from /opt/airflow/dags/tcc_pipeline_dag.py
[2025-09-05T20:56:17.240+0000] {logging_mixin.py:188} INFO - [2025-09-05T20:56:17.240+0000] {dag.py:3096} INFO - Sync 1 DAGs
[2025-09-05T20:56:17.258+0000] {logging_mixin.py:188} INFO - [2025-09-05T20:56:17.258+0000] {dag.py:3954} INFO - Setting next_dagrun for pipeline_dados_transito_tcc to 2025-09-05 08:00:00+00:00, run_after=2025-09-06 08:00:00+00:00
[2025-09-05T20:56:17.278+0000] {processor.py:183} INFO - Processing /opt/airflow/dags/tcc_pipeline_dag.py took 0.109 seconds
[2025-09-05T20:56:47.516+0000] {processor.py:161} INFO - Started process (PID=756) to work on /opt/airflow/dags/tcc_pipeline_dag.py
[2025-09-05T20:56:47.517+0000] {processor.py:830} INFO - Processing file /opt/airflow/dags/tcc_pipeline_dag.py for tasks to queue
[2025-09-05T20:56:47.520+0000] {logging_mixin.py:188} INFO - [2025-09-05T20:56:47.520+0000] {dagbag.py:545} INFO - Filling up the DagBag from /opt/airflow/dags/tcc_pipeline_dag.py
[2025-09-05T20:56:47.570+0000] {processor.py:840} INFO - DAG(s) 'pipeline_dados_transito_tcc' retrieved from /opt/airflow/dags/tcc_pipeline_dag.py
[2025-09-05T20:56:47.601+0000] {logging_mixin.py:188} INFO - [2025-09-05T20:56:47.601+0000] {dag.py:3096} INFO - Sync 1 DAGs
[2025-09-05T20:56:47.618+0000] {logging_mixin.py:188} INFO - [2025-09-05T20:56:47.618+0000] {dag.py:3954} INFO - Setting next_dagrun for pipeline_dados_transito_tcc to 2025-09-05 08:00:00+00:00, run_after=2025-09-06 08:00:00+00:00
[2025-09-05T20:56:47.645+0000] {processor.py:183} INFO - Processing /opt/airflow/dags/tcc_pipeline_dag.py took 0.134 seconds
[2025-09-05T20:57:17.816+0000] {processor.py:161} INFO - Started process (PID=763) to work on /opt/airflow/dags/tcc_pipeline_dag.py
[2025-09-05T20:57:17.817+0000] {processor.py:830} INFO - Processing file /opt/airflow/dags/tcc_pipeline_dag.py for tasks to queue
[2025-09-05T20:57:17.819+0000] {logging_mixin.py:188} INFO - [2025-09-05T20:57:17.819+0000] {dagbag.py:545} INFO - Filling up the DagBag from /opt/airflow/dags/tcc_pipeline_dag.py
[2025-09-05T20:57:17.861+0000] {processor.py:840} INFO - DAG(s) 'pipeline_dados_transito_tcc' retrieved from /opt/airflow/dags/tcc_pipeline_dag.py
[2025-09-05T20:57:17.892+0000] {logging_mixin.py:188} INFO - [2025-09-05T20:57:17.892+0000] {dag.py:3096} INFO - Sync 1 DAGs
[2025-09-05T20:57:17.915+0000] {logging_mixin.py:188} INFO - [2025-09-05T20:57:17.914+0000] {dag.py:3954} INFO - Setting next_dagrun for pipeline_dados_transito_tcc to 2025-09-05 08:00:00+00:00, run_after=2025-09-06 08:00:00+00:00
[2025-09-05T20:57:17.939+0000] {processor.py:183} INFO - Processing /opt/airflow/dags/tcc_pipeline_dag.py took 0.130 seconds
[2025-09-05T20:57:48.223+0000] {processor.py:161} INFO - Started process (PID=770) to work on /opt/airflow/dags/tcc_pipeline_dag.py
[2025-09-05T20:57:48.225+0000] {processor.py:830} INFO - Processing file /opt/airflow/dags/tcc_pipeline_dag.py for tasks to queue
[2025-09-05T20:57:48.229+0000] {logging_mixin.py:188} INFO - [2025-09-05T20:57:48.228+0000] {dagbag.py:545} INFO - Filling up the DagBag from /opt/airflow/dags/tcc_pipeline_dag.py
[2025-09-05T20:57:48.267+0000] {processor.py:840} INFO - DAG(s) 'pipeline_dados_transito_tcc' retrieved from /opt/airflow/dags/tcc_pipeline_dag.py
[2025-09-05T20:57:48.299+0000] {logging_mixin.py:188} INFO - [2025-09-05T20:57:48.299+0000] {dag.py:3096} INFO - Sync 1 DAGs
[2025-09-05T20:57:48.322+0000] {logging_mixin.py:188} INFO - [2025-09-05T20:57:48.322+0000] {dag.py:3954} INFO - Setting next_dagrun for pipeline_dados_transito_tcc to 2025-09-05 08:00:00+00:00, run_after=2025-09-06 08:00:00+00:00
[2025-09-05T20:57:48.349+0000] {processor.py:183} INFO - Processing /opt/airflow/dags/tcc_pipeline_dag.py took 0.137 seconds
[2025-09-05T20:58:18.616+0000] {processor.py:161} INFO - Started process (PID=777) to work on /opt/airflow/dags/tcc_pipeline_dag.py
[2025-09-05T20:58:18.617+0000] {processor.py:830} INFO - Processing file /opt/airflow/dags/tcc_pipeline_dag.py for tasks to queue
[2025-09-05T20:58:18.619+0000] {logging_mixin.py:188} INFO - [2025-09-05T20:58:18.619+0000] {dagbag.py:545} INFO - Filling up the DagBag from /opt/airflow/dags/tcc_pipeline_dag.py
[2025-09-05T20:58:18.665+0000] {processor.py:840} INFO - DAG(s) 'pipeline_dados_transito_tcc' retrieved from /opt/airflow/dags/tcc_pipeline_dag.py
[2025-09-05T20:58:18.693+0000] {logging_mixin.py:188} INFO - [2025-09-05T20:58:18.693+0000] {dag.py:3096} INFO - Sync 1 DAGs
[2025-09-05T20:58:18.722+0000] {logging_mixin.py:188} INFO - [2025-09-05T20:58:18.721+0000] {dag.py:3954} INFO - Setting next_dagrun for pipeline_dados_transito_tcc to 2025-09-05 08:00:00+00:00, run_after=2025-09-06 08:00:00+00:00
[2025-09-05T20:58:18.746+0000] {processor.py:183} INFO - Processing /opt/airflow/dags/tcc_pipeline_dag.py took 0.139 seconds
[2025-09-05T20:58:48.988+0000] {processor.py:161} INFO - Started process (PID=784) to work on /opt/airflow/dags/tcc_pipeline_dag.py
[2025-09-05T20:58:48.990+0000] {processor.py:830} INFO - Processing file /opt/airflow/dags/tcc_pipeline_dag.py for tasks to queue
[2025-09-05T20:58:48.993+0000] {logging_mixin.py:188} INFO - [2025-09-05T20:58:48.992+0000] {dagbag.py:545} INFO - Filling up the DagBag from /opt/airflow/dags/tcc_pipeline_dag.py
[2025-09-05T20:58:49.032+0000] {processor.py:840} INFO - DAG(s) 'pipeline_dados_transito_tcc' retrieved from /opt/airflow/dags/tcc_pipeline_dag.py
[2025-09-05T20:58:49.054+0000] {logging_mixin.py:188} INFO - [2025-09-05T20:58:49.054+0000] {dag.py:3096} INFO - Sync 1 DAGs
[2025-09-05T20:58:49.080+0000] {logging_mixin.py:188} INFO - [2025-09-05T20:58:49.080+0000] {dag.py:3954} INFO - Setting next_dagrun for pipeline_dados_transito_tcc to 2025-09-05 08:00:00+00:00, run_after=2025-09-06 08:00:00+00:00
[2025-09-05T20:58:49.099+0000] {processor.py:183} INFO - Processing /opt/airflow/dags/tcc_pipeline_dag.py took 0.120 seconds
[2025-09-05T20:59:19.289+0000] {processor.py:161} INFO - Started process (PID=791) to work on /opt/airflow/dags/tcc_pipeline_dag.py
[2025-09-05T20:59:19.290+0000] {processor.py:830} INFO - Processing file /opt/airflow/dags/tcc_pipeline_dag.py for tasks to queue
[2025-09-05T20:59:19.292+0000] {logging_mixin.py:188} INFO - [2025-09-05T20:59:19.292+0000] {dagbag.py:545} INFO - Filling up the DagBag from /opt/airflow/dags/tcc_pipeline_dag.py
[2025-09-05T20:59:19.319+0000] {processor.py:840} INFO - DAG(s) 'pipeline_dados_transito_tcc' retrieved from /opt/airflow/dags/tcc_pipeline_dag.py
[2025-09-05T20:59:19.342+0000] {logging_mixin.py:188} INFO - [2025-09-05T20:59:19.342+0000] {dag.py:3096} INFO - Sync 1 DAGs
[2025-09-05T20:59:19.363+0000] {logging_mixin.py:188} INFO - [2025-09-05T20:59:19.363+0000] {dag.py:3954} INFO - Setting next_dagrun for pipeline_dados_transito_tcc to 2025-09-05 08:00:00+00:00, run_after=2025-09-06 08:00:00+00:00
[2025-09-05T20:59:19.381+0000] {processor.py:183} INFO - Processing /opt/airflow/dags/tcc_pipeline_dag.py took 0.098 seconds
[2025-09-05T20:59:49.635+0000] {processor.py:161} INFO - Started process (PID=798) to work on /opt/airflow/dags/tcc_pipeline_dag.py
[2025-09-05T20:59:49.636+0000] {processor.py:830} INFO - Processing file /opt/airflow/dags/tcc_pipeline_dag.py for tasks to queue
[2025-09-05T20:59:49.639+0000] {logging_mixin.py:188} INFO - [2025-09-05T20:59:49.639+0000] {dagbag.py:545} INFO - Filling up the DagBag from /opt/airflow/dags/tcc_pipeline_dag.py
[2025-09-05T20:59:49.685+0000] {processor.py:840} INFO - DAG(s) 'pipeline_dados_transito_tcc' retrieved from /opt/airflow/dags/tcc_pipeline_dag.py
[2025-09-05T20:59:49.707+0000] {logging_mixin.py:188} INFO - [2025-09-05T20:59:49.707+0000] {dag.py:3096} INFO - Sync 1 DAGs
[2025-09-05T20:59:49.726+0000] {logging_mixin.py:188} INFO - [2025-09-05T20:59:49.726+0000] {dag.py:3954} INFO - Setting next_dagrun for pipeline_dados_transito_tcc to 2025-09-05 08:00:00+00:00, run_after=2025-09-06 08:00:00+00:00
[2025-09-05T20:59:49.742+0000] {processor.py:183} INFO - Processing /opt/airflow/dags/tcc_pipeline_dag.py took 0.114 seconds
[2025-09-05T21:00:19.901+0000] {processor.py:161} INFO - Started process (PID=805) to work on /opt/airflow/dags/tcc_pipeline_dag.py
[2025-09-05T21:00:19.903+0000] {processor.py:830} INFO - Processing file /opt/airflow/dags/tcc_pipeline_dag.py for tasks to queue
[2025-09-05T21:00:19.905+0000] {logging_mixin.py:188} INFO - [2025-09-05T21:00:19.905+0000] {dagbag.py:545} INFO - Filling up the DagBag from /opt/airflow/dags/tcc_pipeline_dag.py
[2025-09-05T21:00:19.934+0000] {processor.py:840} INFO - DAG(s) 'pipeline_dados_transito_tcc' retrieved from /opt/airflow/dags/tcc_pipeline_dag.py
[2025-09-05T21:00:19.960+0000] {logging_mixin.py:188} INFO - [2025-09-05T21:00:19.959+0000] {dag.py:3096} INFO - Sync 1 DAGs
[2025-09-05T21:00:19.982+0000] {logging_mixin.py:188} INFO - [2025-09-05T21:00:19.982+0000] {dag.py:3954} INFO - Setting next_dagrun for pipeline_dados_transito_tcc to 2025-09-05 08:00:00+00:00, run_after=2025-09-06 08:00:00+00:00
[2025-09-05T21:00:20.002+0000] {processor.py:183} INFO - Processing /opt/airflow/dags/tcc_pipeline_dag.py took 0.108 seconds
[2025-09-05T21:00:50.291+0000] {processor.py:161} INFO - Started process (PID=812) to work on /opt/airflow/dags/tcc_pipeline_dag.py
[2025-09-05T21:00:50.293+0000] {processor.py:830} INFO - Processing file /opt/airflow/dags/tcc_pipeline_dag.py for tasks to queue
[2025-09-05T21:00:50.296+0000] {logging_mixin.py:188} INFO - [2025-09-05T21:00:50.295+0000] {dagbag.py:545} INFO - Filling up the DagBag from /opt/airflow/dags/tcc_pipeline_dag.py
[2025-09-05T21:00:50.342+0000] {processor.py:840} INFO - DAG(s) 'pipeline_dados_transito_tcc' retrieved from /opt/airflow/dags/tcc_pipeline_dag.py
[2025-09-05T21:00:50.370+0000] {logging_mixin.py:188} INFO - [2025-09-05T21:00:50.370+0000] {dag.py:3096} INFO - Sync 1 DAGs
[2025-09-05T21:00:50.393+0000] {logging_mixin.py:188} INFO - [2025-09-05T21:00:50.393+0000] {dag.py:3954} INFO - Setting next_dagrun for pipeline_dados_transito_tcc to 2025-09-05 08:00:00+00:00, run_after=2025-09-06 08:00:00+00:00
[2025-09-05T21:00:50.431+0000] {processor.py:183} INFO - Processing /opt/airflow/dags/tcc_pipeline_dag.py took 0.149 seconds
[2025-09-05T21:01:20.555+0000] {processor.py:161} INFO - Started process (PID=825) to work on /opt/airflow/dags/tcc_pipeline_dag.py
[2025-09-05T21:01:20.556+0000] {processor.py:830} INFO - Processing file /opt/airflow/dags/tcc_pipeline_dag.py for tasks to queue
[2025-09-05T21:01:20.559+0000] {logging_mixin.py:188} INFO - [2025-09-05T21:01:20.558+0000] {dagbag.py:545} INFO - Filling up the DagBag from /opt/airflow/dags/tcc_pipeline_dag.py
[2025-09-05T21:01:20.591+0000] {processor.py:840} INFO - DAG(s) 'pipeline_dados_transito_tcc' retrieved from /opt/airflow/dags/tcc_pipeline_dag.py
[2025-09-05T21:01:20.614+0000] {logging_mixin.py:188} INFO - [2025-09-05T21:01:20.614+0000] {dag.py:3096} INFO - Sync 1 DAGs
[2025-09-05T21:01:20.644+0000] {logging_mixin.py:188} INFO - [2025-09-05T21:01:20.644+0000] {dag.py:3954} INFO - Setting next_dagrun for pipeline_dados_transito_tcc to 2025-09-05 08:00:00+00:00, run_after=2025-09-06 08:00:00+00:00
[2025-09-05T21:01:20.662+0000] {processor.py:183} INFO - Processing /opt/airflow/dags/tcc_pipeline_dag.py took 0.113 seconds
[2025-09-05T21:01:51.103+0000] {processor.py:161} INFO - Started process (PID=832) to work on /opt/airflow/dags/tcc_pipeline_dag.py
[2025-09-05T21:01:51.104+0000] {processor.py:830} INFO - Processing file /opt/airflow/dags/tcc_pipeline_dag.py for tasks to queue
[2025-09-05T21:01:51.107+0000] {logging_mixin.py:188} INFO - [2025-09-05T21:01:51.106+0000] {dagbag.py:545} INFO - Filling up the DagBag from /opt/airflow/dags/tcc_pipeline_dag.py
[2025-09-05T21:01:51.153+0000] {processor.py:840} INFO - DAG(s) 'pipeline_dados_transito_tcc' retrieved from /opt/airflow/dags/tcc_pipeline_dag.py
[2025-09-05T21:01:51.186+0000] {logging_mixin.py:188} INFO - [2025-09-05T21:01:51.185+0000] {dag.py:3096} INFO - Sync 1 DAGs
[2025-09-05T21:01:51.214+0000] {logging_mixin.py:188} INFO - [2025-09-05T21:01:51.214+0000] {dag.py:3954} INFO - Setting next_dagrun for pipeline_dados_transito_tcc to 2025-09-05 08:00:00+00:00, run_after=2025-09-06 08:00:00+00:00
[2025-09-05T21:01:51.232+0000] {processor.py:183} INFO - Processing /opt/airflow/dags/tcc_pipeline_dag.py took 0.137 seconds
[2025-09-05T21:02:21.384+0000] {processor.py:161} INFO - Started process (PID=839) to work on /opt/airflow/dags/tcc_pipeline_dag.py
[2025-09-05T21:02:21.385+0000] {processor.py:830} INFO - Processing file /opt/airflow/dags/tcc_pipeline_dag.py for tasks to queue
[2025-09-05T21:02:21.387+0000] {logging_mixin.py:188} INFO - [2025-09-05T21:02:21.387+0000] {dagbag.py:545} INFO - Filling up the DagBag from /opt/airflow/dags/tcc_pipeline_dag.py
[2025-09-05T21:02:21.410+0000] {processor.py:840} INFO - DAG(s) 'pipeline_dados_transito_tcc' retrieved from /opt/airflow/dags/tcc_pipeline_dag.py
[2025-09-05T21:02:21.433+0000] {logging_mixin.py:188} INFO - [2025-09-05T21:02:21.433+0000] {dag.py:3096} INFO - Sync 1 DAGs
[2025-09-05T21:02:21.452+0000] {logging_mixin.py:188} INFO - [2025-09-05T21:02:21.452+0000] {dag.py:3954} INFO - Setting next_dagrun for pipeline_dados_transito_tcc to 2025-09-05 08:00:00+00:00, run_after=2025-09-06 08:00:00+00:00
[2025-09-05T21:02:21.469+0000] {processor.py:183} INFO - Processing /opt/airflow/dags/tcc_pipeline_dag.py took 0.092 seconds
[2025-09-05T21:02:51.717+0000] {processor.py:161} INFO - Started process (PID=846) to work on /opt/airflow/dags/tcc_pipeline_dag.py
[2025-09-05T21:02:51.719+0000] {processor.py:830} INFO - Processing file /opt/airflow/dags/tcc_pipeline_dag.py for tasks to queue
[2025-09-05T21:02:51.725+0000] {logging_mixin.py:188} INFO - [2025-09-05T21:02:51.724+0000] {dagbag.py:545} INFO - Filling up the DagBag from /opt/airflow/dags/tcc_pipeline_dag.py
[2025-09-05T21:02:51.779+0000] {processor.py:840} INFO - DAG(s) 'pipeline_dados_transito_tcc' retrieved from /opt/airflow/dags/tcc_pipeline_dag.py
[2025-09-05T21:02:51.823+0000] {logging_mixin.py:188} INFO - [2025-09-05T21:02:51.823+0000] {dag.py:3096} INFO - Sync 1 DAGs
[2025-09-05T21:02:51.845+0000] {logging_mixin.py:188} INFO - [2025-09-05T21:02:51.844+0000] {dag.py:3954} INFO - Setting next_dagrun for pipeline_dados_transito_tcc to 2025-09-05 08:00:00+00:00, run_after=2025-09-06 08:00:00+00:00
[2025-09-05T21:02:51.871+0000] {processor.py:183} INFO - Processing /opt/airflow/dags/tcc_pipeline_dag.py took 0.164 seconds
[2025-09-05T21:03:21.981+0000] {processor.py:161} INFO - Started process (PID=853) to work on /opt/airflow/dags/tcc_pipeline_dag.py
[2025-09-05T21:03:21.982+0000] {processor.py:830} INFO - Processing file /opt/airflow/dags/tcc_pipeline_dag.py for tasks to queue
[2025-09-05T21:03:21.984+0000] {logging_mixin.py:188} INFO - [2025-09-05T21:03:21.983+0000] {dagbag.py:545} INFO - Filling up the DagBag from /opt/airflow/dags/tcc_pipeline_dag.py
[2025-09-05T21:03:22.012+0000] {processor.py:840} INFO - DAG(s) 'pipeline_dados_transito_tcc' retrieved from /opt/airflow/dags/tcc_pipeline_dag.py
[2025-09-05T21:03:22.036+0000] {logging_mixin.py:188} INFO - [2025-09-05T21:03:22.036+0000] {dag.py:3096} INFO - Sync 1 DAGs
[2025-09-05T21:03:22.053+0000] {logging_mixin.py:188} INFO - [2025-09-05T21:03:22.053+0000] {dag.py:3954} INFO - Setting next_dagrun for pipeline_dados_transito_tcc to 2025-09-05 08:00:00+00:00, run_after=2025-09-06 08:00:00+00:00
[2025-09-05T21:03:22.071+0000] {processor.py:183} INFO - Processing /opt/airflow/dags/tcc_pipeline_dag.py took 0.097 seconds
[2025-09-05T21:03:52.229+0000] {processor.py:161} INFO - Started process (PID=860) to work on /opt/airflow/dags/tcc_pipeline_dag.py
[2025-09-05T21:03:52.230+0000] {processor.py:830} INFO - Processing file /opt/airflow/dags/tcc_pipeline_dag.py for tasks to queue
[2025-09-05T21:03:52.233+0000] {logging_mixin.py:188} INFO - [2025-09-05T21:03:52.232+0000] {dagbag.py:545} INFO - Filling up the DagBag from /opt/airflow/dags/tcc_pipeline_dag.py
[2025-09-05T21:03:52.273+0000] {processor.py:840} INFO - DAG(s) 'pipeline_dados_transito_tcc' retrieved from /opt/airflow/dags/tcc_pipeline_dag.py
[2025-09-05T21:03:52.298+0000] {logging_mixin.py:188} INFO - [2025-09-05T21:03:52.298+0000] {dag.py:3096} INFO - Sync 1 DAGs
[2025-09-05T21:03:52.316+0000] {logging_mixin.py:188} INFO - [2025-09-05T21:03:52.316+0000] {dag.py:3954} INFO - Setting next_dagrun for pipeline_dados_transito_tcc to 2025-09-05 08:00:00+00:00, run_after=2025-09-06 08:00:00+00:00
[2025-09-05T21:03:52.334+0000] {processor.py:183} INFO - Processing /opt/airflow/dags/tcc_pipeline_dag.py took 0.112 seconds
[2025-09-05T21:04:22.601+0000] {processor.py:161} INFO - Started process (PID=867) to work on /opt/airflow/dags/tcc_pipeline_dag.py
[2025-09-05T21:04:22.602+0000] {processor.py:830} INFO - Processing file /opt/airflow/dags/tcc_pipeline_dag.py for tasks to queue
[2025-09-05T21:04:22.604+0000] {logging_mixin.py:188} INFO - [2025-09-05T21:04:22.603+0000] {dagbag.py:545} INFO - Filling up the DagBag from /opt/airflow/dags/tcc_pipeline_dag.py
[2025-09-05T21:04:22.645+0000] {processor.py:840} INFO - DAG(s) 'pipeline_dados_transito_tcc' retrieved from /opt/airflow/dags/tcc_pipeline_dag.py
[2025-09-05T21:04:22.684+0000] {logging_mixin.py:188} INFO - [2025-09-05T21:04:22.684+0000] {dag.py:3096} INFO - Sync 1 DAGs
[2025-09-05T21:04:22.706+0000] {logging_mixin.py:188} INFO - [2025-09-05T21:04:22.706+0000] {dag.py:3954} INFO - Setting next_dagrun for pipeline_dados_transito_tcc to 2025-09-05 08:00:00+00:00, run_after=2025-09-06 08:00:00+00:00
[2025-09-05T21:04:22.726+0000] {processor.py:183} INFO - Processing /opt/airflow/dags/tcc_pipeline_dag.py took 0.132 seconds
[2025-09-05T21:04:52.835+0000] {processor.py:161} INFO - Started process (PID=874) to work on /opt/airflow/dags/tcc_pipeline_dag.py
[2025-09-05T21:04:52.836+0000] {processor.py:830} INFO - Processing file /opt/airflow/dags/tcc_pipeline_dag.py for tasks to queue
[2025-09-05T21:04:52.838+0000] {logging_mixin.py:188} INFO - [2025-09-05T21:04:52.838+0000] {dagbag.py:545} INFO - Filling up the DagBag from /opt/airflow/dags/tcc_pipeline_dag.py
[2025-09-05T21:04:52.868+0000] {processor.py:840} INFO - DAG(s) 'pipeline_dados_transito_tcc' retrieved from /opt/airflow/dags/tcc_pipeline_dag.py
[2025-09-05T21:04:52.891+0000] {logging_mixin.py:188} INFO - [2025-09-05T21:04:52.891+0000] {dag.py:3096} INFO - Sync 1 DAGs
[2025-09-05T21:04:52.913+0000] {logging_mixin.py:188} INFO - [2025-09-05T21:04:52.913+0000] {dag.py:3954} INFO - Setting next_dagrun for pipeline_dados_transito_tcc to 2025-09-05 08:00:00+00:00, run_after=2025-09-06 08:00:00+00:00
[2025-09-05T21:04:52.932+0000] {processor.py:183} INFO - Processing /opt/airflow/dags/tcc_pipeline_dag.py took 0.102 seconds
[2025-09-05T21:05:23.247+0000] {processor.py:161} INFO - Started process (PID=881) to work on /opt/airflow/dags/tcc_pipeline_dag.py
[2025-09-05T21:05:23.248+0000] {processor.py:830} INFO - Processing file /opt/airflow/dags/tcc_pipeline_dag.py for tasks to queue
[2025-09-05T21:05:23.251+0000] {logging_mixin.py:188} INFO - [2025-09-05T21:05:23.251+0000] {dagbag.py:545} INFO - Filling up the DagBag from /opt/airflow/dags/tcc_pipeline_dag.py
[2025-09-05T21:05:23.283+0000] {processor.py:840} INFO - DAG(s) 'pipeline_dados_transito_tcc' retrieved from /opt/airflow/dags/tcc_pipeline_dag.py
[2025-09-05T21:05:23.310+0000] {logging_mixin.py:188} INFO - [2025-09-05T21:05:23.310+0000] {dag.py:3096} INFO - Sync 1 DAGs
[2025-09-05T21:05:23.334+0000] {logging_mixin.py:188} INFO - [2025-09-05T21:05:23.334+0000] {dag.py:3954} INFO - Setting next_dagrun for pipeline_dados_transito_tcc to 2025-09-05 08:00:00+00:00, run_after=2025-09-06 08:00:00+00:00
[2025-09-05T21:05:23.352+0000] {processor.py:183} INFO - Processing /opt/airflow/dags/tcc_pipeline_dag.py took 0.112 seconds
[2025-09-05T21:05:53.528+0000] {processor.py:161} INFO - Started process (PID=888) to work on /opt/airflow/dags/tcc_pipeline_dag.py
[2025-09-05T21:05:53.529+0000] {processor.py:830} INFO - Processing file /opt/airflow/dags/tcc_pipeline_dag.py for tasks to queue
[2025-09-05T21:05:53.532+0000] {logging_mixin.py:188} INFO - [2025-09-05T21:05:53.532+0000] {dagbag.py:545} INFO - Filling up the DagBag from /opt/airflow/dags/tcc_pipeline_dag.py
[2025-09-05T21:05:53.582+0000] {processor.py:840} INFO - DAG(s) 'pipeline_dados_transito_tcc' retrieved from /opt/airflow/dags/tcc_pipeline_dag.py
[2025-09-05T21:05:53.610+0000] {logging_mixin.py:188} INFO - [2025-09-05T21:05:53.610+0000] {dag.py:3096} INFO - Sync 1 DAGs
[2025-09-05T21:05:53.630+0000] {logging_mixin.py:188} INFO - [2025-09-05T21:05:53.630+0000] {dag.py:3954} INFO - Setting next_dagrun for pipeline_dados_transito_tcc to 2025-09-05 08:00:00+00:00, run_after=2025-09-06 08:00:00+00:00
[2025-09-05T21:05:53.652+0000] {processor.py:183} INFO - Processing /opt/airflow/dags/tcc_pipeline_dag.py took 0.132 seconds
[2025-09-05T21:06:23.864+0000] {processor.py:161} INFO - Started process (PID=895) to work on /opt/airflow/dags/tcc_pipeline_dag.py
[2025-09-05T21:06:23.865+0000] {processor.py:830} INFO - Processing file /opt/airflow/dags/tcc_pipeline_dag.py for tasks to queue
[2025-09-05T21:06:23.867+0000] {logging_mixin.py:188} INFO - [2025-09-05T21:06:23.867+0000] {dagbag.py:545} INFO - Filling up the DagBag from /opt/airflow/dags/tcc_pipeline_dag.py
[2025-09-05T21:06:23.921+0000] {processor.py:840} INFO - DAG(s) 'pipeline_dados_transito_tcc' retrieved from /opt/airflow/dags/tcc_pipeline_dag.py
[2025-09-05T21:06:23.959+0000] {logging_mixin.py:188} INFO - [2025-09-05T21:06:23.959+0000] {dag.py:3096} INFO - Sync 1 DAGs
[2025-09-05T21:06:23.989+0000] {logging_mixin.py:188} INFO - [2025-09-05T21:06:23.989+0000] {dag.py:3954} INFO - Setting next_dagrun for pipeline_dados_transito_tcc to 2025-09-05 08:00:00+00:00, run_after=2025-09-06 08:00:00+00:00
[2025-09-05T21:06:24.018+0000] {processor.py:183} INFO - Processing /opt/airflow/dags/tcc_pipeline_dag.py took 0.164 seconds
[2025-09-05T21:06:54.288+0000] {processor.py:161} INFO - Started process (PID=902) to work on /opt/airflow/dags/tcc_pipeline_dag.py
[2025-09-05T21:06:54.290+0000] {processor.py:830} INFO - Processing file /opt/airflow/dags/tcc_pipeline_dag.py for tasks to queue
[2025-09-05T21:06:54.293+0000] {logging_mixin.py:188} INFO - [2025-09-05T21:06:54.292+0000] {dagbag.py:545} INFO - Filling up the DagBag from /opt/airflow/dags/tcc_pipeline_dag.py
[2025-09-05T21:06:54.324+0000] {processor.py:840} INFO - DAG(s) 'pipeline_dados_transito_tcc' retrieved from /opt/airflow/dags/tcc_pipeline_dag.py
[2025-09-05T21:06:54.358+0000] {logging_mixin.py:188} INFO - [2025-09-05T21:06:54.358+0000] {dag.py:3096} INFO - Sync 1 DAGs
[2025-09-05T21:06:54.377+0000] {logging_mixin.py:188} INFO - [2025-09-05T21:06:54.377+0000] {dag.py:3954} INFO - Setting next_dagrun for pipeline_dados_transito_tcc to 2025-09-05 08:00:00+00:00, run_after=2025-09-06 08:00:00+00:00
[2025-09-05T21:06:54.398+0000] {processor.py:183} INFO - Processing /opt/airflow/dags/tcc_pipeline_dag.py took 0.119 seconds
[2025-09-05T21:07:24.658+0000] {processor.py:161} INFO - Started process (PID=909) to work on /opt/airflow/dags/tcc_pipeline_dag.py
[2025-09-05T21:07:24.661+0000] {processor.py:830} INFO - Processing file /opt/airflow/dags/tcc_pipeline_dag.py for tasks to queue
[2025-09-05T21:07:24.666+0000] {logging_mixin.py:188} INFO - [2025-09-05T21:07:24.666+0000] {dagbag.py:545} INFO - Filling up the DagBag from /opt/airflow/dags/tcc_pipeline_dag.py
[2025-09-05T21:07:24.849+0000] {processor.py:840} INFO - DAG(s) 'pipeline_dados_transito_tcc' retrieved from /opt/airflow/dags/tcc_pipeline_dag.py
[2025-09-05T21:07:24.879+0000] {logging_mixin.py:188} INFO - [2025-09-05T21:07:24.879+0000] {dag.py:3096} INFO - Sync 1 DAGs
[2025-09-05T21:07:24.906+0000] {logging_mixin.py:188} INFO - [2025-09-05T21:07:24.905+0000] {dag.py:3954} INFO - Setting next_dagrun for pipeline_dados_transito_tcc to 2025-09-05 08:00:00+00:00, run_after=2025-09-06 08:00:00+00:00
[2025-09-05T21:07:24.950+0000] {processor.py:183} INFO - Processing /opt/airflow/dags/tcc_pipeline_dag.py took 0.302 seconds
[2025-09-05T21:07:55.308+0000] {processor.py:161} INFO - Started process (PID=916) to work on /opt/airflow/dags/tcc_pipeline_dag.py
[2025-09-05T21:07:55.309+0000] {processor.py:830} INFO - Processing file /opt/airflow/dags/tcc_pipeline_dag.py for tasks to queue
[2025-09-05T21:07:55.311+0000] {logging_mixin.py:188} INFO - [2025-09-05T21:07:55.310+0000] {dagbag.py:545} INFO - Filling up the DagBag from /opt/airflow/dags/tcc_pipeline_dag.py
[2025-09-05T21:07:55.336+0000] {processor.py:840} INFO - DAG(s) 'pipeline_dados_transito_tcc' retrieved from /opt/airflow/dags/tcc_pipeline_dag.py
[2025-09-05T21:07:55.368+0000] {logging_mixin.py:188} INFO - [2025-09-05T21:07:55.367+0000] {dag.py:3096} INFO - Sync 1 DAGs
[2025-09-05T21:07:55.385+0000] {logging_mixin.py:188} INFO - [2025-09-05T21:07:55.385+0000] {dag.py:3954} INFO - Setting next_dagrun for pipeline_dados_transito_tcc to 2025-09-05 08:00:00+00:00, run_after=2025-09-06 08:00:00+00:00
[2025-09-05T21:07:55.403+0000] {processor.py:183} INFO - Processing /opt/airflow/dags/tcc_pipeline_dag.py took 0.102 seconds
[2025-09-05T21:08:25.629+0000] {processor.py:161} INFO - Started process (PID=923) to work on /opt/airflow/dags/tcc_pipeline_dag.py
[2025-09-05T21:08:25.630+0000] {processor.py:830} INFO - Processing file /opt/airflow/dags/tcc_pipeline_dag.py for tasks to queue
[2025-09-05T21:08:25.632+0000] {logging_mixin.py:188} INFO - [2025-09-05T21:08:25.632+0000] {dagbag.py:545} INFO - Filling up the DagBag from /opt/airflow/dags/tcc_pipeline_dag.py
[2025-09-05T21:08:25.675+0000] {processor.py:840} INFO - DAG(s) 'pipeline_dados_transito_tcc' retrieved from /opt/airflow/dags/tcc_pipeline_dag.py
[2025-09-05T21:08:25.700+0000] {logging_mixin.py:188} INFO - [2025-09-05T21:08:25.700+0000] {dag.py:3096} INFO - Sync 1 DAGs
[2025-09-05T21:08:25.719+0000] {logging_mixin.py:188} INFO - [2025-09-05T21:08:25.719+0000] {dag.py:3954} INFO - Setting next_dagrun for pipeline_dados_transito_tcc to 2025-09-05 08:00:00+00:00, run_after=2025-09-06 08:00:00+00:00
[2025-09-05T21:08:25.735+0000] {processor.py:183} INFO - Processing /opt/airflow/dags/tcc_pipeline_dag.py took 0.116 seconds
[2025-09-05T21:08:56.017+0000] {processor.py:161} INFO - Started process (PID=931) to work on /opt/airflow/dags/tcc_pipeline_dag.py
[2025-09-05T21:08:56.019+0000] {processor.py:830} INFO - Processing file /opt/airflow/dags/tcc_pipeline_dag.py for tasks to queue
[2025-09-05T21:08:56.021+0000] {logging_mixin.py:188} INFO - [2025-09-05T21:08:56.020+0000] {dagbag.py:545} INFO - Filling up the DagBag from /opt/airflow/dags/tcc_pipeline_dag.py
[2025-09-05T21:08:56.058+0000] {processor.py:840} INFO - DAG(s) 'pipeline_dados_transito_tcc' retrieved from /opt/airflow/dags/tcc_pipeline_dag.py
[2025-09-05T21:08:56.083+0000] {logging_mixin.py:188} INFO - [2025-09-05T21:08:56.083+0000] {dag.py:3096} INFO - Sync 1 DAGs
[2025-09-05T21:08:56.102+0000] {logging_mixin.py:188} INFO - [2025-09-05T21:08:56.102+0000] {dag.py:3954} INFO - Setting next_dagrun for pipeline_dados_transito_tcc to 2025-09-05 08:00:00+00:00, run_after=2025-09-06 08:00:00+00:00
[2025-09-05T21:08:56.119+0000] {processor.py:183} INFO - Processing /opt/airflow/dags/tcc_pipeline_dag.py took 0.107 seconds
[2025-09-05T21:09:26.321+0000] {processor.py:161} INFO - Started process (PID=938) to work on /opt/airflow/dags/tcc_pipeline_dag.py
[2025-09-05T21:09:26.322+0000] {processor.py:830} INFO - Processing file /opt/airflow/dags/tcc_pipeline_dag.py for tasks to queue
[2025-09-05T21:09:26.324+0000] {logging_mixin.py:188} INFO - [2025-09-05T21:09:26.324+0000] {dagbag.py:545} INFO - Filling up the DagBag from /opt/airflow/dags/tcc_pipeline_dag.py
[2025-09-05T21:09:26.352+0000] {processor.py:840} INFO - DAG(s) 'pipeline_dados_transito_tcc' retrieved from /opt/airflow/dags/tcc_pipeline_dag.py
[2025-09-05T21:09:26.375+0000] {logging_mixin.py:188} INFO - [2025-09-05T21:09:26.375+0000] {dag.py:3096} INFO - Sync 1 DAGs
[2025-09-05T21:09:26.393+0000] {logging_mixin.py:188} INFO - [2025-09-05T21:09:26.393+0000] {dag.py:3954} INFO - Setting next_dagrun for pipeline_dados_transito_tcc to 2025-09-05 08:00:00+00:00, run_after=2025-09-06 08:00:00+00:00
[2025-09-05T21:09:26.412+0000] {processor.py:183} INFO - Processing /opt/airflow/dags/tcc_pipeline_dag.py took 0.099 seconds
[2025-09-05T21:09:56.652+0000] {processor.py:161} INFO - Started process (PID=945) to work on /opt/airflow/dags/tcc_pipeline_dag.py
[2025-09-05T21:09:56.653+0000] {processor.py:830} INFO - Processing file /opt/airflow/dags/tcc_pipeline_dag.py for tasks to queue
[2025-09-05T21:09:56.655+0000] {logging_mixin.py:188} INFO - [2025-09-05T21:09:56.655+0000] {dagbag.py:545} INFO - Filling up the DagBag from /opt/airflow/dags/tcc_pipeline_dag.py
[2025-09-05T21:09:56.693+0000] {processor.py:840} INFO - DAG(s) 'pipeline_dados_transito_tcc' retrieved from /opt/airflow/dags/tcc_pipeline_dag.py
[2025-09-05T21:09:56.725+0000] {logging_mixin.py:188} INFO - [2025-09-05T21:09:56.725+0000] {dag.py:3096} INFO - Sync 1 DAGs
[2025-09-05T21:09:56.754+0000] {logging_mixin.py:188} INFO - [2025-09-05T21:09:56.754+0000] {dag.py:3954} INFO - Setting next_dagrun for pipeline_dados_transito_tcc to 2025-09-05 08:00:00+00:00, run_after=2025-09-06 08:00:00+00:00
[2025-09-05T21:09:56.793+0000] {processor.py:183} INFO - Processing /opt/airflow/dags/tcc_pipeline_dag.py took 0.146 seconds
[2025-09-05T21:10:27.012+0000] {processor.py:161} INFO - Started process (PID=952) to work on /opt/airflow/dags/tcc_pipeline_dag.py
[2025-09-05T21:10:27.026+0000] {processor.py:830} INFO - Processing file /opt/airflow/dags/tcc_pipeline_dag.py for tasks to queue
[2025-09-05T21:10:27.038+0000] {logging_mixin.py:188} INFO - [2025-09-05T21:10:27.037+0000] {dagbag.py:545} INFO - Filling up the DagBag from /opt/airflow/dags/tcc_pipeline_dag.py
[2025-09-05T21:10:27.090+0000] {processor.py:840} INFO - DAG(s) 'pipeline_dados_transito_tcc' retrieved from /opt/airflow/dags/tcc_pipeline_dag.py
[2025-09-05T21:10:27.143+0000] {logging_mixin.py:188} INFO - [2025-09-05T21:10:27.143+0000] {dag.py:3096} INFO - Sync 1 DAGs
[2025-09-05T21:10:27.177+0000] {logging_mixin.py:188} INFO - [2025-09-05T21:10:27.177+0000] {dag.py:3954} INFO - Setting next_dagrun for pipeline_dados_transito_tcc to 2025-09-05 08:00:00+00:00, run_after=2025-09-06 08:00:00+00:00
[2025-09-05T21:10:27.203+0000] {processor.py:183} INFO - Processing /opt/airflow/dags/tcc_pipeline_dag.py took 0.204 seconds
[2025-09-05T21:10:57.455+0000] {processor.py:161} INFO - Started process (PID=959) to work on /opt/airflow/dags/tcc_pipeline_dag.py
[2025-09-05T21:10:57.457+0000] {processor.py:830} INFO - Processing file /opt/airflow/dags/tcc_pipeline_dag.py for tasks to queue
[2025-09-05T21:10:57.459+0000] {logging_mixin.py:188} INFO - [2025-09-05T21:10:57.459+0000] {dagbag.py:545} INFO - Filling up the DagBag from /opt/airflow/dags/tcc_pipeline_dag.py
[2025-09-05T21:10:57.505+0000] {processor.py:840} INFO - DAG(s) 'pipeline_dados_transito_tcc' retrieved from /opt/airflow/dags/tcc_pipeline_dag.py
[2025-09-05T21:10:57.535+0000] {logging_mixin.py:188} INFO - [2025-09-05T21:10:57.535+0000] {dag.py:3096} INFO - Sync 1 DAGs
[2025-09-05T21:10:57.560+0000] {logging_mixin.py:188} INFO - [2025-09-05T21:10:57.559+0000] {dag.py:3954} INFO - Setting next_dagrun for pipeline_dados_transito_tcc to 2025-09-05 08:00:00+00:00, run_after=2025-09-06 08:00:00+00:00
[2025-09-05T21:10:57.592+0000] {processor.py:183} INFO - Processing /opt/airflow/dags/tcc_pipeline_dag.py took 0.149 seconds
[2025-09-05T21:11:27.767+0000] {processor.py:161} INFO - Started process (PID=966) to work on /opt/airflow/dags/tcc_pipeline_dag.py
[2025-09-05T21:11:27.768+0000] {processor.py:830} INFO - Processing file /opt/airflow/dags/tcc_pipeline_dag.py for tasks to queue
[2025-09-05T21:11:27.772+0000] {logging_mixin.py:188} INFO - [2025-09-05T21:11:27.771+0000] {dagbag.py:545} INFO - Filling up the DagBag from /opt/airflow/dags/tcc_pipeline_dag.py
[2025-09-05T21:11:27.810+0000] {processor.py:840} INFO - DAG(s) 'pipeline_dados_transito_tcc' retrieved from /opt/airflow/dags/tcc_pipeline_dag.py
[2025-09-05T21:11:27.850+0000] {logging_mixin.py:188} INFO - [2025-09-05T21:11:27.850+0000] {dag.py:3096} INFO - Sync 1 DAGs
[2025-09-05T21:11:27.883+0000] {logging_mixin.py:188} INFO - [2025-09-05T21:11:27.883+0000] {dag.py:3954} INFO - Setting next_dagrun for pipeline_dados_transito_tcc to 2025-09-05 08:00:00+00:00, run_after=2025-09-06 08:00:00+00:00
[2025-09-05T21:11:27.912+0000] {processor.py:183} INFO - Processing /opt/airflow/dags/tcc_pipeline_dag.py took 0.153 seconds
[2025-09-05T21:11:58.234+0000] {processor.py:161} INFO - Started process (PID=973) to work on /opt/airflow/dags/tcc_pipeline_dag.py
[2025-09-05T21:11:58.235+0000] {processor.py:830} INFO - Processing file /opt/airflow/dags/tcc_pipeline_dag.py for tasks to queue
[2025-09-05T21:11:58.239+0000] {logging_mixin.py:188} INFO - [2025-09-05T21:11:58.238+0000] {dagbag.py:545} INFO - Filling up the DagBag from /opt/airflow/dags/tcc_pipeline_dag.py
[2025-09-05T21:11:58.290+0000] {processor.py:840} INFO - DAG(s) 'pipeline_dados_transito_tcc' retrieved from /opt/airflow/dags/tcc_pipeline_dag.py
[2025-09-05T21:11:58.313+0000] {logging_mixin.py:188} INFO - [2025-09-05T21:11:58.313+0000] {dag.py:3096} INFO - Sync 1 DAGs
[2025-09-05T21:11:58.334+0000] {logging_mixin.py:188} INFO - [2025-09-05T21:11:58.334+0000] {dag.py:3954} INFO - Setting next_dagrun for pipeline_dados_transito_tcc to 2025-09-05 08:00:00+00:00, run_after=2025-09-06 08:00:00+00:00
[2025-09-05T21:11:58.358+0000] {processor.py:183} INFO - Processing /opt/airflow/dags/tcc_pipeline_dag.py took 0.134 seconds
[2025-09-05T21:12:28.495+0000] {processor.py:161} INFO - Started process (PID=980) to work on /opt/airflow/dags/tcc_pipeline_dag.py
[2025-09-05T21:12:28.497+0000] {processor.py:830} INFO - Processing file /opt/airflow/dags/tcc_pipeline_dag.py for tasks to queue
[2025-09-05T21:12:28.501+0000] {logging_mixin.py:188} INFO - [2025-09-05T21:12:28.501+0000] {dagbag.py:545} INFO - Filling up the DagBag from /opt/airflow/dags/tcc_pipeline_dag.py
[2025-09-05T21:12:28.555+0000] {processor.py:840} INFO - DAG(s) 'pipeline_dados_transito_tcc' retrieved from /opt/airflow/dags/tcc_pipeline_dag.py
[2025-09-05T21:12:28.626+0000] {logging_mixin.py:188} INFO - [2025-09-05T21:12:28.626+0000] {dag.py:3096} INFO - Sync 1 DAGs
[2025-09-05T21:12:28.675+0000] {logging_mixin.py:188} INFO - [2025-09-05T21:12:28.675+0000] {dag.py:3954} INFO - Setting next_dagrun for pipeline_dados_transito_tcc to 2025-09-05 08:00:00+00:00, run_after=2025-09-06 08:00:00+00:00
[2025-09-05T21:12:28.717+0000] {processor.py:183} INFO - Processing /opt/airflow/dags/tcc_pipeline_dag.py took 0.228 seconds
[2025-09-05T21:12:58.874+0000] {processor.py:161} INFO - Started process (PID=987) to work on /opt/airflow/dags/tcc_pipeline_dag.py
[2025-09-05T21:12:58.876+0000] {processor.py:830} INFO - Processing file /opt/airflow/dags/tcc_pipeline_dag.py for tasks to queue
[2025-09-05T21:12:58.882+0000] {logging_mixin.py:188} INFO - [2025-09-05T21:12:58.881+0000] {dagbag.py:545} INFO - Filling up the DagBag from /opt/airflow/dags/tcc_pipeline_dag.py
[2025-09-05T21:12:58.927+0000] {processor.py:840} INFO - DAG(s) 'pipeline_dados_transito_tcc' retrieved from /opt/airflow/dags/tcc_pipeline_dag.py
[2025-09-05T21:12:58.951+0000] {logging_mixin.py:188} INFO - [2025-09-05T21:12:58.951+0000] {dag.py:3096} INFO - Sync 1 DAGs
[2025-09-05T21:12:58.973+0000] {logging_mixin.py:188} INFO - [2025-09-05T21:12:58.972+0000] {dag.py:3954} INFO - Setting next_dagrun for pipeline_dados_transito_tcc to 2025-09-05 08:00:00+00:00, run_after=2025-09-06 08:00:00+00:00
[2025-09-05T21:12:58.995+0000] {processor.py:183} INFO - Processing /opt/airflow/dags/tcc_pipeline_dag.py took 0.125 seconds
[2025-09-05T21:13:29.283+0000] {processor.py:161} INFO - Started process (PID=994) to work on /opt/airflow/dags/tcc_pipeline_dag.py
[2025-09-05T21:13:29.284+0000] {processor.py:830} INFO - Processing file /opt/airflow/dags/tcc_pipeline_dag.py for tasks to queue
[2025-09-05T21:13:29.286+0000] {logging_mixin.py:188} INFO - [2025-09-05T21:13:29.286+0000] {dagbag.py:545} INFO - Filling up the DagBag from /opt/airflow/dags/tcc_pipeline_dag.py
[2025-09-05T21:13:29.320+0000] {processor.py:840} INFO - DAG(s) 'pipeline_dados_transito_tcc' retrieved from /opt/airflow/dags/tcc_pipeline_dag.py
[2025-09-05T21:13:29.345+0000] {logging_mixin.py:188} INFO - [2025-09-05T21:13:29.345+0000] {dag.py:3096} INFO - Sync 1 DAGs
[2025-09-05T21:13:29.367+0000] {logging_mixin.py:188} INFO - [2025-09-05T21:13:29.366+0000] {dag.py:3954} INFO - Setting next_dagrun for pipeline_dados_transito_tcc to 2025-09-05 08:00:00+00:00, run_after=2025-09-06 08:00:00+00:00
[2025-09-05T21:13:29.387+0000] {processor.py:183} INFO - Processing /opt/airflow/dags/tcc_pipeline_dag.py took 0.108 seconds
[2025-09-05T21:13:59.567+0000] {processor.py:161} INFO - Started process (PID=1001) to work on /opt/airflow/dags/tcc_pipeline_dag.py
[2025-09-05T21:13:59.568+0000] {processor.py:830} INFO - Processing file /opt/airflow/dags/tcc_pipeline_dag.py for tasks to queue
[2025-09-05T21:13:59.570+0000] {logging_mixin.py:188} INFO - [2025-09-05T21:13:59.570+0000] {dagbag.py:545} INFO - Filling up the DagBag from /opt/airflow/dags/tcc_pipeline_dag.py
[2025-09-05T21:13:59.612+0000] {processor.py:840} INFO - DAG(s) 'pipeline_dados_transito_tcc' retrieved from /opt/airflow/dags/tcc_pipeline_dag.py
[2025-09-05T21:13:59.637+0000] {logging_mixin.py:188} INFO - [2025-09-05T21:13:59.637+0000] {dag.py:3096} INFO - Sync 1 DAGs
[2025-09-05T21:13:59.663+0000] {logging_mixin.py:188} INFO - [2025-09-05T21:13:59.662+0000] {dag.py:3954} INFO - Setting next_dagrun for pipeline_dados_transito_tcc to 2025-09-05 08:00:00+00:00, run_after=2025-09-06 08:00:00+00:00
[2025-09-05T21:13:59.684+0000] {processor.py:183} INFO - Processing /opt/airflow/dags/tcc_pipeline_dag.py took 0.124 seconds
[2025-09-05T21:14:29.949+0000] {processor.py:161} INFO - Started process (PID=1008) to work on /opt/airflow/dags/tcc_pipeline_dag.py
[2025-09-05T21:14:29.950+0000] {processor.py:830} INFO - Processing file /opt/airflow/dags/tcc_pipeline_dag.py for tasks to queue
[2025-09-05T21:14:29.952+0000] {logging_mixin.py:188} INFO - [2025-09-05T21:14:29.952+0000] {dagbag.py:545} INFO - Filling up the DagBag from /opt/airflow/dags/tcc_pipeline_dag.py
[2025-09-05T21:14:29.975+0000] {processor.py:840} INFO - DAG(s) 'pipeline_dados_transito_tcc' retrieved from /opt/airflow/dags/tcc_pipeline_dag.py
[2025-09-05T21:14:30.000+0000] {logging_mixin.py:188} INFO - [2025-09-05T21:14:30.000+0000] {dag.py:3096} INFO - Sync 1 DAGs
[2025-09-05T21:14:30.019+0000] {logging_mixin.py:188} INFO - [2025-09-05T21:14:30.018+0000] {dag.py:3954} INFO - Setting next_dagrun for pipeline_dados_transito_tcc to 2025-09-05 08:00:00+00:00, run_after=2025-09-06 08:00:00+00:00
[2025-09-05T21:14:30.037+0000] {processor.py:183} INFO - Processing /opt/airflow/dags/tcc_pipeline_dag.py took 0.096 seconds
[2025-09-05T21:15:00.183+0000] {processor.py:161} INFO - Started process (PID=1015) to work on /opt/airflow/dags/tcc_pipeline_dag.py
[2025-09-05T21:15:00.184+0000] {processor.py:830} INFO - Processing file /opt/airflow/dags/tcc_pipeline_dag.py for tasks to queue
[2025-09-05T21:15:00.186+0000] {logging_mixin.py:188} INFO - [2025-09-05T21:15:00.186+0000] {dagbag.py:545} INFO - Filling up the DagBag from /opt/airflow/dags/tcc_pipeline_dag.py
[2025-09-05T21:15:00.217+0000] {processor.py:840} INFO - DAG(s) 'pipeline_dados_transito_tcc' retrieved from /opt/airflow/dags/tcc_pipeline_dag.py
[2025-09-05T21:15:00.242+0000] {logging_mixin.py:188} INFO - [2025-09-05T21:15:00.242+0000] {dag.py:3096} INFO - Sync 1 DAGs
[2025-09-05T21:15:00.264+0000] {logging_mixin.py:188} INFO - [2025-09-05T21:15:00.264+0000] {dag.py:3954} INFO - Setting next_dagrun for pipeline_dados_transito_tcc to 2025-09-05 08:00:00+00:00, run_after=2025-09-06 08:00:00+00:00
[2025-09-05T21:15:00.287+0000] {processor.py:183} INFO - Processing /opt/airflow/dags/tcc_pipeline_dag.py took 0.109 seconds
[2025-09-05T21:15:30.579+0000] {processor.py:161} INFO - Started process (PID=1022) to work on /opt/airflow/dags/tcc_pipeline_dag.py
[2025-09-05T21:15:30.580+0000] {processor.py:830} INFO - Processing file /opt/airflow/dags/tcc_pipeline_dag.py for tasks to queue
[2025-09-05T21:15:30.583+0000] {logging_mixin.py:188} INFO - [2025-09-05T21:15:30.583+0000] {dagbag.py:545} INFO - Filling up the DagBag from /opt/airflow/dags/tcc_pipeline_dag.py
[2025-09-05T21:15:30.628+0000] {processor.py:840} INFO - DAG(s) 'pipeline_dados_transito_tcc' retrieved from /opt/airflow/dags/tcc_pipeline_dag.py
[2025-09-05T21:15:30.657+0000] {logging_mixin.py:188} INFO - [2025-09-05T21:15:30.657+0000] {dag.py:3096} INFO - Sync 1 DAGs
[2025-09-05T21:15:30.684+0000] {logging_mixin.py:188} INFO - [2025-09-05T21:15:30.683+0000] {dag.py:3954} INFO - Setting next_dagrun for pipeline_dados_transito_tcc to 2025-09-05 08:00:00+00:00, run_after=2025-09-06 08:00:00+00:00
[2025-09-05T21:15:30.706+0000] {processor.py:183} INFO - Processing /opt/airflow/dags/tcc_pipeline_dag.py took 0.133 seconds
[2025-09-05T21:16:00.906+0000] {processor.py:161} INFO - Started process (PID=1029) to work on /opt/airflow/dags/tcc_pipeline_dag.py
[2025-09-05T21:16:00.907+0000] {processor.py:830} INFO - Processing file /opt/airflow/dags/tcc_pipeline_dag.py for tasks to queue
[2025-09-05T21:16:00.911+0000] {logging_mixin.py:188} INFO - [2025-09-05T21:16:00.910+0000] {dagbag.py:545} INFO - Filling up the DagBag from /opt/airflow/dags/tcc_pipeline_dag.py
[2025-09-05T21:16:00.957+0000] {processor.py:840} INFO - DAG(s) 'pipeline_dados_transito_tcc' retrieved from /opt/airflow/dags/tcc_pipeline_dag.py
[2025-09-05T21:16:00.980+0000] {logging_mixin.py:188} INFO - [2025-09-05T21:16:00.980+0000] {dag.py:3096} INFO - Sync 1 DAGs
[2025-09-05T21:16:01.010+0000] {logging_mixin.py:188} INFO - [2025-09-05T21:16:01.009+0000] {dag.py:3954} INFO - Setting next_dagrun for pipeline_dados_transito_tcc to 2025-09-05 08:00:00+00:00, run_after=2025-09-06 08:00:00+00:00
[2025-09-05T21:16:01.027+0000] {processor.py:183} INFO - Processing /opt/airflow/dags/tcc_pipeline_dag.py took 0.131 seconds
[2025-09-05T21:16:31.281+0000] {processor.py:161} INFO - Started process (PID=1036) to work on /opt/airflow/dags/tcc_pipeline_dag.py
[2025-09-05T21:16:31.282+0000] {processor.py:830} INFO - Processing file /opt/airflow/dags/tcc_pipeline_dag.py for tasks to queue
[2025-09-05T21:16:31.285+0000] {logging_mixin.py:188} INFO - [2025-09-05T21:16:31.284+0000] {dagbag.py:545} INFO - Filling up the DagBag from /opt/airflow/dags/tcc_pipeline_dag.py
[2025-09-05T21:16:31.328+0000] {processor.py:840} INFO - DAG(s) 'pipeline_dados_transito_tcc' retrieved from /opt/airflow/dags/tcc_pipeline_dag.py
[2025-09-05T21:16:31.353+0000] {logging_mixin.py:188} INFO - [2025-09-05T21:16:31.353+0000] {dag.py:3096} INFO - Sync 1 DAGs
[2025-09-05T21:16:31.373+0000] {logging_mixin.py:188} INFO - [2025-09-05T21:16:31.373+0000] {dag.py:3954} INFO - Setting next_dagrun for pipeline_dados_transito_tcc to 2025-09-05 08:00:00+00:00, run_after=2025-09-06 08:00:00+00:00
[2025-09-05T21:16:31.399+0000] {processor.py:183} INFO - Processing /opt/airflow/dags/tcc_pipeline_dag.py took 0.122 seconds
[2025-09-05T21:17:01.661+0000] {processor.py:161} INFO - Started process (PID=1043) to work on /opt/airflow/dags/tcc_pipeline_dag.py
[2025-09-05T21:17:01.662+0000] {processor.py:830} INFO - Processing file /opt/airflow/dags/tcc_pipeline_dag.py for tasks to queue
[2025-09-05T21:17:01.664+0000] {logging_mixin.py:188} INFO - [2025-09-05T21:17:01.664+0000] {dagbag.py:545} INFO - Filling up the DagBag from /opt/airflow/dags/tcc_pipeline_dag.py
[2025-09-05T21:17:01.691+0000] {processor.py:840} INFO - DAG(s) 'pipeline_dados_transito_tcc' retrieved from /opt/airflow/dags/tcc_pipeline_dag.py
[2025-09-05T21:17:01.715+0000] {logging_mixin.py:188} INFO - [2025-09-05T21:17:01.715+0000] {dag.py:3096} INFO - Sync 1 DAGs
[2025-09-05T21:17:01.733+0000] {logging_mixin.py:188} INFO - [2025-09-05T21:17:01.733+0000] {dag.py:3954} INFO - Setting next_dagrun for pipeline_dados_transito_tcc to 2025-09-05 08:00:00+00:00, run_after=2025-09-06 08:00:00+00:00
[2025-09-05T21:17:01.749+0000] {processor.py:183} INFO - Processing /opt/airflow/dags/tcc_pipeline_dag.py took 0.095 seconds
[2025-09-05T21:17:31.981+0000] {processor.py:161} INFO - Started process (PID=1050) to work on /opt/airflow/dags/tcc_pipeline_dag.py
[2025-09-05T21:17:31.982+0000] {processor.py:830} INFO - Processing file /opt/airflow/dags/tcc_pipeline_dag.py for tasks to queue
[2025-09-05T21:17:31.984+0000] {logging_mixin.py:188} INFO - [2025-09-05T21:17:31.984+0000] {dagbag.py:545} INFO - Filling up the DagBag from /opt/airflow/dags/tcc_pipeline_dag.py
[2025-09-05T21:17:32.034+0000] {processor.py:840} INFO - DAG(s) 'pipeline_dados_transito_tcc' retrieved from /opt/airflow/dags/tcc_pipeline_dag.py
[2025-09-05T21:17:32.066+0000] {logging_mixin.py:188} INFO - [2025-09-05T21:17:32.066+0000] {dag.py:3096} INFO - Sync 1 DAGs
[2025-09-05T21:17:32.088+0000] {logging_mixin.py:188} INFO - [2025-09-05T21:17:32.088+0000] {dag.py:3954} INFO - Setting next_dagrun for pipeline_dados_transito_tcc to 2025-09-05 08:00:00+00:00, run_after=2025-09-06 08:00:00+00:00
[2025-09-05T21:17:32.106+0000] {processor.py:183} INFO - Processing /opt/airflow/dags/tcc_pipeline_dag.py took 0.132 seconds
[2025-09-05T21:18:02.337+0000] {processor.py:161} INFO - Started process (PID=1057) to work on /opt/airflow/dags/tcc_pipeline_dag.py
[2025-09-05T21:18:02.338+0000] {processor.py:830} INFO - Processing file /opt/airflow/dags/tcc_pipeline_dag.py for tasks to queue
[2025-09-05T21:18:02.340+0000] {logging_mixin.py:188} INFO - [2025-09-05T21:18:02.340+0000] {dagbag.py:545} INFO - Filling up the DagBag from /opt/airflow/dags/tcc_pipeline_dag.py
[2025-09-05T21:18:02.382+0000] {processor.py:840} INFO - DAG(s) 'pipeline_dados_transito_tcc' retrieved from /opt/airflow/dags/tcc_pipeline_dag.py
[2025-09-05T21:18:02.403+0000] {logging_mixin.py:188} INFO - [2025-09-05T21:18:02.403+0000] {dag.py:3096} INFO - Sync 1 DAGs
[2025-09-05T21:18:02.421+0000] {logging_mixin.py:188} INFO - [2025-09-05T21:18:02.421+0000] {dag.py:3954} INFO - Setting next_dagrun for pipeline_dados_transito_tcc to 2025-09-05 08:00:00+00:00, run_after=2025-09-06 08:00:00+00:00
[2025-09-05T21:18:02.438+0000] {processor.py:183} INFO - Processing /opt/airflow/dags/tcc_pipeline_dag.py took 0.107 seconds
[2025-09-05T21:18:32.665+0000] {processor.py:161} INFO - Started process (PID=1064) to work on /opt/airflow/dags/tcc_pipeline_dag.py
[2025-09-05T21:18:32.667+0000] {processor.py:830} INFO - Processing file /opt/airflow/dags/tcc_pipeline_dag.py for tasks to queue
[2025-09-05T21:18:32.669+0000] {logging_mixin.py:188} INFO - [2025-09-05T21:18:32.669+0000] {dagbag.py:545} INFO - Filling up the DagBag from /opt/airflow/dags/tcc_pipeline_dag.py
[2025-09-05T21:18:32.689+0000] {processor.py:840} INFO - DAG(s) 'pipeline_dados_transito_tcc' retrieved from /opt/airflow/dags/tcc_pipeline_dag.py
[2025-09-05T21:18:32.710+0000] {logging_mixin.py:188} INFO - [2025-09-05T21:18:32.710+0000] {dag.py:3096} INFO - Sync 1 DAGs
[2025-09-05T21:18:32.728+0000] {logging_mixin.py:188} INFO - [2025-09-05T21:18:32.728+0000] {dag.py:3954} INFO - Setting next_dagrun for pipeline_dados_transito_tcc to 2025-09-05 08:00:00+00:00, run_after=2025-09-06 08:00:00+00:00
[2025-09-05T21:18:32.747+0000] {processor.py:183} INFO - Processing /opt/airflow/dags/tcc_pipeline_dag.py took 0.087 seconds
[2025-09-05T21:19:03.016+0000] {processor.py:161} INFO - Started process (PID=1071) to work on /opt/airflow/dags/tcc_pipeline_dag.py
[2025-09-05T21:19:03.018+0000] {processor.py:830} INFO - Processing file /opt/airflow/dags/tcc_pipeline_dag.py for tasks to queue
[2025-09-05T21:19:03.021+0000] {logging_mixin.py:188} INFO - [2025-09-05T21:19:03.021+0000] {dagbag.py:545} INFO - Filling up the DagBag from /opt/airflow/dags/tcc_pipeline_dag.py
[2025-09-05T21:19:03.051+0000] {processor.py:840} INFO - DAG(s) 'pipeline_dados_transito_tcc' retrieved from /opt/airflow/dags/tcc_pipeline_dag.py
[2025-09-05T21:19:03.073+0000] {logging_mixin.py:188} INFO - [2025-09-05T21:19:03.073+0000] {dag.py:3096} INFO - Sync 1 DAGs
[2025-09-05T21:19:03.093+0000] {logging_mixin.py:188} INFO - [2025-09-05T21:19:03.093+0000] {dag.py:3954} INFO - Setting next_dagrun for pipeline_dados_transito_tcc to 2025-09-05 08:00:00+00:00, run_after=2025-09-06 08:00:00+00:00
[2025-09-05T21:19:03.113+0000] {processor.py:183} INFO - Processing /opt/airflow/dags/tcc_pipeline_dag.py took 0.107 seconds
[2025-09-05T21:19:33.268+0000] {processor.py:161} INFO - Started process (PID=1078) to work on /opt/airflow/dags/tcc_pipeline_dag.py
[2025-09-05T21:19:33.270+0000] {processor.py:830} INFO - Processing file /opt/airflow/dags/tcc_pipeline_dag.py for tasks to queue
[2025-09-05T21:19:33.275+0000] {logging_mixin.py:188} INFO - [2025-09-05T21:19:33.274+0000] {dagbag.py:545} INFO - Filling up the DagBag from /opt/airflow/dags/tcc_pipeline_dag.py
[2025-09-05T21:19:33.358+0000] {processor.py:840} INFO - DAG(s) 'pipeline_dados_transito_tcc' retrieved from /opt/airflow/dags/tcc_pipeline_dag.py
[2025-09-05T21:19:33.384+0000] {logging_mixin.py:188} INFO - [2025-09-05T21:19:33.384+0000] {dag.py:3096} INFO - Sync 1 DAGs
[2025-09-05T21:19:33.402+0000] {logging_mixin.py:188} INFO - [2025-09-05T21:19:33.402+0000] {dag.py:3954} INFO - Setting next_dagrun for pipeline_dados_transito_tcc to 2025-09-05 08:00:00+00:00, run_after=2025-09-06 08:00:00+00:00
[2025-09-05T21:19:33.418+0000] {processor.py:183} INFO - Processing /opt/airflow/dags/tcc_pipeline_dag.py took 0.156 seconds
[2025-09-05T21:20:03.607+0000] {processor.py:161} INFO - Started process (PID=1085) to work on /opt/airflow/dags/tcc_pipeline_dag.py
[2025-09-05T21:20:03.609+0000] {processor.py:830} INFO - Processing file /opt/airflow/dags/tcc_pipeline_dag.py for tasks to queue
[2025-09-05T21:20:03.612+0000] {logging_mixin.py:188} INFO - [2025-09-05T21:20:03.611+0000] {dagbag.py:545} INFO - Filling up the DagBag from /opt/airflow/dags/tcc_pipeline_dag.py
[2025-09-05T21:20:03.674+0000] {processor.py:840} INFO - DAG(s) 'pipeline_dados_transito_tcc' retrieved from /opt/airflow/dags/tcc_pipeline_dag.py
[2025-09-05T21:20:03.725+0000] {logging_mixin.py:188} INFO - [2025-09-05T21:20:03.724+0000] {dag.py:3096} INFO - Sync 1 DAGs
[2025-09-05T21:20:03.755+0000] {logging_mixin.py:188} INFO - [2025-09-05T21:20:03.754+0000] {dag.py:3954} INFO - Setting next_dagrun for pipeline_dados_transito_tcc to 2025-09-05 08:00:00+00:00, run_after=2025-09-06 08:00:00+00:00
[2025-09-05T21:20:03.779+0000] {processor.py:183} INFO - Processing /opt/airflow/dags/tcc_pipeline_dag.py took 0.180 seconds
[2025-09-05T21:20:33.913+0000] {processor.py:161} INFO - Started process (PID=1092) to work on /opt/airflow/dags/tcc_pipeline_dag.py
[2025-09-05T21:20:33.915+0000] {processor.py:830} INFO - Processing file /opt/airflow/dags/tcc_pipeline_dag.py for tasks to queue
[2025-09-05T21:20:33.917+0000] {logging_mixin.py:188} INFO - [2025-09-05T21:20:33.916+0000] {dagbag.py:545} INFO - Filling up the DagBag from /opt/airflow/dags/tcc_pipeline_dag.py
[2025-09-05T21:20:33.952+0000] {processor.py:840} INFO - DAG(s) 'pipeline_dados_transito_tcc' retrieved from /opt/airflow/dags/tcc_pipeline_dag.py
[2025-09-05T21:20:33.978+0000] {logging_mixin.py:188} INFO - [2025-09-05T21:20:33.978+0000] {dag.py:3096} INFO - Sync 1 DAGs
[2025-09-05T21:20:33.997+0000] {logging_mixin.py:188} INFO - [2025-09-05T21:20:33.997+0000] {dag.py:3954} INFO - Setting next_dagrun for pipeline_dados_transito_tcc to 2025-09-05 08:00:00+00:00, run_after=2025-09-06 08:00:00+00:00
[2025-09-05T21:20:34.015+0000] {processor.py:183} INFO - Processing /opt/airflow/dags/tcc_pipeline_dag.py took 0.108 seconds
[2025-09-05T21:21:04.281+0000] {processor.py:161} INFO - Started process (PID=1099) to work on /opt/airflow/dags/tcc_pipeline_dag.py
[2025-09-05T21:21:04.282+0000] {processor.py:830} INFO - Processing file /opt/airflow/dags/tcc_pipeline_dag.py for tasks to queue
[2025-09-05T21:21:04.284+0000] {logging_mixin.py:188} INFO - [2025-09-05T21:21:04.284+0000] {dagbag.py:545} INFO - Filling up the DagBag from /opt/airflow/dags/tcc_pipeline_dag.py
[2025-09-05T21:21:04.324+0000] {processor.py:840} INFO - DAG(s) 'pipeline_dados_transito_tcc' retrieved from /opt/airflow/dags/tcc_pipeline_dag.py
[2025-09-05T21:21:04.365+0000] {logging_mixin.py:188} INFO - [2025-09-05T21:21:04.364+0000] {dag.py:3096} INFO - Sync 1 DAGs
[2025-09-05T21:21:04.398+0000] {logging_mixin.py:188} INFO - [2025-09-05T21:21:04.398+0000] {dag.py:3954} INFO - Setting next_dagrun for pipeline_dados_transito_tcc to 2025-09-05 08:00:00+00:00, run_after=2025-09-06 08:00:00+00:00
[2025-09-05T21:21:04.417+0000] {processor.py:183} INFO - Processing /opt/airflow/dags/tcc_pipeline_dag.py took 0.140 seconds
[2025-09-05T21:21:34.542+0000] {processor.py:161} INFO - Started process (PID=1106) to work on /opt/airflow/dags/tcc_pipeline_dag.py
[2025-09-05T21:21:34.543+0000] {processor.py:830} INFO - Processing file /opt/airflow/dags/tcc_pipeline_dag.py for tasks to queue
[2025-09-05T21:21:34.546+0000] {logging_mixin.py:188} INFO - [2025-09-05T21:21:34.545+0000] {dagbag.py:545} INFO - Filling up the DagBag from /opt/airflow/dags/tcc_pipeline_dag.py
[2025-09-05T21:21:34.600+0000] {processor.py:840} INFO - DAG(s) 'pipeline_dados_transito_tcc' retrieved from /opt/airflow/dags/tcc_pipeline_dag.py
[2025-09-05T21:21:34.624+0000] {logging_mixin.py:188} INFO - [2025-09-05T21:21:34.624+0000] {dag.py:3096} INFO - Sync 1 DAGs
[2025-09-05T21:21:34.642+0000] {logging_mixin.py:188} INFO - [2025-09-05T21:21:34.642+0000] {dag.py:3954} INFO - Setting next_dagrun for pipeline_dados_transito_tcc to 2025-09-05 08:00:00+00:00, run_after=2025-09-06 08:00:00+00:00
[2025-09-05T21:21:34.662+0000] {processor.py:183} INFO - Processing /opt/airflow/dags/tcc_pipeline_dag.py took 0.128 seconds
[2025-09-05T21:22:05.015+0000] {processor.py:161} INFO - Started process (PID=1112) to work on /opt/airflow/dags/tcc_pipeline_dag.py
[2025-09-05T21:22:05.017+0000] {processor.py:830} INFO - Processing file /opt/airflow/dags/tcc_pipeline_dag.py for tasks to queue
[2025-09-05T21:22:05.018+0000] {logging_mixin.py:188} INFO - [2025-09-05T21:22:05.018+0000] {dagbag.py:545} INFO - Filling up the DagBag from /opt/airflow/dags/tcc_pipeline_dag.py
[2025-09-05T21:22:05.044+0000] {processor.py:840} INFO - DAG(s) 'pipeline_dados_transito_tcc' retrieved from /opt/airflow/dags/tcc_pipeline_dag.py
[2025-09-05T21:22:05.069+0000] {logging_mixin.py:188} INFO - [2025-09-05T21:22:05.069+0000] {dag.py:3096} INFO - Sync 1 DAGs
[2025-09-05T21:22:05.091+0000] {logging_mixin.py:188} INFO - [2025-09-05T21:22:05.091+0000] {dag.py:3954} INFO - Setting next_dagrun for pipeline_dados_transito_tcc to 2025-09-05 08:00:00+00:00, run_after=2025-09-06 08:00:00+00:00
[2025-09-05T21:22:05.111+0000] {processor.py:183} INFO - Processing /opt/airflow/dags/tcc_pipeline_dag.py took 0.104 seconds
[2025-09-05T21:22:35.315+0000] {processor.py:161} INFO - Started process (PID=1119) to work on /opt/airflow/dags/tcc_pipeline_dag.py
[2025-09-05T21:22:35.316+0000] {processor.py:830} INFO - Processing file /opt/airflow/dags/tcc_pipeline_dag.py for tasks to queue
[2025-09-05T21:22:35.318+0000] {logging_mixin.py:188} INFO - [2025-09-05T21:22:35.318+0000] {dagbag.py:545} INFO - Filling up the DagBag from /opt/airflow/dags/tcc_pipeline_dag.py
[2025-09-05T21:22:35.358+0000] {processor.py:840} INFO - DAG(s) 'pipeline_dados_transito_tcc' retrieved from /opt/airflow/dags/tcc_pipeline_dag.py
[2025-09-05T21:22:35.383+0000] {logging_mixin.py:188} INFO - [2025-09-05T21:22:35.383+0000] {dag.py:3096} INFO - Sync 1 DAGs
[2025-09-05T21:22:35.404+0000] {logging_mixin.py:188} INFO - [2025-09-05T21:22:35.404+0000] {dag.py:3954} INFO - Setting next_dagrun for pipeline_dados_transito_tcc to 2025-09-05 08:00:00+00:00, run_after=2025-09-06 08:00:00+00:00
[2025-09-05T21:22:35.425+0000] {processor.py:183} INFO - Processing /opt/airflow/dags/tcc_pipeline_dag.py took 0.118 seconds
[2025-09-05T21:23:05.645+0000] {processor.py:161} INFO - Started process (PID=1126) to work on /opt/airflow/dags/tcc_pipeline_dag.py
[2025-09-05T21:23:05.647+0000] {processor.py:830} INFO - Processing file /opt/airflow/dags/tcc_pipeline_dag.py for tasks to queue
[2025-09-05T21:23:05.650+0000] {logging_mixin.py:188} INFO - [2025-09-05T21:23:05.650+0000] {dagbag.py:545} INFO - Filling up the DagBag from /opt/airflow/dags/tcc_pipeline_dag.py
[2025-09-05T21:23:05.695+0000] {processor.py:840} INFO - DAG(s) 'pipeline_dados_transito_tcc' retrieved from /opt/airflow/dags/tcc_pipeline_dag.py
[2025-09-05T21:23:05.717+0000] {logging_mixin.py:188} INFO - [2025-09-05T21:23:05.717+0000] {dag.py:3096} INFO - Sync 1 DAGs
[2025-09-05T21:23:05.734+0000] {logging_mixin.py:188} INFO - [2025-09-05T21:23:05.734+0000] {dag.py:3954} INFO - Setting next_dagrun for pipeline_dados_transito_tcc to 2025-09-05 08:00:00+00:00, run_after=2025-09-06 08:00:00+00:00
[2025-09-05T21:23:05.753+0000] {processor.py:183} INFO - Processing /opt/airflow/dags/tcc_pipeline_dag.py took 0.117 seconds
[2025-09-05T21:23:36.015+0000] {processor.py:161} INFO - Started process (PID=1133) to work on /opt/airflow/dags/tcc_pipeline_dag.py
[2025-09-05T21:23:36.016+0000] {processor.py:830} INFO - Processing file /opt/airflow/dags/tcc_pipeline_dag.py for tasks to queue
[2025-09-05T21:23:36.018+0000] {logging_mixin.py:188} INFO - [2025-09-05T21:23:36.018+0000] {dagbag.py:545} INFO - Filling up the DagBag from /opt/airflow/dags/tcc_pipeline_dag.py
[2025-09-05T21:23:36.045+0000] {processor.py:840} INFO - DAG(s) 'pipeline_dados_transito_tcc' retrieved from /opt/airflow/dags/tcc_pipeline_dag.py
[2025-09-05T21:23:36.065+0000] {logging_mixin.py:188} INFO - [2025-09-05T21:23:36.065+0000] {dag.py:3096} INFO - Sync 1 DAGs
[2025-09-05T21:23:36.084+0000] {logging_mixin.py:188} INFO - [2025-09-05T21:23:36.083+0000] {dag.py:3954} INFO - Setting next_dagrun for pipeline_dados_transito_tcc to 2025-09-05 08:00:00+00:00, run_after=2025-09-06 08:00:00+00:00
[2025-09-05T21:23:36.100+0000] {processor.py:183} INFO - Processing /opt/airflow/dags/tcc_pipeline_dag.py took 0.092 seconds
[2025-09-05T21:24:06.322+0000] {processor.py:161} INFO - Started process (PID=1141) to work on /opt/airflow/dags/tcc_pipeline_dag.py
[2025-09-05T21:24:06.323+0000] {processor.py:830} INFO - Processing file /opt/airflow/dags/tcc_pipeline_dag.py for tasks to queue
[2025-09-05T21:24:06.325+0000] {logging_mixin.py:188} INFO - [2025-09-05T21:24:06.325+0000] {dagbag.py:545} INFO - Filling up the DagBag from /opt/airflow/dags/tcc_pipeline_dag.py
[2025-09-05T21:24:06.356+0000] {processor.py:840} INFO - DAG(s) 'pipeline_dados_transito_tcc' retrieved from /opt/airflow/dags/tcc_pipeline_dag.py
[2025-09-05T21:24:06.378+0000] {logging_mixin.py:188} INFO - [2025-09-05T21:24:06.378+0000] {dag.py:3096} INFO - Sync 1 DAGs
[2025-09-05T21:24:06.399+0000] {logging_mixin.py:188} INFO - [2025-09-05T21:24:06.399+0000] {dag.py:3954} INFO - Setting next_dagrun for pipeline_dados_transito_tcc to 2025-09-05 08:00:00+00:00, run_after=2025-09-06 08:00:00+00:00
[2025-09-05T21:24:06.430+0000] {processor.py:183} INFO - Processing /opt/airflow/dags/tcc_pipeline_dag.py took 0.114 seconds
[2025-09-05T21:24:36.640+0000] {processor.py:161} INFO - Started process (PID=1147) to work on /opt/airflow/dags/tcc_pipeline_dag.py
[2025-09-05T21:24:36.643+0000] {processor.py:830} INFO - Processing file /opt/airflow/dags/tcc_pipeline_dag.py for tasks to queue
[2025-09-05T21:24:36.647+0000] {logging_mixin.py:188} INFO - [2025-09-05T21:24:36.646+0000] {dagbag.py:545} INFO - Filling up the DagBag from /opt/airflow/dags/tcc_pipeline_dag.py
[2025-09-05T21:24:36.730+0000] {processor.py:840} INFO - DAG(s) 'pipeline_dados_transito_tcc' retrieved from /opt/airflow/dags/tcc_pipeline_dag.py
[2025-09-05T21:24:36.810+0000] {logging_mixin.py:188} INFO - [2025-09-05T21:24:36.810+0000] {dag.py:3096} INFO - Sync 1 DAGs
[2025-09-05T21:24:36.845+0000] {logging_mixin.py:188} INFO - [2025-09-05T21:24:36.845+0000] {dag.py:3954} INFO - Setting next_dagrun for pipeline_dados_transito_tcc to 2025-09-05 08:00:00+00:00, run_after=2025-09-06 08:00:00+00:00
[2025-09-05T21:24:36.883+0000] {processor.py:183} INFO - Processing /opt/airflow/dags/tcc_pipeline_dag.py took 0.249 seconds
[2025-09-05T21:25:06.989+0000] {processor.py:161} INFO - Started process (PID=1154) to work on /opt/airflow/dags/tcc_pipeline_dag.py
[2025-09-05T21:25:06.991+0000] {processor.py:830} INFO - Processing file /opt/airflow/dags/tcc_pipeline_dag.py for tasks to queue
[2025-09-05T21:25:06.993+0000] {logging_mixin.py:188} INFO - [2025-09-05T21:25:06.993+0000] {dagbag.py:545} INFO - Filling up the DagBag from /opt/airflow/dags/tcc_pipeline_dag.py
[2025-09-05T21:25:07.027+0000] {processor.py:840} INFO - DAG(s) 'pipeline_dados_transito_tcc' retrieved from /opt/airflow/dags/tcc_pipeline_dag.py
[2025-09-05T21:25:07.051+0000] {logging_mixin.py:188} INFO - [2025-09-05T21:25:07.051+0000] {dag.py:3096} INFO - Sync 1 DAGs
[2025-09-05T21:25:07.071+0000] {logging_mixin.py:188} INFO - [2025-09-05T21:25:07.071+0000] {dag.py:3954} INFO - Setting next_dagrun for pipeline_dados_transito_tcc to 2025-09-05 08:00:00+00:00, run_after=2025-09-06 08:00:00+00:00
[2025-09-05T21:25:07.089+0000] {processor.py:183} INFO - Processing /opt/airflow/dags/tcc_pipeline_dag.py took 0.107 seconds
[2025-09-05T21:25:37.264+0000] {processor.py:161} INFO - Started process (PID=1161) to work on /opt/airflow/dags/tcc_pipeline_dag.py
[2025-09-05T21:25:37.266+0000] {processor.py:830} INFO - Processing file /opt/airflow/dags/tcc_pipeline_dag.py for tasks to queue
[2025-09-05T21:25:37.268+0000] {logging_mixin.py:188} INFO - [2025-09-05T21:25:37.267+0000] {dagbag.py:545} INFO - Filling up the DagBag from /opt/airflow/dags/tcc_pipeline_dag.py
[2025-09-05T21:25:37.292+0000] {processor.py:840} INFO - DAG(s) 'pipeline_dados_transito_tcc' retrieved from /opt/airflow/dags/tcc_pipeline_dag.py
[2025-09-05T21:25:37.331+0000] {logging_mixin.py:188} INFO - [2025-09-05T21:25:37.331+0000] {dag.py:3096} INFO - Sync 1 DAGs
[2025-09-05T21:25:37.350+0000] {logging_mixin.py:188} INFO - [2025-09-05T21:25:37.350+0000] {dag.py:3954} INFO - Setting next_dagrun for pipeline_dados_transito_tcc to 2025-09-05 08:00:00+00:00, run_after=2025-09-06 08:00:00+00:00
[2025-09-05T21:25:37.370+0000] {processor.py:183} INFO - Processing /opt/airflow/dags/tcc_pipeline_dag.py took 0.114 seconds
[2025-09-05T21:26:07.655+0000] {processor.py:161} INFO - Started process (PID=1168) to work on /opt/airflow/dags/tcc_pipeline_dag.py
[2025-09-05T21:26:07.656+0000] {processor.py:830} INFO - Processing file /opt/airflow/dags/tcc_pipeline_dag.py for tasks to queue
[2025-09-05T21:26:07.658+0000] {logging_mixin.py:188} INFO - [2025-09-05T21:26:07.658+0000] {dagbag.py:545} INFO - Filling up the DagBag from /opt/airflow/dags/tcc_pipeline_dag.py
[2025-09-05T21:26:07.681+0000] {processor.py:840} INFO - DAG(s) 'pipeline_dados_transito_tcc' retrieved from /opt/airflow/dags/tcc_pipeline_dag.py
[2025-09-05T21:26:07.702+0000] {logging_mixin.py:188} INFO - [2025-09-05T21:26:07.702+0000] {dag.py:3096} INFO - Sync 1 DAGs
[2025-09-05T21:26:07.720+0000] {logging_mixin.py:188} INFO - [2025-09-05T21:26:07.719+0000] {dag.py:3954} INFO - Setting next_dagrun for pipeline_dados_transito_tcc to 2025-09-05 08:00:00+00:00, run_after=2025-09-06 08:00:00+00:00
[2025-09-05T21:26:07.740+0000] {processor.py:183} INFO - Processing /opt/airflow/dags/tcc_pipeline_dag.py took 0.091 seconds
[2025-09-05T21:26:38.011+0000] {processor.py:161} INFO - Started process (PID=1175) to work on /opt/airflow/dags/tcc_pipeline_dag.py
[2025-09-05T21:26:38.012+0000] {processor.py:830} INFO - Processing file /opt/airflow/dags/tcc_pipeline_dag.py for tasks to queue
[2025-09-05T21:26:38.014+0000] {logging_mixin.py:188} INFO - [2025-09-05T21:26:38.014+0000] {dagbag.py:545} INFO - Filling up the DagBag from /opt/airflow/dags/tcc_pipeline_dag.py
[2025-09-05T21:26:38.053+0000] {processor.py:840} INFO - DAG(s) 'pipeline_dados_transito_tcc' retrieved from /opt/airflow/dags/tcc_pipeline_dag.py
[2025-09-05T21:26:38.075+0000] {logging_mixin.py:188} INFO - [2025-09-05T21:26:38.075+0000] {dag.py:3096} INFO - Sync 1 DAGs
[2025-09-05T21:26:38.096+0000] {logging_mixin.py:188} INFO - [2025-09-05T21:26:38.095+0000] {dag.py:3954} INFO - Setting next_dagrun for pipeline_dados_transito_tcc to 2025-09-05 08:00:00+00:00, run_after=2025-09-06 08:00:00+00:00
[2025-09-05T21:26:38.113+0000] {processor.py:183} INFO - Processing /opt/airflow/dags/tcc_pipeline_dag.py took 0.111 seconds
[2025-09-05T21:27:08.464+0000] {processor.py:161} INFO - Started process (PID=1182) to work on /opt/airflow/dags/tcc_pipeline_dag.py
[2025-09-05T21:27:08.465+0000] {processor.py:830} INFO - Processing file /opt/airflow/dags/tcc_pipeline_dag.py for tasks to queue
[2025-09-05T21:27:08.467+0000] {logging_mixin.py:188} INFO - [2025-09-05T21:27:08.466+0000] {dagbag.py:545} INFO - Filling up the DagBag from /opt/airflow/dags/tcc_pipeline_dag.py
[2025-09-05T21:27:08.488+0000] {processor.py:840} INFO - DAG(s) 'pipeline_dados_transito_tcc' retrieved from /opt/airflow/dags/tcc_pipeline_dag.py
[2025-09-05T21:27:08.511+0000] {logging_mixin.py:188} INFO - [2025-09-05T21:27:08.511+0000] {dag.py:3096} INFO - Sync 1 DAGs
[2025-09-05T21:27:08.531+0000] {logging_mixin.py:188} INFO - [2025-09-05T21:27:08.531+0000] {dag.py:3954} INFO - Setting next_dagrun for pipeline_dados_transito_tcc to 2025-09-05 08:00:00+00:00, run_after=2025-09-06 08:00:00+00:00
[2025-09-05T21:27:08.547+0000] {processor.py:183} INFO - Processing /opt/airflow/dags/tcc_pipeline_dag.py took 0.089 seconds
[2025-09-05T21:27:38.794+0000] {processor.py:161} INFO - Started process (PID=1189) to work on /opt/airflow/dags/tcc_pipeline_dag.py
[2025-09-05T21:27:38.796+0000] {processor.py:830} INFO - Processing file /opt/airflow/dags/tcc_pipeline_dag.py for tasks to queue
[2025-09-05T21:27:38.798+0000] {logging_mixin.py:188} INFO - [2025-09-05T21:27:38.798+0000] {dagbag.py:545} INFO - Filling up the DagBag from /opt/airflow/dags/tcc_pipeline_dag.py
[2025-09-05T21:27:38.825+0000] {processor.py:840} INFO - DAG(s) 'pipeline_dados_transito_tcc' retrieved from /opt/airflow/dags/tcc_pipeline_dag.py
[2025-09-05T21:27:38.846+0000] {logging_mixin.py:188} INFO - [2025-09-05T21:27:38.846+0000] {dag.py:3096} INFO - Sync 1 DAGs
[2025-09-05T21:27:38.865+0000] {logging_mixin.py:188} INFO - [2025-09-05T21:27:38.865+0000] {dag.py:3954} INFO - Setting next_dagrun for pipeline_dados_transito_tcc to 2025-09-05 08:00:00+00:00, run_after=2025-09-06 08:00:00+00:00
[2025-09-05T21:27:38.883+0000] {processor.py:183} INFO - Processing /opt/airflow/dags/tcc_pipeline_dag.py took 0.096 seconds
[2025-09-05T21:28:09.124+0000] {processor.py:161} INFO - Started process (PID=1196) to work on /opt/airflow/dags/tcc_pipeline_dag.py
[2025-09-05T21:28:09.126+0000] {processor.py:830} INFO - Processing file /opt/airflow/dags/tcc_pipeline_dag.py for tasks to queue
[2025-09-05T21:28:09.128+0000] {logging_mixin.py:188} INFO - [2025-09-05T21:28:09.127+0000] {dagbag.py:545} INFO - Filling up the DagBag from /opt/airflow/dags/tcc_pipeline_dag.py
[2025-09-05T21:28:09.165+0000] {processor.py:840} INFO - DAG(s) 'pipeline_dados_transito_tcc' retrieved from /opt/airflow/dags/tcc_pipeline_dag.py
[2025-09-05T21:28:09.192+0000] {logging_mixin.py:188} INFO - [2025-09-05T21:28:09.192+0000] {dag.py:3096} INFO - Sync 1 DAGs
[2025-09-05T21:28:09.220+0000] {logging_mixin.py:188} INFO - [2025-09-05T21:28:09.220+0000] {dag.py:3954} INFO - Setting next_dagrun for pipeline_dados_transito_tcc to 2025-09-05 08:00:00+00:00, run_after=2025-09-06 08:00:00+00:00
[2025-09-05T21:28:09.241+0000] {processor.py:183} INFO - Processing /opt/airflow/dags/tcc_pipeline_dag.py took 0.123 seconds
[2025-09-05T21:28:39.435+0000] {processor.py:161} INFO - Started process (PID=1203) to work on /opt/airflow/dags/tcc_pipeline_dag.py
[2025-09-05T21:28:39.437+0000] {processor.py:830} INFO - Processing file /opt/airflow/dags/tcc_pipeline_dag.py for tasks to queue
[2025-09-05T21:28:39.439+0000] {logging_mixin.py:188} INFO - [2025-09-05T21:28:39.439+0000] {dagbag.py:545} INFO - Filling up the DagBag from /opt/airflow/dags/tcc_pipeline_dag.py
[2025-09-05T21:28:39.465+0000] {processor.py:840} INFO - DAG(s) 'pipeline_dados_transito_tcc' retrieved from /opt/airflow/dags/tcc_pipeline_dag.py
[2025-09-05T21:28:39.487+0000] {logging_mixin.py:188} INFO - [2025-09-05T21:28:39.487+0000] {dag.py:3096} INFO - Sync 1 DAGs
[2025-09-05T21:28:39.504+0000] {logging_mixin.py:188} INFO - [2025-09-05T21:28:39.503+0000] {dag.py:3954} INFO - Setting next_dagrun for pipeline_dados_transito_tcc to 2025-09-05 08:00:00+00:00, run_after=2025-09-06 08:00:00+00:00
[2025-09-05T21:28:39.521+0000] {processor.py:183} INFO - Processing /opt/airflow/dags/tcc_pipeline_dag.py took 0.095 seconds
[2025-09-05T21:29:09.855+0000] {processor.py:161} INFO - Started process (PID=1210) to work on /opt/airflow/dags/tcc_pipeline_dag.py
[2025-09-05T21:29:09.861+0000] {processor.py:830} INFO - Processing file /opt/airflow/dags/tcc_pipeline_dag.py for tasks to queue
[2025-09-05T21:29:09.867+0000] {logging_mixin.py:188} INFO - [2025-09-05T21:29:09.866+0000] {dagbag.py:545} INFO - Filling up the DagBag from /opt/airflow/dags/tcc_pipeline_dag.py
[2025-09-05T21:29:10.010+0000] {processor.py:840} INFO - DAG(s) 'pipeline_dados_transito_tcc' retrieved from /opt/airflow/dags/tcc_pipeline_dag.py
[2025-09-05T21:29:10.050+0000] {logging_mixin.py:188} INFO - [2025-09-05T21:29:10.050+0000] {dag.py:3096} INFO - Sync 1 DAGs
[2025-09-05T21:29:10.076+0000] {logging_mixin.py:188} INFO - [2025-09-05T21:29:10.076+0000] {dag.py:3954} INFO - Setting next_dagrun for pipeline_dados_transito_tcc to 2025-09-05 08:00:00+00:00, run_after=2025-09-06 08:00:00+00:00
[2025-09-05T21:29:10.107+0000] {processor.py:183} INFO - Processing /opt/airflow/dags/tcc_pipeline_dag.py took 0.259 seconds
[2025-09-05T21:29:40.375+0000] {processor.py:161} INFO - Started process (PID=1217) to work on /opt/airflow/dags/tcc_pipeline_dag.py
[2025-09-05T21:29:40.377+0000] {processor.py:830} INFO - Processing file /opt/airflow/dags/tcc_pipeline_dag.py for tasks to queue
[2025-09-05T21:29:40.380+0000] {logging_mixin.py:188} INFO - [2025-09-05T21:29:40.380+0000] {dagbag.py:545} INFO - Filling up the DagBag from /opt/airflow/dags/tcc_pipeline_dag.py
[2025-09-05T21:29:40.409+0000] {processor.py:840} INFO - DAG(s) 'pipeline_dados_transito_tcc' retrieved from /opt/airflow/dags/tcc_pipeline_dag.py
[2025-09-05T21:29:40.436+0000] {logging_mixin.py:188} INFO - [2025-09-05T21:29:40.436+0000] {dag.py:3096} INFO - Sync 1 DAGs
[2025-09-05T21:29:40.455+0000] {logging_mixin.py:188} INFO - [2025-09-05T21:29:40.455+0000] {dag.py:3954} INFO - Setting next_dagrun for pipeline_dados_transito_tcc to 2025-09-05 08:00:00+00:00, run_after=2025-09-06 08:00:00+00:00
[2025-09-05T21:29:40.474+0000] {processor.py:183} INFO - Processing /opt/airflow/dags/tcc_pipeline_dag.py took 0.104 seconds
[2025-09-05T21:30:10.669+0000] {processor.py:161} INFO - Started process (PID=1224) to work on /opt/airflow/dags/tcc_pipeline_dag.py
[2025-09-05T21:30:10.670+0000] {processor.py:830} INFO - Processing file /opt/airflow/dags/tcc_pipeline_dag.py for tasks to queue
[2025-09-05T21:30:10.672+0000] {logging_mixin.py:188} INFO - [2025-09-05T21:30:10.671+0000] {dagbag.py:545} INFO - Filling up the DagBag from /opt/airflow/dags/tcc_pipeline_dag.py
[2025-09-05T21:30:10.708+0000] {processor.py:840} INFO - DAG(s) 'pipeline_dados_transito_tcc' retrieved from /opt/airflow/dags/tcc_pipeline_dag.py
[2025-09-05T21:30:10.729+0000] {logging_mixin.py:188} INFO - [2025-09-05T21:30:10.729+0000] {dag.py:3096} INFO - Sync 1 DAGs
[2025-09-05T21:30:10.746+0000] {logging_mixin.py:188} INFO - [2025-09-05T21:30:10.746+0000] {dag.py:3954} INFO - Setting next_dagrun for pipeline_dados_transito_tcc to 2025-09-05 08:00:00+00:00, run_after=2025-09-06 08:00:00+00:00
[2025-09-05T21:30:10.767+0000] {processor.py:183} INFO - Processing /opt/airflow/dags/tcc_pipeline_dag.py took 0.103 seconds
[2025-09-05T21:30:41.085+0000] {processor.py:161} INFO - Started process (PID=1231) to work on /opt/airflow/dags/tcc_pipeline_dag.py
[2025-09-05T21:30:41.087+0000] {processor.py:830} INFO - Processing file /opt/airflow/dags/tcc_pipeline_dag.py for tasks to queue
[2025-09-05T21:30:41.090+0000] {logging_mixin.py:188} INFO - [2025-09-05T21:30:41.089+0000] {dagbag.py:545} INFO - Filling up the DagBag from /opt/airflow/dags/tcc_pipeline_dag.py
[2025-09-05T21:30:41.132+0000] {processor.py:840} INFO - DAG(s) 'pipeline_dados_transito_tcc' retrieved from /opt/airflow/dags/tcc_pipeline_dag.py
[2025-09-05T21:30:41.159+0000] {logging_mixin.py:188} INFO - [2025-09-05T21:30:41.159+0000] {dag.py:3096} INFO - Sync 1 DAGs
[2025-09-05T21:30:41.184+0000] {logging_mixin.py:188} INFO - [2025-09-05T21:30:41.184+0000] {dag.py:3954} INFO - Setting next_dagrun for pipeline_dados_transito_tcc to 2025-09-05 08:00:00+00:00, run_after=2025-09-06 08:00:00+00:00
[2025-09-05T21:30:41.205+0000] {processor.py:183} INFO - Processing /opt/airflow/dags/tcc_pipeline_dag.py took 0.128 seconds
[2025-09-05T21:31:11.367+0000] {processor.py:161} INFO - Started process (PID=1238) to work on /opt/airflow/dags/tcc_pipeline_dag.py
[2025-09-05T21:31:11.368+0000] {processor.py:830} INFO - Processing file /opt/airflow/dags/tcc_pipeline_dag.py for tasks to queue
[2025-09-05T21:31:11.370+0000] {logging_mixin.py:188} INFO - [2025-09-05T21:31:11.370+0000] {dagbag.py:545} INFO - Filling up the DagBag from /opt/airflow/dags/tcc_pipeline_dag.py
[2025-09-05T21:31:11.392+0000] {processor.py:840} INFO - DAG(s) 'pipeline_dados_transito_tcc' retrieved from /opt/airflow/dags/tcc_pipeline_dag.py
[2025-09-05T21:31:11.419+0000] {logging_mixin.py:188} INFO - [2025-09-05T21:31:11.418+0000] {dag.py:3096} INFO - Sync 1 DAGs
[2025-09-05T21:31:11.437+0000] {logging_mixin.py:188} INFO - [2025-09-05T21:31:11.436+0000] {dag.py:3954} INFO - Setting next_dagrun for pipeline_dados_transito_tcc to 2025-09-05 08:00:00+00:00, run_after=2025-09-06 08:00:00+00:00
[2025-09-05T21:31:11.454+0000] {processor.py:183} INFO - Processing /opt/airflow/dags/tcc_pipeline_dag.py took 0.092 seconds
[2025-09-05T21:31:41.756+0000] {processor.py:161} INFO - Started process (PID=1245) to work on /opt/airflow/dags/tcc_pipeline_dag.py
[2025-09-05T21:31:41.758+0000] {processor.py:830} INFO - Processing file /opt/airflow/dags/tcc_pipeline_dag.py for tasks to queue
[2025-09-05T21:31:41.762+0000] {logging_mixin.py:188} INFO - [2025-09-05T21:31:41.761+0000] {dagbag.py:545} INFO - Filling up the DagBag from /opt/airflow/dags/tcc_pipeline_dag.py
[2025-09-05T21:31:41.806+0000] {processor.py:840} INFO - DAG(s) 'pipeline_dados_transito_tcc' retrieved from /opt/airflow/dags/tcc_pipeline_dag.py
[2025-09-05T21:31:41.873+0000] {logging_mixin.py:188} INFO - [2025-09-05T21:31:41.873+0000] {dag.py:3096} INFO - Sync 1 DAGs
[2025-09-05T21:31:41.920+0000] {logging_mixin.py:188} INFO - [2025-09-05T21:31:41.920+0000] {dag.py:3954} INFO - Setting next_dagrun for pipeline_dados_transito_tcc to 2025-09-05 08:00:00+00:00, run_after=2025-09-06 08:00:00+00:00
[2025-09-05T21:31:41.952+0000] {processor.py:183} INFO - Processing /opt/airflow/dags/tcc_pipeline_dag.py took 0.200 seconds
[2025-09-05T21:32:12.096+0000] {processor.py:161} INFO - Started process (PID=1252) to work on /opt/airflow/dags/tcc_pipeline_dag.py
[2025-09-05T21:32:12.099+0000] {processor.py:830} INFO - Processing file /opt/airflow/dags/tcc_pipeline_dag.py for tasks to queue
[2025-09-05T21:32:12.103+0000] {logging_mixin.py:188} INFO - [2025-09-05T21:32:12.102+0000] {dagbag.py:545} INFO - Filling up the DagBag from /opt/airflow/dags/tcc_pipeline_dag.py
[2025-09-05T21:32:12.150+0000] {processor.py:840} INFO - DAG(s) 'pipeline_dados_transito_tcc' retrieved from /opt/airflow/dags/tcc_pipeline_dag.py
[2025-09-05T21:32:12.171+0000] {logging_mixin.py:188} INFO - [2025-09-05T21:32:12.171+0000] {dag.py:3096} INFO - Sync 1 DAGs
[2025-09-05T21:32:12.192+0000] {logging_mixin.py:188} INFO - [2025-09-05T21:32:12.192+0000] {dag.py:3954} INFO - Setting next_dagrun for pipeline_dados_transito_tcc to 2025-09-05 08:00:00+00:00, run_after=2025-09-06 08:00:00+00:00
[2025-09-05T21:32:12.214+0000] {processor.py:183} INFO - Processing /opt/airflow/dags/tcc_pipeline_dag.py took 0.129 seconds
[2025-09-05T21:32:42.531+0000] {processor.py:161} INFO - Started process (PID=1259) to work on /opt/airflow/dags/tcc_pipeline_dag.py
[2025-09-05T21:32:42.533+0000] {processor.py:830} INFO - Processing file /opt/airflow/dags/tcc_pipeline_dag.py for tasks to queue
[2025-09-05T21:32:42.534+0000] {logging_mixin.py:188} INFO - [2025-09-05T21:32:42.534+0000] {dagbag.py:545} INFO - Filling up the DagBag from /opt/airflow/dags/tcc_pipeline_dag.py
[2025-09-05T21:32:42.570+0000] {processor.py:840} INFO - DAG(s) 'pipeline_dados_transito_tcc' retrieved from /opt/airflow/dags/tcc_pipeline_dag.py
[2025-09-05T21:32:42.618+0000] {logging_mixin.py:188} INFO - [2025-09-05T21:32:42.618+0000] {dag.py:3096} INFO - Sync 1 DAGs
[2025-09-05T21:32:42.644+0000] {logging_mixin.py:188} INFO - [2025-09-05T21:32:42.644+0000] {dag.py:3954} INFO - Setting next_dagrun for pipeline_dados_transito_tcc to 2025-09-05 08:00:00+00:00, run_after=2025-09-06 08:00:00+00:00
[2025-09-05T21:32:42.664+0000] {processor.py:183} INFO - Processing /opt/airflow/dags/tcc_pipeline_dag.py took 0.140 seconds
[2025-09-05T21:33:12.854+0000] {processor.py:161} INFO - Started process (PID=1266) to work on /opt/airflow/dags/tcc_pipeline_dag.py
[2025-09-05T21:33:12.855+0000] {processor.py:830} INFO - Processing file /opt/airflow/dags/tcc_pipeline_dag.py for tasks to queue
[2025-09-05T21:33:12.860+0000] {logging_mixin.py:188} INFO - [2025-09-05T21:33:12.859+0000] {dagbag.py:545} INFO - Filling up the DagBag from /opt/airflow/dags/tcc_pipeline_dag.py
[2025-09-05T21:33:12.890+0000] {processor.py:840} INFO - DAG(s) 'pipeline_dados_transito_tcc' retrieved from /opt/airflow/dags/tcc_pipeline_dag.py
[2025-09-05T21:33:12.914+0000] {logging_mixin.py:188} INFO - [2025-09-05T21:33:12.914+0000] {dag.py:3096} INFO - Sync 1 DAGs
[2025-09-05T21:33:12.932+0000] {logging_mixin.py:188} INFO - [2025-09-05T21:33:12.932+0000] {dag.py:3954} INFO - Setting next_dagrun for pipeline_dados_transito_tcc to 2025-09-05 08:00:00+00:00, run_after=2025-09-06 08:00:00+00:00
[2025-09-05T21:33:12.946+0000] {processor.py:183} INFO - Processing /opt/airflow/dags/tcc_pipeline_dag.py took 0.099 seconds
[2025-09-05T21:33:43.452+0000] {processor.py:161} INFO - Started process (PID=1273) to work on /opt/airflow/dags/tcc_pipeline_dag.py
[2025-09-05T21:33:43.453+0000] {processor.py:830} INFO - Processing file /opt/airflow/dags/tcc_pipeline_dag.py for tasks to queue
[2025-09-05T21:33:43.459+0000] {logging_mixin.py:188} INFO - [2025-09-05T21:33:43.458+0000] {dagbag.py:545} INFO - Filling up the DagBag from /opt/airflow/dags/tcc_pipeline_dag.py
[2025-09-05T21:33:43.572+0000] {processor.py:840} INFO - DAG(s) 'pipeline_dados_transito_tcc' retrieved from /opt/airflow/dags/tcc_pipeline_dag.py
[2025-09-05T21:33:43.622+0000] {logging_mixin.py:188} INFO - [2025-09-05T21:33:43.621+0000] {dag.py:3096} INFO - Sync 1 DAGs
[2025-09-05T21:33:43.663+0000] {logging_mixin.py:188} INFO - [2025-09-05T21:33:43.663+0000] {dag.py:3954} INFO - Setting next_dagrun for pipeline_dados_transito_tcc to 2025-09-05 08:00:00+00:00, run_after=2025-09-06 08:00:00+00:00
[2025-09-05T21:33:43.698+0000] {processor.py:183} INFO - Processing /opt/airflow/dags/tcc_pipeline_dag.py took 0.258 seconds
[2025-09-05T21:34:14.001+0000] {processor.py:161} INFO - Started process (PID=1280) to work on /opt/airflow/dags/tcc_pipeline_dag.py
[2025-09-05T21:34:14.003+0000] {processor.py:830} INFO - Processing file /opt/airflow/dags/tcc_pipeline_dag.py for tasks to queue
[2025-09-05T21:34:14.004+0000] {logging_mixin.py:188} INFO - [2025-09-05T21:34:14.004+0000] {dagbag.py:545} INFO - Filling up the DagBag from /opt/airflow/dags/tcc_pipeline_dag.py
[2025-09-05T21:34:14.034+0000] {processor.py:840} INFO - DAG(s) 'pipeline_dados_transito_tcc' retrieved from /opt/airflow/dags/tcc_pipeline_dag.py
[2025-09-05T21:34:14.062+0000] {logging_mixin.py:188} INFO - [2025-09-05T21:34:14.062+0000] {dag.py:3096} INFO - Sync 1 DAGs
[2025-09-05T21:34:14.084+0000] {logging_mixin.py:188} INFO - [2025-09-05T21:34:14.084+0000] {dag.py:3954} INFO - Setting next_dagrun for pipeline_dados_transito_tcc to 2025-09-05 08:00:00+00:00, run_after=2025-09-06 08:00:00+00:00
[2025-09-05T21:34:14.105+0000] {processor.py:183} INFO - Processing /opt/airflow/dags/tcc_pipeline_dag.py took 0.112 seconds
[2025-09-05T21:34:44.269+0000] {processor.py:161} INFO - Started process (PID=1287) to work on /opt/airflow/dags/tcc_pipeline_dag.py
[2025-09-05T21:34:44.270+0000] {processor.py:830} INFO - Processing file /opt/airflow/dags/tcc_pipeline_dag.py for tasks to queue
[2025-09-05T21:34:44.272+0000] {logging_mixin.py:188} INFO - [2025-09-05T21:34:44.272+0000] {dagbag.py:545} INFO - Filling up the DagBag from /opt/airflow/dags/tcc_pipeline_dag.py
[2025-09-05T21:34:44.314+0000] {processor.py:840} INFO - DAG(s) 'pipeline_dados_transito_tcc' retrieved from /opt/airflow/dags/tcc_pipeline_dag.py
[2025-09-05T21:34:44.337+0000] {logging_mixin.py:188} INFO - [2025-09-05T21:34:44.337+0000] {dag.py:3096} INFO - Sync 1 DAGs
[2025-09-05T21:34:44.362+0000] {logging_mixin.py:188} INFO - [2025-09-05T21:34:44.362+0000] {dag.py:3954} INFO - Setting next_dagrun for pipeline_dados_transito_tcc to 2025-09-05 08:00:00+00:00, run_after=2025-09-06 08:00:00+00:00
[2025-09-05T21:34:44.388+0000] {processor.py:183} INFO - Processing /opt/airflow/dags/tcc_pipeline_dag.py took 0.127 seconds
[2025-09-05T21:35:14.716+0000] {processor.py:161} INFO - Started process (PID=1294) to work on /opt/airflow/dags/tcc_pipeline_dag.py
[2025-09-05T21:35:14.717+0000] {processor.py:830} INFO - Processing file /opt/airflow/dags/tcc_pipeline_dag.py for tasks to queue
[2025-09-05T21:35:14.719+0000] {logging_mixin.py:188} INFO - [2025-09-05T21:35:14.718+0000] {dagbag.py:545} INFO - Filling up the DagBag from /opt/airflow/dags/tcc_pipeline_dag.py
[2025-09-05T21:35:14.749+0000] {processor.py:840} INFO - DAG(s) 'pipeline_dados_transito_tcc' retrieved from /opt/airflow/dags/tcc_pipeline_dag.py
[2025-09-05T21:35:14.783+0000] {logging_mixin.py:188} INFO - [2025-09-05T21:35:14.783+0000] {dag.py:3096} INFO - Sync 1 DAGs
[2025-09-05T21:35:14.805+0000] {logging_mixin.py:188} INFO - [2025-09-05T21:35:14.805+0000] {dag.py:3954} INFO - Setting next_dagrun for pipeline_dados_transito_tcc to 2025-09-05 08:00:00+00:00, run_after=2025-09-06 08:00:00+00:00
[2025-09-05T21:35:14.825+0000] {processor.py:183} INFO - Processing /opt/airflow/dags/tcc_pipeline_dag.py took 0.114 seconds
[2025-09-05T21:35:45.019+0000] {processor.py:161} INFO - Started process (PID=1302) to work on /opt/airflow/dags/tcc_pipeline_dag.py
[2025-09-05T21:35:45.020+0000] {processor.py:830} INFO - Processing file /opt/airflow/dags/tcc_pipeline_dag.py for tasks to queue
[2025-09-05T21:35:45.022+0000] {logging_mixin.py:188} INFO - [2025-09-05T21:35:45.022+0000] {dagbag.py:545} INFO - Filling up the DagBag from /opt/airflow/dags/tcc_pipeline_dag.py
[2025-09-05T21:35:45.057+0000] {processor.py:840} INFO - DAG(s) 'pipeline_dados_transito_tcc' retrieved from /opt/airflow/dags/tcc_pipeline_dag.py
[2025-09-05T21:35:45.078+0000] {logging_mixin.py:188} INFO - [2025-09-05T21:35:45.078+0000] {dag.py:3096} INFO - Sync 1 DAGs
[2025-09-05T21:35:45.098+0000] {logging_mixin.py:188} INFO - [2025-09-05T21:35:45.097+0000] {dag.py:3954} INFO - Setting next_dagrun for pipeline_dados_transito_tcc to 2025-09-05 08:00:00+00:00, run_after=2025-09-06 08:00:00+00:00
[2025-09-05T21:35:45.117+0000] {processor.py:183} INFO - Processing /opt/airflow/dags/tcc_pipeline_dag.py took 0.104 seconds
[2025-09-05T21:36:15.348+0000] {processor.py:161} INFO - Started process (PID=1309) to work on /opt/airflow/dags/tcc_pipeline_dag.py
[2025-09-05T21:36:15.352+0000] {processor.py:830} INFO - Processing file /opt/airflow/dags/tcc_pipeline_dag.py for tasks to queue
[2025-09-05T21:36:15.357+0000] {logging_mixin.py:188} INFO - [2025-09-05T21:36:15.356+0000] {dagbag.py:545} INFO - Filling up the DagBag from /opt/airflow/dags/tcc_pipeline_dag.py
[2025-09-05T21:36:15.429+0000] {processor.py:840} INFO - DAG(s) 'pipeline_dados_transito_tcc' retrieved from /opt/airflow/dags/tcc_pipeline_dag.py
[2025-09-05T21:36:15.481+0000] {logging_mixin.py:188} INFO - [2025-09-05T21:36:15.480+0000] {dag.py:3096} INFO - Sync 1 DAGs
[2025-09-05T21:36:15.512+0000] {logging_mixin.py:188} INFO - [2025-09-05T21:36:15.512+0000] {dag.py:3954} INFO - Setting next_dagrun for pipeline_dados_transito_tcc to 2025-09-05 08:00:00+00:00, run_after=2025-09-06 08:00:00+00:00
[2025-09-05T21:36:15.542+0000] {processor.py:183} INFO - Processing /opt/airflow/dags/tcc_pipeline_dag.py took 0.207 seconds
[2025-09-05T21:36:45.656+0000] {processor.py:161} INFO - Started process (PID=1316) to work on /opt/airflow/dags/tcc_pipeline_dag.py
[2025-09-05T21:36:45.658+0000] {processor.py:830} INFO - Processing file /opt/airflow/dags/tcc_pipeline_dag.py for tasks to queue
[2025-09-05T21:36:45.659+0000] {logging_mixin.py:188} INFO - [2025-09-05T21:36:45.659+0000] {dagbag.py:545} INFO - Filling up the DagBag from /opt/airflow/dags/tcc_pipeline_dag.py
[2025-09-05T21:36:45.689+0000] {processor.py:840} INFO - DAG(s) 'pipeline_dados_transito_tcc' retrieved from /opt/airflow/dags/tcc_pipeline_dag.py
[2025-09-05T21:36:45.713+0000] {logging_mixin.py:188} INFO - [2025-09-05T21:36:45.712+0000] {dag.py:3096} INFO - Sync 1 DAGs
[2025-09-05T21:36:45.733+0000] {logging_mixin.py:188} INFO - [2025-09-05T21:36:45.733+0000] {dag.py:3954} INFO - Setting next_dagrun for pipeline_dados_transito_tcc to 2025-09-05 08:00:00+00:00, run_after=2025-09-06 08:00:00+00:00
[2025-09-05T21:36:45.754+0000] {processor.py:183} INFO - Processing /opt/airflow/dags/tcc_pipeline_dag.py took 0.104 seconds
[2025-09-05T21:37:15.927+0000] {processor.py:161} INFO - Started process (PID=1323) to work on /opt/airflow/dags/tcc_pipeline_dag.py
[2025-09-05T21:37:15.928+0000] {processor.py:830} INFO - Processing file /opt/airflow/dags/tcc_pipeline_dag.py for tasks to queue
[2025-09-05T21:37:15.930+0000] {logging_mixin.py:188} INFO - [2025-09-05T21:37:15.930+0000] {dagbag.py:545} INFO - Filling up the DagBag from /opt/airflow/dags/tcc_pipeline_dag.py
[2025-09-05T21:37:15.968+0000] {processor.py:840} INFO - DAG(s) 'pipeline_dados_transito_tcc' retrieved from /opt/airflow/dags/tcc_pipeline_dag.py
[2025-09-05T21:37:15.989+0000] {logging_mixin.py:188} INFO - [2025-09-05T21:37:15.989+0000] {dag.py:3096} INFO - Sync 1 DAGs
[2025-09-05T21:37:16.007+0000] {logging_mixin.py:188} INFO - [2025-09-05T21:37:16.007+0000] {dag.py:3954} INFO - Setting next_dagrun for pipeline_dados_transito_tcc to 2025-09-05 08:00:00+00:00, run_after=2025-09-06 08:00:00+00:00
[2025-09-05T21:37:16.025+0000] {processor.py:183} INFO - Processing /opt/airflow/dags/tcc_pipeline_dag.py took 0.103 seconds
[2025-09-05T21:37:46.239+0000] {processor.py:161} INFO - Started process (PID=1330) to work on /opt/airflow/dags/tcc_pipeline_dag.py
[2025-09-05T21:37:46.240+0000] {processor.py:830} INFO - Processing file /opt/airflow/dags/tcc_pipeline_dag.py for tasks to queue
[2025-09-05T21:37:46.242+0000] {logging_mixin.py:188} INFO - [2025-09-05T21:37:46.242+0000] {dagbag.py:545} INFO - Filling up the DagBag from /opt/airflow/dags/tcc_pipeline_dag.py
[2025-09-05T21:37:46.294+0000] {processor.py:840} INFO - DAG(s) 'pipeline_dados_transito_tcc' retrieved from /opt/airflow/dags/tcc_pipeline_dag.py
[2025-09-05T21:37:46.328+0000] {logging_mixin.py:188} INFO - [2025-09-05T21:37:46.328+0000] {dag.py:3096} INFO - Sync 1 DAGs
[2025-09-05T21:37:46.345+0000] {logging_mixin.py:188} INFO - [2025-09-05T21:37:46.345+0000] {dag.py:3954} INFO - Setting next_dagrun for pipeline_dados_transito_tcc to 2025-09-05 08:00:00+00:00, run_after=2025-09-06 08:00:00+00:00
[2025-09-05T21:37:46.364+0000] {processor.py:183} INFO - Processing /opt/airflow/dags/tcc_pipeline_dag.py took 0.130 seconds
[2025-09-05T21:38:16.572+0000] {processor.py:161} INFO - Started process (PID=1337) to work on /opt/airflow/dags/tcc_pipeline_dag.py
[2025-09-05T21:38:16.577+0000] {processor.py:830} INFO - Processing file /opt/airflow/dags/tcc_pipeline_dag.py for tasks to queue
[2025-09-05T21:38:16.582+0000] {logging_mixin.py:188} INFO - [2025-09-05T21:38:16.581+0000] {dagbag.py:545} INFO - Filling up the DagBag from /opt/airflow/dags/tcc_pipeline_dag.py
[2025-09-05T21:38:16.671+0000] {processor.py:840} INFO - DAG(s) 'pipeline_dados_transito_tcc' retrieved from /opt/airflow/dags/tcc_pipeline_dag.py
[2025-09-05T21:38:16.699+0000] {logging_mixin.py:188} INFO - [2025-09-05T21:38:16.699+0000] {dag.py:3096} INFO - Sync 1 DAGs
[2025-09-05T21:38:16.719+0000] {logging_mixin.py:188} INFO - [2025-09-05T21:38:16.719+0000] {dag.py:3954} INFO - Setting next_dagrun for pipeline_dados_transito_tcc to 2025-09-05 08:00:00+00:00, run_after=2025-09-06 08:00:00+00:00
[2025-09-05T21:38:16.742+0000] {processor.py:183} INFO - Processing /opt/airflow/dags/tcc_pipeline_dag.py took 0.175 seconds
[2025-09-05T21:38:46.933+0000] {processor.py:161} INFO - Started process (PID=1344) to work on /opt/airflow/dags/tcc_pipeline_dag.py
[2025-09-05T21:38:46.934+0000] {processor.py:830} INFO - Processing file /opt/airflow/dags/tcc_pipeline_dag.py for tasks to queue
[2025-09-05T21:38:46.938+0000] {logging_mixin.py:188} INFO - [2025-09-05T21:38:46.937+0000] {dagbag.py:545} INFO - Filling up the DagBag from /opt/airflow/dags/tcc_pipeline_dag.py
[2025-09-05T21:38:46.979+0000] {processor.py:840} INFO - DAG(s) 'pipeline_dados_transito_tcc' retrieved from /opt/airflow/dags/tcc_pipeline_dag.py
[2025-09-05T21:38:47.011+0000] {logging_mixin.py:188} INFO - [2025-09-05T21:38:47.011+0000] {dag.py:3096} INFO - Sync 1 DAGs
[2025-09-05T21:38:47.052+0000] {logging_mixin.py:188} INFO - [2025-09-05T21:38:47.051+0000] {dag.py:3954} INFO - Setting next_dagrun for pipeline_dados_transito_tcc to 2025-09-05 08:00:00+00:00, run_after=2025-09-06 08:00:00+00:00
[2025-09-05T21:38:47.087+0000] {processor.py:183} INFO - Processing /opt/airflow/dags/tcc_pipeline_dag.py took 0.161 seconds
[2025-09-05T21:39:17.330+0000] {processor.py:161} INFO - Started process (PID=1351) to work on /opt/airflow/dags/tcc_pipeline_dag.py
[2025-09-05T21:39:17.331+0000] {processor.py:830} INFO - Processing file /opt/airflow/dags/tcc_pipeline_dag.py for tasks to queue
[2025-09-05T21:39:17.333+0000] {logging_mixin.py:188} INFO - [2025-09-05T21:39:17.333+0000] {dagbag.py:545} INFO - Filling up the DagBag from /opt/airflow/dags/tcc_pipeline_dag.py
[2025-09-05T21:39:17.388+0000] {processor.py:840} INFO - DAG(s) 'pipeline_dados_transito_tcc' retrieved from /opt/airflow/dags/tcc_pipeline_dag.py
[2025-09-05T21:39:17.415+0000] {logging_mixin.py:188} INFO - [2025-09-05T21:39:17.415+0000] {dag.py:3096} INFO - Sync 1 DAGs
[2025-09-05T21:39:17.436+0000] {logging_mixin.py:188} INFO - [2025-09-05T21:39:17.436+0000] {dag.py:3954} INFO - Setting next_dagrun for pipeline_dados_transito_tcc to 2025-09-05 08:00:00+00:00, run_after=2025-09-06 08:00:00+00:00
[2025-09-05T21:39:17.460+0000] {processor.py:183} INFO - Processing /opt/airflow/dags/tcc_pipeline_dag.py took 0.136 seconds
[2025-09-05T21:39:47.657+0000] {processor.py:161} INFO - Started process (PID=1358) to work on /opt/airflow/dags/tcc_pipeline_dag.py
[2025-09-05T21:39:47.658+0000] {processor.py:830} INFO - Processing file /opt/airflow/dags/tcc_pipeline_dag.py for tasks to queue
[2025-09-05T21:39:47.662+0000] {logging_mixin.py:188} INFO - [2025-09-05T21:39:47.661+0000] {dagbag.py:545} INFO - Filling up the DagBag from /opt/airflow/dags/tcc_pipeline_dag.py
[2025-09-05T21:39:47.714+0000] {processor.py:840} INFO - DAG(s) 'pipeline_dados_transito_tcc' retrieved from /opt/airflow/dags/tcc_pipeline_dag.py
[2025-09-05T21:39:47.737+0000] {logging_mixin.py:188} INFO - [2025-09-05T21:39:47.737+0000] {dag.py:3096} INFO - Sync 1 DAGs
[2025-09-05T21:39:47.757+0000] {logging_mixin.py:188} INFO - [2025-09-05T21:39:47.757+0000] {dag.py:3954} INFO - Setting next_dagrun for pipeline_dados_transito_tcc to 2025-09-05 08:00:00+00:00, run_after=2025-09-06 08:00:00+00:00
[2025-09-05T21:39:47.779+0000] {processor.py:183} INFO - Processing /opt/airflow/dags/tcc_pipeline_dag.py took 0.133 seconds
[2025-09-05T21:40:18.059+0000] {processor.py:161} INFO - Started process (PID=1365) to work on /opt/airflow/dags/tcc_pipeline_dag.py
[2025-09-05T21:40:18.061+0000] {processor.py:830} INFO - Processing file /opt/airflow/dags/tcc_pipeline_dag.py for tasks to queue
[2025-09-05T21:40:18.063+0000] {logging_mixin.py:188} INFO - [2025-09-05T21:40:18.063+0000] {dagbag.py:545} INFO - Filling up the DagBag from /opt/airflow/dags/tcc_pipeline_dag.py
[2025-09-05T21:40:18.092+0000] {processor.py:840} INFO - DAG(s) 'pipeline_dados_transito_tcc' retrieved from /opt/airflow/dags/tcc_pipeline_dag.py
[2025-09-05T21:40:18.116+0000] {logging_mixin.py:188} INFO - [2025-09-05T21:40:18.116+0000] {dag.py:3096} INFO - Sync 1 DAGs
[2025-09-05T21:40:18.138+0000] {logging_mixin.py:188} INFO - [2025-09-05T21:40:18.138+0000] {dag.py:3954} INFO - Setting next_dagrun for pipeline_dados_transito_tcc to 2025-09-05 08:00:00+00:00, run_after=2025-09-06 08:00:00+00:00
[2025-09-05T21:40:18.157+0000] {processor.py:183} INFO - Processing /opt/airflow/dags/tcc_pipeline_dag.py took 0.104 seconds
[2025-09-05T21:40:48.396+0000] {processor.py:161} INFO - Started process (PID=1372) to work on /opt/airflow/dags/tcc_pipeline_dag.py
[2025-09-05T21:40:48.397+0000] {processor.py:830} INFO - Processing file /opt/airflow/dags/tcc_pipeline_dag.py for tasks to queue
[2025-09-05T21:40:48.399+0000] {logging_mixin.py:188} INFO - [2025-09-05T21:40:48.399+0000] {dagbag.py:545} INFO - Filling up the DagBag from /opt/airflow/dags/tcc_pipeline_dag.py
[2025-09-05T21:40:48.423+0000] {processor.py:840} INFO - DAG(s) 'pipeline_dados_transito_tcc' retrieved from /opt/airflow/dags/tcc_pipeline_dag.py
[2025-09-05T21:40:48.446+0000] {logging_mixin.py:188} INFO - [2025-09-05T21:40:48.446+0000] {dag.py:3096} INFO - Sync 1 DAGs
[2025-09-05T21:40:48.464+0000] {logging_mixin.py:188} INFO - [2025-09-05T21:40:48.464+0000] {dag.py:3954} INFO - Setting next_dagrun for pipeline_dados_transito_tcc to 2025-09-05 08:00:00+00:00, run_after=2025-09-06 08:00:00+00:00
[2025-09-05T21:40:48.494+0000] {processor.py:183} INFO - Processing /opt/airflow/dags/tcc_pipeline_dag.py took 0.108 seconds
[2025-09-05T21:41:18.759+0000] {processor.py:161} INFO - Started process (PID=1379) to work on /opt/airflow/dags/tcc_pipeline_dag.py
[2025-09-05T21:41:18.760+0000] {processor.py:830} INFO - Processing file /opt/airflow/dags/tcc_pipeline_dag.py for tasks to queue
[2025-09-05T21:41:18.769+0000] {logging_mixin.py:188} INFO - [2025-09-05T21:41:18.769+0000] {dagbag.py:545} INFO - Filling up the DagBag from /opt/airflow/dags/tcc_pipeline_dag.py
[2025-09-05T21:41:18.801+0000] {processor.py:840} INFO - DAG(s) 'pipeline_dados_transito_tcc' retrieved from /opt/airflow/dags/tcc_pipeline_dag.py
[2025-09-05T21:41:18.822+0000] {logging_mixin.py:188} INFO - [2025-09-05T21:41:18.822+0000] {dag.py:3096} INFO - Sync 1 DAGs
[2025-09-05T21:41:18.841+0000] {logging_mixin.py:188} INFO - [2025-09-05T21:41:18.841+0000] {dag.py:3954} INFO - Setting next_dagrun for pipeline_dados_transito_tcc to 2025-09-05 08:00:00+00:00, run_after=2025-09-06 08:00:00+00:00
[2025-09-05T21:41:18.858+0000] {processor.py:183} INFO - Processing /opt/airflow/dags/tcc_pipeline_dag.py took 0.104 seconds
[2025-09-05T21:41:49.089+0000] {processor.py:161} INFO - Started process (PID=1386) to work on /opt/airflow/dags/tcc_pipeline_dag.py
[2025-09-05T21:41:49.091+0000] {processor.py:830} INFO - Processing file /opt/airflow/dags/tcc_pipeline_dag.py for tasks to queue
[2025-09-05T21:41:49.093+0000] {logging_mixin.py:188} INFO - [2025-09-05T21:41:49.092+0000] {dagbag.py:545} INFO - Filling up the DagBag from /opt/airflow/dags/tcc_pipeline_dag.py
[2025-09-05T21:41:49.117+0000] {processor.py:840} INFO - DAG(s) 'pipeline_dados_transito_tcc' retrieved from /opt/airflow/dags/tcc_pipeline_dag.py
[2025-09-05T21:41:49.139+0000] {logging_mixin.py:188} INFO - [2025-09-05T21:41:49.138+0000] {dag.py:3096} INFO - Sync 1 DAGs
[2025-09-05T21:41:49.157+0000] {logging_mixin.py:188} INFO - [2025-09-05T21:41:49.157+0000] {dag.py:3954} INFO - Setting next_dagrun for pipeline_dados_transito_tcc to 2025-09-05 08:00:00+00:00, run_after=2025-09-06 08:00:00+00:00
[2025-09-05T21:41:49.176+0000] {processor.py:183} INFO - Processing /opt/airflow/dags/tcc_pipeline_dag.py took 0.095 seconds
[2025-09-05T21:42:19.540+0000] {processor.py:161} INFO - Started process (PID=1393) to work on /opt/airflow/dags/tcc_pipeline_dag.py
[2025-09-05T21:42:19.541+0000] {processor.py:830} INFO - Processing file /opt/airflow/dags/tcc_pipeline_dag.py for tasks to queue
[2025-09-05T21:42:19.544+0000] {logging_mixin.py:188} INFO - [2025-09-05T21:42:19.543+0000] {dagbag.py:545} INFO - Filling up the DagBag from /opt/airflow/dags/tcc_pipeline_dag.py
[2025-09-05T21:42:19.595+0000] {processor.py:840} INFO - DAG(s) 'pipeline_dados_transito_tcc' retrieved from /opt/airflow/dags/tcc_pipeline_dag.py
[2025-09-05T21:42:19.618+0000] {logging_mixin.py:188} INFO - [2025-09-05T21:42:19.618+0000] {dag.py:3096} INFO - Sync 1 DAGs
[2025-09-05T21:42:19.636+0000] {logging_mixin.py:188} INFO - [2025-09-05T21:42:19.636+0000] {dag.py:3954} INFO - Setting next_dagrun for pipeline_dados_transito_tcc to 2025-09-05 08:00:00+00:00, run_after=2025-09-06 08:00:00+00:00
[2025-09-05T21:42:19.657+0000] {processor.py:183} INFO - Processing /opt/airflow/dags/tcc_pipeline_dag.py took 0.126 seconds
[2025-09-05T21:42:49.871+0000] {processor.py:161} INFO - Started process (PID=1400) to work on /opt/airflow/dags/tcc_pipeline_dag.py
[2025-09-05T21:42:49.873+0000] {processor.py:830} INFO - Processing file /opt/airflow/dags/tcc_pipeline_dag.py for tasks to queue
[2025-09-05T21:42:49.877+0000] {logging_mixin.py:188} INFO - [2025-09-05T21:42:49.876+0000] {dagbag.py:545} INFO - Filling up the DagBag from /opt/airflow/dags/tcc_pipeline_dag.py
[2025-09-05T21:42:49.923+0000] {processor.py:840} INFO - DAG(s) 'pipeline_dados_transito_tcc' retrieved from /opt/airflow/dags/tcc_pipeline_dag.py
[2025-09-05T21:42:49.950+0000] {logging_mixin.py:188} INFO - [2025-09-05T21:42:49.950+0000] {dag.py:3096} INFO - Sync 1 DAGs
[2025-09-05T21:42:49.971+0000] {logging_mixin.py:188} INFO - [2025-09-05T21:42:49.971+0000] {dag.py:3954} INFO - Setting next_dagrun for pipeline_dados_transito_tcc to 2025-09-05 08:00:00+00:00, run_after=2025-09-06 08:00:00+00:00
[2025-09-05T21:42:49.991+0000] {processor.py:183} INFO - Processing /opt/airflow/dags/tcc_pipeline_dag.py took 0.126 seconds
[2025-09-05T21:43:20.225+0000] {processor.py:161} INFO - Started process (PID=1407) to work on /opt/airflow/dags/tcc_pipeline_dag.py
[2025-09-05T21:43:20.226+0000] {processor.py:830} INFO - Processing file /opt/airflow/dags/tcc_pipeline_dag.py for tasks to queue
[2025-09-05T21:43:20.228+0000] {logging_mixin.py:188} INFO - [2025-09-05T21:43:20.228+0000] {dagbag.py:545} INFO - Filling up the DagBag from /opt/airflow/dags/tcc_pipeline_dag.py
[2025-09-05T21:43:20.251+0000] {processor.py:840} INFO - DAG(s) 'pipeline_dados_transito_tcc' retrieved from /opt/airflow/dags/tcc_pipeline_dag.py
[2025-09-05T21:43:20.274+0000] {logging_mixin.py:188} INFO - [2025-09-05T21:43:20.274+0000] {dag.py:3096} INFO - Sync 1 DAGs
[2025-09-05T21:43:20.294+0000] {logging_mixin.py:188} INFO - [2025-09-05T21:43:20.294+0000] {dag.py:3954} INFO - Setting next_dagrun for pipeline_dados_transito_tcc to 2025-09-05 08:00:00+00:00, run_after=2025-09-06 08:00:00+00:00
[2025-09-05T21:43:20.310+0000] {processor.py:183} INFO - Processing /opt/airflow/dags/tcc_pipeline_dag.py took 0.089 seconds
[2025-09-05T21:43:50.542+0000] {processor.py:161} INFO - Started process (PID=1414) to work on /opt/airflow/dags/tcc_pipeline_dag.py
[2025-09-05T21:43:50.544+0000] {processor.py:830} INFO - Processing file /opt/airflow/dags/tcc_pipeline_dag.py for tasks to queue
[2025-09-05T21:43:50.546+0000] {logging_mixin.py:188} INFO - [2025-09-05T21:43:50.545+0000] {dagbag.py:545} INFO - Filling up the DagBag from /opt/airflow/dags/tcc_pipeline_dag.py
[2025-09-05T21:43:50.580+0000] {processor.py:840} INFO - DAG(s) 'pipeline_dados_transito_tcc' retrieved from /opt/airflow/dags/tcc_pipeline_dag.py
[2025-09-05T21:43:50.602+0000] {logging_mixin.py:188} INFO - [2025-09-05T21:43:50.602+0000] {dag.py:3096} INFO - Sync 1 DAGs
[2025-09-05T21:43:50.638+0000] {logging_mixin.py:188} INFO - [2025-09-05T21:43:50.638+0000] {dag.py:3954} INFO - Setting next_dagrun for pipeline_dados_transito_tcc to 2025-09-05 08:00:00+00:00, run_after=2025-09-06 08:00:00+00:00
[2025-09-05T21:43:50.660+0000] {processor.py:183} INFO - Processing /opt/airflow/dags/tcc_pipeline_dag.py took 0.127 seconds
[2025-09-05T21:44:20.828+0000] {processor.py:161} INFO - Started process (PID=1421) to work on /opt/airflow/dags/tcc_pipeline_dag.py
[2025-09-05T21:44:20.829+0000] {processor.py:830} INFO - Processing file /opt/airflow/dags/tcc_pipeline_dag.py for tasks to queue
[2025-09-05T21:44:20.831+0000] {logging_mixin.py:188} INFO - [2025-09-05T21:44:20.831+0000] {dagbag.py:545} INFO - Filling up the DagBag from /opt/airflow/dags/tcc_pipeline_dag.py
[2025-09-05T21:44:20.853+0000] {processor.py:840} INFO - DAG(s) 'pipeline_dados_transito_tcc' retrieved from /opt/airflow/dags/tcc_pipeline_dag.py
[2025-09-05T21:44:20.876+0000] {logging_mixin.py:188} INFO - [2025-09-05T21:44:20.876+0000] {dag.py:3096} INFO - Sync 1 DAGs
[2025-09-05T21:44:20.897+0000] {logging_mixin.py:188} INFO - [2025-09-05T21:44:20.897+0000] {dag.py:3954} INFO - Setting next_dagrun for pipeline_dados_transito_tcc to 2025-09-05 08:00:00+00:00, run_after=2025-09-06 08:00:00+00:00
[2025-09-05T21:44:20.915+0000] {processor.py:183} INFO - Processing /opt/airflow/dags/tcc_pipeline_dag.py took 0.092 seconds
[2025-09-05T21:44:51.189+0000] {processor.py:161} INFO - Started process (PID=1428) to work on /opt/airflow/dags/tcc_pipeline_dag.py
[2025-09-05T21:44:51.191+0000] {processor.py:830} INFO - Processing file /opt/airflow/dags/tcc_pipeline_dag.py for tasks to queue
[2025-09-05T21:44:51.193+0000] {logging_mixin.py:188} INFO - [2025-09-05T21:44:51.192+0000] {dagbag.py:545} INFO - Filling up the DagBag from /opt/airflow/dags/tcc_pipeline_dag.py
[2025-09-05T21:44:51.226+0000] {processor.py:840} INFO - DAG(s) 'pipeline_dados_transito_tcc' retrieved from /opt/airflow/dags/tcc_pipeline_dag.py
[2025-09-05T21:44:51.246+0000] {logging_mixin.py:188} INFO - [2025-09-05T21:44:51.246+0000] {dag.py:3096} INFO - Sync 1 DAGs
[2025-09-05T21:44:51.267+0000] {logging_mixin.py:188} INFO - [2025-09-05T21:44:51.266+0000] {dag.py:3954} INFO - Setting next_dagrun for pipeline_dados_transito_tcc to 2025-09-05 08:00:00+00:00, run_after=2025-09-06 08:00:00+00:00
[2025-09-05T21:44:51.290+0000] {processor.py:183} INFO - Processing /opt/airflow/dags/tcc_pipeline_dag.py took 0.107 seconds
[2025-09-05T21:45:21.498+0000] {processor.py:161} INFO - Started process (PID=1435) to work on /opt/airflow/dags/tcc_pipeline_dag.py
[2025-09-05T21:45:21.500+0000] {processor.py:830} INFO - Processing file /opt/airflow/dags/tcc_pipeline_dag.py for tasks to queue
[2025-09-05T21:45:21.505+0000] {logging_mixin.py:188} INFO - [2025-09-05T21:45:21.505+0000] {dagbag.py:545} INFO - Filling up the DagBag from /opt/airflow/dags/tcc_pipeline_dag.py
[2025-09-05T21:45:21.562+0000] {processor.py:840} INFO - DAG(s) 'pipeline_dados_transito_tcc' retrieved from /opt/airflow/dags/tcc_pipeline_dag.py
[2025-09-05T21:45:21.586+0000] {logging_mixin.py:188} INFO - [2025-09-05T21:45:21.586+0000] {dag.py:3096} INFO - Sync 1 DAGs
[2025-09-05T21:45:21.605+0000] {logging_mixin.py:188} INFO - [2025-09-05T21:45:21.604+0000] {dag.py:3954} INFO - Setting next_dagrun for pipeline_dados_transito_tcc to 2025-09-05 08:00:00+00:00, run_after=2025-09-06 08:00:00+00:00
[2025-09-05T21:45:21.621+0000] {processor.py:183} INFO - Processing /opt/airflow/dags/tcc_pipeline_dag.py took 0.132 seconds
[2025-09-05T21:45:51.803+0000] {processor.py:161} INFO - Started process (PID=1442) to work on /opt/airflow/dags/tcc_pipeline_dag.py
[2025-09-05T21:45:51.804+0000] {processor.py:830} INFO - Processing file /opt/airflow/dags/tcc_pipeline_dag.py for tasks to queue
[2025-09-05T21:45:51.806+0000] {logging_mixin.py:188} INFO - [2025-09-05T21:45:51.805+0000] {dagbag.py:545} INFO - Filling up the DagBag from /opt/airflow/dags/tcc_pipeline_dag.py
[2025-09-05T21:45:51.836+0000] {processor.py:840} INFO - DAG(s) 'pipeline_dados_transito_tcc' retrieved from /opt/airflow/dags/tcc_pipeline_dag.py
[2025-09-05T21:45:51.862+0000] {logging_mixin.py:188} INFO - [2025-09-05T21:45:51.862+0000] {dag.py:3096} INFO - Sync 1 DAGs
[2025-09-05T21:45:51.885+0000] {logging_mixin.py:188} INFO - [2025-09-05T21:45:51.885+0000] {dag.py:3954} INFO - Setting next_dagrun for pipeline_dados_transito_tcc to 2025-09-05 08:00:00+00:00, run_after=2025-09-06 08:00:00+00:00
[2025-09-05T21:45:51.906+0000] {processor.py:183} INFO - Processing /opt/airflow/dags/tcc_pipeline_dag.py took 0.109 seconds
[2025-09-05T21:46:22.143+0000] {processor.py:161} INFO - Started process (PID=1449) to work on /opt/airflow/dags/tcc_pipeline_dag.py
[2025-09-05T21:46:22.145+0000] {processor.py:830} INFO - Processing file /opt/airflow/dags/tcc_pipeline_dag.py for tasks to queue
[2025-09-05T21:46:22.147+0000] {logging_mixin.py:188} INFO - [2025-09-05T21:46:22.146+0000] {dagbag.py:545} INFO - Filling up the DagBag from /opt/airflow/dags/tcc_pipeline_dag.py
[2025-09-05T21:46:22.190+0000] {processor.py:840} INFO - DAG(s) 'pipeline_dados_transito_tcc' retrieved from /opt/airflow/dags/tcc_pipeline_dag.py
[2025-09-05T21:46:22.217+0000] {logging_mixin.py:188} INFO - [2025-09-05T21:46:22.216+0000] {dag.py:3096} INFO - Sync 1 DAGs
[2025-09-05T21:46:22.236+0000] {logging_mixin.py:188} INFO - [2025-09-05T21:46:22.236+0000] {dag.py:3954} INFO - Setting next_dagrun for pipeline_dados_transito_tcc to 2025-09-05 08:00:00+00:00, run_after=2025-09-06 08:00:00+00:00
[2025-09-05T21:46:22.261+0000] {processor.py:183} INFO - Processing /opt/airflow/dags/tcc_pipeline_dag.py took 0.122 seconds
[2025-09-05T21:46:52.513+0000] {processor.py:161} INFO - Started process (PID=1456) to work on /opt/airflow/dags/tcc_pipeline_dag.py
[2025-09-05T21:46:52.515+0000] {processor.py:830} INFO - Processing file /opt/airflow/dags/tcc_pipeline_dag.py for tasks to queue
[2025-09-05T21:46:52.519+0000] {logging_mixin.py:188} INFO - [2025-09-05T21:46:52.518+0000] {dagbag.py:545} INFO - Filling up the DagBag from /opt/airflow/dags/tcc_pipeline_dag.py
[2025-09-05T21:46:52.563+0000] {processor.py:840} INFO - DAG(s) 'pipeline_dados_transito_tcc' retrieved from /opt/airflow/dags/tcc_pipeline_dag.py
[2025-09-05T21:46:52.591+0000] {logging_mixin.py:188} INFO - [2025-09-05T21:46:52.590+0000] {dag.py:3096} INFO - Sync 1 DAGs
[2025-09-05T21:46:52.615+0000] {logging_mixin.py:188} INFO - [2025-09-05T21:46:52.614+0000] {dag.py:3954} INFO - Setting next_dagrun for pipeline_dados_transito_tcc to 2025-09-05 08:00:00+00:00, run_after=2025-09-06 08:00:00+00:00
[2025-09-05T21:46:52.636+0000] {processor.py:183} INFO - Processing /opt/airflow/dags/tcc_pipeline_dag.py took 0.130 seconds
[2025-09-05T21:47:22.805+0000] {processor.py:161} INFO - Started process (PID=1463) to work on /opt/airflow/dags/tcc_pipeline_dag.py
[2025-09-05T21:47:22.807+0000] {processor.py:830} INFO - Processing file /opt/airflow/dags/tcc_pipeline_dag.py for tasks to queue
[2025-09-05T21:47:22.809+0000] {logging_mixin.py:188} INFO - [2025-09-05T21:47:22.809+0000] {dagbag.py:545} INFO - Filling up the DagBag from /opt/airflow/dags/tcc_pipeline_dag.py
[2025-09-05T21:47:22.864+0000] {processor.py:840} INFO - DAG(s) 'pipeline_dados_transito_tcc' retrieved from /opt/airflow/dags/tcc_pipeline_dag.py
[2025-09-05T21:47:22.896+0000] {logging_mixin.py:188} INFO - [2025-09-05T21:47:22.895+0000] {dag.py:3096} INFO - Sync 1 DAGs
[2025-09-05T21:47:22.930+0000] {logging_mixin.py:188} INFO - [2025-09-05T21:47:22.930+0000] {dag.py:3954} INFO - Setting next_dagrun for pipeline_dados_transito_tcc to 2025-09-05 08:00:00+00:00, run_after=2025-09-06 08:00:00+00:00
[2025-09-05T21:47:22.953+0000] {processor.py:183} INFO - Processing /opt/airflow/dags/tcc_pipeline_dag.py took 0.158 seconds
[2025-09-05T21:47:53.253+0000] {processor.py:161} INFO - Started process (PID=1470) to work on /opt/airflow/dags/tcc_pipeline_dag.py
[2025-09-05T21:47:53.254+0000] {processor.py:830} INFO - Processing file /opt/airflow/dags/tcc_pipeline_dag.py for tasks to queue
[2025-09-05T21:47:53.256+0000] {logging_mixin.py:188} INFO - [2025-09-05T21:47:53.255+0000] {dagbag.py:545} INFO - Filling up the DagBag from /opt/airflow/dags/tcc_pipeline_dag.py
[2025-09-05T21:47:53.309+0000] {processor.py:840} INFO - DAG(s) 'pipeline_dados_transito_tcc' retrieved from /opt/airflow/dags/tcc_pipeline_dag.py
[2025-09-05T21:47:53.344+0000] {logging_mixin.py:188} INFO - [2025-09-05T21:47:53.343+0000] {dag.py:3096} INFO - Sync 1 DAGs
[2025-09-05T21:47:53.367+0000] {logging_mixin.py:188} INFO - [2025-09-05T21:47:53.366+0000] {dag.py:3954} INFO - Setting next_dagrun for pipeline_dados_transito_tcc to 2025-09-05 08:00:00+00:00, run_after=2025-09-06 08:00:00+00:00
[2025-09-05T21:47:53.395+0000] {processor.py:183} INFO - Processing /opt/airflow/dags/tcc_pipeline_dag.py took 0.147 seconds
[2025-09-05T21:48:23.552+0000] {processor.py:161} INFO - Started process (PID=1477) to work on /opt/airflow/dags/tcc_pipeline_dag.py
[2025-09-05T21:48:23.553+0000] {processor.py:830} INFO - Processing file /opt/airflow/dags/tcc_pipeline_dag.py for tasks to queue
[2025-09-05T21:48:23.556+0000] {logging_mixin.py:188} INFO - [2025-09-05T21:48:23.555+0000] {dagbag.py:545} INFO - Filling up the DagBag from /opt/airflow/dags/tcc_pipeline_dag.py
[2025-09-05T21:48:23.587+0000] {processor.py:840} INFO - DAG(s) 'pipeline_dados_transito_tcc' retrieved from /opt/airflow/dags/tcc_pipeline_dag.py
[2025-09-05T21:48:23.612+0000] {logging_mixin.py:188} INFO - [2025-09-05T21:48:23.612+0000] {dag.py:3096} INFO - Sync 1 DAGs
[2025-09-05T21:48:23.633+0000] {logging_mixin.py:188} INFO - [2025-09-05T21:48:23.633+0000] {dag.py:3954} INFO - Setting next_dagrun for pipeline_dados_transito_tcc to 2025-09-05 08:00:00+00:00, run_after=2025-09-06 08:00:00+00:00
[2025-09-05T21:48:23.654+0000] {processor.py:183} INFO - Processing /opt/airflow/dags/tcc_pipeline_dag.py took 0.112 seconds
[2025-09-05T21:48:53.990+0000] {processor.py:161} INFO - Started process (PID=1484) to work on /opt/airflow/dags/tcc_pipeline_dag.py
[2025-09-05T21:48:53.991+0000] {processor.py:830} INFO - Processing file /opt/airflow/dags/tcc_pipeline_dag.py for tasks to queue
[2025-09-05T21:48:53.993+0000] {logging_mixin.py:188} INFO - [2025-09-05T21:48:53.993+0000] {dagbag.py:545} INFO - Filling up the DagBag from /opt/airflow/dags/tcc_pipeline_dag.py
[2025-09-05T21:48:54.018+0000] {processor.py:840} INFO - DAG(s) 'pipeline_dados_transito_tcc' retrieved from /opt/airflow/dags/tcc_pipeline_dag.py
[2025-09-05T21:48:54.041+0000] {logging_mixin.py:188} INFO - [2025-09-05T21:48:54.041+0000] {dag.py:3096} INFO - Sync 1 DAGs
[2025-09-05T21:48:54.061+0000] {logging_mixin.py:188} INFO - [2025-09-05T21:48:54.061+0000] {dag.py:3954} INFO - Setting next_dagrun for pipeline_dados_transito_tcc to 2025-09-05 08:00:00+00:00, run_after=2025-09-06 08:00:00+00:00
[2025-09-05T21:48:54.090+0000] {processor.py:183} INFO - Processing /opt/airflow/dags/tcc_pipeline_dag.py took 0.108 seconds
[2025-09-05T21:49:24.298+0000] {processor.py:161} INFO - Started process (PID=1491) to work on /opt/airflow/dags/tcc_pipeline_dag.py
[2025-09-05T21:49:24.299+0000] {processor.py:830} INFO - Processing file /opt/airflow/dags/tcc_pipeline_dag.py for tasks to queue
[2025-09-05T21:49:24.302+0000] {logging_mixin.py:188} INFO - [2025-09-05T21:49:24.301+0000] {dagbag.py:545} INFO - Filling up the DagBag from /opt/airflow/dags/tcc_pipeline_dag.py
[2025-09-05T21:49:24.338+0000] {processor.py:840} INFO - DAG(s) 'pipeline_dados_transito_tcc' retrieved from /opt/airflow/dags/tcc_pipeline_dag.py
[2025-09-05T21:49:24.359+0000] {logging_mixin.py:188} INFO - [2025-09-05T21:49:24.359+0000] {dag.py:3096} INFO - Sync 1 DAGs
[2025-09-05T21:49:24.380+0000] {logging_mixin.py:188} INFO - [2025-09-05T21:49:24.380+0000] {dag.py:3954} INFO - Setting next_dagrun for pipeline_dados_transito_tcc to 2025-09-05 08:00:00+00:00, run_after=2025-09-06 08:00:00+00:00
[2025-09-05T21:49:24.399+0000] {processor.py:183} INFO - Processing /opt/airflow/dags/tcc_pipeline_dag.py took 0.107 seconds
[2025-09-05T21:49:54.645+0000] {processor.py:161} INFO - Started process (PID=1498) to work on /opt/airflow/dags/tcc_pipeline_dag.py
[2025-09-05T21:49:54.646+0000] {processor.py:830} INFO - Processing file /opt/airflow/dags/tcc_pipeline_dag.py for tasks to queue
[2025-09-05T21:49:54.648+0000] {logging_mixin.py:188} INFO - [2025-09-05T21:49:54.647+0000] {dagbag.py:545} INFO - Filling up the DagBag from /opt/airflow/dags/tcc_pipeline_dag.py
[2025-09-05T21:49:54.674+0000] {processor.py:840} INFO - DAG(s) 'pipeline_dados_transito_tcc' retrieved from /opt/airflow/dags/tcc_pipeline_dag.py
[2025-09-05T21:49:54.695+0000] {logging_mixin.py:188} INFO - [2025-09-05T21:49:54.695+0000] {dag.py:3096} INFO - Sync 1 DAGs
[2025-09-05T21:49:54.715+0000] {logging_mixin.py:188} INFO - [2025-09-05T21:49:54.715+0000] {dag.py:3954} INFO - Setting next_dagrun for pipeline_dados_transito_tcc to 2025-09-05 08:00:00+00:00, run_after=2025-09-06 08:00:00+00:00
[2025-09-05T21:49:54.731+0000] {processor.py:183} INFO - Processing /opt/airflow/dags/tcc_pipeline_dag.py took 0.090 seconds
[2025-09-05T21:50:24.947+0000] {processor.py:161} INFO - Started process (PID=1505) to work on /opt/airflow/dags/tcc_pipeline_dag.py
[2025-09-05T21:50:24.948+0000] {processor.py:830} INFO - Processing file /opt/airflow/dags/tcc_pipeline_dag.py for tasks to queue
[2025-09-05T21:50:24.950+0000] {logging_mixin.py:188} INFO - [2025-09-05T21:50:24.950+0000] {dagbag.py:545} INFO - Filling up the DagBag from /opt/airflow/dags/tcc_pipeline_dag.py
[2025-09-05T21:50:24.999+0000] {processor.py:840} INFO - DAG(s) 'pipeline_dados_transito_tcc' retrieved from /opt/airflow/dags/tcc_pipeline_dag.py
[2025-09-05T21:50:25.025+0000] {logging_mixin.py:188} INFO - [2025-09-05T21:50:25.025+0000] {dag.py:3096} INFO - Sync 1 DAGs
[2025-09-05T21:50:25.048+0000] {logging_mixin.py:188} INFO - [2025-09-05T21:50:25.047+0000] {dag.py:3954} INFO - Setting next_dagrun for pipeline_dados_transito_tcc to 2025-09-05 08:00:00+00:00, run_after=2025-09-06 08:00:00+00:00
[2025-09-05T21:50:25.076+0000] {processor.py:183} INFO - Processing /opt/airflow/dags/tcc_pipeline_dag.py took 0.135 seconds
[2025-09-05T21:50:55.342+0000] {processor.py:161} INFO - Started process (PID=1512) to work on /opt/airflow/dags/tcc_pipeline_dag.py
[2025-09-05T21:50:55.343+0000] {processor.py:830} INFO - Processing file /opt/airflow/dags/tcc_pipeline_dag.py for tasks to queue
[2025-09-05T21:50:55.345+0000] {logging_mixin.py:188} INFO - [2025-09-05T21:50:55.345+0000] {dagbag.py:545} INFO - Filling up the DagBag from /opt/airflow/dags/tcc_pipeline_dag.py
[2025-09-05T21:50:55.373+0000] {processor.py:840} INFO - DAG(s) 'pipeline_dados_transito_tcc' retrieved from /opt/airflow/dags/tcc_pipeline_dag.py
[2025-09-05T21:50:55.393+0000] {logging_mixin.py:188} INFO - [2025-09-05T21:50:55.393+0000] {dag.py:3096} INFO - Sync 1 DAGs
[2025-09-05T21:50:55.411+0000] {logging_mixin.py:188} INFO - [2025-09-05T21:50:55.411+0000] {dag.py:3954} INFO - Setting next_dagrun for pipeline_dados_transito_tcc to 2025-09-05 08:00:00+00:00, run_after=2025-09-06 08:00:00+00:00
[2025-09-05T21:50:55.429+0000] {processor.py:183} INFO - Processing /opt/airflow/dags/tcc_pipeline_dag.py took 0.097 seconds
[2025-09-05T21:51:25.649+0000] {processor.py:161} INFO - Started process (PID=1519) to work on /opt/airflow/dags/tcc_pipeline_dag.py
[2025-09-05T21:51:25.650+0000] {processor.py:830} INFO - Processing file /opt/airflow/dags/tcc_pipeline_dag.py for tasks to queue
[2025-09-05T21:51:25.652+0000] {logging_mixin.py:188} INFO - [2025-09-05T21:51:25.651+0000] {dagbag.py:545} INFO - Filling up the DagBag from /opt/airflow/dags/tcc_pipeline_dag.py
[2025-09-05T21:51:25.683+0000] {processor.py:840} INFO - DAG(s) 'pipeline_dados_transito_tcc' retrieved from /opt/airflow/dags/tcc_pipeline_dag.py
[2025-09-05T21:51:25.705+0000] {logging_mixin.py:188} INFO - [2025-09-05T21:51:25.705+0000] {dag.py:3096} INFO - Sync 1 DAGs
[2025-09-05T21:51:25.725+0000] {logging_mixin.py:188} INFO - [2025-09-05T21:51:25.724+0000] {dag.py:3954} INFO - Setting next_dagrun for pipeline_dados_transito_tcc to 2025-09-05 08:00:00+00:00, run_after=2025-09-06 08:00:00+00:00
[2025-09-05T21:51:25.743+0000] {processor.py:183} INFO - Processing /opt/airflow/dags/tcc_pipeline_dag.py took 0.100 seconds
[2025-09-05T21:51:56.043+0000] {processor.py:161} INFO - Started process (PID=1526) to work on /opt/airflow/dags/tcc_pipeline_dag.py
[2025-09-05T21:51:56.046+0000] {processor.py:830} INFO - Processing file /opt/airflow/dags/tcc_pipeline_dag.py for tasks to queue
[2025-09-05T21:51:56.052+0000] {logging_mixin.py:188} INFO - [2025-09-05T21:51:56.051+0000] {dagbag.py:545} INFO - Filling up the DagBag from /opt/airflow/dags/tcc_pipeline_dag.py
[2025-09-05T21:51:56.094+0000] {processor.py:840} INFO - DAG(s) 'pipeline_dados_transito_tcc' retrieved from /opt/airflow/dags/tcc_pipeline_dag.py
[2025-09-05T21:51:56.134+0000] {logging_mixin.py:188} INFO - [2025-09-05T21:51:56.134+0000] {dag.py:3096} INFO - Sync 1 DAGs
[2025-09-05T21:51:56.160+0000] {logging_mixin.py:188} INFO - [2025-09-05T21:51:56.160+0000] {dag.py:3954} INFO - Setting next_dagrun for pipeline_dados_transito_tcc to 2025-09-05 08:00:00+00:00, run_after=2025-09-06 08:00:00+00:00
[2025-09-05T21:51:56.188+0000] {processor.py:183} INFO - Processing /opt/airflow/dags/tcc_pipeline_dag.py took 0.158 seconds
[2025-09-05T21:52:26.372+0000] {processor.py:161} INFO - Started process (PID=1533) to work on /opt/airflow/dags/tcc_pipeline_dag.py
[2025-09-05T21:52:26.374+0000] {processor.py:830} INFO - Processing file /opt/airflow/dags/tcc_pipeline_dag.py for tasks to queue
[2025-09-05T21:52:26.376+0000] {logging_mixin.py:188} INFO - [2025-09-05T21:52:26.376+0000] {dagbag.py:545} INFO - Filling up the DagBag from /opt/airflow/dags/tcc_pipeline_dag.py
[2025-09-05T21:52:26.430+0000] {processor.py:840} INFO - DAG(s) 'pipeline_dados_transito_tcc' retrieved from /opt/airflow/dags/tcc_pipeline_dag.py
[2025-09-05T21:52:26.457+0000] {logging_mixin.py:188} INFO - [2025-09-05T21:52:26.456+0000] {dag.py:3096} INFO - Sync 1 DAGs
[2025-09-05T21:52:26.489+0000] {logging_mixin.py:188} INFO - [2025-09-05T21:52:26.488+0000] {dag.py:3954} INFO - Setting next_dagrun for pipeline_dados_transito_tcc to 2025-09-05 08:00:00+00:00, run_after=2025-09-06 08:00:00+00:00
[2025-09-05T21:52:26.527+0000] {processor.py:183} INFO - Processing /opt/airflow/dags/tcc_pipeline_dag.py took 0.163 seconds
[2025-09-05T21:52:56.878+0000] {processor.py:161} INFO - Started process (PID=1540) to work on /opt/airflow/dags/tcc_pipeline_dag.py
[2025-09-05T21:52:56.879+0000] {processor.py:830} INFO - Processing file /opt/airflow/dags/tcc_pipeline_dag.py for tasks to queue
[2025-09-05T21:52:56.882+0000] {logging_mixin.py:188} INFO - [2025-09-05T21:52:56.881+0000] {dagbag.py:545} INFO - Filling up the DagBag from /opt/airflow/dags/tcc_pipeline_dag.py
[2025-09-05T21:52:56.919+0000] {processor.py:840} INFO - DAG(s) 'pipeline_dados_transito_tcc' retrieved from /opt/airflow/dags/tcc_pipeline_dag.py
[2025-09-05T21:52:56.940+0000] {logging_mixin.py:188} INFO - [2025-09-05T21:52:56.939+0000] {dag.py:3096} INFO - Sync 1 DAGs
[2025-09-05T21:52:56.956+0000] {logging_mixin.py:188} INFO - [2025-09-05T21:52:56.956+0000] {dag.py:3954} INFO - Setting next_dagrun for pipeline_dados_transito_tcc to 2025-09-05 08:00:00+00:00, run_after=2025-09-06 08:00:00+00:00
[2025-09-05T21:52:56.974+0000] {processor.py:183} INFO - Processing /opt/airflow/dags/tcc_pipeline_dag.py took 0.103 seconds
[2025-09-05T21:53:27.161+0000] {processor.py:161} INFO - Started process (PID=1547) to work on /opt/airflow/dags/tcc_pipeline_dag.py
[2025-09-05T21:53:27.162+0000] {processor.py:830} INFO - Processing file /opt/airflow/dags/tcc_pipeline_dag.py for tasks to queue
[2025-09-05T21:53:27.164+0000] {logging_mixin.py:188} INFO - [2025-09-05T21:53:27.163+0000] {dagbag.py:545} INFO - Filling up the DagBag from /opt/airflow/dags/tcc_pipeline_dag.py
[2025-09-05T21:53:27.185+0000] {processor.py:840} INFO - DAG(s) 'pipeline_dados_transito_tcc' retrieved from /opt/airflow/dags/tcc_pipeline_dag.py
[2025-09-05T21:53:27.207+0000] {logging_mixin.py:188} INFO - [2025-09-05T21:53:27.207+0000] {dag.py:3096} INFO - Sync 1 DAGs
[2025-09-05T21:53:27.228+0000] {logging_mixin.py:188} INFO - [2025-09-05T21:53:27.228+0000] {dag.py:3954} INFO - Setting next_dagrun for pipeline_dados_transito_tcc to 2025-09-05 08:00:00+00:00, run_after=2025-09-06 08:00:00+00:00
[2025-09-05T21:53:27.247+0000] {processor.py:183} INFO - Processing /opt/airflow/dags/tcc_pipeline_dag.py took 0.091 seconds
[2025-09-05T21:53:57.586+0000] {processor.py:161} INFO - Started process (PID=1554) to work on /opt/airflow/dags/tcc_pipeline_dag.py
[2025-09-05T21:53:57.588+0000] {processor.py:830} INFO - Processing file /opt/airflow/dags/tcc_pipeline_dag.py for tasks to queue
[2025-09-05T21:53:57.590+0000] {logging_mixin.py:188} INFO - [2025-09-05T21:53:57.589+0000] {dagbag.py:545} INFO - Filling up the DagBag from /opt/airflow/dags/tcc_pipeline_dag.py
[2025-09-05T21:53:57.638+0000] {processor.py:840} INFO - DAG(s) 'pipeline_dados_transito_tcc' retrieved from /opt/airflow/dags/tcc_pipeline_dag.py
[2025-09-05T21:53:57.662+0000] {logging_mixin.py:188} INFO - [2025-09-05T21:53:57.662+0000] {dag.py:3096} INFO - Sync 1 DAGs
[2025-09-05T21:53:57.683+0000] {logging_mixin.py:188} INFO - [2025-09-05T21:53:57.683+0000] {dag.py:3954} INFO - Setting next_dagrun for pipeline_dados_transito_tcc to 2025-09-05 08:00:00+00:00, run_after=2025-09-06 08:00:00+00:00
[2025-09-05T21:53:57.701+0000] {processor.py:183} INFO - Processing /opt/airflow/dags/tcc_pipeline_dag.py took 0.120 seconds
[2025-09-05T21:54:27.884+0000] {processor.py:161} INFO - Started process (PID=1561) to work on /opt/airflow/dags/tcc_pipeline_dag.py
[2025-09-05T21:54:27.887+0000] {processor.py:830} INFO - Processing file /opt/airflow/dags/tcc_pipeline_dag.py for tasks to queue
[2025-09-05T21:54:27.890+0000] {logging_mixin.py:188} INFO - [2025-09-05T21:54:27.889+0000] {dagbag.py:545} INFO - Filling up the DagBag from /opt/airflow/dags/tcc_pipeline_dag.py
[2025-09-05T21:54:27.933+0000] {processor.py:840} INFO - DAG(s) 'pipeline_dados_transito_tcc' retrieved from /opt/airflow/dags/tcc_pipeline_dag.py
[2025-09-05T21:54:27.959+0000] {logging_mixin.py:188} INFO - [2025-09-05T21:54:27.958+0000] {dag.py:3096} INFO - Sync 1 DAGs
[2025-09-05T21:54:27.978+0000] {logging_mixin.py:188} INFO - [2025-09-05T21:54:27.977+0000] {dag.py:3954} INFO - Setting next_dagrun for pipeline_dados_transito_tcc to 2025-09-05 08:00:00+00:00, run_after=2025-09-06 08:00:00+00:00
[2025-09-05T21:54:27.995+0000] {processor.py:183} INFO - Processing /opt/airflow/dags/tcc_pipeline_dag.py took 0.118 seconds
[2025-09-05T21:54:58.233+0000] {processor.py:161} INFO - Started process (PID=1568) to work on /opt/airflow/dags/tcc_pipeline_dag.py
[2025-09-05T21:54:58.235+0000] {processor.py:830} INFO - Processing file /opt/airflow/dags/tcc_pipeline_dag.py for tasks to queue
[2025-09-05T21:54:58.237+0000] {logging_mixin.py:188} INFO - [2025-09-05T21:54:58.237+0000] {dagbag.py:545} INFO - Filling up the DagBag from /opt/airflow/dags/tcc_pipeline_dag.py
[2025-09-05T21:54:58.274+0000] {processor.py:840} INFO - DAG(s) 'pipeline_dados_transito_tcc' retrieved from /opt/airflow/dags/tcc_pipeline_dag.py
[2025-09-05T21:54:58.295+0000] {logging_mixin.py:188} INFO - [2025-09-05T21:54:58.295+0000] {dag.py:3096} INFO - Sync 1 DAGs
[2025-09-05T21:54:58.312+0000] {logging_mixin.py:188} INFO - [2025-09-05T21:54:58.312+0000] {dag.py:3954} INFO - Setting next_dagrun for pipeline_dados_transito_tcc to 2025-09-05 08:00:00+00:00, run_after=2025-09-06 08:00:00+00:00
[2025-09-05T21:54:58.332+0000] {processor.py:183} INFO - Processing /opt/airflow/dags/tcc_pipeline_dag.py took 0.104 seconds
[2025-09-05T21:55:28.657+0000] {processor.py:161} INFO - Started process (PID=1581) to work on /opt/airflow/dags/tcc_pipeline_dag.py
[2025-09-05T21:55:28.661+0000] {processor.py:830} INFO - Processing file /opt/airflow/dags/tcc_pipeline_dag.py for tasks to queue
[2025-09-05T21:55:28.667+0000] {logging_mixin.py:188} INFO - [2025-09-05T21:55:28.666+0000] {dagbag.py:545} INFO - Filling up the DagBag from /opt/airflow/dags/tcc_pipeline_dag.py
[2025-09-05T21:55:28.720+0000] {processor.py:840} INFO - DAG(s) 'pipeline_dados_transito_tcc' retrieved from /opt/airflow/dags/tcc_pipeline_dag.py
[2025-09-05T21:55:28.743+0000] {logging_mixin.py:188} INFO - [2025-09-05T21:55:28.743+0000] {dag.py:3096} INFO - Sync 1 DAGs
[2025-09-05T21:55:28.766+0000] {logging_mixin.py:188} INFO - [2025-09-05T21:55:28.766+0000] {dag.py:3954} INFO - Setting next_dagrun for pipeline_dados_transito_tcc to 2025-09-05 08:00:00+00:00, run_after=2025-09-06 08:00:00+00:00
[2025-09-05T21:55:28.787+0000] {processor.py:183} INFO - Processing /opt/airflow/dags/tcc_pipeline_dag.py took 0.138 seconds
[2025-09-05T21:55:58.962+0000] {processor.py:161} INFO - Started process (PID=1588) to work on /opt/airflow/dags/tcc_pipeline_dag.py
[2025-09-05T21:55:58.964+0000] {processor.py:830} INFO - Processing file /opt/airflow/dags/tcc_pipeline_dag.py for tasks to queue
[2025-09-05T21:55:58.966+0000] {logging_mixin.py:188} INFO - [2025-09-05T21:55:58.965+0000] {dagbag.py:545} INFO - Filling up the DagBag from /opt/airflow/dags/tcc_pipeline_dag.py
[2025-09-05T21:55:58.996+0000] {processor.py:840} INFO - DAG(s) 'pipeline_dados_transito_tcc' retrieved from /opt/airflow/dags/tcc_pipeline_dag.py
[2025-09-05T21:55:59.032+0000] {logging_mixin.py:188} INFO - [2025-09-05T21:55:59.032+0000] {dag.py:3096} INFO - Sync 1 DAGs
[2025-09-05T21:55:59.052+0000] {logging_mixin.py:188} INFO - [2025-09-05T21:55:59.052+0000] {dag.py:3954} INFO - Setting next_dagrun for pipeline_dados_transito_tcc to 2025-09-05 08:00:00+00:00, run_after=2025-09-06 08:00:00+00:00
[2025-09-05T21:55:59.073+0000] {processor.py:183} INFO - Processing /opt/airflow/dags/tcc_pipeline_dag.py took 0.118 seconds
[2025-09-05T21:56:29.347+0000] {processor.py:161} INFO - Started process (PID=1595) to work on /opt/airflow/dags/tcc_pipeline_dag.py
[2025-09-05T21:56:29.349+0000] {processor.py:830} INFO - Processing file /opt/airflow/dags/tcc_pipeline_dag.py for tasks to queue
[2025-09-05T21:56:29.351+0000] {logging_mixin.py:188} INFO - [2025-09-05T21:56:29.351+0000] {dagbag.py:545} INFO - Filling up the DagBag from /opt/airflow/dags/tcc_pipeline_dag.py
[2025-09-05T21:56:29.392+0000] {processor.py:840} INFO - DAG(s) 'pipeline_dados_transito_tcc' retrieved from /opt/airflow/dags/tcc_pipeline_dag.py
[2025-09-05T21:56:29.413+0000] {logging_mixin.py:188} INFO - [2025-09-05T21:56:29.412+0000] {dag.py:3096} INFO - Sync 1 DAGs
[2025-09-05T21:56:29.432+0000] {logging_mixin.py:188} INFO - [2025-09-05T21:56:29.432+0000] {dag.py:3954} INFO - Setting next_dagrun for pipeline_dados_transito_tcc to 2025-09-05 08:00:00+00:00, run_after=2025-09-06 08:00:00+00:00
[2025-09-05T21:56:29.449+0000] {processor.py:183} INFO - Processing /opt/airflow/dags/tcc_pipeline_dag.py took 0.111 seconds
[2025-09-05T21:56:59.682+0000] {processor.py:161} INFO - Started process (PID=1602) to work on /opt/airflow/dags/tcc_pipeline_dag.py
[2025-09-05T21:56:59.683+0000] {processor.py:830} INFO - Processing file /opt/airflow/dags/tcc_pipeline_dag.py for tasks to queue
[2025-09-05T21:56:59.685+0000] {logging_mixin.py:188} INFO - [2025-09-05T21:56:59.685+0000] {dagbag.py:545} INFO - Filling up the DagBag from /opt/airflow/dags/tcc_pipeline_dag.py
[2025-09-05T21:56:59.711+0000] {processor.py:840} INFO - DAG(s) 'pipeline_dados_transito_tcc' retrieved from /opt/airflow/dags/tcc_pipeline_dag.py
[2025-09-05T21:56:59.733+0000] {logging_mixin.py:188} INFO - [2025-09-05T21:56:59.732+0000] {dag.py:3096} INFO - Sync 1 DAGs
[2025-09-05T21:56:59.750+0000] {logging_mixin.py:188} INFO - [2025-09-05T21:56:59.750+0000] {dag.py:3954} INFO - Setting next_dagrun for pipeline_dados_transito_tcc to 2025-09-05 08:00:00+00:00, run_after=2025-09-06 08:00:00+00:00
[2025-09-05T21:56:59.768+0000] {processor.py:183} INFO - Processing /opt/airflow/dags/tcc_pipeline_dag.py took 0.090 seconds
[2025-09-05T21:57:30.027+0000] {processor.py:161} INFO - Started process (PID=1609) to work on /opt/airflow/dags/tcc_pipeline_dag.py
[2025-09-05T21:57:30.028+0000] {processor.py:830} INFO - Processing file /opt/airflow/dags/tcc_pipeline_dag.py for tasks to queue
[2025-09-05T21:57:30.031+0000] {logging_mixin.py:188} INFO - [2025-09-05T21:57:30.030+0000] {dagbag.py:545} INFO - Filling up the DagBag from /opt/airflow/dags/tcc_pipeline_dag.py
[2025-09-05T21:57:30.061+0000] {processor.py:840} INFO - DAG(s) 'pipeline_dados_transito_tcc' retrieved from /opt/airflow/dags/tcc_pipeline_dag.py
[2025-09-05T21:57:30.094+0000] {logging_mixin.py:188} INFO - [2025-09-05T21:57:30.093+0000] {dag.py:3096} INFO - Sync 1 DAGs
[2025-09-05T21:57:30.114+0000] {logging_mixin.py:188} INFO - [2025-09-05T21:57:30.113+0000] {dag.py:3954} INFO - Setting next_dagrun for pipeline_dados_transito_tcc to 2025-09-05 08:00:00+00:00, run_after=2025-09-06 08:00:00+00:00
[2025-09-05T21:57:30.132+0000] {processor.py:183} INFO - Processing /opt/airflow/dags/tcc_pipeline_dag.py took 0.112 seconds
[2025-09-05T21:58:00.401+0000] {processor.py:161} INFO - Started process (PID=1616) to work on /opt/airflow/dags/tcc_pipeline_dag.py
[2025-09-05T21:58:00.402+0000] {processor.py:830} INFO - Processing file /opt/airflow/dags/tcc_pipeline_dag.py for tasks to queue
[2025-09-05T21:58:00.405+0000] {logging_mixin.py:188} INFO - [2025-09-05T21:58:00.404+0000] {dagbag.py:545} INFO - Filling up the DagBag from /opt/airflow/dags/tcc_pipeline_dag.py
[2025-09-05T21:58:00.430+0000] {processor.py:840} INFO - DAG(s) 'pipeline_dados_transito_tcc' retrieved from /opt/airflow/dags/tcc_pipeline_dag.py
[2025-09-05T21:58:00.450+0000] {logging_mixin.py:188} INFO - [2025-09-05T21:58:00.449+0000] {dag.py:3096} INFO - Sync 1 DAGs
[2025-09-05T21:58:00.468+0000] {logging_mixin.py:188} INFO - [2025-09-05T21:58:00.468+0000] {dag.py:3954} INFO - Setting next_dagrun for pipeline_dados_transito_tcc to 2025-09-05 08:00:00+00:00, run_after=2025-09-06 08:00:00+00:00
[2025-09-05T21:58:00.484+0000] {processor.py:183} INFO - Processing /opt/airflow/dags/tcc_pipeline_dag.py took 0.090 seconds
[2025-09-05T21:58:30.679+0000] {processor.py:161} INFO - Started process (PID=1623) to work on /opt/airflow/dags/tcc_pipeline_dag.py
[2025-09-05T21:58:30.680+0000] {processor.py:830} INFO - Processing file /opt/airflow/dags/tcc_pipeline_dag.py for tasks to queue
[2025-09-05T21:58:30.684+0000] {logging_mixin.py:188} INFO - [2025-09-05T21:58:30.683+0000] {dagbag.py:545} INFO - Filling up the DagBag from /opt/airflow/dags/tcc_pipeline_dag.py
[2025-09-05T21:58:30.733+0000] {processor.py:840} INFO - DAG(s) 'pipeline_dados_transito_tcc' retrieved from /opt/airflow/dags/tcc_pipeline_dag.py
[2025-09-05T21:58:30.767+0000] {logging_mixin.py:188} INFO - [2025-09-05T21:58:30.767+0000] {dag.py:3096} INFO - Sync 1 DAGs
[2025-09-05T21:58:30.788+0000] {logging_mixin.py:188} INFO - [2025-09-05T21:58:30.788+0000] {dag.py:3954} INFO - Setting next_dagrun for pipeline_dados_transito_tcc to 2025-09-05 08:00:00+00:00, run_after=2025-09-06 08:00:00+00:00
[2025-09-05T21:58:30.816+0000] {processor.py:183} INFO - Processing /opt/airflow/dags/tcc_pipeline_dag.py took 0.150 seconds
[2025-09-05T21:59:01.006+0000] {processor.py:161} INFO - Started process (PID=1630) to work on /opt/airflow/dags/tcc_pipeline_dag.py
[2025-09-05T21:59:01.008+0000] {processor.py:830} INFO - Processing file /opt/airflow/dags/tcc_pipeline_dag.py for tasks to queue
[2025-09-05T21:59:01.011+0000] {logging_mixin.py:188} INFO - [2025-09-05T21:59:01.010+0000] {dagbag.py:545} INFO - Filling up the DagBag from /opt/airflow/dags/tcc_pipeline_dag.py
[2025-09-05T21:59:01.034+0000] {processor.py:840} INFO - DAG(s) 'pipeline_dados_transito_tcc' retrieved from /opt/airflow/dags/tcc_pipeline_dag.py
[2025-09-05T21:59:01.059+0000] {logging_mixin.py:188} INFO - [2025-09-05T21:59:01.059+0000] {dag.py:3096} INFO - Sync 1 DAGs
[2025-09-05T21:59:01.078+0000] {logging_mixin.py:188} INFO - [2025-09-05T21:59:01.077+0000] {dag.py:3954} INFO - Setting next_dagrun for pipeline_dados_transito_tcc to 2025-09-05 08:00:00+00:00, run_after=2025-09-06 08:00:00+00:00
[2025-09-05T21:59:01.094+0000] {processor.py:183} INFO - Processing /opt/airflow/dags/tcc_pipeline_dag.py took 0.093 seconds
[2025-09-05T21:59:31.333+0000] {processor.py:161} INFO - Started process (PID=1637) to work on /opt/airflow/dags/tcc_pipeline_dag.py
[2025-09-05T21:59:31.334+0000] {processor.py:830} INFO - Processing file /opt/airflow/dags/tcc_pipeline_dag.py for tasks to queue
[2025-09-05T21:59:31.337+0000] {logging_mixin.py:188} INFO - [2025-09-05T21:59:31.337+0000] {dagbag.py:545} INFO - Filling up the DagBag from /opt/airflow/dags/tcc_pipeline_dag.py
[2025-09-05T21:59:31.382+0000] {processor.py:840} INFO - DAG(s) 'pipeline_dados_transito_tcc' retrieved from /opt/airflow/dags/tcc_pipeline_dag.py
[2025-09-05T21:59:31.410+0000] {logging_mixin.py:188} INFO - [2025-09-05T21:59:31.410+0000] {dag.py:3096} INFO - Sync 1 DAGs
[2025-09-05T21:59:31.437+0000] {logging_mixin.py:188} INFO - [2025-09-05T21:59:31.437+0000] {dag.py:3954} INFO - Setting next_dagrun for pipeline_dados_transito_tcc to 2025-09-05 08:00:00+00:00, run_after=2025-09-06 08:00:00+00:00
[2025-09-05T21:59:31.461+0000] {processor.py:183} INFO - Processing /opt/airflow/dags/tcc_pipeline_dag.py took 0.132 seconds
[2025-09-05T22:00:01.701+0000] {processor.py:161} INFO - Started process (PID=1645) to work on /opt/airflow/dags/tcc_pipeline_dag.py
[2025-09-05T22:00:01.703+0000] {processor.py:830} INFO - Processing file /opt/airflow/dags/tcc_pipeline_dag.py for tasks to queue
[2025-09-05T22:00:01.705+0000] {logging_mixin.py:188} INFO - [2025-09-05T22:00:01.705+0000] {dagbag.py:545} INFO - Filling up the DagBag from /opt/airflow/dags/tcc_pipeline_dag.py
[2025-09-05T22:00:01.743+0000] {processor.py:840} INFO - DAG(s) 'pipeline_dados_transito_tcc' retrieved from /opt/airflow/dags/tcc_pipeline_dag.py
[2025-09-05T22:00:01.782+0000] {logging_mixin.py:188} INFO - [2025-09-05T22:00:01.781+0000] {dag.py:3096} INFO - Sync 1 DAGs
[2025-09-05T22:00:01.803+0000] {logging_mixin.py:188} INFO - [2025-09-05T22:00:01.803+0000] {dag.py:3954} INFO - Setting next_dagrun for pipeline_dados_transito_tcc to 2025-09-05 08:00:00+00:00, run_after=2025-09-06 08:00:00+00:00
[2025-09-05T22:00:01.822+0000] {processor.py:183} INFO - Processing /opt/airflow/dags/tcc_pipeline_dag.py took 0.126 seconds
[2025-09-05T22:00:32.018+0000] {processor.py:161} INFO - Started process (PID=1652) to work on /opt/airflow/dags/tcc_pipeline_dag.py
[2025-09-05T22:00:32.019+0000] {processor.py:830} INFO - Processing file /opt/airflow/dags/tcc_pipeline_dag.py for tasks to queue
[2025-09-05T22:00:32.026+0000] {logging_mixin.py:188} INFO - [2025-09-05T22:00:32.025+0000] {dagbag.py:545} INFO - Filling up the DagBag from /opt/airflow/dags/tcc_pipeline_dag.py
[2025-09-05T22:00:32.069+0000] {processor.py:840} INFO - DAG(s) 'pipeline_dados_transito_tcc' retrieved from /opt/airflow/dags/tcc_pipeline_dag.py
[2025-09-05T22:00:32.091+0000] {logging_mixin.py:188} INFO - [2025-09-05T22:00:32.091+0000] {dag.py:3096} INFO - Sync 1 DAGs
[2025-09-05T22:00:32.114+0000] {logging_mixin.py:188} INFO - [2025-09-05T22:00:32.113+0000] {dag.py:3954} INFO - Setting next_dagrun for pipeline_dados_transito_tcc to 2025-09-05 08:00:00+00:00, run_after=2025-09-06 08:00:00+00:00
[2025-09-05T22:00:32.131+0000] {processor.py:183} INFO - Processing /opt/airflow/dags/tcc_pipeline_dag.py took 0.122 seconds
[2025-09-05T22:01:02.362+0000] {processor.py:161} INFO - Started process (PID=1659) to work on /opt/airflow/dags/tcc_pipeline_dag.py
[2025-09-05T22:01:02.364+0000] {processor.py:830} INFO - Processing file /opt/airflow/dags/tcc_pipeline_dag.py for tasks to queue
[2025-09-05T22:01:02.366+0000] {logging_mixin.py:188} INFO - [2025-09-05T22:01:02.366+0000] {dagbag.py:545} INFO - Filling up the DagBag from /opt/airflow/dags/tcc_pipeline_dag.py
[2025-09-05T22:01:02.418+0000] {processor.py:840} INFO - DAG(s) 'pipeline_dados_transito_tcc' retrieved from /opt/airflow/dags/tcc_pipeline_dag.py
[2025-09-05T22:01:02.446+0000] {logging_mixin.py:188} INFO - [2025-09-05T22:01:02.445+0000] {dag.py:3096} INFO - Sync 1 DAGs
[2025-09-05T22:01:02.465+0000] {logging_mixin.py:188} INFO - [2025-09-05T22:01:02.465+0000] {dag.py:3954} INFO - Setting next_dagrun for pipeline_dados_transito_tcc to 2025-09-05 08:00:00+00:00, run_after=2025-09-06 08:00:00+00:00
[2025-09-05T22:01:02.488+0000] {processor.py:183} INFO - Processing /opt/airflow/dags/tcc_pipeline_dag.py took 0.131 seconds
[2025-09-05T22:01:32.642+0000] {processor.py:161} INFO - Started process (PID=1666) to work on /opt/airflow/dags/tcc_pipeline_dag.py
[2025-09-05T22:01:32.644+0000] {processor.py:830} INFO - Processing file /opt/airflow/dags/tcc_pipeline_dag.py for tasks to queue
[2025-09-05T22:01:32.648+0000] {logging_mixin.py:188} INFO - [2025-09-05T22:01:32.647+0000] {dagbag.py:545} INFO - Filling up the DagBag from /opt/airflow/dags/tcc_pipeline_dag.py
[2025-09-05T22:01:32.692+0000] {processor.py:840} INFO - DAG(s) 'pipeline_dados_transito_tcc' retrieved from /opt/airflow/dags/tcc_pipeline_dag.py
[2025-09-05T22:01:32.723+0000] {logging_mixin.py:188} INFO - [2025-09-05T22:01:32.723+0000] {dag.py:3096} INFO - Sync 1 DAGs
[2025-09-05T22:01:32.757+0000] {logging_mixin.py:188} INFO - [2025-09-05T22:01:32.757+0000] {dag.py:3954} INFO - Setting next_dagrun for pipeline_dados_transito_tcc to 2025-09-05 08:00:00+00:00, run_after=2025-09-06 08:00:00+00:00
[2025-09-05T22:01:32.779+0000] {processor.py:183} INFO - Processing /opt/airflow/dags/tcc_pipeline_dag.py took 0.144 seconds
[2025-09-05T22:02:03.072+0000] {processor.py:161} INFO - Started process (PID=1673) to work on /opt/airflow/dags/tcc_pipeline_dag.py
[2025-09-05T22:02:03.073+0000] {processor.py:830} INFO - Processing file /opt/airflow/dags/tcc_pipeline_dag.py for tasks to queue
[2025-09-05T22:02:03.075+0000] {logging_mixin.py:188} INFO - [2025-09-05T22:02:03.074+0000] {dagbag.py:545} INFO - Filling up the DagBag from /opt/airflow/dags/tcc_pipeline_dag.py
[2025-09-05T22:02:03.096+0000] {processor.py:840} INFO - DAG(s) 'pipeline_dados_transito_tcc' retrieved from /opt/airflow/dags/tcc_pipeline_dag.py
[2025-09-05T22:02:03.117+0000] {logging_mixin.py:188} INFO - [2025-09-05T22:02:03.117+0000] {dag.py:3096} INFO - Sync 1 DAGs
[2025-09-05T22:02:03.134+0000] {logging_mixin.py:188} INFO - [2025-09-05T22:02:03.134+0000] {dag.py:3954} INFO - Setting next_dagrun for pipeline_dados_transito_tcc to 2025-09-05 08:00:00+00:00, run_after=2025-09-06 08:00:00+00:00
[2025-09-05T22:02:03.148+0000] {processor.py:183} INFO - Processing /opt/airflow/dags/tcc_pipeline_dag.py took 0.080 seconds
[2025-09-05T22:02:33.424+0000] {processor.py:161} INFO - Started process (PID=1680) to work on /opt/airflow/dags/tcc_pipeline_dag.py
[2025-09-05T22:02:33.426+0000] {processor.py:830} INFO - Processing file /opt/airflow/dags/tcc_pipeline_dag.py for tasks to queue
[2025-09-05T22:02:33.428+0000] {logging_mixin.py:188} INFO - [2025-09-05T22:02:33.427+0000] {dagbag.py:545} INFO - Filling up the DagBag from /opt/airflow/dags/tcc_pipeline_dag.py
[2025-09-05T22:02:33.461+0000] {processor.py:840} INFO - DAG(s) 'pipeline_dados_transito_tcc' retrieved from /opt/airflow/dags/tcc_pipeline_dag.py
[2025-09-05T22:02:33.488+0000] {logging_mixin.py:188} INFO - [2025-09-05T22:02:33.488+0000] {dag.py:3096} INFO - Sync 1 DAGs
[2025-09-05T22:02:33.509+0000] {logging_mixin.py:188} INFO - [2025-09-05T22:02:33.508+0000] {dag.py:3954} INFO - Setting next_dagrun for pipeline_dados_transito_tcc to 2025-09-05 08:00:00+00:00, run_after=2025-09-06 08:00:00+00:00
[2025-09-05T22:02:33.531+0000] {processor.py:183} INFO - Processing /opt/airflow/dags/tcc_pipeline_dag.py took 0.119 seconds
[2025-09-05T22:03:03.734+0000] {processor.py:161} INFO - Started process (PID=1687) to work on /opt/airflow/dags/tcc_pipeline_dag.py
[2025-09-05T22:03:03.735+0000] {processor.py:830} INFO - Processing file /opt/airflow/dags/tcc_pipeline_dag.py for tasks to queue
[2025-09-05T22:03:03.737+0000] {logging_mixin.py:188} INFO - [2025-09-05T22:03:03.737+0000] {dagbag.py:545} INFO - Filling up the DagBag from /opt/airflow/dags/tcc_pipeline_dag.py
[2025-09-05T22:03:03.791+0000] {processor.py:840} INFO - DAG(s) 'pipeline_dados_transito_tcc' retrieved from /opt/airflow/dags/tcc_pipeline_dag.py
[2025-09-05T22:03:03.835+0000] {logging_mixin.py:188} INFO - [2025-09-05T22:03:03.835+0000] {dag.py:3096} INFO - Sync 1 DAGs
[2025-09-05T22:03:03.861+0000] {logging_mixin.py:188} INFO - [2025-09-05T22:03:03.860+0000] {dag.py:3954} INFO - Setting next_dagrun for pipeline_dados_transito_tcc to 2025-09-05 08:00:00+00:00, run_after=2025-09-06 08:00:00+00:00
[2025-09-05T22:03:03.877+0000] {processor.py:183} INFO - Processing /opt/airflow/dags/tcc_pipeline_dag.py took 0.149 seconds
[2025-09-05T22:03:34.101+0000] {processor.py:161} INFO - Started process (PID=1694) to work on /opt/airflow/dags/tcc_pipeline_dag.py
[2025-09-05T22:03:34.102+0000] {processor.py:830} INFO - Processing file /opt/airflow/dags/tcc_pipeline_dag.py for tasks to queue
[2025-09-05T22:03:34.104+0000] {logging_mixin.py:188} INFO - [2025-09-05T22:03:34.103+0000] {dagbag.py:545} INFO - Filling up the DagBag from /opt/airflow/dags/tcc_pipeline_dag.py
[2025-09-05T22:03:34.133+0000] {processor.py:840} INFO - DAG(s) 'pipeline_dados_transito_tcc' retrieved from /opt/airflow/dags/tcc_pipeline_dag.py
[2025-09-05T22:03:34.162+0000] {logging_mixin.py:188} INFO - [2025-09-05T22:03:34.162+0000] {dag.py:3096} INFO - Sync 1 DAGs
[2025-09-05T22:03:34.185+0000] {logging_mixin.py:188} INFO - [2025-09-05T22:03:34.185+0000] {dag.py:3954} INFO - Setting next_dagrun for pipeline_dados_transito_tcc to 2025-09-05 08:00:00+00:00, run_after=2025-09-06 08:00:00+00:00
[2025-09-05T22:03:34.206+0000] {processor.py:183} INFO - Processing /opt/airflow/dags/tcc_pipeline_dag.py took 0.110 seconds
[2025-09-05T22:04:04.382+0000] {processor.py:161} INFO - Started process (PID=1701) to work on /opt/airflow/dags/tcc_pipeline_dag.py
[2025-09-05T22:04:04.384+0000] {processor.py:830} INFO - Processing file /opt/airflow/dags/tcc_pipeline_dag.py for tasks to queue
[2025-09-05T22:04:04.385+0000] {logging_mixin.py:188} INFO - [2025-09-05T22:04:04.385+0000] {dagbag.py:545} INFO - Filling up the DagBag from /opt/airflow/dags/tcc_pipeline_dag.py
[2025-09-05T22:04:04.425+0000] {processor.py:840} INFO - DAG(s) 'pipeline_dados_transito_tcc' retrieved from /opt/airflow/dags/tcc_pipeline_dag.py
[2025-09-05T22:04:04.463+0000] {logging_mixin.py:188} INFO - [2025-09-05T22:04:04.462+0000] {dag.py:3096} INFO - Sync 1 DAGs
[2025-09-05T22:04:04.483+0000] {logging_mixin.py:188} INFO - [2025-09-05T22:04:04.483+0000] {dag.py:3954} INFO - Setting next_dagrun for pipeline_dados_transito_tcc to 2025-09-05 08:00:00+00:00, run_after=2025-09-06 08:00:00+00:00
[2025-09-05T22:04:04.501+0000] {processor.py:183} INFO - Processing /opt/airflow/dags/tcc_pipeline_dag.py took 0.125 seconds
[2025-09-05T22:04:34.847+0000] {processor.py:161} INFO - Started process (PID=1708) to work on /opt/airflow/dags/tcc_pipeline_dag.py
[2025-09-05T22:04:34.850+0000] {processor.py:830} INFO - Processing file /opt/airflow/dags/tcc_pipeline_dag.py for tasks to queue
[2025-09-05T22:04:34.855+0000] {logging_mixin.py:188} INFO - [2025-09-05T22:04:34.853+0000] {dagbag.py:545} INFO - Filling up the DagBag from /opt/airflow/dags/tcc_pipeline_dag.py
[2025-09-05T22:04:34.957+0000] {processor.py:840} INFO - DAG(s) 'pipeline_dados_transito_tcc' retrieved from /opt/airflow/dags/tcc_pipeline_dag.py
[2025-09-05T22:04:35.043+0000] {logging_mixin.py:188} INFO - [2025-09-05T22:04:35.043+0000] {dag.py:3096} INFO - Sync 1 DAGs
[2025-09-05T22:04:35.094+0000] {logging_mixin.py:188} INFO - [2025-09-05T22:04:35.094+0000] {dag.py:3954} INFO - Setting next_dagrun for pipeline_dados_transito_tcc to 2025-09-05 08:00:00+00:00, run_after=2025-09-06 08:00:00+00:00
[2025-09-05T22:04:35.153+0000] {processor.py:183} INFO - Processing /opt/airflow/dags/tcc_pipeline_dag.py took 0.322 seconds
[2025-09-05T22:05:05.469+0000] {processor.py:161} INFO - Started process (PID=1715) to work on /opt/airflow/dags/tcc_pipeline_dag.py
[2025-09-05T22:05:05.471+0000] {processor.py:830} INFO - Processing file /opt/airflow/dags/tcc_pipeline_dag.py for tasks to queue
[2025-09-05T22:05:05.472+0000] {logging_mixin.py:188} INFO - [2025-09-05T22:05:05.472+0000] {dagbag.py:545} INFO - Filling up the DagBag from /opt/airflow/dags/tcc_pipeline_dag.py
[2025-09-05T22:05:05.507+0000] {processor.py:840} INFO - DAG(s) 'pipeline_dados_transito_tcc' retrieved from /opt/airflow/dags/tcc_pipeline_dag.py
[2025-09-05T22:05:05.533+0000] {logging_mixin.py:188} INFO - [2025-09-05T22:05:05.533+0000] {dag.py:3096} INFO - Sync 1 DAGs
[2025-09-05T22:05:05.555+0000] {logging_mixin.py:188} INFO - [2025-09-05T22:05:05.554+0000] {dag.py:3954} INFO - Setting next_dagrun for pipeline_dados_transito_tcc to 2025-09-05 08:00:00+00:00, run_after=2025-09-06 08:00:00+00:00
[2025-09-05T22:05:05.579+0000] {processor.py:183} INFO - Processing /opt/airflow/dags/tcc_pipeline_dag.py took 0.115 seconds
[2025-09-05T22:05:35.733+0000] {processor.py:161} INFO - Started process (PID=1722) to work on /opt/airflow/dags/tcc_pipeline_dag.py
[2025-09-05T22:05:35.735+0000] {processor.py:830} INFO - Processing file /opt/airflow/dags/tcc_pipeline_dag.py for tasks to queue
[2025-09-05T22:05:35.739+0000] {logging_mixin.py:188} INFO - [2025-09-05T22:05:35.738+0000] {dagbag.py:545} INFO - Filling up the DagBag from /opt/airflow/dags/tcc_pipeline_dag.py
[2025-09-05T22:05:35.800+0000] {processor.py:840} INFO - DAG(s) 'pipeline_dados_transito_tcc' retrieved from /opt/airflow/dags/tcc_pipeline_dag.py
[2025-09-05T22:05:35.822+0000] {logging_mixin.py:188} INFO - [2025-09-05T22:05:35.822+0000] {dag.py:3096} INFO - Sync 1 DAGs
[2025-09-05T22:05:35.842+0000] {logging_mixin.py:188} INFO - [2025-09-05T22:05:35.842+0000] {dag.py:3954} INFO - Setting next_dagrun for pipeline_dados_transito_tcc to 2025-09-05 08:00:00+00:00, run_after=2025-09-06 08:00:00+00:00
[2025-09-05T22:05:35.859+0000] {processor.py:183} INFO - Processing /opt/airflow/dags/tcc_pipeline_dag.py took 0.133 seconds
[2025-09-05T22:06:06.116+0000] {processor.py:161} INFO - Started process (PID=1729) to work on /opt/airflow/dags/tcc_pipeline_dag.py
[2025-09-05T22:06:06.117+0000] {processor.py:830} INFO - Processing file /opt/airflow/dags/tcc_pipeline_dag.py for tasks to queue
[2025-09-05T22:06:06.119+0000] {logging_mixin.py:188} INFO - [2025-09-05T22:06:06.119+0000] {dagbag.py:545} INFO - Filling up the DagBag from /opt/airflow/dags/tcc_pipeline_dag.py
[2025-09-05T22:06:06.157+0000] {processor.py:840} INFO - DAG(s) 'pipeline_dados_transito_tcc' retrieved from /opt/airflow/dags/tcc_pipeline_dag.py
[2025-09-05T22:06:06.186+0000] {logging_mixin.py:188} INFO - [2025-09-05T22:06:06.186+0000] {dag.py:3096} INFO - Sync 1 DAGs
[2025-09-05T22:06:06.206+0000] {logging_mixin.py:188} INFO - [2025-09-05T22:06:06.205+0000] {dag.py:3954} INFO - Setting next_dagrun for pipeline_dados_transito_tcc to 2025-09-05 08:00:00+00:00, run_after=2025-09-06 08:00:00+00:00
[2025-09-05T22:06:06.222+0000] {processor.py:183} INFO - Processing /opt/airflow/dags/tcc_pipeline_dag.py took 0.114 seconds
[2025-09-05T22:06:36.449+0000] {processor.py:161} INFO - Started process (PID=1736) to work on /opt/airflow/dags/tcc_pipeline_dag.py
[2025-09-05T22:06:36.451+0000] {processor.py:830} INFO - Processing file /opt/airflow/dags/tcc_pipeline_dag.py for tasks to queue
[2025-09-05T22:06:36.453+0000] {logging_mixin.py:188} INFO - [2025-09-05T22:06:36.453+0000] {dagbag.py:545} INFO - Filling up the DagBag from /opt/airflow/dags/tcc_pipeline_dag.py
[2025-09-05T22:06:36.485+0000] {processor.py:840} INFO - DAG(s) 'pipeline_dados_transito_tcc' retrieved from /opt/airflow/dags/tcc_pipeline_dag.py
[2025-09-05T22:06:36.508+0000] {logging_mixin.py:188} INFO - [2025-09-05T22:06:36.508+0000] {dag.py:3096} INFO - Sync 1 DAGs
[2025-09-05T22:06:36.530+0000] {logging_mixin.py:188} INFO - [2025-09-05T22:06:36.530+0000] {dag.py:3954} INFO - Setting next_dagrun for pipeline_dados_transito_tcc to 2025-09-05 08:00:00+00:00, run_after=2025-09-06 08:00:00+00:00
[2025-09-05T22:06:36.550+0000] {processor.py:183} INFO - Processing /opt/airflow/dags/tcc_pipeline_dag.py took 0.107 seconds
[2025-09-05T22:07:06.950+0000] {processor.py:161} INFO - Started process (PID=1743) to work on /opt/airflow/dags/tcc_pipeline_dag.py
[2025-09-05T22:07:06.954+0000] {processor.py:830} INFO - Processing file /opt/airflow/dags/tcc_pipeline_dag.py for tasks to queue
[2025-09-05T22:07:06.959+0000] {logging_mixin.py:188} INFO - [2025-09-05T22:07:06.958+0000] {dagbag.py:545} INFO - Filling up the DagBag from /opt/airflow/dags/tcc_pipeline_dag.py
[2025-09-05T22:07:07.004+0000] {processor.py:840} INFO - DAG(s) 'pipeline_dados_transito_tcc' retrieved from /opt/airflow/dags/tcc_pipeline_dag.py
[2025-09-05T22:07:07.044+0000] {logging_mixin.py:188} INFO - [2025-09-05T22:07:07.044+0000] {dag.py:3096} INFO - Sync 1 DAGs
[2025-09-05T22:07:07.067+0000] {logging_mixin.py:188} INFO - [2025-09-05T22:07:07.067+0000] {dag.py:3954} INFO - Setting next_dagrun for pipeline_dados_transito_tcc to 2025-09-05 08:00:00+00:00, run_after=2025-09-06 08:00:00+00:00
[2025-09-05T22:07:07.090+0000] {processor.py:183} INFO - Processing /opt/airflow/dags/tcc_pipeline_dag.py took 0.153 seconds
[2025-09-05T22:07:37.234+0000] {processor.py:161} INFO - Started process (PID=1750) to work on /opt/airflow/dags/tcc_pipeline_dag.py
[2025-09-05T22:07:37.235+0000] {processor.py:830} INFO - Processing file /opt/airflow/dags/tcc_pipeline_dag.py for tasks to queue
[2025-09-05T22:07:37.237+0000] {logging_mixin.py:188} INFO - [2025-09-05T22:07:37.237+0000] {dagbag.py:545} INFO - Filling up the DagBag from /opt/airflow/dags/tcc_pipeline_dag.py
[2025-09-05T22:07:37.278+0000] {processor.py:840} INFO - DAG(s) 'pipeline_dados_transito_tcc' retrieved from /opt/airflow/dags/tcc_pipeline_dag.py
[2025-09-05T22:07:37.304+0000] {logging_mixin.py:188} INFO - [2025-09-05T22:07:37.304+0000] {dag.py:3096} INFO - Sync 1 DAGs
[2025-09-05T22:07:37.324+0000] {logging_mixin.py:188} INFO - [2025-09-05T22:07:37.323+0000] {dag.py:3954} INFO - Setting next_dagrun for pipeline_dados_transito_tcc to 2025-09-05 08:00:00+00:00, run_after=2025-09-06 08:00:00+00:00
[2025-09-05T22:07:37.345+0000] {processor.py:183} INFO - Processing /opt/airflow/dags/tcc_pipeline_dag.py took 0.120 seconds
[2025-09-05T22:08:07.630+0000] {processor.py:161} INFO - Started process (PID=1757) to work on /opt/airflow/dags/tcc_pipeline_dag.py
[2025-09-05T22:08:07.631+0000] {processor.py:830} INFO - Processing file /opt/airflow/dags/tcc_pipeline_dag.py for tasks to queue
[2025-09-05T22:08:07.632+0000] {logging_mixin.py:188} INFO - [2025-09-05T22:08:07.632+0000] {dagbag.py:545} INFO - Filling up the DagBag from /opt/airflow/dags/tcc_pipeline_dag.py
[2025-09-05T22:08:07.653+0000] {processor.py:840} INFO - DAG(s) 'pipeline_dados_transito_tcc' retrieved from /opt/airflow/dags/tcc_pipeline_dag.py
[2025-09-05T22:08:07.676+0000] {logging_mixin.py:188} INFO - [2025-09-05T22:08:07.676+0000] {dag.py:3096} INFO - Sync 1 DAGs
[2025-09-05T22:08:07.695+0000] {logging_mixin.py:188} INFO - [2025-09-05T22:08:07.694+0000] {dag.py:3954} INFO - Setting next_dagrun for pipeline_dados_transito_tcc to 2025-09-05 08:00:00+00:00, run_after=2025-09-06 08:00:00+00:00
[2025-09-05T22:08:07.711+0000] {processor.py:183} INFO - Processing /opt/airflow/dags/tcc_pipeline_dag.py took 0.086 seconds
[2025-09-05T22:08:37.970+0000] {processor.py:161} INFO - Started process (PID=1764) to work on /opt/airflow/dags/tcc_pipeline_dag.py
[2025-09-05T22:08:37.972+0000] {processor.py:830} INFO - Processing file /opt/airflow/dags/tcc_pipeline_dag.py for tasks to queue
[2025-09-05T22:08:37.974+0000] {logging_mixin.py:188} INFO - [2025-09-05T22:08:37.974+0000] {dagbag.py:545} INFO - Filling up the DagBag from /opt/airflow/dags/tcc_pipeline_dag.py
[2025-09-05T22:08:38.006+0000] {processor.py:840} INFO - DAG(s) 'pipeline_dados_transito_tcc' retrieved from /opt/airflow/dags/tcc_pipeline_dag.py
[2025-09-05T22:08:38.028+0000] {logging_mixin.py:188} INFO - [2025-09-05T22:08:38.027+0000] {dag.py:3096} INFO - Sync 1 DAGs
[2025-09-05T22:08:38.045+0000] {logging_mixin.py:188} INFO - [2025-09-05T22:08:38.045+0000] {dag.py:3954} INFO - Setting next_dagrun for pipeline_dados_transito_tcc to 2025-09-05 08:00:00+00:00, run_after=2025-09-06 08:00:00+00:00
[2025-09-05T22:08:38.065+0000] {processor.py:183} INFO - Processing /opt/airflow/dags/tcc_pipeline_dag.py took 0.104 seconds
[2025-09-05T22:09:08.300+0000] {processor.py:161} INFO - Started process (PID=1771) to work on /opt/airflow/dags/tcc_pipeline_dag.py
[2025-09-05T22:09:08.301+0000] {processor.py:830} INFO - Processing file /opt/airflow/dags/tcc_pipeline_dag.py for tasks to queue
[2025-09-05T22:09:08.304+0000] {logging_mixin.py:188} INFO - [2025-09-05T22:09:08.304+0000] {dagbag.py:545} INFO - Filling up the DagBag from /opt/airflow/dags/tcc_pipeline_dag.py
[2025-09-05T22:09:08.362+0000] {processor.py:840} INFO - DAG(s) 'pipeline_dados_transito_tcc' retrieved from /opt/airflow/dags/tcc_pipeline_dag.py
[2025-09-05T22:09:08.388+0000] {logging_mixin.py:188} INFO - [2025-09-05T22:09:08.388+0000] {dag.py:3096} INFO - Sync 1 DAGs
[2025-09-05T22:09:08.410+0000] {logging_mixin.py:188} INFO - [2025-09-05T22:09:08.410+0000] {dag.py:3954} INFO - Setting next_dagrun for pipeline_dados_transito_tcc to 2025-09-05 08:00:00+00:00, run_after=2025-09-06 08:00:00+00:00
[2025-09-05T22:09:08.432+0000] {processor.py:183} INFO - Processing /opt/airflow/dags/tcc_pipeline_dag.py took 0.141 seconds
[2025-09-05T22:09:38.571+0000] {processor.py:161} INFO - Started process (PID=1778) to work on /opt/airflow/dags/tcc_pipeline_dag.py
[2025-09-05T22:09:38.572+0000] {processor.py:830} INFO - Processing file /opt/airflow/dags/tcc_pipeline_dag.py for tasks to queue
[2025-09-05T22:09:38.575+0000] {logging_mixin.py:188} INFO - [2025-09-05T22:09:38.575+0000] {dagbag.py:545} INFO - Filling up the DagBag from /opt/airflow/dags/tcc_pipeline_dag.py
[2025-09-05T22:09:38.606+0000] {processor.py:840} INFO - DAG(s) 'pipeline_dados_transito_tcc' retrieved from /opt/airflow/dags/tcc_pipeline_dag.py
[2025-09-05T22:09:38.627+0000] {logging_mixin.py:188} INFO - [2025-09-05T22:09:38.627+0000] {dag.py:3096} INFO - Sync 1 DAGs
[2025-09-05T22:09:38.645+0000] {logging_mixin.py:188} INFO - [2025-09-05T22:09:38.645+0000] {dag.py:3954} INFO - Setting next_dagrun for pipeline_dados_transito_tcc to 2025-09-05 08:00:00+00:00, run_after=2025-09-06 08:00:00+00:00
[2025-09-05T22:09:38.663+0000] {processor.py:183} INFO - Processing /opt/airflow/dags/tcc_pipeline_dag.py took 0.099 seconds
[2025-09-05T22:10:08.833+0000] {processor.py:161} INFO - Started process (PID=1785) to work on /opt/airflow/dags/tcc_pipeline_dag.py
[2025-09-05T22:10:08.834+0000] {processor.py:830} INFO - Processing file /opt/airflow/dags/tcc_pipeline_dag.py for tasks to queue
[2025-09-05T22:10:08.837+0000] {logging_mixin.py:188} INFO - [2025-09-05T22:10:08.836+0000] {dagbag.py:545} INFO - Filling up the DagBag from /opt/airflow/dags/tcc_pipeline_dag.py
[2025-09-05T22:10:08.868+0000] {processor.py:840} INFO - DAG(s) 'pipeline_dados_transito_tcc' retrieved from /opt/airflow/dags/tcc_pipeline_dag.py
[2025-09-05T22:10:08.896+0000] {logging_mixin.py:188} INFO - [2025-09-05T22:10:08.895+0000] {dag.py:3096} INFO - Sync 1 DAGs
[2025-09-05T22:10:08.915+0000] {logging_mixin.py:188} INFO - [2025-09-05T22:10:08.915+0000] {dag.py:3954} INFO - Setting next_dagrun for pipeline_dados_transito_tcc to 2025-09-05 08:00:00+00:00, run_after=2025-09-06 08:00:00+00:00
[2025-09-05T22:10:08.934+0000] {processor.py:183} INFO - Processing /opt/airflow/dags/tcc_pipeline_dag.py took 0.106 seconds
[2025-09-05T22:10:39.227+0000] {processor.py:161} INFO - Started process (PID=1792) to work on /opt/airflow/dags/tcc_pipeline_dag.py
[2025-09-05T22:10:39.228+0000] {processor.py:830} INFO - Processing file /opt/airflow/dags/tcc_pipeline_dag.py for tasks to queue
[2025-09-05T22:10:39.230+0000] {logging_mixin.py:188} INFO - [2025-09-05T22:10:39.230+0000] {dagbag.py:545} INFO - Filling up the DagBag from /opt/airflow/dags/tcc_pipeline_dag.py
[2025-09-05T22:10:39.269+0000] {processor.py:840} INFO - DAG(s) 'pipeline_dados_transito_tcc' retrieved from /opt/airflow/dags/tcc_pipeline_dag.py
[2025-09-05T22:10:39.291+0000] {logging_mixin.py:188} INFO - [2025-09-05T22:10:39.291+0000] {dag.py:3096} INFO - Sync 1 DAGs
[2025-09-05T22:10:39.308+0000] {logging_mixin.py:188} INFO - [2025-09-05T22:10:39.307+0000] {dag.py:3954} INFO - Setting next_dagrun for pipeline_dados_transito_tcc to 2025-09-05 08:00:00+00:00, run_after=2025-09-06 08:00:00+00:00
[2025-09-05T22:10:39.324+0000] {processor.py:183} INFO - Processing /opt/airflow/dags/tcc_pipeline_dag.py took 0.105 seconds
[2025-09-05T22:11:09.523+0000] {processor.py:161} INFO - Started process (PID=1799) to work on /opt/airflow/dags/tcc_pipeline_dag.py
[2025-09-05T22:11:09.525+0000] {processor.py:830} INFO - Processing file /opt/airflow/dags/tcc_pipeline_dag.py for tasks to queue
[2025-09-05T22:11:09.527+0000] {logging_mixin.py:188} INFO - [2025-09-05T22:11:09.527+0000] {dagbag.py:545} INFO - Filling up the DagBag from /opt/airflow/dags/tcc_pipeline_dag.py
[2025-09-05T22:11:09.575+0000] {processor.py:840} INFO - DAG(s) 'pipeline_dados_transito_tcc' retrieved from /opt/airflow/dags/tcc_pipeline_dag.py
[2025-09-05T22:11:09.604+0000] {logging_mixin.py:188} INFO - [2025-09-05T22:11:09.604+0000] {dag.py:3096} INFO - Sync 1 DAGs
[2025-09-05T22:11:09.630+0000] {logging_mixin.py:188} INFO - [2025-09-05T22:11:09.629+0000] {dag.py:3954} INFO - Setting next_dagrun for pipeline_dados_transito_tcc to 2025-09-05 08:00:00+00:00, run_after=2025-09-06 08:00:00+00:00
[2025-09-05T22:11:09.667+0000] {processor.py:183} INFO - Processing /opt/airflow/dags/tcc_pipeline_dag.py took 0.152 seconds
[2025-09-05T22:11:39.838+0000] {processor.py:161} INFO - Started process (PID=1806) to work on /opt/airflow/dags/tcc_pipeline_dag.py
[2025-09-05T22:11:39.840+0000] {processor.py:830} INFO - Processing file /opt/airflow/dags/tcc_pipeline_dag.py for tasks to queue
[2025-09-05T22:11:39.842+0000] {logging_mixin.py:188} INFO - [2025-09-05T22:11:39.842+0000] {dagbag.py:545} INFO - Filling up the DagBag from /opt/airflow/dags/tcc_pipeline_dag.py
[2025-09-05T22:11:39.889+0000] {processor.py:840} INFO - DAG(s) 'pipeline_dados_transito_tcc' retrieved from /opt/airflow/dags/tcc_pipeline_dag.py
[2025-09-05T22:11:39.911+0000] {logging_mixin.py:188} INFO - [2025-09-05T22:11:39.911+0000] {dag.py:3096} INFO - Sync 1 DAGs
[2025-09-05T22:11:39.929+0000] {logging_mixin.py:188} INFO - [2025-09-05T22:11:39.929+0000] {dag.py:3954} INFO - Setting next_dagrun for pipeline_dados_transito_tcc to 2025-09-05 08:00:00+00:00, run_after=2025-09-06 08:00:00+00:00
[2025-09-05T22:11:39.946+0000] {processor.py:183} INFO - Processing /opt/airflow/dags/tcc_pipeline_dag.py took 0.114 seconds
[2025-09-05T22:12:10.275+0000] {processor.py:161} INFO - Started process (PID=1813) to work on /opt/airflow/dags/tcc_pipeline_dag.py
[2025-09-05T22:12:10.275+0000] {processor.py:830} INFO - Processing file /opt/airflow/dags/tcc_pipeline_dag.py for tasks to queue
[2025-09-05T22:12:10.277+0000] {logging_mixin.py:188} INFO - [2025-09-05T22:12:10.277+0000] {dagbag.py:545} INFO - Filling up the DagBag from /opt/airflow/dags/tcc_pipeline_dag.py
[2025-09-05T22:12:10.305+0000] {processor.py:840} INFO - DAG(s) 'pipeline_dados_transito_tcc' retrieved from /opt/airflow/dags/tcc_pipeline_dag.py
[2025-09-05T22:12:10.327+0000] {logging_mixin.py:188} INFO - [2025-09-05T22:12:10.327+0000] {dag.py:3096} INFO - Sync 1 DAGs
[2025-09-05T22:12:10.346+0000] {logging_mixin.py:188} INFO - [2025-09-05T22:12:10.346+0000] {dag.py:3954} INFO - Setting next_dagrun for pipeline_dados_transito_tcc to 2025-09-05 08:00:00+00:00, run_after=2025-09-06 08:00:00+00:00
[2025-09-05T22:12:10.365+0000] {processor.py:183} INFO - Processing /opt/airflow/dags/tcc_pipeline_dag.py took 0.095 seconds
[2025-09-05T22:12:40.535+0000] {processor.py:161} INFO - Started process (PID=1820) to work on /opt/airflow/dags/tcc_pipeline_dag.py
[2025-09-05T22:12:40.536+0000] {processor.py:830} INFO - Processing file /opt/airflow/dags/tcc_pipeline_dag.py for tasks to queue
[2025-09-05T22:12:40.538+0000] {logging_mixin.py:188} INFO - [2025-09-05T22:12:40.538+0000] {dagbag.py:545} INFO - Filling up the DagBag from /opt/airflow/dags/tcc_pipeline_dag.py
[2025-09-05T22:12:40.559+0000] {processor.py:840} INFO - DAG(s) 'pipeline_dados_transito_tcc' retrieved from /opt/airflow/dags/tcc_pipeline_dag.py
[2025-09-05T22:12:40.581+0000] {logging_mixin.py:188} INFO - [2025-09-05T22:12:40.581+0000] {dag.py:3096} INFO - Sync 1 DAGs
[2025-09-05T22:12:40.599+0000] {logging_mixin.py:188} INFO - [2025-09-05T22:12:40.599+0000] {dag.py:3954} INFO - Setting next_dagrun for pipeline_dados_transito_tcc to 2025-09-05 08:00:00+00:00, run_after=2025-09-06 08:00:00+00:00
[2025-09-05T22:12:40.618+0000] {processor.py:183} INFO - Processing /opt/airflow/dags/tcc_pipeline_dag.py took 0.088 seconds
[2025-09-05T22:13:10.821+0000] {processor.py:161} INFO - Started process (PID=1827) to work on /opt/airflow/dags/tcc_pipeline_dag.py
[2025-09-05T22:13:10.822+0000] {processor.py:830} INFO - Processing file /opt/airflow/dags/tcc_pipeline_dag.py for tasks to queue
[2025-09-05T22:13:10.824+0000] {logging_mixin.py:188} INFO - [2025-09-05T22:13:10.824+0000] {dagbag.py:545} INFO - Filling up the DagBag from /opt/airflow/dags/tcc_pipeline_dag.py
[2025-09-05T22:13:10.856+0000] {processor.py:840} INFO - DAG(s) 'pipeline_dados_transito_tcc' retrieved from /opt/airflow/dags/tcc_pipeline_dag.py
[2025-09-05T22:13:10.882+0000] {logging_mixin.py:188} INFO - [2025-09-05T22:13:10.882+0000] {dag.py:3096} INFO - Sync 1 DAGs
[2025-09-05T22:13:10.905+0000] {logging_mixin.py:188} INFO - [2025-09-05T22:13:10.905+0000] {dag.py:3954} INFO - Setting next_dagrun for pipeline_dados_transito_tcc to 2025-09-05 08:00:00+00:00, run_after=2025-09-06 08:00:00+00:00
[2025-09-05T22:13:10.924+0000] {processor.py:183} INFO - Processing /opt/airflow/dags/tcc_pipeline_dag.py took 0.108 seconds
[2025-09-05T22:13:41.115+0000] {processor.py:161} INFO - Started process (PID=1834) to work on /opt/airflow/dags/tcc_pipeline_dag.py
[2025-09-05T22:13:41.117+0000] {processor.py:830} INFO - Processing file /opt/airflow/dags/tcc_pipeline_dag.py for tasks to queue
[2025-09-05T22:13:41.123+0000] {logging_mixin.py:188} INFO - [2025-09-05T22:13:41.122+0000] {dagbag.py:545} INFO - Filling up the DagBag from /opt/airflow/dags/tcc_pipeline_dag.py
[2025-09-05T22:13:41.173+0000] {processor.py:840} INFO - DAG(s) 'pipeline_dados_transito_tcc' retrieved from /opt/airflow/dags/tcc_pipeline_dag.py
[2025-09-05T22:13:41.210+0000] {logging_mixin.py:188} INFO - [2025-09-05T22:13:41.210+0000] {dag.py:3096} INFO - Sync 1 DAGs
[2025-09-05T22:13:41.235+0000] {logging_mixin.py:188} INFO - [2025-09-05T22:13:41.235+0000] {dag.py:3954} INFO - Setting next_dagrun for pipeline_dados_transito_tcc to 2025-09-05 08:00:00+00:00, run_after=2025-09-06 08:00:00+00:00
[2025-09-05T22:13:41.264+0000] {processor.py:183} INFO - Processing /opt/airflow/dags/tcc_pipeline_dag.py took 0.158 seconds
[2025-09-05T22:14:11.432+0000] {processor.py:161} INFO - Started process (PID=1841) to work on /opt/airflow/dags/tcc_pipeline_dag.py
[2025-09-05T22:14:11.433+0000] {processor.py:830} INFO - Processing file /opt/airflow/dags/tcc_pipeline_dag.py for tasks to queue
[2025-09-05T22:14:11.436+0000] {logging_mixin.py:188} INFO - [2025-09-05T22:14:11.436+0000] {dagbag.py:545} INFO - Filling up the DagBag from /opt/airflow/dags/tcc_pipeline_dag.py
[2025-09-05T22:14:11.467+0000] {processor.py:840} INFO - DAG(s) 'pipeline_dados_transito_tcc' retrieved from /opt/airflow/dags/tcc_pipeline_dag.py
[2025-09-05T22:14:11.488+0000] {logging_mixin.py:188} INFO - [2025-09-05T22:14:11.487+0000] {dag.py:3096} INFO - Sync 1 DAGs
[2025-09-05T22:14:11.504+0000] {logging_mixin.py:188} INFO - [2025-09-05T22:14:11.504+0000] {dag.py:3954} INFO - Setting next_dagrun for pipeline_dados_transito_tcc to 2025-09-05 08:00:00+00:00, run_after=2025-09-06 08:00:00+00:00
[2025-09-05T22:14:11.521+0000] {processor.py:183} INFO - Processing /opt/airflow/dags/tcc_pipeline_dag.py took 0.099 seconds
[2025-09-05T22:14:41.794+0000] {processor.py:161} INFO - Started process (PID=1848) to work on /opt/airflow/dags/tcc_pipeline_dag.py
[2025-09-05T22:14:41.795+0000] {processor.py:830} INFO - Processing file /opt/airflow/dags/tcc_pipeline_dag.py for tasks to queue
[2025-09-05T22:14:41.798+0000] {logging_mixin.py:188} INFO - [2025-09-05T22:14:41.798+0000] {dagbag.py:545} INFO - Filling up the DagBag from /opt/airflow/dags/tcc_pipeline_dag.py
[2025-09-05T22:14:41.848+0000] {processor.py:840} INFO - DAG(s) 'pipeline_dados_transito_tcc' retrieved from /opt/airflow/dags/tcc_pipeline_dag.py
[2025-09-05T22:14:41.875+0000] {logging_mixin.py:188} INFO - [2025-09-05T22:14:41.875+0000] {dag.py:3096} INFO - Sync 1 DAGs
[2025-09-05T22:14:41.894+0000] {logging_mixin.py:188} INFO - [2025-09-05T22:14:41.894+0000] {dag.py:3954} INFO - Setting next_dagrun for pipeline_dados_transito_tcc to 2025-09-05 08:00:00+00:00, run_after=2025-09-06 08:00:00+00:00
[2025-09-05T22:14:41.921+0000] {processor.py:183} INFO - Processing /opt/airflow/dags/tcc_pipeline_dag.py took 0.132 seconds
[2025-09-05T22:15:12.104+0000] {processor.py:161} INFO - Started process (PID=1855) to work on /opt/airflow/dags/tcc_pipeline_dag.py
[2025-09-05T22:15:12.106+0000] {processor.py:830} INFO - Processing file /opt/airflow/dags/tcc_pipeline_dag.py for tasks to queue
[2025-09-05T22:15:12.109+0000] {logging_mixin.py:188} INFO - [2025-09-05T22:15:12.108+0000] {dagbag.py:545} INFO - Filling up the DagBag from /opt/airflow/dags/tcc_pipeline_dag.py
[2025-09-05T22:15:12.152+0000] {processor.py:840} INFO - DAG(s) 'pipeline_dados_transito_tcc' retrieved from /opt/airflow/dags/tcc_pipeline_dag.py
[2025-09-05T22:15:12.176+0000] {logging_mixin.py:188} INFO - [2025-09-05T22:15:12.175+0000] {dag.py:3096} INFO - Sync 1 DAGs
[2025-09-05T22:15:12.195+0000] {logging_mixin.py:188} INFO - [2025-09-05T22:15:12.195+0000] {dag.py:3954} INFO - Setting next_dagrun for pipeline_dados_transito_tcc to 2025-09-05 08:00:00+00:00, run_after=2025-09-06 08:00:00+00:00
[2025-09-05T22:15:12.212+0000] {processor.py:183} INFO - Processing /opt/airflow/dags/tcc_pipeline_dag.py took 0.117 seconds
[2025-09-05T22:15:42.408+0000] {processor.py:161} INFO - Started process (PID=1862) to work on /opt/airflow/dags/tcc_pipeline_dag.py
[2025-09-05T22:15:42.409+0000] {processor.py:830} INFO - Processing file /opt/airflow/dags/tcc_pipeline_dag.py for tasks to queue
[2025-09-05T22:15:42.411+0000] {logging_mixin.py:188} INFO - [2025-09-05T22:15:42.410+0000] {dagbag.py:545} INFO - Filling up the DagBag from /opt/airflow/dags/tcc_pipeline_dag.py
[2025-09-05T22:15:42.432+0000] {processor.py:840} INFO - DAG(s) 'pipeline_dados_transito_tcc' retrieved from /opt/airflow/dags/tcc_pipeline_dag.py
[2025-09-05T22:15:42.456+0000] {logging_mixin.py:188} INFO - [2025-09-05T22:15:42.456+0000] {dag.py:3096} INFO - Sync 1 DAGs
[2025-09-05T22:15:42.479+0000] {logging_mixin.py:188} INFO - [2025-09-05T22:15:42.479+0000] {dag.py:3954} INFO - Setting next_dagrun for pipeline_dados_transito_tcc to 2025-09-05 08:00:00+00:00, run_after=2025-09-06 08:00:00+00:00
[2025-09-05T22:15:42.495+0000] {processor.py:183} INFO - Processing /opt/airflow/dags/tcc_pipeline_dag.py took 0.092 seconds
[2025-09-05T22:16:12.697+0000] {processor.py:161} INFO - Started process (PID=1869) to work on /opt/airflow/dags/tcc_pipeline_dag.py
[2025-09-05T22:16:12.699+0000] {processor.py:830} INFO - Processing file /opt/airflow/dags/tcc_pipeline_dag.py for tasks to queue
[2025-09-05T22:16:12.701+0000] {logging_mixin.py:188} INFO - [2025-09-05T22:16:12.701+0000] {dagbag.py:545} INFO - Filling up the DagBag from /opt/airflow/dags/tcc_pipeline_dag.py
[2025-09-05T22:16:12.723+0000] {processor.py:840} INFO - DAG(s) 'pipeline_dados_transito_tcc' retrieved from /opt/airflow/dags/tcc_pipeline_dag.py
[2025-09-05T22:16:12.745+0000] {logging_mixin.py:188} INFO - [2025-09-05T22:16:12.745+0000] {dag.py:3096} INFO - Sync 1 DAGs
[2025-09-05T22:16:12.781+0000] {logging_mixin.py:188} INFO - [2025-09-05T22:16:12.780+0000] {dag.py:3954} INFO - Setting next_dagrun for pipeline_dados_transito_tcc to 2025-09-05 08:00:00+00:00, run_after=2025-09-06 08:00:00+00:00
[2025-09-05T22:16:12.802+0000] {processor.py:183} INFO - Processing /opt/airflow/dags/tcc_pipeline_dag.py took 0.112 seconds
[2025-09-05T22:16:43.074+0000] {processor.py:161} INFO - Started process (PID=1876) to work on /opt/airflow/dags/tcc_pipeline_dag.py
[2025-09-05T22:16:43.076+0000] {processor.py:830} INFO - Processing file /opt/airflow/dags/tcc_pipeline_dag.py for tasks to queue
[2025-09-05T22:16:43.080+0000] {logging_mixin.py:188} INFO - [2025-09-05T22:16:43.079+0000] {dagbag.py:545} INFO - Filling up the DagBag from /opt/airflow/dags/tcc_pipeline_dag.py
[2025-09-05T22:16:43.125+0000] {processor.py:840} INFO - DAG(s) 'pipeline_dados_transito_tcc' retrieved from /opt/airflow/dags/tcc_pipeline_dag.py
[2025-09-05T22:16:43.147+0000] {logging_mixin.py:188} INFO - [2025-09-05T22:16:43.146+0000] {dag.py:3096} INFO - Sync 1 DAGs
[2025-09-05T22:16:43.162+0000] {logging_mixin.py:188} INFO - [2025-09-05T22:16:43.162+0000] {dag.py:3954} INFO - Setting next_dagrun for pipeline_dados_transito_tcc to 2025-09-05 08:00:00+00:00, run_after=2025-09-06 08:00:00+00:00
[2025-09-05T22:16:43.179+0000] {processor.py:183} INFO - Processing /opt/airflow/dags/tcc_pipeline_dag.py took 0.113 seconds
[2025-09-05T22:17:13.384+0000] {processor.py:161} INFO - Started process (PID=1883) to work on /opt/airflow/dags/tcc_pipeline_dag.py
[2025-09-05T22:17:13.386+0000] {processor.py:830} INFO - Processing file /opt/airflow/dags/tcc_pipeline_dag.py for tasks to queue
[2025-09-05T22:17:13.389+0000] {logging_mixin.py:188} INFO - [2025-09-05T22:17:13.388+0000] {dagbag.py:545} INFO - Filling up the DagBag from /opt/airflow/dags/tcc_pipeline_dag.py
[2025-09-05T22:17:13.432+0000] {processor.py:840} INFO - DAG(s) 'pipeline_dados_transito_tcc' retrieved from /opt/airflow/dags/tcc_pipeline_dag.py
[2025-09-05T22:17:13.456+0000] {logging_mixin.py:188} INFO - [2025-09-05T22:17:13.456+0000] {dag.py:3096} INFO - Sync 1 DAGs
[2025-09-05T22:17:13.477+0000] {logging_mixin.py:188} INFO - [2025-09-05T22:17:13.477+0000] {dag.py:3954} INFO - Setting next_dagrun for pipeline_dados_transito_tcc to 2025-09-05 08:00:00+00:00, run_after=2025-09-06 08:00:00+00:00
[2025-09-05T22:17:13.502+0000] {processor.py:183} INFO - Processing /opt/airflow/dags/tcc_pipeline_dag.py took 0.128 seconds
[2025-09-05T22:17:43.627+0000] {processor.py:161} INFO - Started process (PID=1890) to work on /opt/airflow/dags/tcc_pipeline_dag.py
[2025-09-05T22:17:43.628+0000] {processor.py:830} INFO - Processing file /opt/airflow/dags/tcc_pipeline_dag.py for tasks to queue
[2025-09-05T22:17:43.629+0000] {logging_mixin.py:188} INFO - [2025-09-05T22:17:43.629+0000] {dagbag.py:545} INFO - Filling up the DagBag from /opt/airflow/dags/tcc_pipeline_dag.py
[2025-09-05T22:17:43.658+0000] {processor.py:840} INFO - DAG(s) 'pipeline_dados_transito_tcc' retrieved from /opt/airflow/dags/tcc_pipeline_dag.py
[2025-09-05T22:17:43.680+0000] {logging_mixin.py:188} INFO - [2025-09-05T22:17:43.680+0000] {dag.py:3096} INFO - Sync 1 DAGs
[2025-09-05T22:17:43.698+0000] {logging_mixin.py:188} INFO - [2025-09-05T22:17:43.698+0000] {dag.py:3954} INFO - Setting next_dagrun for pipeline_dados_transito_tcc to 2025-09-05 08:00:00+00:00, run_after=2025-09-06 08:00:00+00:00
[2025-09-05T22:17:43.712+0000] {processor.py:183} INFO - Processing /opt/airflow/dags/tcc_pipeline_dag.py took 0.091 seconds
[2025-09-05T22:18:14.039+0000] {processor.py:161} INFO - Started process (PID=1897) to work on /opt/airflow/dags/tcc_pipeline_dag.py
[2025-09-05T22:18:14.041+0000] {processor.py:830} INFO - Processing file /opt/airflow/dags/tcc_pipeline_dag.py for tasks to queue
[2025-09-05T22:18:14.044+0000] {logging_mixin.py:188} INFO - [2025-09-05T22:18:14.043+0000] {dagbag.py:545} INFO - Filling up the DagBag from /opt/airflow/dags/tcc_pipeline_dag.py
[2025-09-05T22:18:14.163+0000] {processor.py:840} INFO - DAG(s) 'pipeline_dados_transito_tcc' retrieved from /opt/airflow/dags/tcc_pipeline_dag.py
[2025-09-05T22:18:14.212+0000] {logging_mixin.py:188} INFO - [2025-09-05T22:18:14.211+0000] {dag.py:3096} INFO - Sync 1 DAGs
[2025-09-05T22:18:14.235+0000] {logging_mixin.py:188} INFO - [2025-09-05T22:18:14.235+0000] {dag.py:3954} INFO - Setting next_dagrun for pipeline_dados_transito_tcc to 2025-09-05 08:00:00+00:00, run_after=2025-09-06 08:00:00+00:00
[2025-09-05T22:18:14.263+0000] {processor.py:183} INFO - Processing /opt/airflow/dags/tcc_pipeline_dag.py took 0.237 seconds
[2025-09-05T22:18:44.339+0000] {processor.py:161} INFO - Started process (PID=1904) to work on /opt/airflow/dags/tcc_pipeline_dag.py
[2025-09-05T22:18:44.340+0000] {processor.py:830} INFO - Processing file /opt/airflow/dags/tcc_pipeline_dag.py for tasks to queue
[2025-09-05T22:18:44.344+0000] {logging_mixin.py:188} INFO - [2025-09-05T22:18:44.344+0000] {dagbag.py:545} INFO - Filling up the DagBag from /opt/airflow/dags/tcc_pipeline_dag.py
[2025-09-05T22:18:44.387+0000] {processor.py:840} INFO - DAG(s) 'pipeline_dados_transito_tcc' retrieved from /opt/airflow/dags/tcc_pipeline_dag.py
[2025-09-05T22:18:44.435+0000] {logging_mixin.py:188} INFO - [2025-09-05T22:18:44.435+0000] {dag.py:3096} INFO - Sync 1 DAGs
[2025-09-05T22:18:44.461+0000] {logging_mixin.py:188} INFO - [2025-09-05T22:18:44.461+0000] {dag.py:3954} INFO - Setting next_dagrun for pipeline_dados_transito_tcc to 2025-09-05 08:00:00+00:00, run_after=2025-09-06 08:00:00+00:00
[2025-09-05T22:18:44.484+0000] {processor.py:183} INFO - Processing /opt/airflow/dags/tcc_pipeline_dag.py took 0.159 seconds
[2025-09-05T22:19:14.599+0000] {processor.py:161} INFO - Started process (PID=1911) to work on /opt/airflow/dags/tcc_pipeline_dag.py
[2025-09-05T22:19:14.600+0000] {processor.py:830} INFO - Processing file /opt/airflow/dags/tcc_pipeline_dag.py for tasks to queue
[2025-09-05T22:19:14.604+0000] {logging_mixin.py:188} INFO - [2025-09-05T22:19:14.604+0000] {dagbag.py:545} INFO - Filling up the DagBag from /opt/airflow/dags/tcc_pipeline_dag.py
[2025-09-05T22:19:14.642+0000] {processor.py:840} INFO - DAG(s) 'pipeline_dados_transito_tcc' retrieved from /opt/airflow/dags/tcc_pipeline_dag.py
[2025-09-05T22:19:14.670+0000] {logging_mixin.py:188} INFO - [2025-09-05T22:19:14.670+0000] {dag.py:3096} INFO - Sync 1 DAGs
[2025-09-05T22:19:14.693+0000] {logging_mixin.py:188} INFO - [2025-09-05T22:19:14.693+0000] {dag.py:3954} INFO - Setting next_dagrun for pipeline_dados_transito_tcc to 2025-09-05 08:00:00+00:00, run_after=2025-09-06 08:00:00+00:00
[2025-09-05T22:19:14.713+0000] {processor.py:183} INFO - Processing /opt/airflow/dags/tcc_pipeline_dag.py took 0.120 seconds
[2025-09-05T22:19:44.850+0000] {processor.py:161} INFO - Started process (PID=1919) to work on /opt/airflow/dags/tcc_pipeline_dag.py
[2025-09-05T22:19:44.852+0000] {processor.py:830} INFO - Processing file /opt/airflow/dags/tcc_pipeline_dag.py for tasks to queue
[2025-09-05T22:19:44.854+0000] {logging_mixin.py:188} INFO - [2025-09-05T22:19:44.854+0000] {dagbag.py:545} INFO - Filling up the DagBag from /opt/airflow/dags/tcc_pipeline_dag.py
[2025-09-05T22:19:44.895+0000] {processor.py:840} INFO - DAG(s) 'pipeline_dados_transito_tcc' retrieved from /opt/airflow/dags/tcc_pipeline_dag.py
[2025-09-05T22:19:44.921+0000] {logging_mixin.py:188} INFO - [2025-09-05T22:19:44.921+0000] {dag.py:3096} INFO - Sync 1 DAGs
[2025-09-05T22:19:44.939+0000] {logging_mixin.py:188} INFO - [2025-09-05T22:19:44.938+0000] {dag.py:3954} INFO - Setting next_dagrun for pipeline_dados_transito_tcc to 2025-09-05 08:00:00+00:00, run_after=2025-09-06 08:00:00+00:00
[2025-09-05T22:19:44.956+0000] {processor.py:183} INFO - Processing /opt/airflow/dags/tcc_pipeline_dag.py took 0.111 seconds
[2025-09-05T22:20:15.127+0000] {processor.py:161} INFO - Started process (PID=1926) to work on /opt/airflow/dags/tcc_pipeline_dag.py
[2025-09-05T22:20:15.129+0000] {processor.py:830} INFO - Processing file /opt/airflow/dags/tcc_pipeline_dag.py for tasks to queue
[2025-09-05T22:20:15.131+0000] {logging_mixin.py:188} INFO - [2025-09-05T22:20:15.130+0000] {dagbag.py:545} INFO - Filling up the DagBag from /opt/airflow/dags/tcc_pipeline_dag.py
[2025-09-05T22:20:15.204+0000] {processor.py:840} INFO - DAG(s) 'pipeline_dados_transito_tcc' retrieved from /opt/airflow/dags/tcc_pipeline_dag.py
[2025-09-05T22:20:15.237+0000] {logging_mixin.py:188} INFO - [2025-09-05T22:20:15.237+0000] {dag.py:3096} INFO - Sync 1 DAGs
[2025-09-05T22:20:15.264+0000] {logging_mixin.py:188} INFO - [2025-09-05T22:20:15.263+0000] {dag.py:3954} INFO - Setting next_dagrun for pipeline_dados_transito_tcc to 2025-09-05 08:00:00+00:00, run_after=2025-09-06 08:00:00+00:00
[2025-09-05T22:20:15.287+0000] {processor.py:183} INFO - Processing /opt/airflow/dags/tcc_pipeline_dag.py took 0.165 seconds
[2025-09-05T22:20:45.466+0000] {processor.py:161} INFO - Started process (PID=1933) to work on /opt/airflow/dags/tcc_pipeline_dag.py
[2025-09-05T22:20:45.468+0000] {processor.py:830} INFO - Processing file /opt/airflow/dags/tcc_pipeline_dag.py for tasks to queue
[2025-09-05T22:20:45.470+0000] {logging_mixin.py:188} INFO - [2025-09-05T22:20:45.469+0000] {dagbag.py:545} INFO - Filling up the DagBag from /opt/airflow/dags/tcc_pipeline_dag.py
[2025-09-05T22:20:45.513+0000] {processor.py:840} INFO - DAG(s) 'pipeline_dados_transito_tcc' retrieved from /opt/airflow/dags/tcc_pipeline_dag.py
[2025-09-05T22:20:45.535+0000] {logging_mixin.py:188} INFO - [2025-09-05T22:20:45.535+0000] {dag.py:3096} INFO - Sync 1 DAGs
[2025-09-05T22:20:45.553+0000] {logging_mixin.py:188} INFO - [2025-09-05T22:20:45.552+0000] {dag.py:3954} INFO - Setting next_dagrun for pipeline_dados_transito_tcc to 2025-09-05 08:00:00+00:00, run_after=2025-09-06 08:00:00+00:00
[2025-09-05T22:20:45.572+0000] {processor.py:183} INFO - Processing /opt/airflow/dags/tcc_pipeline_dag.py took 0.116 seconds
[2025-09-05T22:21:15.802+0000] {processor.py:161} INFO - Started process (PID=1940) to work on /opt/airflow/dags/tcc_pipeline_dag.py
[2025-09-05T22:21:15.803+0000] {processor.py:830} INFO - Processing file /opt/airflow/dags/tcc_pipeline_dag.py for tasks to queue
[2025-09-05T22:21:15.805+0000] {logging_mixin.py:188} INFO - [2025-09-05T22:21:15.804+0000] {dagbag.py:545} INFO - Filling up the DagBag from /opt/airflow/dags/tcc_pipeline_dag.py
[2025-09-05T22:21:15.830+0000] {processor.py:840} INFO - DAG(s) 'pipeline_dados_transito_tcc' retrieved from /opt/airflow/dags/tcc_pipeline_dag.py
[2025-09-05T22:21:15.852+0000] {logging_mixin.py:188} INFO - [2025-09-05T22:21:15.852+0000] {dag.py:3096} INFO - Sync 1 DAGs
[2025-09-05T22:21:15.868+0000] {logging_mixin.py:188} INFO - [2025-09-05T22:21:15.868+0000] {dag.py:3954} INFO - Setting next_dagrun for pipeline_dados_transito_tcc to 2025-09-05 08:00:00+00:00, run_after=2025-09-06 08:00:00+00:00
[2025-09-05T22:21:15.888+0000] {processor.py:183} INFO - Processing /opt/airflow/dags/tcc_pipeline_dag.py took 0.092 seconds
[2025-09-05T22:21:46.063+0000] {processor.py:161} INFO - Started process (PID=1947) to work on /opt/airflow/dags/tcc_pipeline_dag.py
[2025-09-05T22:21:46.064+0000] {processor.py:830} INFO - Processing file /opt/airflow/dags/tcc_pipeline_dag.py for tasks to queue
[2025-09-05T22:21:46.066+0000] {logging_mixin.py:188} INFO - [2025-09-05T22:21:46.066+0000] {dagbag.py:545} INFO - Filling up the DagBag from /opt/airflow/dags/tcc_pipeline_dag.py
[2025-09-05T22:21:46.088+0000] {processor.py:840} INFO - DAG(s) 'pipeline_dados_transito_tcc' retrieved from /opt/airflow/dags/tcc_pipeline_dag.py
[2025-09-05T22:21:46.113+0000] {logging_mixin.py:188} INFO - [2025-09-05T22:21:46.113+0000] {dag.py:3096} INFO - Sync 1 DAGs
[2025-09-05T22:21:46.132+0000] {logging_mixin.py:188} INFO - [2025-09-05T22:21:46.131+0000] {dag.py:3954} INFO - Setting next_dagrun for pipeline_dados_transito_tcc to 2025-09-05 08:00:00+00:00, run_after=2025-09-06 08:00:00+00:00
[2025-09-05T22:21:46.151+0000] {processor.py:183} INFO - Processing /opt/airflow/dags/tcc_pipeline_dag.py took 0.094 seconds
[2025-09-05T22:22:16.497+0000] {processor.py:161} INFO - Started process (PID=1954) to work on /opt/airflow/dags/tcc_pipeline_dag.py
[2025-09-05T22:22:16.498+0000] {processor.py:830} INFO - Processing file /opt/airflow/dags/tcc_pipeline_dag.py for tasks to queue
[2025-09-05T22:22:16.500+0000] {logging_mixin.py:188} INFO - [2025-09-05T22:22:16.500+0000] {dagbag.py:545} INFO - Filling up the DagBag from /opt/airflow/dags/tcc_pipeline_dag.py
[2025-09-05T22:22:16.548+0000] {processor.py:840} INFO - DAG(s) 'pipeline_dados_transito_tcc' retrieved from /opt/airflow/dags/tcc_pipeline_dag.py
[2025-09-05T22:22:16.569+0000] {logging_mixin.py:188} INFO - [2025-09-05T22:22:16.569+0000] {dag.py:3096} INFO - Sync 1 DAGs
[2025-09-05T22:22:16.589+0000] {logging_mixin.py:188} INFO - [2025-09-05T22:22:16.589+0000] {dag.py:3954} INFO - Setting next_dagrun for pipeline_dados_transito_tcc to 2025-09-05 08:00:00+00:00, run_after=2025-09-06 08:00:00+00:00
[2025-09-05T22:22:16.605+0000] {processor.py:183} INFO - Processing /opt/airflow/dags/tcc_pipeline_dag.py took 0.114 seconds
[2025-09-05T22:22:46.823+0000] {processor.py:161} INFO - Started process (PID=1961) to work on /opt/airflow/dags/tcc_pipeline_dag.py
[2025-09-05T22:22:46.824+0000] {processor.py:830} INFO - Processing file /opt/airflow/dags/tcc_pipeline_dag.py for tasks to queue
[2025-09-05T22:22:46.827+0000] {logging_mixin.py:188} INFO - [2025-09-05T22:22:46.827+0000] {dagbag.py:545} INFO - Filling up the DagBag from /opt/airflow/dags/tcc_pipeline_dag.py
[2025-09-05T22:22:46.869+0000] {processor.py:840} INFO - DAG(s) 'pipeline_dados_transito_tcc' retrieved from /opt/airflow/dags/tcc_pipeline_dag.py
[2025-09-05T22:22:46.914+0000] {logging_mixin.py:188} INFO - [2025-09-05T22:22:46.913+0000] {dag.py:3096} INFO - Sync 1 DAGs
[2025-09-05T22:22:46.938+0000] {logging_mixin.py:188} INFO - [2025-09-05T22:22:46.938+0000] {dag.py:3954} INFO - Setting next_dagrun for pipeline_dados_transito_tcc to 2025-09-05 08:00:00+00:00, run_after=2025-09-06 08:00:00+00:00
[2025-09-05T22:22:46.965+0000] {processor.py:183} INFO - Processing /opt/airflow/dags/tcc_pipeline_dag.py took 0.149 seconds
[2025-09-05T22:23:17.162+0000] {processor.py:161} INFO - Started process (PID=1968) to work on /opt/airflow/dags/tcc_pipeline_dag.py
[2025-09-05T22:23:17.163+0000] {processor.py:830} INFO - Processing file /opt/airflow/dags/tcc_pipeline_dag.py for tasks to queue
[2025-09-05T22:23:17.165+0000] {logging_mixin.py:188} INFO - [2025-09-05T22:23:17.165+0000] {dagbag.py:545} INFO - Filling up the DagBag from /opt/airflow/dags/tcc_pipeline_dag.py
[2025-09-05T22:23:17.205+0000] {processor.py:840} INFO - DAG(s) 'pipeline_dados_transito_tcc' retrieved from /opt/airflow/dags/tcc_pipeline_dag.py
[2025-09-05T22:23:17.232+0000] {logging_mixin.py:188} INFO - [2025-09-05T22:23:17.232+0000] {dag.py:3096} INFO - Sync 1 DAGs
[2025-09-05T22:23:17.253+0000] {logging_mixin.py:188} INFO - [2025-09-05T22:23:17.253+0000] {dag.py:3954} INFO - Setting next_dagrun for pipeline_dados_transito_tcc to 2025-09-05 08:00:00+00:00, run_after=2025-09-06 08:00:00+00:00
[2025-09-05T22:23:17.297+0000] {processor.py:183} INFO - Processing /opt/airflow/dags/tcc_pipeline_dag.py took 0.142 seconds
[2025-09-05T22:23:47.524+0000] {processor.py:161} INFO - Started process (PID=1975) to work on /opt/airflow/dags/tcc_pipeline_dag.py
[2025-09-05T22:23:47.525+0000] {processor.py:830} INFO - Processing file /opt/airflow/dags/tcc_pipeline_dag.py for tasks to queue
[2025-09-05T22:23:47.527+0000] {logging_mixin.py:188} INFO - [2025-09-05T22:23:47.527+0000] {dagbag.py:545} INFO - Filling up the DagBag from /opt/airflow/dags/tcc_pipeline_dag.py
[2025-09-05T22:23:47.567+0000] {processor.py:840} INFO - DAG(s) 'pipeline_dados_transito_tcc' retrieved from /opt/airflow/dags/tcc_pipeline_dag.py
[2025-09-05T22:23:47.593+0000] {logging_mixin.py:188} INFO - [2025-09-05T22:23:47.592+0000] {dag.py:3096} INFO - Sync 1 DAGs
[2025-09-05T22:23:47.611+0000] {logging_mixin.py:188} INFO - [2025-09-05T22:23:47.611+0000] {dag.py:3954} INFO - Setting next_dagrun for pipeline_dados_transito_tcc to 2025-09-05 08:00:00+00:00, run_after=2025-09-06 08:00:00+00:00
[2025-09-05T22:23:47.630+0000] {processor.py:183} INFO - Processing /opt/airflow/dags/tcc_pipeline_dag.py took 0.113 seconds
[2025-09-05T22:24:17.843+0000] {processor.py:161} INFO - Started process (PID=1983) to work on /opt/airflow/dags/tcc_pipeline_dag.py
[2025-09-05T22:24:17.844+0000] {processor.py:830} INFO - Processing file /opt/airflow/dags/tcc_pipeline_dag.py for tasks to queue
[2025-09-05T22:24:17.846+0000] {logging_mixin.py:188} INFO - [2025-09-05T22:24:17.846+0000] {dagbag.py:545} INFO - Filling up the DagBag from /opt/airflow/dags/tcc_pipeline_dag.py
[2025-09-05T22:24:17.887+0000] {processor.py:840} INFO - DAG(s) 'pipeline_dados_transito_tcc' retrieved from /opt/airflow/dags/tcc_pipeline_dag.py
[2025-09-05T22:24:17.932+0000] {logging_mixin.py:188} INFO - [2025-09-05T22:24:17.932+0000] {dag.py:3096} INFO - Sync 1 DAGs
[2025-09-05T22:24:17.971+0000] {logging_mixin.py:188} INFO - [2025-09-05T22:24:17.971+0000] {dag.py:3954} INFO - Setting next_dagrun for pipeline_dados_transito_tcc to 2025-09-05 08:00:00+00:00, run_after=2025-09-06 08:00:00+00:00
[2025-09-05T22:24:18.004+0000] {processor.py:183} INFO - Processing /opt/airflow/dags/tcc_pipeline_dag.py took 0.170 seconds
[2025-09-05T22:24:48.193+0000] {processor.py:161} INFO - Started process (PID=1990) to work on /opt/airflow/dags/tcc_pipeline_dag.py
[2025-09-05T22:24:48.195+0000] {processor.py:830} INFO - Processing file /opt/airflow/dags/tcc_pipeline_dag.py for tasks to queue
[2025-09-05T22:24:48.199+0000] {logging_mixin.py:188} INFO - [2025-09-05T22:24:48.198+0000] {dagbag.py:545} INFO - Filling up the DagBag from /opt/airflow/dags/tcc_pipeline_dag.py
[2025-09-05T22:24:48.254+0000] {processor.py:840} INFO - DAG(s) 'pipeline_dados_transito_tcc' retrieved from /opt/airflow/dags/tcc_pipeline_dag.py
[2025-09-05T22:24:48.281+0000] {logging_mixin.py:188} INFO - [2025-09-05T22:24:48.281+0000] {dag.py:3096} INFO - Sync 1 DAGs
[2025-09-05T22:24:48.301+0000] {logging_mixin.py:188} INFO - [2025-09-05T22:24:48.301+0000] {dag.py:3954} INFO - Setting next_dagrun for pipeline_dados_transito_tcc to 2025-09-05 08:00:00+00:00, run_after=2025-09-06 08:00:00+00:00
[2025-09-05T22:24:48.320+0000] {processor.py:183} INFO - Processing /opt/airflow/dags/tcc_pipeline_dag.py took 0.135 seconds
[2025-09-05T22:25:18.602+0000] {processor.py:161} INFO - Started process (PID=1997) to work on /opt/airflow/dags/tcc_pipeline_dag.py
[2025-09-05T22:25:18.604+0000] {processor.py:830} INFO - Processing file /opt/airflow/dags/tcc_pipeline_dag.py for tasks to queue
[2025-09-05T22:25:18.606+0000] {logging_mixin.py:188} INFO - [2025-09-05T22:25:18.606+0000] {dagbag.py:545} INFO - Filling up the DagBag from /opt/airflow/dags/tcc_pipeline_dag.py
[2025-09-05T22:25:18.635+0000] {processor.py:840} INFO - DAG(s) 'pipeline_dados_transito_tcc' retrieved from /opt/airflow/dags/tcc_pipeline_dag.py
[2025-09-05T22:25:18.665+0000] {logging_mixin.py:188} INFO - [2025-09-05T22:25:18.665+0000] {dag.py:3096} INFO - Sync 1 DAGs
[2025-09-05T22:25:18.688+0000] {logging_mixin.py:188} INFO - [2025-09-05T22:25:18.688+0000] {dag.py:3954} INFO - Setting next_dagrun for pipeline_dados_transito_tcc to 2025-09-05 08:00:00+00:00, run_after=2025-09-06 08:00:00+00:00
[2025-09-05T22:25:18.707+0000] {processor.py:183} INFO - Processing /opt/airflow/dags/tcc_pipeline_dag.py took 0.110 seconds
[2025-09-05T22:25:48.885+0000] {processor.py:161} INFO - Started process (PID=2004) to work on /opt/airflow/dags/tcc_pipeline_dag.py
[2025-09-05T22:25:48.886+0000] {processor.py:830} INFO - Processing file /opt/airflow/dags/tcc_pipeline_dag.py for tasks to queue
[2025-09-05T22:25:48.888+0000] {logging_mixin.py:188} INFO - [2025-09-05T22:25:48.888+0000] {dagbag.py:545} INFO - Filling up the DagBag from /opt/airflow/dags/tcc_pipeline_dag.py
[2025-09-05T22:25:48.911+0000] {processor.py:840} INFO - DAG(s) 'pipeline_dados_transito_tcc' retrieved from /opt/airflow/dags/tcc_pipeline_dag.py
[2025-09-05T22:25:48.934+0000] {logging_mixin.py:188} INFO - [2025-09-05T22:25:48.934+0000] {dag.py:3096} INFO - Sync 1 DAGs
[2025-09-05T22:25:48.953+0000] {logging_mixin.py:188} INFO - [2025-09-05T22:25:48.953+0000] {dag.py:3954} INFO - Setting next_dagrun for pipeline_dados_transito_tcc to 2025-09-05 08:00:00+00:00, run_after=2025-09-06 08:00:00+00:00
[2025-09-05T22:25:48.970+0000] {processor.py:183} INFO - Processing /opt/airflow/dags/tcc_pipeline_dag.py took 0.089 seconds
[2025-09-05T22:26:19.267+0000] {processor.py:161} INFO - Started process (PID=2011) to work on /opt/airflow/dags/tcc_pipeline_dag.py
[2025-09-05T22:26:19.268+0000] {processor.py:830} INFO - Processing file /opt/airflow/dags/tcc_pipeline_dag.py for tasks to queue
[2025-09-05T22:26:19.271+0000] {logging_mixin.py:188} INFO - [2025-09-05T22:26:19.271+0000] {dagbag.py:545} INFO - Filling up the DagBag from /opt/airflow/dags/tcc_pipeline_dag.py
[2025-09-05T22:26:19.315+0000] {processor.py:840} INFO - DAG(s) 'pipeline_dados_transito_tcc' retrieved from /opt/airflow/dags/tcc_pipeline_dag.py
[2025-09-05T22:26:19.337+0000] {logging_mixin.py:188} INFO - [2025-09-05T22:26:19.337+0000] {dag.py:3096} INFO - Sync 1 DAGs
[2025-09-05T22:26:19.362+0000] {logging_mixin.py:188} INFO - [2025-09-05T22:26:19.362+0000] {dag.py:3954} INFO - Setting next_dagrun for pipeline_dados_transito_tcc to 2025-09-05 08:00:00+00:00, run_after=2025-09-06 08:00:00+00:00
[2025-09-05T22:26:19.382+0000] {processor.py:183} INFO - Processing /opt/airflow/dags/tcc_pipeline_dag.py took 0.125 seconds
[2025-09-05T22:26:49.558+0000] {processor.py:161} INFO - Started process (PID=2018) to work on /opt/airflow/dags/tcc_pipeline_dag.py
[2025-09-05T22:26:49.559+0000] {processor.py:830} INFO - Processing file /opt/airflow/dags/tcc_pipeline_dag.py for tasks to queue
[2025-09-05T22:26:49.561+0000] {logging_mixin.py:188} INFO - [2025-09-05T22:26:49.561+0000] {dagbag.py:545} INFO - Filling up the DagBag from /opt/airflow/dags/tcc_pipeline_dag.py
[2025-09-05T22:26:49.604+0000] {processor.py:840} INFO - DAG(s) 'pipeline_dados_transito_tcc' retrieved from /opt/airflow/dags/tcc_pipeline_dag.py
[2025-09-05T22:26:49.628+0000] {logging_mixin.py:188} INFO - [2025-09-05T22:26:49.627+0000] {dag.py:3096} INFO - Sync 1 DAGs
[2025-09-05T22:26:49.649+0000] {logging_mixin.py:188} INFO - [2025-09-05T22:26:49.649+0000] {dag.py:3954} INFO - Setting next_dagrun for pipeline_dados_transito_tcc to 2025-09-05 08:00:00+00:00, run_after=2025-09-06 08:00:00+00:00
[2025-09-05T22:26:49.670+0000] {processor.py:183} INFO - Processing /opt/airflow/dags/tcc_pipeline_dag.py took 0.122 seconds
[2025-09-05T22:27:20.153+0000] {processor.py:161} INFO - Started process (PID=2025) to work on /opt/airflow/dags/tcc_pipeline_dag.py
[2025-09-05T22:27:20.158+0000] {processor.py:830} INFO - Processing file /opt/airflow/dags/tcc_pipeline_dag.py for tasks to queue
[2025-09-05T22:27:20.164+0000] {logging_mixin.py:188} INFO - [2025-09-05T22:27:20.164+0000] {dagbag.py:545} INFO - Filling up the DagBag from /opt/airflow/dags/tcc_pipeline_dag.py
[2025-09-05T22:27:20.239+0000] {processor.py:840} INFO - DAG(s) 'pipeline_dados_transito_tcc' retrieved from /opt/airflow/dags/tcc_pipeline_dag.py
[2025-09-05T22:27:20.268+0000] {logging_mixin.py:188} INFO - [2025-09-05T22:27:20.267+0000] {dag.py:3096} INFO - Sync 1 DAGs
[2025-09-05T22:27:20.290+0000] {logging_mixin.py:188} INFO - [2025-09-05T22:27:20.289+0000] {dag.py:3954} INFO - Setting next_dagrun for pipeline_dados_transito_tcc to 2025-09-05 08:00:00+00:00, run_after=2025-09-06 08:00:00+00:00
[2025-09-05T22:27:20.323+0000] {processor.py:183} INFO - Processing /opt/airflow/dags/tcc_pipeline_dag.py took 0.179 seconds
[2025-09-05T22:27:50.383+0000] {processor.py:161} INFO - Started process (PID=2032) to work on /opt/airflow/dags/tcc_pipeline_dag.py
[2025-09-05T22:27:50.385+0000] {processor.py:830} INFO - Processing file /opt/airflow/dags/tcc_pipeline_dag.py for tasks to queue
[2025-09-05T22:27:50.389+0000] {logging_mixin.py:188} INFO - [2025-09-05T22:27:50.389+0000] {dagbag.py:545} INFO - Filling up the DagBag from /opt/airflow/dags/tcc_pipeline_dag.py
[2025-09-05T22:27:50.430+0000] {processor.py:840} INFO - DAG(s) 'pipeline_dados_transito_tcc' retrieved from /opt/airflow/dags/tcc_pipeline_dag.py
[2025-09-05T22:27:50.452+0000] {logging_mixin.py:188} INFO - [2025-09-05T22:27:50.452+0000] {dag.py:3096} INFO - Sync 1 DAGs
[2025-09-05T22:27:50.471+0000] {logging_mixin.py:188} INFO - [2025-09-05T22:27:50.470+0000] {dag.py:3954} INFO - Setting next_dagrun for pipeline_dados_transito_tcc to 2025-09-05 08:00:00+00:00, run_after=2025-09-06 08:00:00+00:00
[2025-09-05T22:27:50.492+0000] {processor.py:183} INFO - Processing /opt/airflow/dags/tcc_pipeline_dag.py took 0.114 seconds
[2025-09-05T22:28:20.668+0000] {processor.py:161} INFO - Started process (PID=2039) to work on /opt/airflow/dags/tcc_pipeline_dag.py
[2025-09-05T22:28:20.670+0000] {processor.py:830} INFO - Processing file /opt/airflow/dags/tcc_pipeline_dag.py for tasks to queue
[2025-09-05T22:28:20.672+0000] {logging_mixin.py:188} INFO - [2025-09-05T22:28:20.671+0000] {dagbag.py:545} INFO - Filling up the DagBag from /opt/airflow/dags/tcc_pipeline_dag.py
[2025-09-05T22:28:20.704+0000] {processor.py:840} INFO - DAG(s) 'pipeline_dados_transito_tcc' retrieved from /opt/airflow/dags/tcc_pipeline_dag.py
[2025-09-05T22:28:20.739+0000] {logging_mixin.py:188} INFO - [2025-09-05T22:28:20.739+0000] {dag.py:3096} INFO - Sync 1 DAGs
[2025-09-05T22:28:20.762+0000] {logging_mixin.py:188} INFO - [2025-09-05T22:28:20.762+0000] {dag.py:3954} INFO - Setting next_dagrun for pipeline_dados_transito_tcc to 2025-09-05 08:00:00+00:00, run_after=2025-09-06 08:00:00+00:00
[2025-09-05T22:28:20.782+0000] {processor.py:183} INFO - Processing /opt/airflow/dags/tcc_pipeline_dag.py took 0.120 seconds
[2025-09-05T22:28:51.005+0000] {processor.py:161} INFO - Started process (PID=2046) to work on /opt/airflow/dags/tcc_pipeline_dag.py
[2025-09-05T22:28:51.006+0000] {processor.py:830} INFO - Processing file /opt/airflow/dags/tcc_pipeline_dag.py for tasks to queue
[2025-09-05T22:28:51.008+0000] {logging_mixin.py:188} INFO - [2025-09-05T22:28:51.008+0000] {dagbag.py:545} INFO - Filling up the DagBag from /opt/airflow/dags/tcc_pipeline_dag.py
[2025-09-05T22:28:51.032+0000] {processor.py:840} INFO - DAG(s) 'pipeline_dados_transito_tcc' retrieved from /opt/airflow/dags/tcc_pipeline_dag.py
[2025-09-05T22:28:51.055+0000] {logging_mixin.py:188} INFO - [2025-09-05T22:28:51.055+0000] {dag.py:3096} INFO - Sync 1 DAGs
[2025-09-05T22:28:51.073+0000] {logging_mixin.py:188} INFO - [2025-09-05T22:28:51.073+0000] {dag.py:3954} INFO - Setting next_dagrun for pipeline_dados_transito_tcc to 2025-09-05 08:00:00+00:00, run_after=2025-09-06 08:00:00+00:00
[2025-09-05T22:28:51.091+0000] {processor.py:183} INFO - Processing /opt/airflow/dags/tcc_pipeline_dag.py took 0.093 seconds
[2025-09-05T22:29:21.299+0000] {processor.py:161} INFO - Started process (PID=2053) to work on /opt/airflow/dags/tcc_pipeline_dag.py
[2025-09-05T22:29:21.301+0000] {processor.py:830} INFO - Processing file /opt/airflow/dags/tcc_pipeline_dag.py for tasks to queue
[2025-09-05T22:29:21.307+0000] {logging_mixin.py:188} INFO - [2025-09-05T22:29:21.306+0000] {dagbag.py:545} INFO - Filling up the DagBag from /opt/airflow/dags/tcc_pipeline_dag.py
[2025-09-05T22:29:21.354+0000] {processor.py:840} INFO - DAG(s) 'pipeline_dados_transito_tcc' retrieved from /opt/airflow/dags/tcc_pipeline_dag.py
[2025-09-05T22:29:21.384+0000] {logging_mixin.py:188} INFO - [2025-09-05T22:29:21.383+0000] {dag.py:3096} INFO - Sync 1 DAGs
[2025-09-05T22:29:21.403+0000] {logging_mixin.py:188} INFO - [2025-09-05T22:29:21.403+0000] {dag.py:3954} INFO - Setting next_dagrun for pipeline_dados_transito_tcc to 2025-09-05 08:00:00+00:00, run_after=2025-09-06 08:00:00+00:00
[2025-09-05T22:29:21.422+0000] {processor.py:183} INFO - Processing /opt/airflow/dags/tcc_pipeline_dag.py took 0.128 seconds
[2025-09-05T22:29:51.625+0000] {processor.py:161} INFO - Started process (PID=2060) to work on /opt/airflow/dags/tcc_pipeline_dag.py
[2025-09-05T22:29:51.626+0000] {processor.py:830} INFO - Processing file /opt/airflow/dags/tcc_pipeline_dag.py for tasks to queue
[2025-09-05T22:29:51.628+0000] {logging_mixin.py:188} INFO - [2025-09-05T22:29:51.628+0000] {dagbag.py:545} INFO - Filling up the DagBag from /opt/airflow/dags/tcc_pipeline_dag.py
[2025-09-05T22:29:51.659+0000] {processor.py:840} INFO - DAG(s) 'pipeline_dados_transito_tcc' retrieved from /opt/airflow/dags/tcc_pipeline_dag.py
[2025-09-05T22:29:51.688+0000] {logging_mixin.py:188} INFO - [2025-09-05T22:29:51.687+0000] {dag.py:3096} INFO - Sync 1 DAGs
[2025-09-05T22:29:51.705+0000] {logging_mixin.py:188} INFO - [2025-09-05T22:29:51.705+0000] {dag.py:3954} INFO - Setting next_dagrun for pipeline_dados_transito_tcc to 2025-09-05 08:00:00+00:00, run_after=2025-09-06 08:00:00+00:00
[2025-09-05T22:29:51.725+0000] {processor.py:183} INFO - Processing /opt/airflow/dags/tcc_pipeline_dag.py took 0.107 seconds
[2025-09-05T22:30:21.936+0000] {processor.py:161} INFO - Started process (PID=2067) to work on /opt/airflow/dags/tcc_pipeline_dag.py
[2025-09-05T22:30:21.937+0000] {processor.py:830} INFO - Processing file /opt/airflow/dags/tcc_pipeline_dag.py for tasks to queue
[2025-09-05T22:30:21.939+0000] {logging_mixin.py:188} INFO - [2025-09-05T22:30:21.938+0000] {dagbag.py:545} INFO - Filling up the DagBag from /opt/airflow/dags/tcc_pipeline_dag.py
[2025-09-05T22:30:21.966+0000] {processor.py:840} INFO - DAG(s) 'pipeline_dados_transito_tcc' retrieved from /opt/airflow/dags/tcc_pipeline_dag.py
[2025-09-05T22:30:21.992+0000] {logging_mixin.py:188} INFO - [2025-09-05T22:30:21.991+0000] {dag.py:3096} INFO - Sync 1 DAGs
[2025-09-05T22:30:22.010+0000] {logging_mixin.py:188} INFO - [2025-09-05T22:30:22.010+0000] {dag.py:3954} INFO - Setting next_dagrun for pipeline_dados_transito_tcc to 2025-09-05 08:00:00+00:00, run_after=2025-09-06 08:00:00+00:00
[2025-09-05T22:30:22.030+0000] {processor.py:183} INFO - Processing /opt/airflow/dags/tcc_pipeline_dag.py took 0.101 seconds
[2025-09-05T22:30:52.291+0000] {processor.py:161} INFO - Started process (PID=2074) to work on /opt/airflow/dags/tcc_pipeline_dag.py
[2025-09-05T22:30:52.292+0000] {processor.py:830} INFO - Processing file /opt/airflow/dags/tcc_pipeline_dag.py for tasks to queue
[2025-09-05T22:30:52.295+0000] {logging_mixin.py:188} INFO - [2025-09-05T22:30:52.295+0000] {dagbag.py:545} INFO - Filling up the DagBag from /opt/airflow/dags/tcc_pipeline_dag.py
[2025-09-05T22:30:52.352+0000] {processor.py:840} INFO - DAG(s) 'pipeline_dados_transito_tcc' retrieved from /opt/airflow/dags/tcc_pipeline_dag.py
[2025-09-05T22:30:52.381+0000] {logging_mixin.py:188} INFO - [2025-09-05T22:30:52.380+0000] {dag.py:3096} INFO - Sync 1 DAGs
[2025-09-05T22:30:52.400+0000] {logging_mixin.py:188} INFO - [2025-09-05T22:30:52.400+0000] {dag.py:3954} INFO - Setting next_dagrun for pipeline_dados_transito_tcc to 2025-09-05 08:00:00+00:00, run_after=2025-09-06 08:00:00+00:00
[2025-09-05T22:30:52.420+0000] {processor.py:183} INFO - Processing /opt/airflow/dags/tcc_pipeline_dag.py took 0.138 seconds
[2025-09-05T22:31:22.578+0000] {processor.py:161} INFO - Started process (PID=2081) to work on /opt/airflow/dags/tcc_pipeline_dag.py
[2025-09-05T22:31:22.579+0000] {processor.py:830} INFO - Processing file /opt/airflow/dags/tcc_pipeline_dag.py for tasks to queue
[2025-09-05T22:31:22.581+0000] {logging_mixin.py:188} INFO - [2025-09-05T22:31:22.581+0000] {dagbag.py:545} INFO - Filling up the DagBag from /opt/airflow/dags/tcc_pipeline_dag.py
[2025-09-05T22:31:22.606+0000] {processor.py:840} INFO - DAG(s) 'pipeline_dados_transito_tcc' retrieved from /opt/airflow/dags/tcc_pipeline_dag.py
[2025-09-05T22:31:22.632+0000] {logging_mixin.py:188} INFO - [2025-09-05T22:31:22.632+0000] {dag.py:3096} INFO - Sync 1 DAGs
[2025-09-05T22:31:22.660+0000] {logging_mixin.py:188} INFO - [2025-09-05T22:31:22.660+0000] {dag.py:3954} INFO - Setting next_dagrun for pipeline_dados_transito_tcc to 2025-09-05 08:00:00+00:00, run_after=2025-09-06 08:00:00+00:00
[2025-09-05T22:31:22.679+0000] {processor.py:183} INFO - Processing /opt/airflow/dags/tcc_pipeline_dag.py took 0.107 seconds
[2025-09-05T22:31:52.941+0000] {processor.py:161} INFO - Started process (PID=2088) to work on /opt/airflow/dags/tcc_pipeline_dag.py
[2025-09-05T22:31:52.942+0000] {processor.py:830} INFO - Processing file /opt/airflow/dags/tcc_pipeline_dag.py for tasks to queue
[2025-09-05T22:31:52.944+0000] {logging_mixin.py:188} INFO - [2025-09-05T22:31:52.944+0000] {dagbag.py:545} INFO - Filling up the DagBag from /opt/airflow/dags/tcc_pipeline_dag.py
[2025-09-05T22:31:52.982+0000] {processor.py:840} INFO - DAG(s) 'pipeline_dados_transito_tcc' retrieved from /opt/airflow/dags/tcc_pipeline_dag.py
[2025-09-05T22:31:53.019+0000] {logging_mixin.py:188} INFO - [2025-09-05T22:31:53.018+0000] {dag.py:3096} INFO - Sync 1 DAGs
[2025-09-05T22:31:53.040+0000] {logging_mixin.py:188} INFO - [2025-09-05T22:31:53.040+0000] {dag.py:3954} INFO - Setting next_dagrun for pipeline_dados_transito_tcc to 2025-09-05 08:00:00+00:00, run_after=2025-09-06 08:00:00+00:00
[2025-09-05T22:31:53.061+0000] {processor.py:183} INFO - Processing /opt/airflow/dags/tcc_pipeline_dag.py took 0.125 seconds
[2025-09-05T22:32:23.307+0000] {processor.py:161} INFO - Started process (PID=2095) to work on /opt/airflow/dags/tcc_pipeline_dag.py
[2025-09-05T22:32:23.309+0000] {processor.py:830} INFO - Processing file /opt/airflow/dags/tcc_pipeline_dag.py for tasks to queue
[2025-09-05T22:32:23.312+0000] {logging_mixin.py:188} INFO - [2025-09-05T22:32:23.311+0000] {dagbag.py:545} INFO - Filling up the DagBag from /opt/airflow/dags/tcc_pipeline_dag.py
[2025-09-05T22:32:23.370+0000] {processor.py:840} INFO - DAG(s) 'pipeline_dados_transito_tcc' retrieved from /opt/airflow/dags/tcc_pipeline_dag.py
[2025-09-05T22:32:23.392+0000] {logging_mixin.py:188} INFO - [2025-09-05T22:32:23.392+0000] {dag.py:3096} INFO - Sync 1 DAGs
[2025-09-05T22:32:23.411+0000] {logging_mixin.py:188} INFO - [2025-09-05T22:32:23.411+0000] {dag.py:3954} INFO - Setting next_dagrun for pipeline_dados_transito_tcc to 2025-09-05 08:00:00+00:00, run_after=2025-09-06 08:00:00+00:00
[2025-09-05T22:32:23.436+0000] {processor.py:183} INFO - Processing /opt/airflow/dags/tcc_pipeline_dag.py took 0.139 seconds
[2025-09-05T22:32:53.521+0000] {processor.py:161} INFO - Started process (PID=2102) to work on /opt/airflow/dags/tcc_pipeline_dag.py
[2025-09-05T22:32:53.522+0000] {processor.py:830} INFO - Processing file /opt/airflow/dags/tcc_pipeline_dag.py for tasks to queue
[2025-09-05T22:32:53.524+0000] {logging_mixin.py:188} INFO - [2025-09-05T22:32:53.524+0000] {dagbag.py:545} INFO - Filling up the DagBag from /opt/airflow/dags/tcc_pipeline_dag.py
[2025-09-05T22:32:53.550+0000] {processor.py:840} INFO - DAG(s) 'pipeline_dados_transito_tcc' retrieved from /opt/airflow/dags/tcc_pipeline_dag.py
[2025-09-05T22:32:53.579+0000] {logging_mixin.py:188} INFO - [2025-09-05T22:32:53.579+0000] {dag.py:3096} INFO - Sync 1 DAGs
[2025-09-05T22:32:53.599+0000] {logging_mixin.py:188} INFO - [2025-09-05T22:32:53.599+0000] {dag.py:3954} INFO - Setting next_dagrun for pipeline_dados_transito_tcc to 2025-09-05 08:00:00+00:00, run_after=2025-09-06 08:00:00+00:00
[2025-09-05T22:32:53.617+0000] {processor.py:183} INFO - Processing /opt/airflow/dags/tcc_pipeline_dag.py took 0.101 seconds
[2025-09-05T22:33:23.775+0000] {processor.py:161} INFO - Started process (PID=2109) to work on /opt/airflow/dags/tcc_pipeline_dag.py
[2025-09-05T22:33:23.776+0000] {processor.py:830} INFO - Processing file /opt/airflow/dags/tcc_pipeline_dag.py for tasks to queue
[2025-09-05T22:33:23.779+0000] {logging_mixin.py:188} INFO - [2025-09-05T22:33:23.778+0000] {dagbag.py:545} INFO - Filling up the DagBag from /opt/airflow/dags/tcc_pipeline_dag.py
[2025-09-05T22:33:23.799+0000] {processor.py:840} INFO - DAG(s) 'pipeline_dados_transito_tcc' retrieved from /opt/airflow/dags/tcc_pipeline_dag.py
[2025-09-05T22:33:23.824+0000] {logging_mixin.py:188} INFO - [2025-09-05T22:33:23.824+0000] {dag.py:3096} INFO - Sync 1 DAGs
[2025-09-05T22:33:23.844+0000] {logging_mixin.py:188} INFO - [2025-09-05T22:33:23.844+0000] {dag.py:3954} INFO - Setting next_dagrun for pipeline_dados_transito_tcc to 2025-09-05 08:00:00+00:00, run_after=2025-09-06 08:00:00+00:00
[2025-09-05T22:33:23.862+0000] {processor.py:183} INFO - Processing /opt/airflow/dags/tcc_pipeline_dag.py took 0.091 seconds
[2025-09-05T22:33:54.143+0000] {processor.py:161} INFO - Started process (PID=2116) to work on /opt/airflow/dags/tcc_pipeline_dag.py
[2025-09-05T22:33:54.144+0000] {processor.py:830} INFO - Processing file /opt/airflow/dags/tcc_pipeline_dag.py for tasks to queue
[2025-09-05T22:33:54.146+0000] {logging_mixin.py:188} INFO - [2025-09-05T22:33:54.146+0000] {dagbag.py:545} INFO - Filling up the DagBag from /opt/airflow/dags/tcc_pipeline_dag.py
[2025-09-05T22:33:54.176+0000] {processor.py:840} INFO - DAG(s) 'pipeline_dados_transito_tcc' retrieved from /opt/airflow/dags/tcc_pipeline_dag.py
[2025-09-05T22:33:54.200+0000] {logging_mixin.py:188} INFO - [2025-09-05T22:33:54.200+0000] {dag.py:3096} INFO - Sync 1 DAGs
[2025-09-05T22:33:54.218+0000] {logging_mixin.py:188} INFO - [2025-09-05T22:33:54.218+0000] {dag.py:3954} INFO - Setting next_dagrun for pipeline_dados_transito_tcc to 2025-09-05 08:00:00+00:00, run_after=2025-09-06 08:00:00+00:00
[2025-09-05T22:33:54.234+0000] {processor.py:183} INFO - Processing /opt/airflow/dags/tcc_pipeline_dag.py took 0.100 seconds
[2025-09-05T22:34:24.404+0000] {processor.py:161} INFO - Started process (PID=2123) to work on /opt/airflow/dags/tcc_pipeline_dag.py
[2025-09-05T22:34:24.406+0000] {processor.py:830} INFO - Processing file /opt/airflow/dags/tcc_pipeline_dag.py for tasks to queue
[2025-09-05T22:34:24.409+0000] {logging_mixin.py:188} INFO - [2025-09-05T22:34:24.409+0000] {dagbag.py:545} INFO - Filling up the DagBag from /opt/airflow/dags/tcc_pipeline_dag.py
[2025-09-05T22:34:24.450+0000] {processor.py:840} INFO - DAG(s) 'pipeline_dados_transito_tcc' retrieved from /opt/airflow/dags/tcc_pipeline_dag.py
[2025-09-05T22:34:24.475+0000] {logging_mixin.py:188} INFO - [2025-09-05T22:34:24.475+0000] {dag.py:3096} INFO - Sync 1 DAGs
[2025-09-05T22:34:24.500+0000] {logging_mixin.py:188} INFO - [2025-09-05T22:34:24.499+0000] {dag.py:3954} INFO - Setting next_dagrun for pipeline_dados_transito_tcc to 2025-09-05 08:00:00+00:00, run_after=2025-09-06 08:00:00+00:00
[2025-09-05T22:34:24.518+0000] {processor.py:183} INFO - Processing /opt/airflow/dags/tcc_pipeline_dag.py took 0.119 seconds
[2025-09-05T22:34:54.804+0000] {processor.py:161} INFO - Started process (PID=2130) to work on /opt/airflow/dags/tcc_pipeline_dag.py
[2025-09-05T22:34:54.806+0000] {processor.py:830} INFO - Processing file /opt/airflow/dags/tcc_pipeline_dag.py for tasks to queue
[2025-09-05T22:34:54.808+0000] {logging_mixin.py:188} INFO - [2025-09-05T22:34:54.807+0000] {dagbag.py:545} INFO - Filling up the DagBag from /opt/airflow/dags/tcc_pipeline_dag.py
[2025-09-05T22:34:54.841+0000] {processor.py:840} INFO - DAG(s) 'pipeline_dados_transito_tcc' retrieved from /opt/airflow/dags/tcc_pipeline_dag.py
[2025-09-05T22:34:54.870+0000] {logging_mixin.py:188} INFO - [2025-09-05T22:34:54.870+0000] {dag.py:3096} INFO - Sync 1 DAGs
[2025-09-05T22:34:54.894+0000] {logging_mixin.py:188} INFO - [2025-09-05T22:34:54.893+0000] {dag.py:3954} INFO - Setting next_dagrun for pipeline_dados_transito_tcc to 2025-09-05 08:00:00+00:00, run_after=2025-09-06 08:00:00+00:00
[2025-09-05T22:34:54.911+0000] {processor.py:183} INFO - Processing /opt/airflow/dags/tcc_pipeline_dag.py took 0.114 seconds
[2025-09-05T22:35:25.092+0000] {processor.py:161} INFO - Started process (PID=2137) to work on /opt/airflow/dags/tcc_pipeline_dag.py
[2025-09-05T22:35:25.093+0000] {processor.py:830} INFO - Processing file /opt/airflow/dags/tcc_pipeline_dag.py for tasks to queue
[2025-09-05T22:35:25.096+0000] {logging_mixin.py:188} INFO - [2025-09-05T22:35:25.095+0000] {dagbag.py:545} INFO - Filling up the DagBag from /opt/airflow/dags/tcc_pipeline_dag.py
[2025-09-05T22:35:25.139+0000] {processor.py:840} INFO - DAG(s) 'pipeline_dados_transito_tcc' retrieved from /opt/airflow/dags/tcc_pipeline_dag.py
[2025-09-05T22:35:25.160+0000] {logging_mixin.py:188} INFO - [2025-09-05T22:35:25.159+0000] {dag.py:3096} INFO - Sync 1 DAGs
[2025-09-05T22:35:25.181+0000] {logging_mixin.py:188} INFO - [2025-09-05T22:35:25.181+0000] {dag.py:3954} INFO - Setting next_dagrun for pipeline_dados_transito_tcc to 2025-09-05 08:00:00+00:00, run_after=2025-09-06 08:00:00+00:00
[2025-09-05T22:35:25.201+0000] {processor.py:183} INFO - Processing /opt/airflow/dags/tcc_pipeline_dag.py took 0.120 seconds
[2025-09-05T22:35:55.421+0000] {processor.py:161} INFO - Started process (PID=2144) to work on /opt/airflow/dags/tcc_pipeline_dag.py
[2025-09-05T22:35:55.422+0000] {processor.py:830} INFO - Processing file /opt/airflow/dags/tcc_pipeline_dag.py for tasks to queue
[2025-09-05T22:35:55.425+0000] {logging_mixin.py:188} INFO - [2025-09-05T22:35:55.425+0000] {dagbag.py:545} INFO - Filling up the DagBag from /opt/airflow/dags/tcc_pipeline_dag.py
[2025-09-05T22:35:55.452+0000] {processor.py:840} INFO - DAG(s) 'pipeline_dados_transito_tcc' retrieved from /opt/airflow/dags/tcc_pipeline_dag.py
[2025-09-05T22:35:55.472+0000] {logging_mixin.py:188} INFO - [2025-09-05T22:35:55.472+0000] {dag.py:3096} INFO - Sync 1 DAGs
[2025-09-05T22:35:55.490+0000] {logging_mixin.py:188} INFO - [2025-09-05T22:35:55.489+0000] {dag.py:3954} INFO - Setting next_dagrun for pipeline_dados_transito_tcc to 2025-09-05 08:00:00+00:00, run_after=2025-09-06 08:00:00+00:00
[2025-09-05T22:35:55.508+0000] {processor.py:183} INFO - Processing /opt/airflow/dags/tcc_pipeline_dag.py took 0.091 seconds
[2025-09-05T22:36:25.776+0000] {processor.py:161} INFO - Started process (PID=2151) to work on /opt/airflow/dags/tcc_pipeline_dag.py
[2025-09-05T22:36:25.778+0000] {processor.py:830} INFO - Processing file /opt/airflow/dags/tcc_pipeline_dag.py for tasks to queue
[2025-09-05T22:36:25.783+0000] {logging_mixin.py:188} INFO - [2025-09-05T22:36:25.783+0000] {dagbag.py:545} INFO - Filling up the DagBag from /opt/airflow/dags/tcc_pipeline_dag.py
[2025-09-05T22:36:25.836+0000] {processor.py:840} INFO - DAG(s) 'pipeline_dados_transito_tcc' retrieved from /opt/airflow/dags/tcc_pipeline_dag.py
[2025-09-05T22:36:25.867+0000] {logging_mixin.py:188} INFO - [2025-09-05T22:36:25.867+0000] {dag.py:3096} INFO - Sync 1 DAGs
[2025-09-05T22:36:25.888+0000] {logging_mixin.py:188} INFO - [2025-09-05T22:36:25.888+0000] {dag.py:3954} INFO - Setting next_dagrun for pipeline_dados_transito_tcc to 2025-09-05 08:00:00+00:00, run_after=2025-09-06 08:00:00+00:00
[2025-09-05T22:36:25.923+0000] {processor.py:183} INFO - Processing /opt/airflow/dags/tcc_pipeline_dag.py took 0.156 seconds
[2025-09-05T22:36:56.075+0000] {processor.py:161} INFO - Started process (PID=2158) to work on /opt/airflow/dags/tcc_pipeline_dag.py
[2025-09-05T22:36:56.076+0000] {processor.py:830} INFO - Processing file /opt/airflow/dags/tcc_pipeline_dag.py for tasks to queue
[2025-09-05T22:36:56.079+0000] {logging_mixin.py:188} INFO - [2025-09-05T22:36:56.079+0000] {dagbag.py:545} INFO - Filling up the DagBag from /opt/airflow/dags/tcc_pipeline_dag.py
[2025-09-05T22:36:56.122+0000] {processor.py:840} INFO - DAG(s) 'pipeline_dados_transito_tcc' retrieved from /opt/airflow/dags/tcc_pipeline_dag.py
[2025-09-05T22:36:56.153+0000] {logging_mixin.py:188} INFO - [2025-09-05T22:36:56.153+0000] {dag.py:3096} INFO - Sync 1 DAGs
[2025-09-05T22:36:56.176+0000] {logging_mixin.py:188} INFO - [2025-09-05T22:36:56.175+0000] {dag.py:3954} INFO - Setting next_dagrun for pipeline_dados_transito_tcc to 2025-09-05 08:00:00+00:00, run_after=2025-09-06 08:00:00+00:00
[2025-09-05T22:36:56.192+0000] {processor.py:183} INFO - Processing /opt/airflow/dags/tcc_pipeline_dag.py took 0.122 seconds
[2025-09-05T22:37:26.465+0000] {processor.py:161} INFO - Started process (PID=2165) to work on /opt/airflow/dags/tcc_pipeline_dag.py
[2025-09-05T22:37:26.469+0000] {processor.py:830} INFO - Processing file /opt/airflow/dags/tcc_pipeline_dag.py for tasks to queue
[2025-09-05T22:37:26.471+0000] {logging_mixin.py:188} INFO - [2025-09-05T22:37:26.471+0000] {dagbag.py:545} INFO - Filling up the DagBag from /opt/airflow/dags/tcc_pipeline_dag.py
[2025-09-05T22:37:26.505+0000] {processor.py:840} INFO - DAG(s) 'pipeline_dados_transito_tcc' retrieved from /opt/airflow/dags/tcc_pipeline_dag.py
[2025-09-05T22:37:26.531+0000] {logging_mixin.py:188} INFO - [2025-09-05T22:37:26.531+0000] {dag.py:3096} INFO - Sync 1 DAGs
[2025-09-05T22:37:26.554+0000] {logging_mixin.py:188} INFO - [2025-09-05T22:37:26.554+0000] {dag.py:3954} INFO - Setting next_dagrun for pipeline_dados_transito_tcc to 2025-09-05 08:00:00+00:00, run_after=2025-09-06 08:00:00+00:00
[2025-09-05T22:37:26.574+0000] {processor.py:183} INFO - Processing /opt/airflow/dags/tcc_pipeline_dag.py took 0.113 seconds
[2025-09-05T22:37:56.808+0000] {processor.py:161} INFO - Started process (PID=2172) to work on /opt/airflow/dags/tcc_pipeline_dag.py
[2025-09-05T22:37:56.809+0000] {processor.py:830} INFO - Processing file /opt/airflow/dags/tcc_pipeline_dag.py for tasks to queue
[2025-09-05T22:37:56.811+0000] {logging_mixin.py:188} INFO - [2025-09-05T22:37:56.811+0000] {dagbag.py:545} INFO - Filling up the DagBag from /opt/airflow/dags/tcc_pipeline_dag.py
[2025-09-05T22:37:56.859+0000] {processor.py:840} INFO - DAG(s) 'pipeline_dados_transito_tcc' retrieved from /opt/airflow/dags/tcc_pipeline_dag.py
[2025-09-05T22:37:56.887+0000] {logging_mixin.py:188} INFO - [2025-09-05T22:37:56.887+0000] {dag.py:3096} INFO - Sync 1 DAGs
[2025-09-05T22:37:56.906+0000] {logging_mixin.py:188} INFO - [2025-09-05T22:37:56.905+0000] {dag.py:3954} INFO - Setting next_dagrun for pipeline_dados_transito_tcc to 2025-09-05 08:00:00+00:00, run_after=2025-09-06 08:00:00+00:00
[2025-09-05T22:37:56.922+0000] {processor.py:183} INFO - Processing /opt/airflow/dags/tcc_pipeline_dag.py took 0.123 seconds
[2025-09-05T22:38:27.125+0000] {processor.py:161} INFO - Started process (PID=2180) to work on /opt/airflow/dags/tcc_pipeline_dag.py
[2025-09-05T22:38:27.126+0000] {processor.py:830} INFO - Processing file /opt/airflow/dags/tcc_pipeline_dag.py for tasks to queue
[2025-09-05T22:38:27.128+0000] {logging_mixin.py:188} INFO - [2025-09-05T22:38:27.128+0000] {dagbag.py:545} INFO - Filling up the DagBag from /opt/airflow/dags/tcc_pipeline_dag.py
[2025-09-05T22:38:27.165+0000] {processor.py:840} INFO - DAG(s) 'pipeline_dados_transito_tcc' retrieved from /opt/airflow/dags/tcc_pipeline_dag.py
[2025-09-05T22:38:27.190+0000] {logging_mixin.py:188} INFO - [2025-09-05T22:38:27.190+0000] {dag.py:3096} INFO - Sync 1 DAGs
[2025-09-05T22:38:27.207+0000] {logging_mixin.py:188} INFO - [2025-09-05T22:38:27.207+0000] {dag.py:3954} INFO - Setting next_dagrun for pipeline_dados_transito_tcc to 2025-09-05 08:00:00+00:00, run_after=2025-09-06 08:00:00+00:00
[2025-09-05T22:38:27.225+0000] {processor.py:183} INFO - Processing /opt/airflow/dags/tcc_pipeline_dag.py took 0.108 seconds
[2025-09-05T22:38:57.422+0000] {processor.py:161} INFO - Started process (PID=2187) to work on /opt/airflow/dags/tcc_pipeline_dag.py
[2025-09-05T22:38:57.423+0000] {processor.py:830} INFO - Processing file /opt/airflow/dags/tcc_pipeline_dag.py for tasks to queue
[2025-09-05T22:38:57.426+0000] {logging_mixin.py:188} INFO - [2025-09-05T22:38:57.426+0000] {dagbag.py:545} INFO - Filling up the DagBag from /opt/airflow/dags/tcc_pipeline_dag.py
[2025-09-05T22:38:57.471+0000] {processor.py:840} INFO - DAG(s) 'pipeline_dados_transito_tcc' retrieved from /opt/airflow/dags/tcc_pipeline_dag.py
[2025-09-05T22:38:57.497+0000] {logging_mixin.py:188} INFO - [2025-09-05T22:38:57.497+0000] {dag.py:3096} INFO - Sync 1 DAGs
[2025-09-05T22:38:57.523+0000] {logging_mixin.py:188} INFO - [2025-09-05T22:38:57.523+0000] {dag.py:3954} INFO - Setting next_dagrun for pipeline_dados_transito_tcc to 2025-09-05 08:00:00+00:00, run_after=2025-09-06 08:00:00+00:00
[2025-09-05T22:38:57.547+0000] {processor.py:183} INFO - Processing /opt/airflow/dags/tcc_pipeline_dag.py took 0.132 seconds
[2025-09-05T22:39:27.848+0000] {processor.py:161} INFO - Started process (PID=2194) to work on /opt/airflow/dags/tcc_pipeline_dag.py
[2025-09-05T22:39:27.850+0000] {processor.py:830} INFO - Processing file /opt/airflow/dags/tcc_pipeline_dag.py for tasks to queue
[2025-09-05T22:39:27.854+0000] {logging_mixin.py:188} INFO - [2025-09-05T22:39:27.853+0000] {dagbag.py:545} INFO - Filling up the DagBag from /opt/airflow/dags/tcc_pipeline_dag.py
[2025-09-05T22:39:27.985+0000] {processor.py:840} INFO - DAG(s) 'pipeline_dados_transito_tcc' retrieved from /opt/airflow/dags/tcc_pipeline_dag.py
[2025-09-05T22:39:28.019+0000] {logging_mixin.py:188} INFO - [2025-09-05T22:39:28.019+0000] {dag.py:3096} INFO - Sync 1 DAGs
[2025-09-05T22:39:28.050+0000] {logging_mixin.py:188} INFO - [2025-09-05T22:39:28.050+0000] {dag.py:3954} INFO - Setting next_dagrun for pipeline_dados_transito_tcc to 2025-09-05 08:00:00+00:00, run_after=2025-09-06 08:00:00+00:00
[2025-09-05T22:39:28.077+0000] {processor.py:183} INFO - Processing /opt/airflow/dags/tcc_pipeline_dag.py took 0.239 seconds
[2025-09-05T22:39:58.380+0000] {processor.py:161} INFO - Started process (PID=2202) to work on /opt/airflow/dags/tcc_pipeline_dag.py
[2025-09-05T22:39:58.381+0000] {processor.py:830} INFO - Processing file /opt/airflow/dags/tcc_pipeline_dag.py for tasks to queue
[2025-09-05T22:39:58.383+0000] {logging_mixin.py:188} INFO - [2025-09-05T22:39:58.383+0000] {dagbag.py:545} INFO - Filling up the DagBag from /opt/airflow/dags/tcc_pipeline_dag.py
[2025-09-05T22:39:58.404+0000] {processor.py:840} INFO - DAG(s) 'pipeline_dados_transito_tcc' retrieved from /opt/airflow/dags/tcc_pipeline_dag.py
[2025-09-05T22:39:58.425+0000] {logging_mixin.py:188} INFO - [2025-09-05T22:39:58.425+0000] {dag.py:3096} INFO - Sync 1 DAGs
[2025-09-05T22:39:58.451+0000] {logging_mixin.py:188} INFO - [2025-09-05T22:39:58.451+0000] {dag.py:3954} INFO - Setting next_dagrun for pipeline_dados_transito_tcc to 2025-09-05 08:00:00+00:00, run_after=2025-09-06 08:00:00+00:00
[2025-09-05T22:39:58.473+0000] {processor.py:183} INFO - Processing /opt/airflow/dags/tcc_pipeline_dag.py took 0.098 seconds
[2025-09-05T22:40:28.673+0000] {processor.py:161} INFO - Started process (PID=2209) to work on /opt/airflow/dags/tcc_pipeline_dag.py
[2025-09-05T22:40:28.674+0000] {processor.py:830} INFO - Processing file /opt/airflow/dags/tcc_pipeline_dag.py for tasks to queue
[2025-09-05T22:40:28.677+0000] {logging_mixin.py:188} INFO - [2025-09-05T22:40:28.676+0000] {dagbag.py:545} INFO - Filling up the DagBag from /opt/airflow/dags/tcc_pipeline_dag.py
[2025-09-05T22:40:28.709+0000] {processor.py:840} INFO - DAG(s) 'pipeline_dados_transito_tcc' retrieved from /opt/airflow/dags/tcc_pipeline_dag.py
[2025-09-05T22:40:28.733+0000] {logging_mixin.py:188} INFO - [2025-09-05T22:40:28.733+0000] {dag.py:3096} INFO - Sync 1 DAGs
[2025-09-05T22:40:28.753+0000] {logging_mixin.py:188} INFO - [2025-09-05T22:40:28.752+0000] {dag.py:3954} INFO - Setting next_dagrun for pipeline_dados_transito_tcc to 2025-09-05 08:00:00+00:00, run_after=2025-09-06 08:00:00+00:00
[2025-09-05T22:40:28.770+0000] {processor.py:183} INFO - Processing /opt/airflow/dags/tcc_pipeline_dag.py took 0.105 seconds
[2025-09-05T22:40:59.049+0000] {processor.py:161} INFO - Started process (PID=2216) to work on /opt/airflow/dags/tcc_pipeline_dag.py
[2025-09-05T22:40:59.051+0000] {processor.py:830} INFO - Processing file /opt/airflow/dags/tcc_pipeline_dag.py for tasks to queue
[2025-09-05T22:40:59.055+0000] {logging_mixin.py:188} INFO - [2025-09-05T22:40:59.054+0000] {dagbag.py:545} INFO - Filling up the DagBag from /opt/airflow/dags/tcc_pipeline_dag.py
[2025-09-05T22:40:59.130+0000] {processor.py:840} INFO - DAG(s) 'pipeline_dados_transito_tcc' retrieved from /opt/airflow/dags/tcc_pipeline_dag.py
[2025-09-05T22:40:59.183+0000] {logging_mixin.py:188} INFO - [2025-09-05T22:40:59.183+0000] {dag.py:3096} INFO - Sync 1 DAGs
[2025-09-05T22:40:59.211+0000] {logging_mixin.py:188} INFO - [2025-09-05T22:40:59.211+0000] {dag.py:3954} INFO - Setting next_dagrun for pipeline_dados_transito_tcc to 2025-09-05 08:00:00+00:00, run_after=2025-09-06 08:00:00+00:00
[2025-09-05T22:40:59.232+0000] {processor.py:183} INFO - Processing /opt/airflow/dags/tcc_pipeline_dag.py took 0.193 seconds
[2025-09-05T22:41:29.375+0000] {processor.py:161} INFO - Started process (PID=2223) to work on /opt/airflow/dags/tcc_pipeline_dag.py
[2025-09-05T22:41:29.377+0000] {processor.py:830} INFO - Processing file /opt/airflow/dags/tcc_pipeline_dag.py for tasks to queue
[2025-09-05T22:41:29.389+0000] {logging_mixin.py:188} INFO - [2025-09-05T22:41:29.389+0000] {dagbag.py:545} INFO - Filling up the DagBag from /opt/airflow/dags/tcc_pipeline_dag.py
[2025-09-05T22:41:29.511+0000] {processor.py:840} INFO - DAG(s) 'pipeline_dados_transito_tcc' retrieved from /opt/airflow/dags/tcc_pipeline_dag.py
[2025-09-05T22:41:29.537+0000] {logging_mixin.py:188} INFO - [2025-09-05T22:41:29.537+0000] {dag.py:3096} INFO - Sync 1 DAGs
[2025-09-05T22:41:29.558+0000] {logging_mixin.py:188} INFO - [2025-09-05T22:41:29.558+0000] {dag.py:3954} INFO - Setting next_dagrun for pipeline_dados_transito_tcc to 2025-09-05 08:00:00+00:00, run_after=2025-09-06 08:00:00+00:00
[2025-09-05T22:41:29.574+0000] {processor.py:183} INFO - Processing /opt/airflow/dags/tcc_pipeline_dag.py took 0.207 seconds
[2025-09-05T22:41:59.805+0000] {processor.py:161} INFO - Started process (PID=2230) to work on /opt/airflow/dags/tcc_pipeline_dag.py
[2025-09-05T22:41:59.806+0000] {processor.py:830} INFO - Processing file /opt/airflow/dags/tcc_pipeline_dag.py for tasks to queue
[2025-09-05T22:41:59.807+0000] {logging_mixin.py:188} INFO - [2025-09-05T22:41:59.807+0000] {dagbag.py:545} INFO - Filling up the DagBag from /opt/airflow/dags/tcc_pipeline_dag.py
[2025-09-05T22:41:59.831+0000] {processor.py:840} INFO - DAG(s) 'pipeline_dados_transito_tcc' retrieved from /opt/airflow/dags/tcc_pipeline_dag.py
[2025-09-05T22:41:59.852+0000] {logging_mixin.py:188} INFO - [2025-09-05T22:41:59.852+0000] {dag.py:3096} INFO - Sync 1 DAGs
[2025-09-05T22:41:59.874+0000] {logging_mixin.py:188} INFO - [2025-09-05T22:41:59.873+0000] {dag.py:3954} INFO - Setting next_dagrun for pipeline_dados_transito_tcc to 2025-09-05 08:00:00+00:00, run_after=2025-09-06 08:00:00+00:00
[2025-09-05T22:41:59.889+0000] {processor.py:183} INFO - Processing /opt/airflow/dags/tcc_pipeline_dag.py took 0.089 seconds
[2025-09-05T22:42:30.150+0000] {processor.py:161} INFO - Started process (PID=2237) to work on /opt/airflow/dags/tcc_pipeline_dag.py
[2025-09-05T22:42:30.151+0000] {processor.py:830} INFO - Processing file /opt/airflow/dags/tcc_pipeline_dag.py for tasks to queue
[2025-09-05T22:42:30.153+0000] {logging_mixin.py:188} INFO - [2025-09-05T22:42:30.153+0000] {dagbag.py:545} INFO - Filling up the DagBag from /opt/airflow/dags/tcc_pipeline_dag.py
[2025-09-05T22:42:30.178+0000] {processor.py:840} INFO - DAG(s) 'pipeline_dados_transito_tcc' retrieved from /opt/airflow/dags/tcc_pipeline_dag.py
[2025-09-05T22:42:30.202+0000] {logging_mixin.py:188} INFO - [2025-09-05T22:42:30.201+0000] {dag.py:3096} INFO - Sync 1 DAGs
[2025-09-05T22:42:30.223+0000] {logging_mixin.py:188} INFO - [2025-09-05T22:42:30.222+0000] {dag.py:3954} INFO - Setting next_dagrun for pipeline_dados_transito_tcc to 2025-09-05 08:00:00+00:00, run_after=2025-09-06 08:00:00+00:00
[2025-09-05T22:42:30.239+0000] {processor.py:183} INFO - Processing /opt/airflow/dags/tcc_pipeline_dag.py took 0.098 seconds
[2025-09-05T22:43:00.437+0000] {processor.py:161} INFO - Started process (PID=2244) to work on /opt/airflow/dags/tcc_pipeline_dag.py
[2025-09-05T22:43:00.438+0000] {processor.py:830} INFO - Processing file /opt/airflow/dags/tcc_pipeline_dag.py for tasks to queue
[2025-09-05T22:43:00.440+0000] {logging_mixin.py:188} INFO - [2025-09-05T22:43:00.440+0000] {dagbag.py:545} INFO - Filling up the DagBag from /opt/airflow/dags/tcc_pipeline_dag.py
[2025-09-05T22:43:00.467+0000] {processor.py:840} INFO - DAG(s) 'pipeline_dados_transito_tcc' retrieved from /opt/airflow/dags/tcc_pipeline_dag.py
[2025-09-05T22:43:00.496+0000] {logging_mixin.py:188} INFO - [2025-09-05T22:43:00.495+0000] {dag.py:3096} INFO - Sync 1 DAGs
[2025-09-05T22:43:00.513+0000] {logging_mixin.py:188} INFO - [2025-09-05T22:43:00.513+0000] {dag.py:3954} INFO - Setting next_dagrun for pipeline_dados_transito_tcc to 2025-09-05 08:00:00+00:00, run_after=2025-09-06 08:00:00+00:00
[2025-09-05T22:43:00.530+0000] {processor.py:183} INFO - Processing /opt/airflow/dags/tcc_pipeline_dag.py took 0.101 seconds
[2025-09-05T22:43:30.775+0000] {processor.py:161} INFO - Started process (PID=2251) to work on /opt/airflow/dags/tcc_pipeline_dag.py
[2025-09-05T22:43:30.776+0000] {processor.py:830} INFO - Processing file /opt/airflow/dags/tcc_pipeline_dag.py for tasks to queue
[2025-09-05T22:43:30.778+0000] {logging_mixin.py:188} INFO - [2025-09-05T22:43:30.777+0000] {dagbag.py:545} INFO - Filling up the DagBag from /opt/airflow/dags/tcc_pipeline_dag.py
[2025-09-05T22:43:30.803+0000] {processor.py:840} INFO - DAG(s) 'pipeline_dados_transito_tcc' retrieved from /opt/airflow/dags/tcc_pipeline_dag.py
[2025-09-05T22:43:30.824+0000] {logging_mixin.py:188} INFO - [2025-09-05T22:43:30.823+0000] {dag.py:3096} INFO - Sync 1 DAGs
[2025-09-05T22:43:30.840+0000] {logging_mixin.py:188} INFO - [2025-09-05T22:43:30.840+0000] {dag.py:3954} INFO - Setting next_dagrun for pipeline_dados_transito_tcc to 2025-09-05 08:00:00+00:00, run_after=2025-09-06 08:00:00+00:00
[2025-09-05T22:43:30.854+0000] {processor.py:183} INFO - Processing /opt/airflow/dags/tcc_pipeline_dag.py took 0.085 seconds
[2025-09-05T22:44:01.353+0000] {processor.py:161} INFO - Started process (PID=2258) to work on /opt/airflow/dags/tcc_pipeline_dag.py
[2025-09-05T22:44:01.354+0000] {processor.py:830} INFO - Processing file /opt/airflow/dags/tcc_pipeline_dag.py for tasks to queue
[2025-09-05T22:44:01.358+0000] {logging_mixin.py:188} INFO - [2025-09-05T22:44:01.357+0000] {dagbag.py:545} INFO - Filling up the DagBag from /opt/airflow/dags/tcc_pipeline_dag.py
[2025-09-05T22:44:01.499+0000] {processor.py:840} INFO - DAG(s) 'pipeline_dados_transito_tcc' retrieved from /opt/airflow/dags/tcc_pipeline_dag.py
[2025-09-05T22:44:01.557+0000] {logging_mixin.py:188} INFO - [2025-09-05T22:44:01.556+0000] {dag.py:3096} INFO - Sync 1 DAGs
[2025-09-05T22:44:01.607+0000] {logging_mixin.py:188} INFO - [2025-09-05T22:44:01.607+0000] {dag.py:3954} INFO - Setting next_dagrun for pipeline_dados_transito_tcc to 2025-09-05 08:00:00+00:00, run_after=2025-09-06 08:00:00+00:00
[2025-09-05T22:44:01.682+0000] {processor.py:183} INFO - Processing /opt/airflow/dags/tcc_pipeline_dag.py took 0.340 seconds
[2025-09-05T22:44:36.996+0000] {processor.py:161} INFO - Started process (PID=2271) to work on /opt/airflow/dags/tcc_pipeline_dag.py
[2025-09-05T22:44:37.028+0000] {processor.py:830} INFO - Processing file /opt/airflow/dags/tcc_pipeline_dag.py for tasks to queue
[2025-09-05T22:44:37.060+0000] {logging_mixin.py:188} INFO - [2025-09-05T22:44:37.059+0000] {dagbag.py:545} INFO - Filling up the DagBag from /opt/airflow/dags/tcc_pipeline_dag.py
[2025-09-05T22:44:38.116+0000] {processor.py:840} INFO - DAG(s) 'pipeline_dados_transito_tcc' retrieved from /opt/airflow/dags/tcc_pipeline_dag.py
[2025-09-05T22:44:38.183+0000] {logging_mixin.py:188} INFO - [2025-09-05T22:44:38.182+0000] {dag.py:3096} INFO - Sync 1 DAGs
[2025-09-05T22:44:38.243+0000] {logging_mixin.py:188} INFO - [2025-09-05T22:44:38.243+0000] {dag.py:3954} INFO - Setting next_dagrun for pipeline_dados_transito_tcc to 2025-09-05 08:00:00+00:00, run_after=2025-09-06 08:00:00+00:00
[2025-09-05T22:44:38.288+0000] {processor.py:183} INFO - Processing /opt/airflow/dags/tcc_pipeline_dag.py took 1.304 seconds
[2025-09-05T22:45:09.086+0000] {processor.py:161} INFO - Started process (PID=2278) to work on /opt/airflow/dags/tcc_pipeline_dag.py
[2025-09-05T22:45:09.093+0000] {processor.py:830} INFO - Processing file /opt/airflow/dags/tcc_pipeline_dag.py for tasks to queue
[2025-09-05T22:45:09.097+0000] {logging_mixin.py:188} INFO - [2025-09-05T22:45:09.096+0000] {dagbag.py:545} INFO - Filling up the DagBag from /opt/airflow/dags/tcc_pipeline_dag.py
[2025-09-05T22:45:09.179+0000] {processor.py:840} INFO - DAG(s) 'pipeline_dados_transito_tcc' retrieved from /opt/airflow/dags/tcc_pipeline_dag.py
[2025-09-05T22:45:09.222+0000] {logging_mixin.py:188} INFO - [2025-09-05T22:45:09.222+0000] {dag.py:3096} INFO - Sync 1 DAGs
[2025-09-05T22:45:09.261+0000] {logging_mixin.py:188} INFO - [2025-09-05T22:45:09.260+0000] {dag.py:3954} INFO - Setting next_dagrun for pipeline_dados_transito_tcc to 2025-09-05 08:00:00+00:00, run_after=2025-09-06 08:00:00+00:00
[2025-09-05T22:45:09.293+0000] {processor.py:183} INFO - Processing /opt/airflow/dags/tcc_pipeline_dag.py took 0.221 seconds
[2025-09-05T22:45:39.555+0000] {processor.py:161} INFO - Started process (PID=2285) to work on /opt/airflow/dags/tcc_pipeline_dag.py
[2025-09-05T22:45:39.557+0000] {processor.py:830} INFO - Processing file /opt/airflow/dags/tcc_pipeline_dag.py for tasks to queue
[2025-09-05T22:45:39.561+0000] {logging_mixin.py:188} INFO - [2025-09-05T22:45:39.560+0000] {dagbag.py:545} INFO - Filling up the DagBag from /opt/airflow/dags/tcc_pipeline_dag.py
[2025-09-05T22:45:39.609+0000] {processor.py:840} INFO - DAG(s) 'pipeline_dados_transito_tcc' retrieved from /opt/airflow/dags/tcc_pipeline_dag.py
[2025-09-05T22:45:39.655+0000] {logging_mixin.py:188} INFO - [2025-09-05T22:45:39.655+0000] {dag.py:3096} INFO - Sync 1 DAGs
[2025-09-05T22:45:39.694+0000] {logging_mixin.py:188} INFO - [2025-09-05T22:45:39.694+0000] {dag.py:3954} INFO - Setting next_dagrun for pipeline_dados_transito_tcc to 2025-09-05 08:00:00+00:00, run_after=2025-09-06 08:00:00+00:00
[2025-09-05T22:45:39.747+0000] {processor.py:183} INFO - Processing /opt/airflow/dags/tcc_pipeline_dag.py took 0.200 seconds
[2025-09-05T22:46:09.973+0000] {processor.py:161} INFO - Started process (PID=2292) to work on /opt/airflow/dags/tcc_pipeline_dag.py
[2025-09-05T22:46:09.975+0000] {processor.py:830} INFO - Processing file /opt/airflow/dags/tcc_pipeline_dag.py for tasks to queue
[2025-09-05T22:46:09.977+0000] {logging_mixin.py:188} INFO - [2025-09-05T22:46:09.977+0000] {dagbag.py:545} INFO - Filling up the DagBag from /opt/airflow/dags/tcc_pipeline_dag.py
[2025-09-05T22:46:10.019+0000] {processor.py:840} INFO - DAG(s) 'pipeline_dados_transito_tcc' retrieved from /opt/airflow/dags/tcc_pipeline_dag.py
[2025-09-05T22:46:10.056+0000] {logging_mixin.py:188} INFO - [2025-09-05T22:46:10.056+0000] {dag.py:3096} INFO - Sync 1 DAGs
[2025-09-05T22:46:10.083+0000] {logging_mixin.py:188} INFO - [2025-09-05T22:46:10.083+0000] {dag.py:3954} INFO - Setting next_dagrun for pipeline_dados_transito_tcc to 2025-09-05 08:00:00+00:00, run_after=2025-09-06 08:00:00+00:00
[2025-09-05T22:46:10.110+0000] {processor.py:183} INFO - Processing /opt/airflow/dags/tcc_pipeline_dag.py took 0.145 seconds
[2025-09-05T22:46:40.417+0000] {processor.py:161} INFO - Started process (PID=2299) to work on /opt/airflow/dags/tcc_pipeline_dag.py
[2025-09-05T22:46:40.419+0000] {processor.py:830} INFO - Processing file /opt/airflow/dags/tcc_pipeline_dag.py for tasks to queue
[2025-09-05T22:46:40.423+0000] {logging_mixin.py:188} INFO - [2025-09-05T22:46:40.422+0000] {dagbag.py:545} INFO - Filling up the DagBag from /opt/airflow/dags/tcc_pipeline_dag.py
[2025-09-05T22:46:40.479+0000] {processor.py:840} INFO - DAG(s) 'pipeline_dados_transito_tcc' retrieved from /opt/airflow/dags/tcc_pipeline_dag.py
[2025-09-05T22:46:40.528+0000] {logging_mixin.py:188} INFO - [2025-09-05T22:46:40.528+0000] {dag.py:3096} INFO - Sync 1 DAGs
[2025-09-05T22:46:40.564+0000] {logging_mixin.py:188} INFO - [2025-09-05T22:46:40.564+0000] {dag.py:3954} INFO - Setting next_dagrun for pipeline_dados_transito_tcc to 2025-09-05 08:00:00+00:00, run_after=2025-09-06 08:00:00+00:00
[2025-09-05T22:46:40.598+0000] {processor.py:183} INFO - Processing /opt/airflow/dags/tcc_pipeline_dag.py took 0.189 seconds
[2025-09-05T22:47:11.220+0000] {processor.py:161} INFO - Started process (PID=2306) to work on /opt/airflow/dags/tcc_pipeline_dag.py
[2025-09-05T22:47:11.222+0000] {processor.py:830} INFO - Processing file /opt/airflow/dags/tcc_pipeline_dag.py for tasks to queue
[2025-09-05T22:47:11.226+0000] {logging_mixin.py:188} INFO - [2025-09-05T22:47:11.225+0000] {dagbag.py:545} INFO - Filling up the DagBag from /opt/airflow/dags/tcc_pipeline_dag.py
[2025-09-05T22:47:11.296+0000] {processor.py:840} INFO - DAG(s) 'pipeline_dados_transito_tcc' retrieved from /opt/airflow/dags/tcc_pipeline_dag.py
[2025-09-05T22:47:11.353+0000] {logging_mixin.py:188} INFO - [2025-09-05T22:47:11.353+0000] {dag.py:3096} INFO - Sync 1 DAGs
[2025-09-05T22:47:11.394+0000] {logging_mixin.py:188} INFO - [2025-09-05T22:47:11.393+0000] {dag.py:3954} INFO - Setting next_dagrun for pipeline_dados_transito_tcc to 2025-09-05 08:00:00+00:00, run_after=2025-09-06 08:00:00+00:00
[2025-09-05T22:47:11.465+0000] {processor.py:183} INFO - Processing /opt/airflow/dags/tcc_pipeline_dag.py took 0.255 seconds
[2025-09-05T22:47:42.162+0000] {processor.py:161} INFO - Started process (PID=2313) to work on /opt/airflow/dags/tcc_pipeline_dag.py
[2025-09-05T22:47:42.164+0000] {processor.py:830} INFO - Processing file /opt/airflow/dags/tcc_pipeline_dag.py for tasks to queue
[2025-09-05T22:47:42.168+0000] {logging_mixin.py:188} INFO - [2025-09-05T22:47:42.168+0000] {dagbag.py:545} INFO - Filling up the DagBag from /opt/airflow/dags/tcc_pipeline_dag.py
[2025-09-05T22:47:42.241+0000] {processor.py:840} INFO - DAG(s) 'pipeline_dados_transito_tcc' retrieved from /opt/airflow/dags/tcc_pipeline_dag.py
[2025-09-05T22:47:42.328+0000] {logging_mixin.py:188} INFO - [2025-09-05T22:47:42.328+0000] {dag.py:3096} INFO - Sync 1 DAGs
[2025-09-05T22:47:42.371+0000] {logging_mixin.py:188} INFO - [2025-09-05T22:47:42.371+0000] {dag.py:3954} INFO - Setting next_dagrun for pipeline_dados_transito_tcc to 2025-09-05 08:00:00+00:00, run_after=2025-09-06 08:00:00+00:00
[2025-09-05T22:47:42.410+0000] {processor.py:183} INFO - Processing /opt/airflow/dags/tcc_pipeline_dag.py took 0.260 seconds
[2025-09-05T22:48:12.794+0000] {processor.py:161} INFO - Started process (PID=2320) to work on /opt/airflow/dags/tcc_pipeline_dag.py
[2025-09-05T22:48:12.796+0000] {processor.py:830} INFO - Processing file /opt/airflow/dags/tcc_pipeline_dag.py for tasks to queue
[2025-09-05T22:48:12.801+0000] {logging_mixin.py:188} INFO - [2025-09-05T22:48:12.800+0000] {dagbag.py:545} INFO - Filling up the DagBag from /opt/airflow/dags/tcc_pipeline_dag.py
[2025-09-05T22:48:12.875+0000] {processor.py:840} INFO - DAG(s) 'pipeline_dados_transito_tcc' retrieved from /opt/airflow/dags/tcc_pipeline_dag.py
[2025-09-05T22:48:12.918+0000] {logging_mixin.py:188} INFO - [2025-09-05T22:48:12.917+0000] {dag.py:3096} INFO - Sync 1 DAGs
[2025-09-05T22:48:12.955+0000] {logging_mixin.py:188} INFO - [2025-09-05T22:48:12.954+0000] {dag.py:3954} INFO - Setting next_dagrun for pipeline_dados_transito_tcc to 2025-09-05 08:00:00+00:00, run_after=2025-09-06 08:00:00+00:00
[2025-09-05T22:48:12.992+0000] {processor.py:183} INFO - Processing /opt/airflow/dags/tcc_pipeline_dag.py took 0.207 seconds
[2025-09-05T22:48:43.820+0000] {processor.py:161} INFO - Started process (PID=2327) to work on /opt/airflow/dags/tcc_pipeline_dag.py
[2025-09-05T22:48:43.823+0000] {processor.py:830} INFO - Processing file /opt/airflow/dags/tcc_pipeline_dag.py for tasks to queue
[2025-09-05T22:48:43.827+0000] {logging_mixin.py:188} INFO - [2025-09-05T22:48:43.826+0000] {dagbag.py:545} INFO - Filling up the DagBag from /opt/airflow/dags/tcc_pipeline_dag.py
[2025-09-05T22:48:43.880+0000] {processor.py:840} INFO - DAG(s) 'pipeline_dados_transito_tcc' retrieved from /opt/airflow/dags/tcc_pipeline_dag.py
[2025-09-05T22:48:43.923+0000] {logging_mixin.py:188} INFO - [2025-09-05T22:48:43.922+0000] {dag.py:3096} INFO - Sync 1 DAGs
[2025-09-05T22:48:43.960+0000] {logging_mixin.py:188} INFO - [2025-09-05T22:48:43.960+0000] {dag.py:3954} INFO - Setting next_dagrun for pipeline_dados_transito_tcc to 2025-09-05 08:00:00+00:00, run_after=2025-09-06 08:00:00+00:00
[2025-09-05T22:48:44.007+0000] {processor.py:183} INFO - Processing /opt/airflow/dags/tcc_pipeline_dag.py took 0.193 seconds
[2025-09-05T22:49:14.170+0000] {processor.py:161} INFO - Started process (PID=2334) to work on /opt/airflow/dags/tcc_pipeline_dag.py
[2025-09-05T22:49:14.173+0000] {processor.py:830} INFO - Processing file /opt/airflow/dags/tcc_pipeline_dag.py for tasks to queue
[2025-09-05T22:49:14.178+0000] {logging_mixin.py:188} INFO - [2025-09-05T22:49:14.177+0000] {dagbag.py:545} INFO - Filling up the DagBag from /opt/airflow/dags/tcc_pipeline_dag.py
[2025-09-05T22:49:14.255+0000] {processor.py:840} INFO - DAG(s) 'pipeline_dados_transito_tcc' retrieved from /opt/airflow/dags/tcc_pipeline_dag.py
[2025-09-05T22:49:14.317+0000] {logging_mixin.py:188} INFO - [2025-09-05T22:49:14.317+0000] {dag.py:3096} INFO - Sync 1 DAGs
[2025-09-05T22:49:14.367+0000] {logging_mixin.py:188} INFO - [2025-09-05T22:49:14.367+0000] {dag.py:3954} INFO - Setting next_dagrun for pipeline_dados_transito_tcc to 2025-09-05 08:00:00+00:00, run_after=2025-09-06 08:00:00+00:00
[2025-09-05T22:49:14.445+0000] {processor.py:183} INFO - Processing /opt/airflow/dags/tcc_pipeline_dag.py took 0.290 seconds
[2025-09-05T22:49:44.780+0000] {processor.py:161} INFO - Started process (PID=2341) to work on /opt/airflow/dags/tcc_pipeline_dag.py
[2025-09-05T22:49:44.794+0000] {processor.py:830} INFO - Processing file /opt/airflow/dags/tcc_pipeline_dag.py for tasks to queue
[2025-09-05T22:49:44.798+0000] {logging_mixin.py:188} INFO - [2025-09-05T22:49:44.797+0000] {dagbag.py:545} INFO - Filling up the DagBag from /opt/airflow/dags/tcc_pipeline_dag.py
[2025-09-05T22:49:44.878+0000] {processor.py:840} INFO - DAG(s) 'pipeline_dados_transito_tcc' retrieved from /opt/airflow/dags/tcc_pipeline_dag.py
[2025-09-05T22:49:44.933+0000] {logging_mixin.py:188} INFO - [2025-09-05T22:49:44.932+0000] {dag.py:3096} INFO - Sync 1 DAGs
[2025-09-05T22:49:44.988+0000] {logging_mixin.py:188} INFO - [2025-09-05T22:49:44.987+0000] {dag.py:3954} INFO - Setting next_dagrun for pipeline_dados_transito_tcc to 2025-09-05 08:00:00+00:00, run_after=2025-09-06 08:00:00+00:00
[2025-09-05T22:49:45.026+0000] {processor.py:183} INFO - Processing /opt/airflow/dags/tcc_pipeline_dag.py took 0.257 seconds
[2025-09-05T22:50:16.031+0000] {processor.py:161} INFO - Started process (PID=2348) to work on /opt/airflow/dags/tcc_pipeline_dag.py
[2025-09-05T22:50:16.035+0000] {processor.py:830} INFO - Processing file /opt/airflow/dags/tcc_pipeline_dag.py for tasks to queue
[2025-09-05T22:50:16.042+0000] {logging_mixin.py:188} INFO - [2025-09-05T22:50:16.041+0000] {dagbag.py:545} INFO - Filling up the DagBag from /opt/airflow/dags/tcc_pipeline_dag.py
[2025-09-05T22:50:16.130+0000] {processor.py:840} INFO - DAG(s) 'pipeline_dados_transito_tcc' retrieved from /opt/airflow/dags/tcc_pipeline_dag.py
[2025-09-05T22:50:16.204+0000] {logging_mixin.py:188} INFO - [2025-09-05T22:50:16.203+0000] {dag.py:3096} INFO - Sync 1 DAGs
[2025-09-05T22:50:16.310+0000] {logging_mixin.py:188} INFO - [2025-09-05T22:50:16.309+0000] {dag.py:3954} INFO - Setting next_dagrun for pipeline_dados_transito_tcc to 2025-09-05 08:00:00+00:00, run_after=2025-09-06 08:00:00+00:00
[2025-09-05T22:50:16.378+0000] {processor.py:183} INFO - Processing /opt/airflow/dags/tcc_pipeline_dag.py took 0.367 seconds
[2025-09-05T22:50:47.323+0000] {processor.py:161} INFO - Started process (PID=2356) to work on /opt/airflow/dags/tcc_pipeline_dag.py
[2025-09-05T22:50:47.334+0000] {processor.py:830} INFO - Processing file /opt/airflow/dags/tcc_pipeline_dag.py for tasks to queue
[2025-09-05T22:50:47.340+0000] {logging_mixin.py:188} INFO - [2025-09-05T22:50:47.339+0000] {dagbag.py:545} INFO - Filling up the DagBag from /opt/airflow/dags/tcc_pipeline_dag.py
[2025-09-05T22:50:47.425+0000] {processor.py:840} INFO - DAG(s) 'pipeline_dados_transito_tcc' retrieved from /opt/airflow/dags/tcc_pipeline_dag.py
[2025-09-05T22:50:47.486+0000] {logging_mixin.py:188} INFO - [2025-09-05T22:50:47.485+0000] {dag.py:3096} INFO - Sync 1 DAGs
[2025-09-05T22:50:47.541+0000] {logging_mixin.py:188} INFO - [2025-09-05T22:50:47.541+0000] {dag.py:3954} INFO - Setting next_dagrun for pipeline_dados_transito_tcc to 2025-09-05 08:00:00+00:00, run_after=2025-09-06 08:00:00+00:00
[2025-09-05T22:50:47.589+0000] {processor.py:183} INFO - Processing /opt/airflow/dags/tcc_pipeline_dag.py took 0.276 seconds
[2025-09-05T22:51:18.482+0000] {processor.py:161} INFO - Started process (PID=2363) to work on /opt/airflow/dags/tcc_pipeline_dag.py
[2025-09-05T22:51:18.485+0000] {processor.py:830} INFO - Processing file /opt/airflow/dags/tcc_pipeline_dag.py for tasks to queue
[2025-09-05T22:51:18.500+0000] {logging_mixin.py:188} INFO - [2025-09-05T22:51:18.499+0000] {dagbag.py:545} INFO - Filling up the DagBag from /opt/airflow/dags/tcc_pipeline_dag.py
[2025-09-05T22:51:18.569+0000] {processor.py:840} INFO - DAG(s) 'pipeline_dados_transito_tcc' retrieved from /opt/airflow/dags/tcc_pipeline_dag.py
[2025-09-05T22:51:18.616+0000] {logging_mixin.py:188} INFO - [2025-09-05T22:51:18.615+0000] {dag.py:3096} INFO - Sync 1 DAGs
[2025-09-05T22:51:18.666+0000] {logging_mixin.py:188} INFO - [2025-09-05T22:51:18.666+0000] {dag.py:3954} INFO - Setting next_dagrun for pipeline_dados_transito_tcc to 2025-09-05 08:00:00+00:00, run_after=2025-09-06 08:00:00+00:00
[2025-09-05T22:51:18.710+0000] {processor.py:183} INFO - Processing /opt/airflow/dags/tcc_pipeline_dag.py took 0.241 seconds
[2025-09-05T22:51:49.546+0000] {processor.py:161} INFO - Started process (PID=2370) to work on /opt/airflow/dags/tcc_pipeline_dag.py
[2025-09-05T22:51:49.550+0000] {processor.py:830} INFO - Processing file /opt/airflow/dags/tcc_pipeline_dag.py for tasks to queue
[2025-09-05T22:51:49.555+0000] {logging_mixin.py:188} INFO - [2025-09-05T22:51:49.554+0000] {dagbag.py:545} INFO - Filling up the DagBag from /opt/airflow/dags/tcc_pipeline_dag.py
[2025-09-05T22:51:49.622+0000] {processor.py:840} INFO - DAG(s) 'pipeline_dados_transito_tcc' retrieved from /opt/airflow/dags/tcc_pipeline_dag.py
[2025-09-05T22:51:49.681+0000] {logging_mixin.py:188} INFO - [2025-09-05T22:51:49.681+0000] {dag.py:3096} INFO - Sync 1 DAGs
[2025-09-05T22:51:49.727+0000] {logging_mixin.py:188} INFO - [2025-09-05T22:51:49.727+0000] {dag.py:3954} INFO - Setting next_dagrun for pipeline_dados_transito_tcc to 2025-09-05 08:00:00+00:00, run_after=2025-09-06 08:00:00+00:00
[2025-09-05T22:51:49.942+0000] {processor.py:183} INFO - Processing /opt/airflow/dags/tcc_pipeline_dag.py took 0.406 seconds
[2025-09-05T22:52:20.311+0000] {processor.py:161} INFO - Started process (PID=2377) to work on /opt/airflow/dags/tcc_pipeline_dag.py
[2025-09-05T22:52:20.313+0000] {processor.py:830} INFO - Processing file /opt/airflow/dags/tcc_pipeline_dag.py for tasks to queue
[2025-09-05T22:52:20.318+0000] {logging_mixin.py:188} INFO - [2025-09-05T22:52:20.317+0000] {dagbag.py:545} INFO - Filling up the DagBag from /opt/airflow/dags/tcc_pipeline_dag.py
[2025-09-05T22:52:20.380+0000] {processor.py:840} INFO - DAG(s) 'pipeline_dados_transito_tcc' retrieved from /opt/airflow/dags/tcc_pipeline_dag.py
[2025-09-05T22:52:20.424+0000] {logging_mixin.py:188} INFO - [2025-09-05T22:52:20.424+0000] {dag.py:3096} INFO - Sync 1 DAGs
[2025-09-05T22:52:20.463+0000] {logging_mixin.py:188} INFO - [2025-09-05T22:52:20.462+0000] {dag.py:3954} INFO - Setting next_dagrun for pipeline_dados_transito_tcc to 2025-09-05 08:00:00+00:00, run_after=2025-09-06 08:00:00+00:00
[2025-09-05T22:52:20.504+0000] {processor.py:183} INFO - Processing /opt/airflow/dags/tcc_pipeline_dag.py took 0.207 seconds
[2025-09-05T22:52:51.593+0000] {processor.py:161} INFO - Started process (PID=2384) to work on /opt/airflow/dags/tcc_pipeline_dag.py
[2025-09-05T22:52:51.595+0000] {processor.py:830} INFO - Processing file /opt/airflow/dags/tcc_pipeline_dag.py for tasks to queue
[2025-09-05T22:52:51.599+0000] {logging_mixin.py:188} INFO - [2025-09-05T22:52:51.599+0000] {dagbag.py:545} INFO - Filling up the DagBag from /opt/airflow/dags/tcc_pipeline_dag.py
[2025-09-05T22:52:51.679+0000] {processor.py:840} INFO - DAG(s) 'pipeline_dados_transito_tcc' retrieved from /opt/airflow/dags/tcc_pipeline_dag.py
[2025-09-05T22:52:51.721+0000] {logging_mixin.py:188} INFO - [2025-09-05T22:52:51.720+0000] {dag.py:3096} INFO - Sync 1 DAGs
[2025-09-05T22:52:51.762+0000] {logging_mixin.py:188} INFO - [2025-09-05T22:52:51.761+0000] {dag.py:3954} INFO - Setting next_dagrun for pipeline_dados_transito_tcc to 2025-09-05 08:00:00+00:00, run_after=2025-09-06 08:00:00+00:00
[2025-09-05T22:52:51.802+0000] {processor.py:183} INFO - Processing /opt/airflow/dags/tcc_pipeline_dag.py took 0.219 seconds
[2025-09-05T22:53:22.648+0000] {processor.py:161} INFO - Started process (PID=2391) to work on /opt/airflow/dags/tcc_pipeline_dag.py
[2025-09-05T22:53:22.653+0000] {processor.py:830} INFO - Processing file /opt/airflow/dags/tcc_pipeline_dag.py for tasks to queue
[2025-09-05T22:53:22.660+0000] {logging_mixin.py:188} INFO - [2025-09-05T22:53:22.659+0000] {dagbag.py:545} INFO - Filling up the DagBag from /opt/airflow/dags/tcc_pipeline_dag.py
[2025-09-05T22:53:22.859+0000] {processor.py:840} INFO - DAG(s) 'pipeline_dados_transito_tcc' retrieved from /opt/airflow/dags/tcc_pipeline_dag.py
[2025-09-05T22:53:22.931+0000] {logging_mixin.py:188} INFO - [2025-09-05T22:53:22.930+0000] {dag.py:3096} INFO - Sync 1 DAGs
[2025-09-05T22:53:22.972+0000] {logging_mixin.py:188} INFO - [2025-09-05T22:53:22.972+0000] {dag.py:3954} INFO - Setting next_dagrun for pipeline_dados_transito_tcc to 2025-09-05 08:00:00+00:00, run_after=2025-09-06 08:00:00+00:00
[2025-09-05T22:53:23.152+0000] {processor.py:183} INFO - Processing /opt/airflow/dags/tcc_pipeline_dag.py took 0.516 seconds
[2025-09-05T22:53:53.915+0000] {processor.py:161} INFO - Started process (PID=2398) to work on /opt/airflow/dags/tcc_pipeline_dag.py
[2025-09-05T22:53:53.919+0000] {processor.py:830} INFO - Processing file /opt/airflow/dags/tcc_pipeline_dag.py for tasks to queue
[2025-09-05T22:53:53.928+0000] {logging_mixin.py:188} INFO - [2025-09-05T22:53:53.925+0000] {dagbag.py:545} INFO - Filling up the DagBag from /opt/airflow/dags/tcc_pipeline_dag.py
[2025-09-05T22:53:54.047+0000] {processor.py:840} INFO - DAG(s) 'pipeline_dados_transito_tcc' retrieved from /opt/airflow/dags/tcc_pipeline_dag.py
[2025-09-05T22:53:54.138+0000] {logging_mixin.py:188} INFO - [2025-09-05T22:53:54.137+0000] {dag.py:3096} INFO - Sync 1 DAGs
[2025-09-05T22:53:54.210+0000] {logging_mixin.py:188} INFO - [2025-09-05T22:53:54.209+0000] {dag.py:3954} INFO - Setting next_dagrun for pipeline_dados_transito_tcc to 2025-09-05 08:00:00+00:00, run_after=2025-09-06 08:00:00+00:00
[2025-09-05T22:53:54.348+0000] {processor.py:183} INFO - Processing /opt/airflow/dags/tcc_pipeline_dag.py took 0.447 seconds
[2025-09-05T22:54:24.540+0000] {processor.py:161} INFO - Started process (PID=2405) to work on /opt/airflow/dags/tcc_pipeline_dag.py
[2025-09-05T22:54:24.662+0000] {processor.py:830} INFO - Processing file /opt/airflow/dags/tcc_pipeline_dag.py for tasks to queue
[2025-09-05T22:54:24.665+0000] {logging_mixin.py:188} INFO - [2025-09-05T22:54:24.664+0000] {dagbag.py:545} INFO - Filling up the DagBag from /opt/airflow/dags/tcc_pipeline_dag.py
[2025-09-05T22:54:24.726+0000] {processor.py:840} INFO - DAG(s) 'pipeline_dados_transito_tcc' retrieved from /opt/airflow/dags/tcc_pipeline_dag.py
[2025-09-05T22:54:24.772+0000] {logging_mixin.py:188} INFO - [2025-09-05T22:54:24.771+0000] {dag.py:3096} INFO - Sync 1 DAGs
[2025-09-05T22:54:24.818+0000] {logging_mixin.py:188} INFO - [2025-09-05T22:54:24.817+0000] {dag.py:3954} INFO - Setting next_dagrun for pipeline_dados_transito_tcc to 2025-09-05 08:00:00+00:00, run_after=2025-09-06 08:00:00+00:00
[2025-09-05T22:54:24.854+0000] {processor.py:183} INFO - Processing /opt/airflow/dags/tcc_pipeline_dag.py took 0.327 seconds
[2025-09-05T22:54:55.203+0000] {processor.py:161} INFO - Started process (PID=2412) to work on /opt/airflow/dags/tcc_pipeline_dag.py
[2025-09-05T22:54:55.205+0000] {processor.py:830} INFO - Processing file /opt/airflow/dags/tcc_pipeline_dag.py for tasks to queue
[2025-09-05T22:54:55.208+0000] {logging_mixin.py:188} INFO - [2025-09-05T22:54:55.207+0000] {dagbag.py:545} INFO - Filling up the DagBag from /opt/airflow/dags/tcc_pipeline_dag.py
[2025-09-05T22:54:55.250+0000] {processor.py:840} INFO - DAG(s) 'pipeline_dados_transito_tcc' retrieved from /opt/airflow/dags/tcc_pipeline_dag.py
[2025-09-05T22:54:55.284+0000] {logging_mixin.py:188} INFO - [2025-09-05T22:54:55.283+0000] {dag.py:3096} INFO - Sync 1 DAGs
[2025-09-05T22:54:55.314+0000] {logging_mixin.py:188} INFO - [2025-09-05T22:54:55.313+0000] {dag.py:3954} INFO - Setting next_dagrun for pipeline_dados_transito_tcc to 2025-09-05 08:00:00+00:00, run_after=2025-09-06 08:00:00+00:00
[2025-09-05T22:54:55.354+0000] {processor.py:183} INFO - Processing /opt/airflow/dags/tcc_pipeline_dag.py took 0.159 seconds
[2025-09-05T22:55:25.723+0000] {processor.py:161} INFO - Started process (PID=2419) to work on /opt/airflow/dags/tcc_pipeline_dag.py
[2025-09-05T22:55:25.729+0000] {processor.py:830} INFO - Processing file /opt/airflow/dags/tcc_pipeline_dag.py for tasks to queue
[2025-09-05T22:55:25.735+0000] {logging_mixin.py:188} INFO - [2025-09-05T22:55:25.735+0000] {dagbag.py:545} INFO - Filling up the DagBag from /opt/airflow/dags/tcc_pipeline_dag.py
[2025-09-05T22:55:25.834+0000] {processor.py:840} INFO - DAG(s) 'pipeline_dados_transito_tcc' retrieved from /opt/airflow/dags/tcc_pipeline_dag.py
[2025-09-05T22:55:25.893+0000] {logging_mixin.py:188} INFO - [2025-09-05T22:55:25.892+0000] {dag.py:3096} INFO - Sync 1 DAGs
[2025-09-05T22:55:25.945+0000] {logging_mixin.py:188} INFO - [2025-09-05T22:55:25.945+0000] {dag.py:3954} INFO - Setting next_dagrun for pipeline_dados_transito_tcc to 2025-09-05 08:00:00+00:00, run_after=2025-09-06 08:00:00+00:00
[2025-09-05T22:55:25.984+0000] {processor.py:183} INFO - Processing /opt/airflow/dags/tcc_pipeline_dag.py took 0.280 seconds
[2025-09-05T22:55:56.271+0000] {processor.py:161} INFO - Started process (PID=2426) to work on /opt/airflow/dags/tcc_pipeline_dag.py
[2025-09-05T22:55:56.273+0000] {processor.py:830} INFO - Processing file /opt/airflow/dags/tcc_pipeline_dag.py for tasks to queue
[2025-09-05T22:55:56.279+0000] {logging_mixin.py:188} INFO - [2025-09-05T22:55:56.278+0000] {dagbag.py:545} INFO - Filling up the DagBag from /opt/airflow/dags/tcc_pipeline_dag.py
[2025-09-05T22:55:56.359+0000] {processor.py:840} INFO - DAG(s) 'pipeline_dados_transito_tcc' retrieved from /opt/airflow/dags/tcc_pipeline_dag.py
[2025-09-05T22:55:56.406+0000] {logging_mixin.py:188} INFO - [2025-09-05T22:55:56.405+0000] {dag.py:3096} INFO - Sync 1 DAGs
[2025-09-05T22:55:56.448+0000] {logging_mixin.py:188} INFO - [2025-09-05T22:55:56.447+0000] {dag.py:3954} INFO - Setting next_dagrun for pipeline_dados_transito_tcc to 2025-09-05 08:00:00+00:00, run_after=2025-09-06 08:00:00+00:00
[2025-09-05T22:55:56.494+0000] {processor.py:183} INFO - Processing /opt/airflow/dags/tcc_pipeline_dag.py took 0.235 seconds
[2025-09-05T22:56:27.285+0000] {processor.py:161} INFO - Started process (PID=2433) to work on /opt/airflow/dags/tcc_pipeline_dag.py
[2025-09-05T22:56:27.288+0000] {processor.py:830} INFO - Processing file /opt/airflow/dags/tcc_pipeline_dag.py for tasks to queue
[2025-09-05T22:56:27.292+0000] {logging_mixin.py:188} INFO - [2025-09-05T22:56:27.291+0000] {dagbag.py:545} INFO - Filling up the DagBag from /opt/airflow/dags/tcc_pipeline_dag.py
[2025-09-05T22:56:27.395+0000] {processor.py:840} INFO - DAG(s) 'pipeline_dados_transito_tcc' retrieved from /opt/airflow/dags/tcc_pipeline_dag.py
[2025-09-05T22:56:27.447+0000] {logging_mixin.py:188} INFO - [2025-09-05T22:56:27.446+0000] {dag.py:3096} INFO - Sync 1 DAGs
[2025-09-05T22:56:27.489+0000] {logging_mixin.py:188} INFO - [2025-09-05T22:56:27.489+0000] {dag.py:3954} INFO - Setting next_dagrun for pipeline_dados_transito_tcc to 2025-09-05 08:00:00+00:00, run_after=2025-09-06 08:00:00+00:00
[2025-09-05T22:56:27.534+0000] {processor.py:183} INFO - Processing /opt/airflow/dags/tcc_pipeline_dag.py took 0.261 seconds
[2025-09-05T22:56:57.692+0000] {processor.py:161} INFO - Started process (PID=2440) to work on /opt/airflow/dags/tcc_pipeline_dag.py
[2025-09-05T22:56:57.694+0000] {processor.py:830} INFO - Processing file /opt/airflow/dags/tcc_pipeline_dag.py for tasks to queue
[2025-09-05T22:56:57.698+0000] {logging_mixin.py:188} INFO - [2025-09-05T22:56:57.697+0000] {dagbag.py:545} INFO - Filling up the DagBag from /opt/airflow/dags/tcc_pipeline_dag.py
[2025-09-05T22:56:57.780+0000] {processor.py:840} INFO - DAG(s) 'pipeline_dados_transito_tcc' retrieved from /opt/airflow/dags/tcc_pipeline_dag.py
[2025-09-05T22:56:57.845+0000] {logging_mixin.py:188} INFO - [2025-09-05T22:56:57.844+0000] {dag.py:3096} INFO - Sync 1 DAGs
[2025-09-05T22:56:57.897+0000] {logging_mixin.py:188} INFO - [2025-09-05T22:56:57.896+0000] {dag.py:3954} INFO - Setting next_dagrun for pipeline_dados_transito_tcc to 2025-09-05 08:00:00+00:00, run_after=2025-09-06 08:00:00+00:00
[2025-09-05T22:56:57.942+0000] {processor.py:183} INFO - Processing /opt/airflow/dags/tcc_pipeline_dag.py took 0.263 seconds
[2025-09-05T22:57:28.206+0000] {processor.py:161} INFO - Started process (PID=2447) to work on /opt/airflow/dags/tcc_pipeline_dag.py
[2025-09-05T22:57:28.210+0000] {processor.py:830} INFO - Processing file /opt/airflow/dags/tcc_pipeline_dag.py for tasks to queue
[2025-09-05T22:57:28.215+0000] {logging_mixin.py:188} INFO - [2025-09-05T22:57:28.214+0000] {dagbag.py:545} INFO - Filling up the DagBag from /opt/airflow/dags/tcc_pipeline_dag.py
[2025-09-05T22:57:28.281+0000] {processor.py:840} INFO - DAG(s) 'pipeline_dados_transito_tcc' retrieved from /opt/airflow/dags/tcc_pipeline_dag.py
[2025-09-05T22:57:28.325+0000] {logging_mixin.py:188} INFO - [2025-09-05T22:57:28.325+0000] {dag.py:3096} INFO - Sync 1 DAGs
[2025-09-05T22:57:28.359+0000] {logging_mixin.py:188} INFO - [2025-09-05T22:57:28.359+0000] {dag.py:3954} INFO - Setting next_dagrun for pipeline_dados_transito_tcc to 2025-09-05 08:00:00+00:00, run_after=2025-09-06 08:00:00+00:00
[2025-09-05T22:57:28.392+0000] {processor.py:183} INFO - Processing /opt/airflow/dags/tcc_pipeline_dag.py took 0.195 seconds
[2025-09-05T22:57:58.583+0000] {processor.py:161} INFO - Started process (PID=2454) to work on /opt/airflow/dags/tcc_pipeline_dag.py
[2025-09-05T22:57:58.585+0000] {processor.py:830} INFO - Processing file /opt/airflow/dags/tcc_pipeline_dag.py for tasks to queue
[2025-09-05T22:57:58.590+0000] {logging_mixin.py:188} INFO - [2025-09-05T22:57:58.589+0000] {dagbag.py:545} INFO - Filling up the DagBag from /opt/airflow/dags/tcc_pipeline_dag.py
[2025-09-05T22:57:58.667+0000] {processor.py:840} INFO - DAG(s) 'pipeline_dados_transito_tcc' retrieved from /opt/airflow/dags/tcc_pipeline_dag.py
[2025-09-05T22:57:58.736+0000] {logging_mixin.py:188} INFO - [2025-09-05T22:57:58.735+0000] {dag.py:3096} INFO - Sync 1 DAGs
[2025-09-05T22:57:58.784+0000] {logging_mixin.py:188} INFO - [2025-09-05T22:57:58.783+0000] {dag.py:3954} INFO - Setting next_dagrun for pipeline_dados_transito_tcc to 2025-09-05 08:00:00+00:00, run_after=2025-09-06 08:00:00+00:00
[2025-09-05T22:57:58.846+0000] {processor.py:183} INFO - Processing /opt/airflow/dags/tcc_pipeline_dag.py took 0.274 seconds
[2025-09-05T22:58:29.146+0000] {processor.py:161} INFO - Started process (PID=2461) to work on /opt/airflow/dags/tcc_pipeline_dag.py
[2025-09-05T22:58:29.147+0000] {processor.py:830} INFO - Processing file /opt/airflow/dags/tcc_pipeline_dag.py for tasks to queue
[2025-09-05T22:58:29.150+0000] {logging_mixin.py:188} INFO - [2025-09-05T22:58:29.150+0000] {dagbag.py:545} INFO - Filling up the DagBag from /opt/airflow/dags/tcc_pipeline_dag.py
[2025-09-05T22:58:29.206+0000] {processor.py:840} INFO - DAG(s) 'pipeline_dados_transito_tcc' retrieved from /opt/airflow/dags/tcc_pipeline_dag.py
[2025-09-05T22:58:29.231+0000] {logging_mixin.py:188} INFO - [2025-09-05T22:58:29.231+0000] {dag.py:3096} INFO - Sync 1 DAGs
[2025-09-05T22:58:29.251+0000] {logging_mixin.py:188} INFO - [2025-09-05T22:58:29.251+0000] {dag.py:3954} INFO - Setting next_dagrun for pipeline_dados_transito_tcc to 2025-09-05 08:00:00+00:00, run_after=2025-09-06 08:00:00+00:00
[2025-09-05T22:58:29.274+0000] {processor.py:183} INFO - Processing /opt/airflow/dags/tcc_pipeline_dag.py took 0.138 seconds
[2025-09-05T22:58:59.612+0000] {processor.py:161} INFO - Started process (PID=2468) to work on /opt/airflow/dags/tcc_pipeline_dag.py
[2025-09-05T22:58:59.614+0000] {processor.py:830} INFO - Processing file /opt/airflow/dags/tcc_pipeline_dag.py for tasks to queue
[2025-09-05T22:58:59.616+0000] {logging_mixin.py:188} INFO - [2025-09-05T22:58:59.616+0000] {dagbag.py:545} INFO - Filling up the DagBag from /opt/airflow/dags/tcc_pipeline_dag.py
[2025-09-05T22:58:59.657+0000] {processor.py:840} INFO - DAG(s) 'pipeline_dados_transito_tcc' retrieved from /opt/airflow/dags/tcc_pipeline_dag.py
[2025-09-05T22:58:59.682+0000] {logging_mixin.py:188} INFO - [2025-09-05T22:58:59.682+0000] {dag.py:3096} INFO - Sync 1 DAGs
[2025-09-05T22:58:59.703+0000] {logging_mixin.py:188} INFO - [2025-09-05T22:58:59.703+0000] {dag.py:3954} INFO - Setting next_dagrun for pipeline_dados_transito_tcc to 2025-09-05 08:00:00+00:00, run_after=2025-09-06 08:00:00+00:00
[2025-09-05T22:58:59.723+0000] {processor.py:183} INFO - Processing /opt/airflow/dags/tcc_pipeline_dag.py took 0.123 seconds
[2025-09-05T22:59:29.994+0000] {processor.py:161} INFO - Started process (PID=2475) to work on /opt/airflow/dags/tcc_pipeline_dag.py
[2025-09-05T22:59:29.999+0000] {processor.py:830} INFO - Processing file /opt/airflow/dags/tcc_pipeline_dag.py for tasks to queue
[2025-09-05T22:59:30.001+0000] {logging_mixin.py:188} INFO - [2025-09-05T22:59:30.001+0000] {dagbag.py:545} INFO - Filling up the DagBag from /opt/airflow/dags/tcc_pipeline_dag.py
[2025-09-05T22:59:30.057+0000] {processor.py:840} INFO - DAG(s) 'pipeline_dados_transito_tcc' retrieved from /opt/airflow/dags/tcc_pipeline_dag.py
[2025-09-05T22:59:30.097+0000] {logging_mixin.py:188} INFO - [2025-09-05T22:59:30.097+0000] {dag.py:3096} INFO - Sync 1 DAGs
[2025-09-05T22:59:30.117+0000] {logging_mixin.py:188} INFO - [2025-09-05T22:59:30.117+0000] {dag.py:3954} INFO - Setting next_dagrun for pipeline_dados_transito_tcc to 2025-09-05 08:00:00+00:00, run_after=2025-09-06 08:00:00+00:00
[2025-09-05T22:59:30.134+0000] {processor.py:183} INFO - Processing /opt/airflow/dags/tcc_pipeline_dag.py took 0.156 seconds
