[2025-09-04T11:50:01.576+0000] {processor.py:161} INFO - Started process (PID=58) to work on /home/airflow/.local/lib/python3.12/site-packages/airflow/example_dags/example_datasets.py
[2025-09-04T11:50:01.578+0000] {processor.py:830} INFO - Processing file /home/airflow/.local/lib/python3.12/site-packages/airflow/example_dags/example_datasets.py for tasks to queue
[2025-09-04T11:50:01.581+0000] {logging_mixin.py:188} INFO - [2025-09-04T11:50:01.581+0000] {dagbag.py:545} INFO - Filling up the DagBag from /home/airflow/.local/lib/python3.12/site-packages/airflow/example_dags/example_datasets.py
[2025-09-04T11:50:01.610+0000] {processor.py:840} INFO - DAG(s) 'dataset_produces_1', 'consume_1_or_both_2_and_3_with_dataset_expressions', 'consume_1_or_2_with_dataset_expressions', 'dataset_consumes_1_and_2', 'consume_1_and_2_with_dataset_expressions', 'dataset_consumes_1_never_scheduled', 'conditional_dataset_and_time_based_timetable', 'dataset_produces_2', 'dataset_consumes_1', 'dataset_consumes_unknown_never_scheduled' retrieved from /home/airflow/.local/lib/python3.12/site-packages/airflow/example_dags/example_datasets.py
[2025-09-04T11:50:01.791+0000] {logging_mixin.py:188} INFO - [2025-09-04T11:50:01.790+0000] {override.py:1829} INFO - Created Permission View: can edit on DAG:dataset_produces_1
[2025-09-04T11:50:01.808+0000] {logging_mixin.py:188} INFO - [2025-09-04T11:50:01.807+0000] {override.py:1829} INFO - Created Permission View: can read on DAG:dataset_produces_1
[2025-09-04T11:50:01.819+0000] {logging_mixin.py:188} INFO - [2025-09-04T11:50:01.819+0000] {override.py:1829} INFO - Created Permission View: can delete on DAG:dataset_produces_1
[2025-09-04T11:50:01.843+0000] {logging_mixin.py:188} INFO - [2025-09-04T11:50:01.843+0000] {override.py:1829} INFO - Created Permission View: can edit on DAG:consume_1_or_both_2_and_3_with_dataset_expressions
[2025-09-04T11:50:01.857+0000] {logging_mixin.py:188} INFO - [2025-09-04T11:50:01.857+0000] {override.py:1829} INFO - Created Permission View: can read on DAG:consume_1_or_both_2_and_3_with_dataset_expressions
[2025-09-04T11:50:01.868+0000] {logging_mixin.py:188} INFO - [2025-09-04T11:50:01.867+0000] {override.py:1829} INFO - Created Permission View: can delete on DAG:consume_1_or_both_2_and_3_with_dataset_expressions
[2025-09-04T11:50:01.888+0000] {logging_mixin.py:188} INFO - [2025-09-04T11:50:01.888+0000] {override.py:1829} INFO - Created Permission View: can edit on DAG:consume_1_or_2_with_dataset_expressions
[2025-09-04T11:50:01.899+0000] {logging_mixin.py:188} INFO - [2025-09-04T11:50:01.899+0000] {override.py:1829} INFO - Created Permission View: can read on DAG:consume_1_or_2_with_dataset_expressions
[2025-09-04T11:50:01.907+0000] {logging_mixin.py:188} INFO - [2025-09-04T11:50:01.907+0000] {override.py:1829} INFO - Created Permission View: can delete on DAG:consume_1_or_2_with_dataset_expressions
[2025-09-04T11:50:01.922+0000] {logging_mixin.py:188} INFO - [2025-09-04T11:50:01.922+0000] {override.py:1829} INFO - Created Permission View: can edit on DAG:dataset_consumes_1_and_2
[2025-09-04T11:50:01.931+0000] {logging_mixin.py:188} INFO - [2025-09-04T11:50:01.930+0000] {override.py:1829} INFO - Created Permission View: can read on DAG:dataset_consumes_1_and_2
[2025-09-04T11:50:01.939+0000] {logging_mixin.py:188} INFO - [2025-09-04T11:50:01.939+0000] {override.py:1829} INFO - Created Permission View: can delete on DAG:dataset_consumes_1_and_2
[2025-09-04T11:50:01.955+0000] {logging_mixin.py:188} INFO - [2025-09-04T11:50:01.954+0000] {override.py:1829} INFO - Created Permission View: can edit on DAG:consume_1_and_2_with_dataset_expressions
[2025-09-04T11:50:01.965+0000] {logging_mixin.py:188} INFO - [2025-09-04T11:50:01.964+0000] {override.py:1829} INFO - Created Permission View: can read on DAG:consume_1_and_2_with_dataset_expressions
[2025-09-04T11:50:01.973+0000] {logging_mixin.py:188} INFO - [2025-09-04T11:50:01.972+0000] {override.py:1829} INFO - Created Permission View: can delete on DAG:consume_1_and_2_with_dataset_expressions
[2025-09-04T11:50:01.989+0000] {logging_mixin.py:188} INFO - [2025-09-04T11:50:01.989+0000] {override.py:1829} INFO - Created Permission View: can edit on DAG:dataset_consumes_1_never_scheduled
[2025-09-04T11:50:01.999+0000] {logging_mixin.py:188} INFO - [2025-09-04T11:50:01.998+0000] {override.py:1829} INFO - Created Permission View: can read on DAG:dataset_consumes_1_never_scheduled
[2025-09-04T11:50:02.007+0000] {logging_mixin.py:188} INFO - [2025-09-04T11:50:02.007+0000] {override.py:1829} INFO - Created Permission View: can delete on DAG:dataset_consumes_1_never_scheduled
[2025-09-04T11:50:02.024+0000] {logging_mixin.py:188} INFO - [2025-09-04T11:50:02.023+0000] {override.py:1829} INFO - Created Permission View: can edit on DAG:conditional_dataset_and_time_based_timetable
[2025-09-04T11:50:02.033+0000] {logging_mixin.py:188} INFO - [2025-09-04T11:50:02.033+0000] {override.py:1829} INFO - Created Permission View: can read on DAG:conditional_dataset_and_time_based_timetable
[2025-09-04T11:50:02.042+0000] {logging_mixin.py:188} INFO - [2025-09-04T11:50:02.042+0000] {override.py:1829} INFO - Created Permission View: can delete on DAG:conditional_dataset_and_time_based_timetable
[2025-09-04T11:50:02.057+0000] {logging_mixin.py:188} INFO - [2025-09-04T11:50:02.057+0000] {override.py:1829} INFO - Created Permission View: can edit on DAG:dataset_produces_2
[2025-09-04T11:50:02.065+0000] {logging_mixin.py:188} INFO - [2025-09-04T11:50:02.065+0000] {override.py:1829} INFO - Created Permission View: can read on DAG:dataset_produces_2
[2025-09-04T11:50:02.074+0000] {logging_mixin.py:188} INFO - [2025-09-04T11:50:02.074+0000] {override.py:1829} INFO - Created Permission View: can delete on DAG:dataset_produces_2
[2025-09-04T11:50:02.092+0000] {logging_mixin.py:188} INFO - [2025-09-04T11:50:02.092+0000] {override.py:1829} INFO - Created Permission View: can edit on DAG:dataset_consumes_1
[2025-09-04T11:50:02.101+0000] {logging_mixin.py:188} INFO - [2025-09-04T11:50:02.100+0000] {override.py:1829} INFO - Created Permission View: can read on DAG:dataset_consumes_1
[2025-09-04T11:50:02.109+0000] {logging_mixin.py:188} INFO - [2025-09-04T11:50:02.109+0000] {override.py:1829} INFO - Created Permission View: can delete on DAG:dataset_consumes_1
[2025-09-04T11:50:02.126+0000] {logging_mixin.py:188} INFO - [2025-09-04T11:50:02.126+0000] {override.py:1829} INFO - Created Permission View: can edit on DAG:dataset_consumes_unknown_never_scheduled
[2025-09-04T11:50:02.136+0000] {logging_mixin.py:188} INFO - [2025-09-04T11:50:02.136+0000] {override.py:1829} INFO - Created Permission View: can read on DAG:dataset_consumes_unknown_never_scheduled
[2025-09-04T11:50:02.145+0000] {logging_mixin.py:188} INFO - [2025-09-04T11:50:02.145+0000] {override.py:1829} INFO - Created Permission View: can delete on DAG:dataset_consumes_unknown_never_scheduled
[2025-09-04T11:50:02.147+0000] {logging_mixin.py:188} INFO - [2025-09-04T11:50:02.146+0000] {dag.py:3096} INFO - Sync 10 DAGs
[2025-09-04T11:50:02.166+0000] {logging_mixin.py:188} INFO - [2025-09-04T11:50:02.166+0000] {dag.py:3118} INFO - Creating ORM DAG for consume_1_and_2_with_dataset_expressions
[2025-09-04T11:50:02.168+0000] {logging_mixin.py:188} INFO - [2025-09-04T11:50:02.168+0000] {dag.py:3118} INFO - Creating ORM DAG for consume_1_or_2_with_dataset_expressions
[2025-09-04T11:50:02.170+0000] {logging_mixin.py:188} INFO - [2025-09-04T11:50:02.170+0000] {dag.py:3118} INFO - Creating ORM DAG for conditional_dataset_and_time_based_timetable
[2025-09-04T11:50:02.171+0000] {logging_mixin.py:188} INFO - [2025-09-04T11:50:02.171+0000] {dag.py:3118} INFO - Creating ORM DAG for dataset_produces_2
[2025-09-04T11:50:02.172+0000] {logging_mixin.py:188} INFO - [2025-09-04T11:50:02.172+0000] {dag.py:3118} INFO - Creating ORM DAG for dataset_consumes_unknown_never_scheduled
[2025-09-04T11:50:02.174+0000] {logging_mixin.py:188} INFO - [2025-09-04T11:50:02.173+0000] {dag.py:3118} INFO - Creating ORM DAG for dataset_consumes_1_and_2
[2025-09-04T11:50:02.175+0000] {logging_mixin.py:188} INFO - [2025-09-04T11:50:02.175+0000] {dag.py:3118} INFO - Creating ORM DAG for dataset_consumes_1_never_scheduled
[2025-09-04T11:50:02.177+0000] {logging_mixin.py:188} INFO - [2025-09-04T11:50:02.177+0000] {dag.py:3118} INFO - Creating ORM DAG for dataset_consumes_1
[2025-09-04T11:50:02.178+0000] {logging_mixin.py:188} INFO - [2025-09-04T11:50:02.178+0000] {dag.py:3118} INFO - Creating ORM DAG for consume_1_or_both_2_and_3_with_dataset_expressions
[2025-09-04T11:50:02.179+0000] {logging_mixin.py:188} INFO - [2025-09-04T11:50:02.179+0000] {dag.py:3118} INFO - Creating ORM DAG for dataset_produces_1
[2025-09-04T11:50:02.196+0000] {logging_mixin.py:188} INFO - [2025-09-04T11:50:02.195+0000] {dag.py:3954} INFO - Setting next_dagrun for conditional_dataset_and_time_based_timetable to 2025-09-03 01:00:00+00:00, run_after=2025-09-03 01:00:00+00:00
[2025-09-04T11:50:02.197+0000] {logging_mixin.py:188} INFO - [2025-09-04T11:50:02.197+0000] {dag.py:3954} INFO - Setting next_dagrun for consume_1_and_2_with_dataset_expressions to None, run_after=None
[2025-09-04T11:50:02.198+0000] {logging_mixin.py:188} INFO - [2025-09-04T11:50:02.198+0000] {dag.py:3954} INFO - Setting next_dagrun for consume_1_or_2_with_dataset_expressions to None, run_after=None
[2025-09-04T11:50:02.199+0000] {logging_mixin.py:188} INFO - [2025-09-04T11:50:02.199+0000] {dag.py:3954} INFO - Setting next_dagrun for consume_1_or_both_2_and_3_with_dataset_expressions to None, run_after=None
[2025-09-04T11:50:02.200+0000] {logging_mixin.py:188} INFO - [2025-09-04T11:50:02.200+0000] {dag.py:3954} INFO - Setting next_dagrun for dataset_consumes_1 to None, run_after=None
[2025-09-04T11:50:02.202+0000] {logging_mixin.py:188} INFO - [2025-09-04T11:50:02.201+0000] {dag.py:3954} INFO - Setting next_dagrun for dataset_consumes_1_and_2 to None, run_after=None
[2025-09-04T11:50:02.203+0000] {logging_mixin.py:188} INFO - [2025-09-04T11:50:02.203+0000] {dag.py:3954} INFO - Setting next_dagrun for dataset_consumes_1_never_scheduled to None, run_after=None
[2025-09-04T11:50:02.204+0000] {logging_mixin.py:188} INFO - [2025-09-04T11:50:02.204+0000] {dag.py:3954} INFO - Setting next_dagrun for dataset_consumes_unknown_never_scheduled to None, run_after=None
[2025-09-04T11:50:02.206+0000] {logging_mixin.py:188} INFO - [2025-09-04T11:50:02.206+0000] {dag.py:3954} INFO - Setting next_dagrun for dataset_produces_1 to 2025-09-03 00:00:00+00:00, run_after=2025-09-04 00:00:00+00:00
[2025-09-04T11:50:02.208+0000] {logging_mixin.py:188} INFO - [2025-09-04T11:50:02.207+0000] {dag.py:3954} INFO - Setting next_dagrun for dataset_produces_2 to None, run_after=None
[2025-09-04T11:50:02.274+0000] {processor.py:183} INFO - Processing /home/airflow/.local/lib/python3.12/site-packages/airflow/example_dags/example_datasets.py took 0.704 seconds
[2025-09-04T11:50:32.414+0000] {processor.py:161} INFO - Started process (PID=116) to work on /home/airflow/.local/lib/python3.12/site-packages/airflow/example_dags/example_datasets.py
[2025-09-04T11:50:32.416+0000] {processor.py:830} INFO - Processing file /home/airflow/.local/lib/python3.12/site-packages/airflow/example_dags/example_datasets.py for tasks to queue
[2025-09-04T11:50:32.421+0000] {logging_mixin.py:188} INFO - [2025-09-04T11:50:32.420+0000] {dagbag.py:545} INFO - Filling up the DagBag from /home/airflow/.local/lib/python3.12/site-packages/airflow/example_dags/example_datasets.py
[2025-09-04T11:50:32.437+0000] {processor.py:840} INFO - DAG(s) 'dataset_produces_2', 'dataset_produces_1', 'consume_1_or_both_2_and_3_with_dataset_expressions', 'dataset_consumes_unknown_never_scheduled', 'dataset_consumes_1_never_scheduled', 'dataset_consumes_1_and_2', 'dataset_consumes_1', 'consume_1_or_2_with_dataset_expressions', 'consume_1_and_2_with_dataset_expressions', 'conditional_dataset_and_time_based_timetable' retrieved from /home/airflow/.local/lib/python3.12/site-packages/airflow/example_dags/example_datasets.py
[2025-09-04T11:50:32.492+0000] {logging_mixin.py:188} INFO - [2025-09-04T11:50:32.492+0000] {dag.py:3096} INFO - Sync 10 DAGs
[2025-09-04T11:50:32.519+0000] {logging_mixin.py:188} INFO - [2025-09-04T11:50:32.519+0000] {dag.py:3954} INFO - Setting next_dagrun for conditional_dataset_and_time_based_timetable to 2025-09-03 01:00:00+00:00, run_after=2025-09-03 01:00:00+00:00
[2025-09-04T11:50:32.526+0000] {logging_mixin.py:188} INFO - [2025-09-04T11:50:32.526+0000] {dag.py:3954} INFO - Setting next_dagrun for consume_1_and_2_with_dataset_expressions to None, run_after=None
[2025-09-04T11:50:32.528+0000] {logging_mixin.py:188} INFO - [2025-09-04T11:50:32.528+0000] {dag.py:3954} INFO - Setting next_dagrun for consume_1_or_2_with_dataset_expressions to None, run_after=None
[2025-09-04T11:50:32.531+0000] {logging_mixin.py:188} INFO - [2025-09-04T11:50:32.531+0000] {dag.py:3954} INFO - Setting next_dagrun for consume_1_or_both_2_and_3_with_dataset_expressions to None, run_after=None
[2025-09-04T11:50:32.533+0000] {logging_mixin.py:188} INFO - [2025-09-04T11:50:32.533+0000] {dag.py:3954} INFO - Setting next_dagrun for dataset_consumes_1 to None, run_after=None
[2025-09-04T11:50:32.535+0000] {logging_mixin.py:188} INFO - [2025-09-04T11:50:32.535+0000] {dag.py:3954} INFO - Setting next_dagrun for dataset_consumes_1_and_2 to None, run_after=None
[2025-09-04T11:50:32.538+0000] {logging_mixin.py:188} INFO - [2025-09-04T11:50:32.538+0000] {dag.py:3954} INFO - Setting next_dagrun for dataset_consumes_1_never_scheduled to None, run_after=None
[2025-09-04T11:50:32.541+0000] {logging_mixin.py:188} INFO - [2025-09-04T11:50:32.541+0000] {dag.py:3954} INFO - Setting next_dagrun for dataset_consumes_unknown_never_scheduled to None, run_after=None
[2025-09-04T11:50:32.544+0000] {logging_mixin.py:188} INFO - [2025-09-04T11:50:32.543+0000] {dag.py:3954} INFO - Setting next_dagrun for dataset_produces_1 to 2025-09-03 00:00:00+00:00, run_after=2025-09-04 00:00:00+00:00
[2025-09-04T11:50:32.546+0000] {logging_mixin.py:188} INFO - [2025-09-04T11:50:32.546+0000] {dag.py:3954} INFO - Setting next_dagrun for dataset_produces_2 to None, run_after=None
[2025-09-04T11:50:32.619+0000] {processor.py:183} INFO - Processing /home/airflow/.local/lib/python3.12/site-packages/airflow/example_dags/example_datasets.py took 0.215 seconds
[2025-09-04T11:51:02.916+0000] {processor.py:161} INFO - Started process (PID=174) to work on /home/airflow/.local/lib/python3.12/site-packages/airflow/example_dags/example_datasets.py
[2025-09-04T11:51:02.919+0000] {processor.py:830} INFO - Processing file /home/airflow/.local/lib/python3.12/site-packages/airflow/example_dags/example_datasets.py for tasks to queue
[2025-09-04T11:51:02.922+0000] {logging_mixin.py:188} INFO - [2025-09-04T11:51:02.922+0000] {dagbag.py:545} INFO - Filling up the DagBag from /home/airflow/.local/lib/python3.12/site-packages/airflow/example_dags/example_datasets.py
[2025-09-04T11:51:02.945+0000] {processor.py:840} INFO - DAG(s) 'conditional_dataset_and_time_based_timetable', 'dataset_produces_1', 'dataset_consumes_1', 'dataset_produces_2', 'dataset_consumes_unknown_never_scheduled', 'dataset_consumes_1_never_scheduled', 'dataset_consumes_1_and_2', 'consume_1_or_2_with_dataset_expressions', 'consume_1_and_2_with_dataset_expressions', 'consume_1_or_both_2_and_3_with_dataset_expressions' retrieved from /home/airflow/.local/lib/python3.12/site-packages/airflow/example_dags/example_datasets.py
[2025-09-04T11:51:03.045+0000] {logging_mixin.py:188} INFO - [2025-09-04T11:51:03.044+0000] {dag.py:3096} INFO - Sync 10 DAGs
[2025-09-04T11:51:03.078+0000] {logging_mixin.py:188} INFO - [2025-09-04T11:51:03.078+0000] {dag.py:3954} INFO - Setting next_dagrun for conditional_dataset_and_time_based_timetable to 2025-09-03 01:00:00+00:00, run_after=2025-09-03 01:00:00+00:00
[2025-09-04T11:51:03.086+0000] {logging_mixin.py:188} INFO - [2025-09-04T11:51:03.086+0000] {dag.py:3954} INFO - Setting next_dagrun for consume_1_and_2_with_dataset_expressions to None, run_after=None
[2025-09-04T11:51:03.089+0000] {logging_mixin.py:188} INFO - [2025-09-04T11:51:03.089+0000] {dag.py:3954} INFO - Setting next_dagrun for consume_1_or_2_with_dataset_expressions to None, run_after=None
[2025-09-04T11:51:03.092+0000] {logging_mixin.py:188} INFO - [2025-09-04T11:51:03.092+0000] {dag.py:3954} INFO - Setting next_dagrun for consume_1_or_both_2_and_3_with_dataset_expressions to None, run_after=None
[2025-09-04T11:51:03.095+0000] {logging_mixin.py:188} INFO - [2025-09-04T11:51:03.094+0000] {dag.py:3954} INFO - Setting next_dagrun for dataset_consumes_1 to None, run_after=None
[2025-09-04T11:51:03.096+0000] {logging_mixin.py:188} INFO - [2025-09-04T11:51:03.096+0000] {dag.py:3954} INFO - Setting next_dagrun for dataset_consumes_1_and_2 to None, run_after=None
[2025-09-04T11:51:03.098+0000] {logging_mixin.py:188} INFO - [2025-09-04T11:51:03.097+0000] {dag.py:3954} INFO - Setting next_dagrun for dataset_consumes_1_never_scheduled to None, run_after=None
[2025-09-04T11:51:03.099+0000] {logging_mixin.py:188} INFO - [2025-09-04T11:51:03.099+0000] {dag.py:3954} INFO - Setting next_dagrun for dataset_consumes_unknown_never_scheduled to None, run_after=None
[2025-09-04T11:51:03.101+0000] {logging_mixin.py:188} INFO - [2025-09-04T11:51:03.101+0000] {dag.py:3954} INFO - Setting next_dagrun for dataset_produces_1 to 2025-09-03 00:00:00+00:00, run_after=2025-09-04 00:00:00+00:00
[2025-09-04T11:51:03.103+0000] {logging_mixin.py:188} INFO - [2025-09-04T11:51:03.103+0000] {dag.py:3954} INFO - Setting next_dagrun for dataset_produces_2 to None, run_after=None
[2025-09-04T11:51:03.137+0000] {processor.py:183} INFO - Processing /home/airflow/.local/lib/python3.12/site-packages/airflow/example_dags/example_datasets.py took 0.228 seconds
[2025-09-04T11:51:33.260+0000] {processor.py:161} INFO - Started process (PID=230) to work on /home/airflow/.local/lib/python3.12/site-packages/airflow/example_dags/example_datasets.py
[2025-09-04T11:51:33.262+0000] {processor.py:830} INFO - Processing file /home/airflow/.local/lib/python3.12/site-packages/airflow/example_dags/example_datasets.py for tasks to queue
[2025-09-04T11:51:33.264+0000] {logging_mixin.py:188} INFO - [2025-09-04T11:51:33.264+0000] {dagbag.py:545} INFO - Filling up the DagBag from /home/airflow/.local/lib/python3.12/site-packages/airflow/example_dags/example_datasets.py
[2025-09-04T11:51:33.277+0000] {processor.py:840} INFO - DAG(s) 'consume_1_or_2_with_dataset_expressions', 'dataset_consumes_1_never_scheduled', 'consume_1_or_both_2_and_3_with_dataset_expressions', 'dataset_produces_2', 'dataset_consumes_unknown_never_scheduled', 'dataset_consumes_1_and_2', 'conditional_dataset_and_time_based_timetable', 'dataset_produces_1', 'dataset_consumes_1', 'consume_1_and_2_with_dataset_expressions' retrieved from /home/airflow/.local/lib/python3.12/site-packages/airflow/example_dags/example_datasets.py
[2025-09-04T11:51:33.314+0000] {logging_mixin.py:188} INFO - [2025-09-04T11:51:33.314+0000] {dag.py:3096} INFO - Sync 10 DAGs
[2025-09-04T11:51:33.336+0000] {logging_mixin.py:188} INFO - [2025-09-04T11:51:33.335+0000] {dag.py:3954} INFO - Setting next_dagrun for conditional_dataset_and_time_based_timetable to 2025-09-03 01:00:00+00:00, run_after=2025-09-03 01:00:00+00:00
[2025-09-04T11:51:33.339+0000] {logging_mixin.py:188} INFO - [2025-09-04T11:51:33.339+0000] {dag.py:3954} INFO - Setting next_dagrun for consume_1_and_2_with_dataset_expressions to None, run_after=None
[2025-09-04T11:51:33.345+0000] {logging_mixin.py:188} INFO - [2025-09-04T11:51:33.345+0000] {dag.py:3954} INFO - Setting next_dagrun for consume_1_or_2_with_dataset_expressions to None, run_after=None
[2025-09-04T11:51:33.347+0000] {logging_mixin.py:188} INFO - [2025-09-04T11:51:33.347+0000] {dag.py:3954} INFO - Setting next_dagrun for consume_1_or_both_2_and_3_with_dataset_expressions to None, run_after=None
[2025-09-04T11:51:33.348+0000] {logging_mixin.py:188} INFO - [2025-09-04T11:51:33.348+0000] {dag.py:3954} INFO - Setting next_dagrun for dataset_consumes_1 to None, run_after=None
[2025-09-04T11:51:33.350+0000] {logging_mixin.py:188} INFO - [2025-09-04T11:51:33.350+0000] {dag.py:3954} INFO - Setting next_dagrun for dataset_consumes_1_and_2 to None, run_after=None
[2025-09-04T11:51:33.352+0000] {logging_mixin.py:188} INFO - [2025-09-04T11:51:33.352+0000] {dag.py:3954} INFO - Setting next_dagrun for dataset_consumes_1_never_scheduled to None, run_after=None
[2025-09-04T11:51:33.354+0000] {logging_mixin.py:188} INFO - [2025-09-04T11:51:33.353+0000] {dag.py:3954} INFO - Setting next_dagrun for dataset_consumes_unknown_never_scheduled to None, run_after=None
[2025-09-04T11:51:33.356+0000] {logging_mixin.py:188} INFO - [2025-09-04T11:51:33.355+0000] {dag.py:3954} INFO - Setting next_dagrun for dataset_produces_1 to 2025-09-03 00:00:00+00:00, run_after=2025-09-04 00:00:00+00:00
[2025-09-04T11:51:33.357+0000] {logging_mixin.py:188} INFO - [2025-09-04T11:51:33.357+0000] {dag.py:3954} INFO - Setting next_dagrun for dataset_produces_2 to None, run_after=None
[2025-09-04T11:51:33.379+0000] {processor.py:183} INFO - Processing /home/airflow/.local/lib/python3.12/site-packages/airflow/example_dags/example_datasets.py took 0.124 seconds
[2025-09-04T11:52:03.877+0000] {processor.py:161} INFO - Started process (PID=289) to work on /home/airflow/.local/lib/python3.12/site-packages/airflow/example_dags/example_datasets.py
[2025-09-04T11:52:03.878+0000] {processor.py:830} INFO - Processing file /home/airflow/.local/lib/python3.12/site-packages/airflow/example_dags/example_datasets.py for tasks to queue
[2025-09-04T11:52:03.883+0000] {logging_mixin.py:188} INFO - [2025-09-04T11:52:03.882+0000] {dagbag.py:545} INFO - Filling up the DagBag from /home/airflow/.local/lib/python3.12/site-packages/airflow/example_dags/example_datasets.py
[2025-09-04T11:52:03.898+0000] {processor.py:840} INFO - DAG(s) 'consume_1_or_2_with_dataset_expressions', 'dataset_produces_1', 'conditional_dataset_and_time_based_timetable', 'dataset_consumes_1', 'dataset_consumes_1_never_scheduled', 'consume_1_and_2_with_dataset_expressions', 'consume_1_or_both_2_and_3_with_dataset_expressions', 'dataset_consumes_unknown_never_scheduled', 'dataset_consumes_1_and_2', 'dataset_produces_2' retrieved from /home/airflow/.local/lib/python3.12/site-packages/airflow/example_dags/example_datasets.py
[2025-09-04T11:52:03.953+0000] {logging_mixin.py:188} INFO - [2025-09-04T11:52:03.952+0000] {dag.py:3096} INFO - Sync 10 DAGs
[2025-09-04T11:52:03.974+0000] {logging_mixin.py:188} INFO - [2025-09-04T11:52:03.974+0000] {dag.py:3954} INFO - Setting next_dagrun for conditional_dataset_and_time_based_timetable to 2025-09-03 01:00:00+00:00, run_after=2025-09-03 01:00:00+00:00
[2025-09-04T11:52:03.978+0000] {logging_mixin.py:188} INFO - [2025-09-04T11:52:03.978+0000] {dag.py:3954} INFO - Setting next_dagrun for consume_1_and_2_with_dataset_expressions to None, run_after=None
[2025-09-04T11:52:03.980+0000] {logging_mixin.py:188} INFO - [2025-09-04T11:52:03.980+0000] {dag.py:3954} INFO - Setting next_dagrun for consume_1_or_2_with_dataset_expressions to None, run_after=None
[2025-09-04T11:52:03.982+0000] {logging_mixin.py:188} INFO - [2025-09-04T11:52:03.982+0000] {dag.py:3954} INFO - Setting next_dagrun for consume_1_or_both_2_and_3_with_dataset_expressions to None, run_after=None
[2025-09-04T11:52:03.983+0000] {logging_mixin.py:188} INFO - [2025-09-04T11:52:03.983+0000] {dag.py:3954} INFO - Setting next_dagrun for dataset_consumes_1 to None, run_after=None
[2025-09-04T11:52:03.985+0000] {logging_mixin.py:188} INFO - [2025-09-04T11:52:03.985+0000] {dag.py:3954} INFO - Setting next_dagrun for dataset_consumes_1_and_2 to None, run_after=None
[2025-09-04T11:52:03.986+0000] {logging_mixin.py:188} INFO - [2025-09-04T11:52:03.986+0000] {dag.py:3954} INFO - Setting next_dagrun for dataset_consumes_1_never_scheduled to None, run_after=None
[2025-09-04T11:52:03.988+0000] {logging_mixin.py:188} INFO - [2025-09-04T11:52:03.988+0000] {dag.py:3954} INFO - Setting next_dagrun for dataset_consumes_unknown_never_scheduled to None, run_after=None
[2025-09-04T11:52:03.991+0000] {logging_mixin.py:188} INFO - [2025-09-04T11:52:03.991+0000] {dag.py:3954} INFO - Setting next_dagrun for dataset_produces_1 to 2025-09-03 00:00:00+00:00, run_after=2025-09-04 00:00:00+00:00
[2025-09-04T11:52:03.994+0000] {logging_mixin.py:188} INFO - [2025-09-04T11:52:03.994+0000] {dag.py:3954} INFO - Setting next_dagrun for dataset_produces_2 to None, run_after=None
[2025-09-04T11:52:04.062+0000] {processor.py:183} INFO - Processing /home/airflow/.local/lib/python3.12/site-packages/airflow/example_dags/example_datasets.py took 0.197 seconds
[2025-09-04T11:52:34.358+0000] {processor.py:161} INFO - Started process (PID=353) to work on /home/airflow/.local/lib/python3.12/site-packages/airflow/example_dags/example_datasets.py
[2025-09-04T11:52:34.360+0000] {processor.py:830} INFO - Processing file /home/airflow/.local/lib/python3.12/site-packages/airflow/example_dags/example_datasets.py for tasks to queue
[2025-09-04T11:52:34.363+0000] {logging_mixin.py:188} INFO - [2025-09-04T11:52:34.362+0000] {dagbag.py:545} INFO - Filling up the DagBag from /home/airflow/.local/lib/python3.12/site-packages/airflow/example_dags/example_datasets.py
[2025-09-04T11:52:34.380+0000] {processor.py:840} INFO - DAG(s) 'dataset_produces_1', 'dataset_consumes_1_never_scheduled', 'consume_1_and_2_with_dataset_expressions', 'consume_1_or_2_with_dataset_expressions', 'dataset_consumes_1_and_2', 'consume_1_or_both_2_and_3_with_dataset_expressions', 'dataset_consumes_unknown_never_scheduled', 'dataset_consumes_1', 'dataset_produces_2', 'conditional_dataset_and_time_based_timetable' retrieved from /home/airflow/.local/lib/python3.12/site-packages/airflow/example_dags/example_datasets.py
[2025-09-04T11:52:34.432+0000] {logging_mixin.py:188} INFO - [2025-09-04T11:52:34.432+0000] {dag.py:3096} INFO - Sync 10 DAGs
[2025-09-04T11:52:34.457+0000] {logging_mixin.py:188} INFO - [2025-09-04T11:52:34.457+0000] {dag.py:3954} INFO - Setting next_dagrun for conditional_dataset_and_time_based_timetable to 2025-09-03 01:00:00+00:00, run_after=2025-09-03 01:00:00+00:00
[2025-09-04T11:52:34.462+0000] {logging_mixin.py:188} INFO - [2025-09-04T11:52:34.462+0000] {dag.py:3954} INFO - Setting next_dagrun for consume_1_and_2_with_dataset_expressions to None, run_after=None
[2025-09-04T11:52:34.464+0000] {logging_mixin.py:188} INFO - [2025-09-04T11:52:34.464+0000] {dag.py:3954} INFO - Setting next_dagrun for consume_1_or_2_with_dataset_expressions to None, run_after=None
[2025-09-04T11:52:34.466+0000] {logging_mixin.py:188} INFO - [2025-09-04T11:52:34.466+0000] {dag.py:3954} INFO - Setting next_dagrun for consume_1_or_both_2_and_3_with_dataset_expressions to None, run_after=None
[2025-09-04T11:52:34.469+0000] {logging_mixin.py:188} INFO - [2025-09-04T11:52:34.469+0000] {dag.py:3954} INFO - Setting next_dagrun for dataset_consumes_1 to None, run_after=None
[2025-09-04T11:52:34.471+0000] {logging_mixin.py:188} INFO - [2025-09-04T11:52:34.470+0000] {dag.py:3954} INFO - Setting next_dagrun for dataset_consumes_1_and_2 to None, run_after=None
[2025-09-04T11:52:34.473+0000] {logging_mixin.py:188} INFO - [2025-09-04T11:52:34.472+0000] {dag.py:3954} INFO - Setting next_dagrun for dataset_consumes_1_never_scheduled to None, run_after=None
[2025-09-04T11:52:34.476+0000] {logging_mixin.py:188} INFO - [2025-09-04T11:52:34.475+0000] {dag.py:3954} INFO - Setting next_dagrun for dataset_consumes_unknown_never_scheduled to None, run_after=None
[2025-09-04T11:52:34.478+0000] {logging_mixin.py:188} INFO - [2025-09-04T11:52:34.478+0000] {dag.py:3954} INFO - Setting next_dagrun for dataset_produces_1 to 2025-09-03 00:00:00+00:00, run_after=2025-09-04 00:00:00+00:00
[2025-09-04T11:52:34.481+0000] {logging_mixin.py:188} INFO - [2025-09-04T11:52:34.480+0000] {dag.py:3954} INFO - Setting next_dagrun for dataset_produces_2 to None, run_after=None
[2025-09-04T11:52:34.534+0000] {processor.py:183} INFO - Processing /home/airflow/.local/lib/python3.12/site-packages/airflow/example_dags/example_datasets.py took 0.183 seconds
[2025-09-04T11:53:04.673+0000] {processor.py:161} INFO - Started process (PID=410) to work on /home/airflow/.local/lib/python3.12/site-packages/airflow/example_dags/example_datasets.py
[2025-09-04T11:53:04.674+0000] {processor.py:830} INFO - Processing file /home/airflow/.local/lib/python3.12/site-packages/airflow/example_dags/example_datasets.py for tasks to queue
[2025-09-04T11:53:04.677+0000] {logging_mixin.py:188} INFO - [2025-09-04T11:53:04.677+0000] {dagbag.py:545} INFO - Filling up the DagBag from /home/airflow/.local/lib/python3.12/site-packages/airflow/example_dags/example_datasets.py
[2025-09-04T11:53:04.688+0000] {processor.py:840} INFO - DAG(s) 'dataset_consumes_1', 'consume_1_and_2_with_dataset_expressions', 'conditional_dataset_and_time_based_timetable', 'dataset_produces_2', 'dataset_consumes_1_never_scheduled', 'dataset_produces_1', 'dataset_consumes_unknown_never_scheduled', 'consume_1_or_both_2_and_3_with_dataset_expressions', 'consume_1_or_2_with_dataset_expressions', 'dataset_consumes_1_and_2' retrieved from /home/airflow/.local/lib/python3.12/site-packages/airflow/example_dags/example_datasets.py
[2025-09-04T11:53:04.723+0000] {logging_mixin.py:188} INFO - [2025-09-04T11:53:04.723+0000] {dag.py:3096} INFO - Sync 10 DAGs
[2025-09-04T11:53:04.746+0000] {logging_mixin.py:188} INFO - [2025-09-04T11:53:04.746+0000] {dag.py:3954} INFO - Setting next_dagrun for conditional_dataset_and_time_based_timetable to 2025-09-03 01:00:00+00:00, run_after=2025-09-03 01:00:00+00:00
[2025-09-04T11:53:04.751+0000] {logging_mixin.py:188} INFO - [2025-09-04T11:53:04.751+0000] {dag.py:3954} INFO - Setting next_dagrun for consume_1_and_2_with_dataset_expressions to None, run_after=None
[2025-09-04T11:53:04.752+0000] {logging_mixin.py:188} INFO - [2025-09-04T11:53:04.752+0000] {dag.py:3954} INFO - Setting next_dagrun for consume_1_or_2_with_dataset_expressions to None, run_after=None
[2025-09-04T11:53:04.755+0000] {logging_mixin.py:188} INFO - [2025-09-04T11:53:04.755+0000] {dag.py:3954} INFO - Setting next_dagrun for consume_1_or_both_2_and_3_with_dataset_expressions to None, run_after=None
[2025-09-04T11:53:04.757+0000] {logging_mixin.py:188} INFO - [2025-09-04T11:53:04.756+0000] {dag.py:3954} INFO - Setting next_dagrun for dataset_consumes_1 to None, run_after=None
[2025-09-04T11:53:04.758+0000] {logging_mixin.py:188} INFO - [2025-09-04T11:53:04.758+0000] {dag.py:3954} INFO - Setting next_dagrun for dataset_consumes_1_and_2 to None, run_after=None
[2025-09-04T11:53:04.760+0000] {logging_mixin.py:188} INFO - [2025-09-04T11:53:04.759+0000] {dag.py:3954} INFO - Setting next_dagrun for dataset_consumes_1_never_scheduled to None, run_after=None
[2025-09-04T11:53:04.761+0000] {logging_mixin.py:188} INFO - [2025-09-04T11:53:04.761+0000] {dag.py:3954} INFO - Setting next_dagrun for dataset_consumes_unknown_never_scheduled to None, run_after=None
[2025-09-04T11:53:04.763+0000] {logging_mixin.py:188} INFO - [2025-09-04T11:53:04.763+0000] {dag.py:3954} INFO - Setting next_dagrun for dataset_produces_1 to 2025-09-03 00:00:00+00:00, run_after=2025-09-04 00:00:00+00:00
[2025-09-04T11:53:04.764+0000] {logging_mixin.py:188} INFO - [2025-09-04T11:53:04.764+0000] {dag.py:3954} INFO - Setting next_dagrun for dataset_produces_2 to None, run_after=None
[2025-09-04T11:53:04.792+0000] {processor.py:183} INFO - Processing /home/airflow/.local/lib/python3.12/site-packages/airflow/example_dags/example_datasets.py took 0.125 seconds
[2025-09-04T11:53:35.027+0000] {processor.py:161} INFO - Started process (PID=469) to work on /home/airflow/.local/lib/python3.12/site-packages/airflow/example_dags/example_datasets.py
[2025-09-04T11:53:35.028+0000] {processor.py:830} INFO - Processing file /home/airflow/.local/lib/python3.12/site-packages/airflow/example_dags/example_datasets.py for tasks to queue
[2025-09-04T11:53:35.030+0000] {logging_mixin.py:188} INFO - [2025-09-04T11:53:35.030+0000] {dagbag.py:545} INFO - Filling up the DagBag from /home/airflow/.local/lib/python3.12/site-packages/airflow/example_dags/example_datasets.py
[2025-09-04T11:53:35.041+0000] {processor.py:840} INFO - DAG(s) 'dataset_consumes_1_and_2', 'dataset_consumes_unknown_never_scheduled', 'dataset_produces_1', 'dataset_consumes_1', 'consume_1_or_both_2_and_3_with_dataset_expressions', 'dataset_consumes_1_never_scheduled', 'dataset_produces_2', 'conditional_dataset_and_time_based_timetable', 'consume_1_or_2_with_dataset_expressions', 'consume_1_and_2_with_dataset_expressions' retrieved from /home/airflow/.local/lib/python3.12/site-packages/airflow/example_dags/example_datasets.py
[2025-09-04T11:53:35.077+0000] {logging_mixin.py:188} INFO - [2025-09-04T11:53:35.077+0000] {dag.py:3096} INFO - Sync 10 DAGs
[2025-09-04T11:53:35.098+0000] {logging_mixin.py:188} INFO - [2025-09-04T11:53:35.098+0000] {dag.py:3954} INFO - Setting next_dagrun for conditional_dataset_and_time_based_timetable to 2025-09-03 01:00:00+00:00, run_after=2025-09-03 01:00:00+00:00
[2025-09-04T11:53:35.102+0000] {logging_mixin.py:188} INFO - [2025-09-04T11:53:35.101+0000] {dag.py:3954} INFO - Setting next_dagrun for consume_1_and_2_with_dataset_expressions to None, run_after=None
[2025-09-04T11:53:35.103+0000] {logging_mixin.py:188} INFO - [2025-09-04T11:53:35.103+0000] {dag.py:3954} INFO - Setting next_dagrun for consume_1_or_2_with_dataset_expressions to None, run_after=None
[2025-09-04T11:53:35.105+0000] {logging_mixin.py:188} INFO - [2025-09-04T11:53:35.104+0000] {dag.py:3954} INFO - Setting next_dagrun for consume_1_or_both_2_and_3_with_dataset_expressions to None, run_after=None
[2025-09-04T11:53:35.106+0000] {logging_mixin.py:188} INFO - [2025-09-04T11:53:35.106+0000] {dag.py:3954} INFO - Setting next_dagrun for dataset_consumes_1 to None, run_after=None
[2025-09-04T11:53:35.107+0000] {logging_mixin.py:188} INFO - [2025-09-04T11:53:35.107+0000] {dag.py:3954} INFO - Setting next_dagrun for dataset_consumes_1_and_2 to None, run_after=None
[2025-09-04T11:53:35.108+0000] {logging_mixin.py:188} INFO - [2025-09-04T11:53:35.108+0000] {dag.py:3954} INFO - Setting next_dagrun for dataset_consumes_1_never_scheduled to None, run_after=None
[2025-09-04T11:53:35.110+0000] {logging_mixin.py:188} INFO - [2025-09-04T11:53:35.110+0000] {dag.py:3954} INFO - Setting next_dagrun for dataset_consumes_unknown_never_scheduled to None, run_after=None
[2025-09-04T11:53:35.111+0000] {logging_mixin.py:188} INFO - [2025-09-04T11:53:35.111+0000] {dag.py:3954} INFO - Setting next_dagrun for dataset_produces_1 to 2025-09-03 00:00:00+00:00, run_after=2025-09-04 00:00:00+00:00
[2025-09-04T11:53:35.113+0000] {logging_mixin.py:188} INFO - [2025-09-04T11:53:35.112+0000] {dag.py:3954} INFO - Setting next_dagrun for dataset_produces_2 to None, run_after=None
[2025-09-04T11:53:35.139+0000] {processor.py:183} INFO - Processing /home/airflow/.local/lib/python3.12/site-packages/airflow/example_dags/example_datasets.py took 0.122 seconds
[2025-09-04T11:54:05.811+0000] {processor.py:161} INFO - Started process (PID=527) to work on /home/airflow/.local/lib/python3.12/site-packages/airflow/example_dags/example_datasets.py
[2025-09-04T11:54:05.813+0000] {processor.py:830} INFO - Processing file /home/airflow/.local/lib/python3.12/site-packages/airflow/example_dags/example_datasets.py for tasks to queue
[2025-09-04T11:54:05.816+0000] {logging_mixin.py:188} INFO - [2025-09-04T11:54:05.815+0000] {dagbag.py:545} INFO - Filling up the DagBag from /home/airflow/.local/lib/python3.12/site-packages/airflow/example_dags/example_datasets.py
[2025-09-04T11:54:05.837+0000] {processor.py:840} INFO - DAG(s) 'dataset_consumes_unknown_never_scheduled', 'dataset_consumes_1_and_2', 'conditional_dataset_and_time_based_timetable', 'consume_1_or_both_2_and_3_with_dataset_expressions', 'consume_1_and_2_with_dataset_expressions', 'dataset_produces_2', 'dataset_consumes_1_never_scheduled', 'dataset_produces_1', 'consume_1_or_2_with_dataset_expressions', 'dataset_consumes_1' retrieved from /home/airflow/.local/lib/python3.12/site-packages/airflow/example_dags/example_datasets.py
[2025-09-04T11:54:05.902+0000] {logging_mixin.py:188} INFO - [2025-09-04T11:54:05.901+0000] {dag.py:3096} INFO - Sync 10 DAGs
[2025-09-04T11:54:05.933+0000] {logging_mixin.py:188} INFO - [2025-09-04T11:54:05.933+0000] {dag.py:3954} INFO - Setting next_dagrun for conditional_dataset_and_time_based_timetable to 2025-09-03 01:00:00+00:00, run_after=2025-09-03 01:00:00+00:00
[2025-09-04T11:54:05.940+0000] {logging_mixin.py:188} INFO - [2025-09-04T11:54:05.940+0000] {dag.py:3954} INFO - Setting next_dagrun for consume_1_and_2_with_dataset_expressions to None, run_after=None
[2025-09-04T11:54:05.944+0000] {logging_mixin.py:188} INFO - [2025-09-04T11:54:05.943+0000] {dag.py:3954} INFO - Setting next_dagrun for consume_1_or_2_with_dataset_expressions to None, run_after=None
[2025-09-04T11:54:05.946+0000] {logging_mixin.py:188} INFO - [2025-09-04T11:54:05.945+0000] {dag.py:3954} INFO - Setting next_dagrun for consume_1_or_both_2_and_3_with_dataset_expressions to None, run_after=None
[2025-09-04T11:54:05.947+0000] {logging_mixin.py:188} INFO - [2025-09-04T11:54:05.947+0000] {dag.py:3954} INFO - Setting next_dagrun for dataset_consumes_1 to None, run_after=None
[2025-09-04T11:54:05.949+0000] {logging_mixin.py:188} INFO - [2025-09-04T11:54:05.949+0000] {dag.py:3954} INFO - Setting next_dagrun for dataset_consumes_1_and_2 to None, run_after=None
[2025-09-04T11:54:05.951+0000] {logging_mixin.py:188} INFO - [2025-09-04T11:54:05.951+0000] {dag.py:3954} INFO - Setting next_dagrun for dataset_consumes_1_never_scheduled to None, run_after=None
[2025-09-04T11:54:05.952+0000] {logging_mixin.py:188} INFO - [2025-09-04T11:54:05.952+0000] {dag.py:3954} INFO - Setting next_dagrun for dataset_consumes_unknown_never_scheduled to None, run_after=None
[2025-09-04T11:54:05.954+0000] {logging_mixin.py:188} INFO - [2025-09-04T11:54:05.954+0000] {dag.py:3954} INFO - Setting next_dagrun for dataset_produces_1 to 2025-09-03 00:00:00+00:00, run_after=2025-09-04 00:00:00+00:00
[2025-09-04T11:54:05.955+0000] {logging_mixin.py:188} INFO - [2025-09-04T11:54:05.955+0000] {dag.py:3954} INFO - Setting next_dagrun for dataset_produces_2 to None, run_after=None
[2025-09-04T11:54:05.986+0000] {processor.py:183} INFO - Processing /home/airflow/.local/lib/python3.12/site-packages/airflow/example_dags/example_datasets.py took 0.185 seconds
[2025-09-04T11:54:36.089+0000] {processor.py:161} INFO - Started process (PID=584) to work on /home/airflow/.local/lib/python3.12/site-packages/airflow/example_dags/example_datasets.py
[2025-09-04T11:54:36.090+0000] {processor.py:830} INFO - Processing file /home/airflow/.local/lib/python3.12/site-packages/airflow/example_dags/example_datasets.py for tasks to queue
[2025-09-04T11:54:36.092+0000] {logging_mixin.py:188} INFO - [2025-09-04T11:54:36.092+0000] {dagbag.py:545} INFO - Filling up the DagBag from /home/airflow/.local/lib/python3.12/site-packages/airflow/example_dags/example_datasets.py
[2025-09-04T11:54:36.104+0000] {processor.py:840} INFO - DAG(s) 'dataset_consumes_1', 'conditional_dataset_and_time_based_timetable', 'consume_1_and_2_with_dataset_expressions', 'consume_1_or_both_2_and_3_with_dataset_expressions', 'dataset_consumes_1_and_2', 'dataset_consumes_unknown_never_scheduled', 'dataset_produces_1', 'dataset_consumes_1_never_scheduled', 'dataset_produces_2', 'consume_1_or_2_with_dataset_expressions' retrieved from /home/airflow/.local/lib/python3.12/site-packages/airflow/example_dags/example_datasets.py
[2025-09-04T11:54:36.147+0000] {logging_mixin.py:188} INFO - [2025-09-04T11:54:36.147+0000] {dag.py:3096} INFO - Sync 10 DAGs
[2025-09-04T11:54:36.170+0000] {logging_mixin.py:188} INFO - [2025-09-04T11:54:36.170+0000] {dag.py:3954} INFO - Setting next_dagrun for conditional_dataset_and_time_based_timetable to 2025-09-03 01:00:00+00:00, run_after=2025-09-03 01:00:00+00:00
[2025-09-04T11:54:36.175+0000] {logging_mixin.py:188} INFO - [2025-09-04T11:54:36.175+0000] {dag.py:3954} INFO - Setting next_dagrun for consume_1_and_2_with_dataset_expressions to None, run_after=None
[2025-09-04T11:54:36.177+0000] {logging_mixin.py:188} INFO - [2025-09-04T11:54:36.177+0000] {dag.py:3954} INFO - Setting next_dagrun for consume_1_or_2_with_dataset_expressions to None, run_after=None
[2025-09-04T11:54:36.179+0000] {logging_mixin.py:188} INFO - [2025-09-04T11:54:36.179+0000] {dag.py:3954} INFO - Setting next_dagrun for consume_1_or_both_2_and_3_with_dataset_expressions to None, run_after=None
[2025-09-04T11:54:36.181+0000] {logging_mixin.py:188} INFO - [2025-09-04T11:54:36.181+0000] {dag.py:3954} INFO - Setting next_dagrun for dataset_consumes_1 to None, run_after=None
[2025-09-04T11:54:36.183+0000] {logging_mixin.py:188} INFO - [2025-09-04T11:54:36.182+0000] {dag.py:3954} INFO - Setting next_dagrun for dataset_consumes_1_and_2 to None, run_after=None
[2025-09-04T11:54:36.185+0000] {logging_mixin.py:188} INFO - [2025-09-04T11:54:36.184+0000] {dag.py:3954} INFO - Setting next_dagrun for dataset_consumes_1_never_scheduled to None, run_after=None
[2025-09-04T11:54:36.187+0000] {logging_mixin.py:188} INFO - [2025-09-04T11:54:36.186+0000] {dag.py:3954} INFO - Setting next_dagrun for dataset_consumes_unknown_never_scheduled to None, run_after=None
[2025-09-04T11:54:36.189+0000] {logging_mixin.py:188} INFO - [2025-09-04T11:54:36.189+0000] {dag.py:3954} INFO - Setting next_dagrun for dataset_produces_1 to 2025-09-03 00:00:00+00:00, run_after=2025-09-04 00:00:00+00:00
[2025-09-04T11:54:36.191+0000] {logging_mixin.py:188} INFO - [2025-09-04T11:54:36.191+0000] {dag.py:3954} INFO - Setting next_dagrun for dataset_produces_2 to None, run_after=None
[2025-09-04T11:54:36.228+0000] {processor.py:183} INFO - Processing /home/airflow/.local/lib/python3.12/site-packages/airflow/example_dags/example_datasets.py took 0.145 seconds
[2025-09-04T11:55:06.407+0000] {processor.py:161} INFO - Started process (PID=642) to work on /home/airflow/.local/lib/python3.12/site-packages/airflow/example_dags/example_datasets.py
[2025-09-04T11:55:06.408+0000] {processor.py:830} INFO - Processing file /home/airflow/.local/lib/python3.12/site-packages/airflow/example_dags/example_datasets.py for tasks to queue
[2025-09-04T11:55:06.411+0000] {logging_mixin.py:188} INFO - [2025-09-04T11:55:06.410+0000] {dagbag.py:545} INFO - Filling up the DagBag from /home/airflow/.local/lib/python3.12/site-packages/airflow/example_dags/example_datasets.py
[2025-09-04T11:55:06.424+0000] {processor.py:840} INFO - DAG(s) 'consume_1_or_2_with_dataset_expressions', 'dataset_consumes_1_never_scheduled', 'consume_1_or_both_2_and_3_with_dataset_expressions', 'dataset_consumes_unknown_never_scheduled', 'dataset_consumes_1_and_2', 'consume_1_and_2_with_dataset_expressions', 'dataset_consumes_1', 'dataset_produces_1', 'conditional_dataset_and_time_based_timetable', 'dataset_produces_2' retrieved from /home/airflow/.local/lib/python3.12/site-packages/airflow/example_dags/example_datasets.py
[2025-09-04T11:55:06.472+0000] {logging_mixin.py:188} INFO - [2025-09-04T11:55:06.472+0000] {dag.py:3096} INFO - Sync 10 DAGs
[2025-09-04T11:55:06.495+0000] {logging_mixin.py:188} INFO - [2025-09-04T11:55:06.494+0000] {dag.py:3954} INFO - Setting next_dagrun for conditional_dataset_and_time_based_timetable to 2025-09-03 01:00:00+00:00, run_after=2025-09-03 01:00:00+00:00
[2025-09-04T11:55:06.499+0000] {logging_mixin.py:188} INFO - [2025-09-04T11:55:06.499+0000] {dag.py:3954} INFO - Setting next_dagrun for consume_1_and_2_with_dataset_expressions to None, run_after=None
[2025-09-04T11:55:06.501+0000] {logging_mixin.py:188} INFO - [2025-09-04T11:55:06.500+0000] {dag.py:3954} INFO - Setting next_dagrun for consume_1_or_2_with_dataset_expressions to None, run_after=None
[2025-09-04T11:55:06.504+0000] {logging_mixin.py:188} INFO - [2025-09-04T11:55:06.503+0000] {dag.py:3954} INFO - Setting next_dagrun for consume_1_or_both_2_and_3_with_dataset_expressions to None, run_after=None
[2025-09-04T11:55:06.505+0000] {logging_mixin.py:188} INFO - [2025-09-04T11:55:06.505+0000] {dag.py:3954} INFO - Setting next_dagrun for dataset_consumes_1 to None, run_after=None
[2025-09-04T11:55:06.507+0000] {logging_mixin.py:188} INFO - [2025-09-04T11:55:06.507+0000] {dag.py:3954} INFO - Setting next_dagrun for dataset_consumes_1_and_2 to None, run_after=None
[2025-09-04T11:55:06.508+0000] {logging_mixin.py:188} INFO - [2025-09-04T11:55:06.508+0000] {dag.py:3954} INFO - Setting next_dagrun for dataset_consumes_1_never_scheduled to None, run_after=None
[2025-09-04T11:55:06.509+0000] {logging_mixin.py:188} INFO - [2025-09-04T11:55:06.509+0000] {dag.py:3954} INFO - Setting next_dagrun for dataset_consumes_unknown_never_scheduled to None, run_after=None
[2025-09-04T11:55:06.511+0000] {logging_mixin.py:188} INFO - [2025-09-04T11:55:06.511+0000] {dag.py:3954} INFO - Setting next_dagrun for dataset_produces_1 to 2025-09-03 00:00:00+00:00, run_after=2025-09-04 00:00:00+00:00
[2025-09-04T11:55:06.514+0000] {logging_mixin.py:188} INFO - [2025-09-04T11:55:06.514+0000] {dag.py:3954} INFO - Setting next_dagrun for dataset_produces_2 to None, run_after=None
[2025-09-04T11:55:06.548+0000] {processor.py:183} INFO - Processing /home/airflow/.local/lib/python3.12/site-packages/airflow/example_dags/example_datasets.py took 0.147 seconds
[2025-09-04T11:55:36.894+0000] {processor.py:161} INFO - Started process (PID=700) to work on /home/airflow/.local/lib/python3.12/site-packages/airflow/example_dags/example_datasets.py
[2025-09-04T11:55:36.896+0000] {processor.py:830} INFO - Processing file /home/airflow/.local/lib/python3.12/site-packages/airflow/example_dags/example_datasets.py for tasks to queue
[2025-09-04T11:55:36.899+0000] {logging_mixin.py:188} INFO - [2025-09-04T11:55:36.899+0000] {dagbag.py:545} INFO - Filling up the DagBag from /home/airflow/.local/lib/python3.12/site-packages/airflow/example_dags/example_datasets.py
[2025-09-04T11:55:36.910+0000] {processor.py:840} INFO - DAG(s) 'dataset_produces_2', 'consume_1_and_2_with_dataset_expressions', 'consume_1_or_both_2_and_3_with_dataset_expressions', 'dataset_produces_1', 'conditional_dataset_and_time_based_timetable', 'dataset_consumes_unknown_never_scheduled', 'dataset_consumes_1_never_scheduled', 'consume_1_or_2_with_dataset_expressions', 'dataset_consumes_1_and_2', 'dataset_consumes_1' retrieved from /home/airflow/.local/lib/python3.12/site-packages/airflow/example_dags/example_datasets.py
[2025-09-04T11:55:36.950+0000] {logging_mixin.py:188} INFO - [2025-09-04T11:55:36.950+0000] {dag.py:3096} INFO - Sync 10 DAGs
[2025-09-04T11:55:36.973+0000] {logging_mixin.py:188} INFO - [2025-09-04T11:55:36.973+0000] {dag.py:3954} INFO - Setting next_dagrun for conditional_dataset_and_time_based_timetable to 2025-09-03 01:00:00+00:00, run_after=2025-09-03 01:00:00+00:00
[2025-09-04T11:55:36.979+0000] {logging_mixin.py:188} INFO - [2025-09-04T11:55:36.979+0000] {dag.py:3954} INFO - Setting next_dagrun for consume_1_and_2_with_dataset_expressions to None, run_after=None
[2025-09-04T11:55:36.981+0000] {logging_mixin.py:188} INFO - [2025-09-04T11:55:36.981+0000] {dag.py:3954} INFO - Setting next_dagrun for consume_1_or_2_with_dataset_expressions to None, run_after=None
[2025-09-04T11:55:36.983+0000] {logging_mixin.py:188} INFO - [2025-09-04T11:55:36.983+0000] {dag.py:3954} INFO - Setting next_dagrun for consume_1_or_both_2_and_3_with_dataset_expressions to None, run_after=None
[2025-09-04T11:55:36.986+0000] {logging_mixin.py:188} INFO - [2025-09-04T11:55:36.985+0000] {dag.py:3954} INFO - Setting next_dagrun for dataset_consumes_1 to None, run_after=None
[2025-09-04T11:55:36.989+0000] {logging_mixin.py:188} INFO - [2025-09-04T11:55:36.989+0000] {dag.py:3954} INFO - Setting next_dagrun for dataset_consumes_1_and_2 to None, run_after=None
[2025-09-04T11:55:36.992+0000] {logging_mixin.py:188} INFO - [2025-09-04T11:55:36.992+0000] {dag.py:3954} INFO - Setting next_dagrun for dataset_consumes_1_never_scheduled to None, run_after=None
[2025-09-04T11:55:36.997+0000] {logging_mixin.py:188} INFO - [2025-09-04T11:55:36.997+0000] {dag.py:3954} INFO - Setting next_dagrun for dataset_consumes_unknown_never_scheduled to None, run_after=None
[2025-09-04T11:55:37.002+0000] {logging_mixin.py:188} INFO - [2025-09-04T11:55:37.001+0000] {dag.py:3954} INFO - Setting next_dagrun for dataset_produces_1 to 2025-09-03 00:00:00+00:00, run_after=2025-09-04 00:00:00+00:00
[2025-09-04T11:55:37.006+0000] {logging_mixin.py:188} INFO - [2025-09-04T11:55:37.005+0000] {dag.py:3954} INFO - Setting next_dagrun for dataset_produces_2 to None, run_after=None
[2025-09-04T11:55:37.053+0000] {processor.py:183} INFO - Processing /home/airflow/.local/lib/python3.12/site-packages/airflow/example_dags/example_datasets.py took 0.169 seconds
[2025-09-04T11:56:07.488+0000] {processor.py:161} INFO - Started process (PID=758) to work on /home/airflow/.local/lib/python3.12/site-packages/airflow/example_dags/example_datasets.py
[2025-09-04T11:56:07.491+0000] {processor.py:830} INFO - Processing file /home/airflow/.local/lib/python3.12/site-packages/airflow/example_dags/example_datasets.py for tasks to queue
[2025-09-04T11:56:07.496+0000] {logging_mixin.py:188} INFO - [2025-09-04T11:56:07.495+0000] {dagbag.py:545} INFO - Filling up the DagBag from /home/airflow/.local/lib/python3.12/site-packages/airflow/example_dags/example_datasets.py
[2025-09-04T11:56:07.526+0000] {processor.py:840} INFO - DAG(s) 'consume_1_and_2_with_dataset_expressions', 'dataset_consumes_1_and_2', 'dataset_consumes_unknown_never_scheduled', 'dataset_consumes_1', 'dataset_produces_2', 'consume_1_or_2_with_dataset_expressions', 'conditional_dataset_and_time_based_timetable', 'dataset_consumes_1_never_scheduled', 'dataset_produces_1', 'consume_1_or_both_2_and_3_with_dataset_expressions' retrieved from /home/airflow/.local/lib/python3.12/site-packages/airflow/example_dags/example_datasets.py
[2025-09-04T11:56:07.589+0000] {logging_mixin.py:188} INFO - [2025-09-04T11:56:07.589+0000] {dag.py:3096} INFO - Sync 10 DAGs
[2025-09-04T11:56:07.617+0000] {logging_mixin.py:188} INFO - [2025-09-04T11:56:07.617+0000] {dag.py:3954} INFO - Setting next_dagrun for conditional_dataset_and_time_based_timetable to 2025-09-03 01:00:00+00:00, run_after=2025-09-03 01:00:00+00:00
[2025-09-04T11:56:07.623+0000] {logging_mixin.py:188} INFO - [2025-09-04T11:56:07.623+0000] {dag.py:3954} INFO - Setting next_dagrun for consume_1_and_2_with_dataset_expressions to None, run_after=None
[2025-09-04T11:56:07.625+0000] {logging_mixin.py:188} INFO - [2025-09-04T11:56:07.625+0000] {dag.py:3954} INFO - Setting next_dagrun for consume_1_or_2_with_dataset_expressions to None, run_after=None
[2025-09-04T11:56:07.626+0000] {logging_mixin.py:188} INFO - [2025-09-04T11:56:07.626+0000] {dag.py:3954} INFO - Setting next_dagrun for consume_1_or_both_2_and_3_with_dataset_expressions to None, run_after=None
[2025-09-04T11:56:07.629+0000] {logging_mixin.py:188} INFO - [2025-09-04T11:56:07.629+0000] {dag.py:3954} INFO - Setting next_dagrun for dataset_consumes_1 to None, run_after=None
[2025-09-04T11:56:07.631+0000] {logging_mixin.py:188} INFO - [2025-09-04T11:56:07.631+0000] {dag.py:3954} INFO - Setting next_dagrun for dataset_consumes_1_and_2 to None, run_after=None
[2025-09-04T11:56:07.633+0000] {logging_mixin.py:188} INFO - [2025-09-04T11:56:07.633+0000] {dag.py:3954} INFO - Setting next_dagrun for dataset_consumes_1_never_scheduled to None, run_after=None
[2025-09-04T11:56:07.636+0000] {logging_mixin.py:188} INFO - [2025-09-04T11:56:07.636+0000] {dag.py:3954} INFO - Setting next_dagrun for dataset_consumes_unknown_never_scheduled to None, run_after=None
[2025-09-04T11:56:07.640+0000] {logging_mixin.py:188} INFO - [2025-09-04T11:56:07.639+0000] {dag.py:3954} INFO - Setting next_dagrun for dataset_produces_1 to 2025-09-03 00:00:00+00:00, run_after=2025-09-04 00:00:00+00:00
[2025-09-04T11:56:07.642+0000] {logging_mixin.py:188} INFO - [2025-09-04T11:56:07.642+0000] {dag.py:3954} INFO - Setting next_dagrun for dataset_produces_2 to None, run_after=None
[2025-09-04T11:56:07.691+0000] {processor.py:183} INFO - Processing /home/airflow/.local/lib/python3.12/site-packages/airflow/example_dags/example_datasets.py took 0.219 seconds
[2025-09-04T11:56:37.778+0000] {processor.py:161} INFO - Started process (PID=816) to work on /home/airflow/.local/lib/python3.12/site-packages/airflow/example_dags/example_datasets.py
[2025-09-04T11:56:37.780+0000] {processor.py:830} INFO - Processing file /home/airflow/.local/lib/python3.12/site-packages/airflow/example_dags/example_datasets.py for tasks to queue
[2025-09-04T11:56:37.785+0000] {logging_mixin.py:188} INFO - [2025-09-04T11:56:37.784+0000] {dagbag.py:545} INFO - Filling up the DagBag from /home/airflow/.local/lib/python3.12/site-packages/airflow/example_dags/example_datasets.py
[2025-09-04T11:56:37.803+0000] {processor.py:840} INFO - DAG(s) 'consume_1_or_2_with_dataset_expressions', 'conditional_dataset_and_time_based_timetable', 'consume_1_or_both_2_and_3_with_dataset_expressions', 'dataset_consumes_1_and_2', 'consume_1_and_2_with_dataset_expressions', 'dataset_consumes_1_never_scheduled', 'dataset_consumes_unknown_never_scheduled', 'dataset_produces_1', 'dataset_consumes_1', 'dataset_produces_2' retrieved from /home/airflow/.local/lib/python3.12/site-packages/airflow/example_dags/example_datasets.py
[2025-09-04T11:56:37.892+0000] {logging_mixin.py:188} INFO - [2025-09-04T11:56:37.892+0000] {dag.py:3096} INFO - Sync 10 DAGs
[2025-09-04T11:56:37.924+0000] {logging_mixin.py:188} INFO - [2025-09-04T11:56:37.924+0000] {dag.py:3954} INFO - Setting next_dagrun for conditional_dataset_and_time_based_timetable to 2025-09-03 01:00:00+00:00, run_after=2025-09-03 01:00:00+00:00
[2025-09-04T11:56:37.929+0000] {logging_mixin.py:188} INFO - [2025-09-04T11:56:37.928+0000] {dag.py:3954} INFO - Setting next_dagrun for consume_1_and_2_with_dataset_expressions to None, run_after=None
[2025-09-04T11:56:37.931+0000] {logging_mixin.py:188} INFO - [2025-09-04T11:56:37.931+0000] {dag.py:3954} INFO - Setting next_dagrun for consume_1_or_2_with_dataset_expressions to None, run_after=None
[2025-09-04T11:56:37.934+0000] {logging_mixin.py:188} INFO - [2025-09-04T11:56:37.934+0000] {dag.py:3954} INFO - Setting next_dagrun for consume_1_or_both_2_and_3_with_dataset_expressions to None, run_after=None
[2025-09-04T11:56:37.939+0000] {logging_mixin.py:188} INFO - [2025-09-04T11:56:37.938+0000] {dag.py:3954} INFO - Setting next_dagrun for dataset_consumes_1 to None, run_after=None
[2025-09-04T11:56:37.944+0000] {logging_mixin.py:188} INFO - [2025-09-04T11:56:37.943+0000] {dag.py:3954} INFO - Setting next_dagrun for dataset_consumes_1_and_2 to None, run_after=None
[2025-09-04T11:56:37.949+0000] {logging_mixin.py:188} INFO - [2025-09-04T11:56:37.949+0000] {dag.py:3954} INFO - Setting next_dagrun for dataset_consumes_1_never_scheduled to None, run_after=None
[2025-09-04T11:56:37.954+0000] {logging_mixin.py:188} INFO - [2025-09-04T11:56:37.953+0000] {dag.py:3954} INFO - Setting next_dagrun for dataset_consumes_unknown_never_scheduled to None, run_after=None
[2025-09-04T11:56:37.960+0000] {logging_mixin.py:188} INFO - [2025-09-04T11:56:37.959+0000] {dag.py:3954} INFO - Setting next_dagrun for dataset_produces_1 to 2025-09-03 00:00:00+00:00, run_after=2025-09-04 00:00:00+00:00
[2025-09-04T11:56:37.963+0000] {logging_mixin.py:188} INFO - [2025-09-04T11:56:37.962+0000] {dag.py:3954} INFO - Setting next_dagrun for dataset_produces_2 to None, run_after=None
[2025-09-04T11:56:38.009+0000] {processor.py:183} INFO - Processing /home/airflow/.local/lib/python3.12/site-packages/airflow/example_dags/example_datasets.py took 0.240 seconds
[2025-09-04T11:57:08.173+0000] {processor.py:161} INFO - Started process (PID=874) to work on /home/airflow/.local/lib/python3.12/site-packages/airflow/example_dags/example_datasets.py
[2025-09-04T11:57:08.175+0000] {processor.py:830} INFO - Processing file /home/airflow/.local/lib/python3.12/site-packages/airflow/example_dags/example_datasets.py for tasks to queue
[2025-09-04T11:57:08.179+0000] {logging_mixin.py:188} INFO - [2025-09-04T11:57:08.178+0000] {dagbag.py:545} INFO - Filling up the DagBag from /home/airflow/.local/lib/python3.12/site-packages/airflow/example_dags/example_datasets.py
[2025-09-04T11:57:08.197+0000] {processor.py:840} INFO - DAG(s) 'dataset_produces_1', 'dataset_consumes_1', 'dataset_consumes_1_and_2', 'consume_1_or_both_2_and_3_with_dataset_expressions', 'dataset_consumes_1_never_scheduled', 'consume_1_or_2_with_dataset_expressions', 'dataset_consumes_unknown_never_scheduled', 'conditional_dataset_and_time_based_timetable', 'dataset_produces_2', 'consume_1_and_2_with_dataset_expressions' retrieved from /home/airflow/.local/lib/python3.12/site-packages/airflow/example_dags/example_datasets.py
[2025-09-04T11:57:08.254+0000] {logging_mixin.py:188} INFO - [2025-09-04T11:57:08.254+0000] {dag.py:3096} INFO - Sync 10 DAGs
[2025-09-04T11:57:08.304+0000] {logging_mixin.py:188} INFO - [2025-09-04T11:57:08.303+0000] {dag.py:3954} INFO - Setting next_dagrun for conditional_dataset_and_time_based_timetable to 2025-09-03 01:00:00+00:00, run_after=2025-09-03 01:00:00+00:00
[2025-09-04T11:57:08.314+0000] {logging_mixin.py:188} INFO - [2025-09-04T11:57:08.313+0000] {dag.py:3954} INFO - Setting next_dagrun for consume_1_and_2_with_dataset_expressions to None, run_after=None
[2025-09-04T11:57:08.317+0000] {logging_mixin.py:188} INFO - [2025-09-04T11:57:08.317+0000] {dag.py:3954} INFO - Setting next_dagrun for consume_1_or_2_with_dataset_expressions to None, run_after=None
[2025-09-04T11:57:08.319+0000] {logging_mixin.py:188} INFO - [2025-09-04T11:57:08.319+0000] {dag.py:3954} INFO - Setting next_dagrun for consume_1_or_both_2_and_3_with_dataset_expressions to None, run_after=None
[2025-09-04T11:57:08.324+0000] {logging_mixin.py:188} INFO - [2025-09-04T11:57:08.323+0000] {dag.py:3954} INFO - Setting next_dagrun for dataset_consumes_1 to None, run_after=None
[2025-09-04T11:57:08.329+0000] {logging_mixin.py:188} INFO - [2025-09-04T11:57:08.329+0000] {dag.py:3954} INFO - Setting next_dagrun for dataset_consumes_1_and_2 to None, run_after=None
[2025-09-04T11:57:08.332+0000] {logging_mixin.py:188} INFO - [2025-09-04T11:57:08.331+0000] {dag.py:3954} INFO - Setting next_dagrun for dataset_consumes_1_never_scheduled to None, run_after=None
[2025-09-04T11:57:08.333+0000] {logging_mixin.py:188} INFO - [2025-09-04T11:57:08.333+0000] {dag.py:3954} INFO - Setting next_dagrun for dataset_consumes_unknown_never_scheduled to None, run_after=None
[2025-09-04T11:57:08.337+0000] {logging_mixin.py:188} INFO - [2025-09-04T11:57:08.336+0000] {dag.py:3954} INFO - Setting next_dagrun for dataset_produces_1 to 2025-09-03 00:00:00+00:00, run_after=2025-09-04 00:00:00+00:00
[2025-09-04T11:57:08.338+0000] {logging_mixin.py:188} INFO - [2025-09-04T11:57:08.338+0000] {dag.py:3954} INFO - Setting next_dagrun for dataset_produces_2 to None, run_after=None
[2025-09-04T11:57:08.379+0000] {processor.py:183} INFO - Processing /home/airflow/.local/lib/python3.12/site-packages/airflow/example_dags/example_datasets.py took 0.217 seconds
[2025-09-04T11:57:38.622+0000] {processor.py:161} INFO - Started process (PID=933) to work on /home/airflow/.local/lib/python3.12/site-packages/airflow/example_dags/example_datasets.py
[2025-09-04T11:57:38.623+0000] {processor.py:830} INFO - Processing file /home/airflow/.local/lib/python3.12/site-packages/airflow/example_dags/example_datasets.py for tasks to queue
[2025-09-04T11:57:38.625+0000] {logging_mixin.py:188} INFO - [2025-09-04T11:57:38.625+0000] {dagbag.py:545} INFO - Filling up the DagBag from /home/airflow/.local/lib/python3.12/site-packages/airflow/example_dags/example_datasets.py
[2025-09-04T11:57:38.637+0000] {processor.py:840} INFO - DAG(s) 'dataset_consumes_1', 'consume_1_or_2_with_dataset_expressions', 'consume_1_or_both_2_and_3_with_dataset_expressions', 'dataset_consumes_unknown_never_scheduled', 'dataset_consumes_1_and_2', 'dataset_consumes_1_never_scheduled', 'dataset_produces_1', 'dataset_produces_2', 'consume_1_and_2_with_dataset_expressions', 'conditional_dataset_and_time_based_timetable' retrieved from /home/airflow/.local/lib/python3.12/site-packages/airflow/example_dags/example_datasets.py
[2025-09-04T11:57:38.692+0000] {logging_mixin.py:188} INFO - [2025-09-04T11:57:38.692+0000] {dag.py:3096} INFO - Sync 10 DAGs
[2025-09-04T11:57:38.723+0000] {logging_mixin.py:188} INFO - [2025-09-04T11:57:38.722+0000] {dag.py:3954} INFO - Setting next_dagrun for conditional_dataset_and_time_based_timetable to 2025-09-03 01:00:00+00:00, run_after=2025-09-03 01:00:00+00:00
[2025-09-04T11:57:38.731+0000] {logging_mixin.py:188} INFO - [2025-09-04T11:57:38.731+0000] {dag.py:3954} INFO - Setting next_dagrun for consume_1_and_2_with_dataset_expressions to None, run_after=None
[2025-09-04T11:57:38.733+0000] {logging_mixin.py:188} INFO - [2025-09-04T11:57:38.733+0000] {dag.py:3954} INFO - Setting next_dagrun for consume_1_or_2_with_dataset_expressions to None, run_after=None
[2025-09-04T11:57:38.736+0000] {logging_mixin.py:188} INFO - [2025-09-04T11:57:38.736+0000] {dag.py:3954} INFO - Setting next_dagrun for consume_1_or_both_2_and_3_with_dataset_expressions to None, run_after=None
[2025-09-04T11:57:38.738+0000] {logging_mixin.py:188} INFO - [2025-09-04T11:57:38.738+0000] {dag.py:3954} INFO - Setting next_dagrun for dataset_consumes_1 to None, run_after=None
[2025-09-04T11:57:38.741+0000] {logging_mixin.py:188} INFO - [2025-09-04T11:57:38.740+0000] {dag.py:3954} INFO - Setting next_dagrun for dataset_consumes_1_and_2 to None, run_after=None
[2025-09-04T11:57:38.744+0000] {logging_mixin.py:188} INFO - [2025-09-04T11:57:38.743+0000] {dag.py:3954} INFO - Setting next_dagrun for dataset_consumes_1_never_scheduled to None, run_after=None
[2025-09-04T11:57:38.745+0000] {logging_mixin.py:188} INFO - [2025-09-04T11:57:38.745+0000] {dag.py:3954} INFO - Setting next_dagrun for dataset_consumes_unknown_never_scheduled to None, run_after=None
[2025-09-04T11:57:38.748+0000] {logging_mixin.py:188} INFO - [2025-09-04T11:57:38.748+0000] {dag.py:3954} INFO - Setting next_dagrun for dataset_produces_1 to 2025-09-03 00:00:00+00:00, run_after=2025-09-04 00:00:00+00:00
[2025-09-04T11:57:38.750+0000] {logging_mixin.py:188} INFO - [2025-09-04T11:57:38.750+0000] {dag.py:3954} INFO - Setting next_dagrun for dataset_produces_2 to None, run_after=None
[2025-09-04T11:57:38.783+0000] {processor.py:183} INFO - Processing /home/airflow/.local/lib/python3.12/site-packages/airflow/example_dags/example_datasets.py took 0.166 seconds
[2025-09-04T11:58:08.937+0000] {processor.py:161} INFO - Started process (PID=991) to work on /home/airflow/.local/lib/python3.12/site-packages/airflow/example_dags/example_datasets.py
[2025-09-04T11:58:08.940+0000] {processor.py:830} INFO - Processing file /home/airflow/.local/lib/python3.12/site-packages/airflow/example_dags/example_datasets.py for tasks to queue
[2025-09-04T11:58:08.942+0000] {logging_mixin.py:188} INFO - [2025-09-04T11:58:08.942+0000] {dagbag.py:545} INFO - Filling up the DagBag from /home/airflow/.local/lib/python3.12/site-packages/airflow/example_dags/example_datasets.py
[2025-09-04T11:58:08.969+0000] {processor.py:840} INFO - DAG(s) 'dataset_consumes_1_and_2', 'consume_1_or_both_2_and_3_with_dataset_expressions', 'dataset_produces_1', 'conditional_dataset_and_time_based_timetable', 'consume_1_or_2_with_dataset_expressions', 'dataset_consumes_unknown_never_scheduled', 'consume_1_and_2_with_dataset_expressions', 'dataset_consumes_1', 'dataset_produces_2', 'dataset_consumes_1_never_scheduled' retrieved from /home/airflow/.local/lib/python3.12/site-packages/airflow/example_dags/example_datasets.py
[2025-09-04T11:58:09.034+0000] {logging_mixin.py:188} INFO - [2025-09-04T11:58:09.034+0000] {dag.py:3096} INFO - Sync 10 DAGs
[2025-09-04T11:58:09.060+0000] {logging_mixin.py:188} INFO - [2025-09-04T11:58:09.060+0000] {dag.py:3954} INFO - Setting next_dagrun for conditional_dataset_and_time_based_timetable to 2025-09-03 01:00:00+00:00, run_after=2025-09-03 01:00:00+00:00
[2025-09-04T11:58:09.067+0000] {logging_mixin.py:188} INFO - [2025-09-04T11:58:09.066+0000] {dag.py:3954} INFO - Setting next_dagrun for consume_1_and_2_with_dataset_expressions to None, run_after=None
[2025-09-04T11:58:09.068+0000] {logging_mixin.py:188} INFO - [2025-09-04T11:58:09.068+0000] {dag.py:3954} INFO - Setting next_dagrun for consume_1_or_2_with_dataset_expressions to None, run_after=None
[2025-09-04T11:58:09.072+0000] {logging_mixin.py:188} INFO - [2025-09-04T11:58:09.071+0000] {dag.py:3954} INFO - Setting next_dagrun for consume_1_or_both_2_and_3_with_dataset_expressions to None, run_after=None
[2025-09-04T11:58:09.074+0000] {logging_mixin.py:188} INFO - [2025-09-04T11:58:09.074+0000] {dag.py:3954} INFO - Setting next_dagrun for dataset_consumes_1 to None, run_after=None
[2025-09-04T11:58:09.075+0000] {logging_mixin.py:188} INFO - [2025-09-04T11:58:09.075+0000] {dag.py:3954} INFO - Setting next_dagrun for dataset_consumes_1_and_2 to None, run_after=None
[2025-09-04T11:58:09.078+0000] {logging_mixin.py:188} INFO - [2025-09-04T11:58:09.077+0000] {dag.py:3954} INFO - Setting next_dagrun for dataset_consumes_1_never_scheduled to None, run_after=None
[2025-09-04T11:58:09.081+0000] {logging_mixin.py:188} INFO - [2025-09-04T11:58:09.081+0000] {dag.py:3954} INFO - Setting next_dagrun for dataset_consumes_unknown_never_scheduled to None, run_after=None
[2025-09-04T11:58:09.086+0000] {logging_mixin.py:188} INFO - [2025-09-04T11:58:09.086+0000] {dag.py:3954} INFO - Setting next_dagrun for dataset_produces_1 to 2025-09-03 00:00:00+00:00, run_after=2025-09-04 00:00:00+00:00
[2025-09-04T11:58:09.090+0000] {logging_mixin.py:188} INFO - [2025-09-04T11:58:09.089+0000] {dag.py:3954} INFO - Setting next_dagrun for dataset_produces_2 to None, run_after=None
[2025-09-04T11:58:09.130+0000] {processor.py:183} INFO - Processing /home/airflow/.local/lib/python3.12/site-packages/airflow/example_dags/example_datasets.py took 0.201 seconds
[2025-09-04T11:58:39.170+0000] {processor.py:161} INFO - Started process (PID=1049) to work on /home/airflow/.local/lib/python3.12/site-packages/airflow/example_dags/example_datasets.py
[2025-09-04T11:58:39.172+0000] {processor.py:830} INFO - Processing file /home/airflow/.local/lib/python3.12/site-packages/airflow/example_dags/example_datasets.py for tasks to queue
[2025-09-04T11:58:39.174+0000] {logging_mixin.py:188} INFO - [2025-09-04T11:58:39.174+0000] {dagbag.py:545} INFO - Filling up the DagBag from /home/airflow/.local/lib/python3.12/site-packages/airflow/example_dags/example_datasets.py
[2025-09-04T11:58:39.186+0000] {processor.py:840} INFO - DAG(s) 'dataset_consumes_unknown_never_scheduled', 'consume_1_or_both_2_and_3_with_dataset_expressions', 'dataset_consumes_1_and_2', 'consume_1_or_2_with_dataset_expressions', 'conditional_dataset_and_time_based_timetable', 'dataset_produces_2', 'dataset_produces_1', 'dataset_consumes_1', 'consume_1_and_2_with_dataset_expressions', 'dataset_consumes_1_never_scheduled' retrieved from /home/airflow/.local/lib/python3.12/site-packages/airflow/example_dags/example_datasets.py
[2025-09-04T11:58:39.223+0000] {logging_mixin.py:188} INFO - [2025-09-04T11:58:39.222+0000] {dag.py:3096} INFO - Sync 10 DAGs
[2025-09-04T11:58:39.243+0000] {logging_mixin.py:188} INFO - [2025-09-04T11:58:39.243+0000] {dag.py:3954} INFO - Setting next_dagrun for conditional_dataset_and_time_based_timetable to 2025-09-03 01:00:00+00:00, run_after=2025-09-03 01:00:00+00:00
[2025-09-04T11:58:39.247+0000] {logging_mixin.py:188} INFO - [2025-09-04T11:58:39.247+0000] {dag.py:3954} INFO - Setting next_dagrun for consume_1_and_2_with_dataset_expressions to None, run_after=None
[2025-09-04T11:58:39.249+0000] {logging_mixin.py:188} INFO - [2025-09-04T11:58:39.249+0000] {dag.py:3954} INFO - Setting next_dagrun for consume_1_or_2_with_dataset_expressions to None, run_after=None
[2025-09-04T11:58:39.253+0000] {logging_mixin.py:188} INFO - [2025-09-04T11:58:39.252+0000] {dag.py:3954} INFO - Setting next_dagrun for consume_1_or_both_2_and_3_with_dataset_expressions to None, run_after=None
[2025-09-04T11:58:39.254+0000] {logging_mixin.py:188} INFO - [2025-09-04T11:58:39.254+0000] {dag.py:3954} INFO - Setting next_dagrun for dataset_consumes_1 to None, run_after=None
[2025-09-04T11:58:39.257+0000] {logging_mixin.py:188} INFO - [2025-09-04T11:58:39.256+0000] {dag.py:3954} INFO - Setting next_dagrun for dataset_consumes_1_and_2 to None, run_after=None
[2025-09-04T11:58:39.260+0000] {logging_mixin.py:188} INFO - [2025-09-04T11:58:39.260+0000] {dag.py:3954} INFO - Setting next_dagrun for dataset_consumes_1_never_scheduled to None, run_after=None
[2025-09-04T11:58:39.262+0000] {logging_mixin.py:188} INFO - [2025-09-04T11:58:39.262+0000] {dag.py:3954} INFO - Setting next_dagrun for dataset_consumes_unknown_never_scheduled to None, run_after=None
[2025-09-04T11:58:39.265+0000] {logging_mixin.py:188} INFO - [2025-09-04T11:58:39.264+0000] {dag.py:3954} INFO - Setting next_dagrun for dataset_produces_1 to 2025-09-03 00:00:00+00:00, run_after=2025-09-04 00:00:00+00:00
[2025-09-04T11:58:39.267+0000] {logging_mixin.py:188} INFO - [2025-09-04T11:58:39.267+0000] {dag.py:3954} INFO - Setting next_dagrun for dataset_produces_2 to None, run_after=None
[2025-09-04T11:58:39.296+0000] {processor.py:183} INFO - Processing /home/airflow/.local/lib/python3.12/site-packages/airflow/example_dags/example_datasets.py took 0.130 seconds
[2025-09-04T11:59:09.773+0000] {processor.py:161} INFO - Started process (PID=1107) to work on /home/airflow/.local/lib/python3.12/site-packages/airflow/example_dags/example_datasets.py
[2025-09-04T11:59:09.775+0000] {processor.py:830} INFO - Processing file /home/airflow/.local/lib/python3.12/site-packages/airflow/example_dags/example_datasets.py for tasks to queue
[2025-09-04T11:59:09.777+0000] {logging_mixin.py:188} INFO - [2025-09-04T11:59:09.777+0000] {dagbag.py:545} INFO - Filling up the DagBag from /home/airflow/.local/lib/python3.12/site-packages/airflow/example_dags/example_datasets.py
[2025-09-04T11:59:09.793+0000] {processor.py:840} INFO - DAG(s) 'dataset_consumes_unknown_never_scheduled', 'consume_1_and_2_with_dataset_expressions', 'dataset_consumes_1_never_scheduled', 'dataset_consumes_1_and_2', 'dataset_produces_2', 'conditional_dataset_and_time_based_timetable', 'dataset_consumes_1', 'consume_1_or_both_2_and_3_with_dataset_expressions', 'dataset_produces_1', 'consume_1_or_2_with_dataset_expressions' retrieved from /home/airflow/.local/lib/python3.12/site-packages/airflow/example_dags/example_datasets.py
[2025-09-04T11:59:09.843+0000] {logging_mixin.py:188} INFO - [2025-09-04T11:59:09.843+0000] {dag.py:3096} INFO - Sync 10 DAGs
[2025-09-04T11:59:09.868+0000] {logging_mixin.py:188} INFO - [2025-09-04T11:59:09.868+0000] {dag.py:3954} INFO - Setting next_dagrun for conditional_dataset_and_time_based_timetable to 2025-09-03 01:00:00+00:00, run_after=2025-09-03 01:00:00+00:00
[2025-09-04T11:59:09.872+0000] {logging_mixin.py:188} INFO - [2025-09-04T11:59:09.872+0000] {dag.py:3954} INFO - Setting next_dagrun for consume_1_and_2_with_dataset_expressions to None, run_after=None
[2025-09-04T11:59:09.875+0000] {logging_mixin.py:188} INFO - [2025-09-04T11:59:09.875+0000] {dag.py:3954} INFO - Setting next_dagrun for consume_1_or_2_with_dataset_expressions to None, run_after=None
[2025-09-04T11:59:09.877+0000] {logging_mixin.py:188} INFO - [2025-09-04T11:59:09.876+0000] {dag.py:3954} INFO - Setting next_dagrun for consume_1_or_both_2_and_3_with_dataset_expressions to None, run_after=None
[2025-09-04T11:59:09.878+0000] {logging_mixin.py:188} INFO - [2025-09-04T11:59:09.878+0000] {dag.py:3954} INFO - Setting next_dagrun for dataset_consumes_1 to None, run_after=None
[2025-09-04T11:59:09.880+0000] {logging_mixin.py:188} INFO - [2025-09-04T11:59:09.880+0000] {dag.py:3954} INFO - Setting next_dagrun for dataset_consumes_1_and_2 to None, run_after=None
[2025-09-04T11:59:09.882+0000] {logging_mixin.py:188} INFO - [2025-09-04T11:59:09.882+0000] {dag.py:3954} INFO - Setting next_dagrun for dataset_consumes_1_never_scheduled to None, run_after=None
[2025-09-04T11:59:09.884+0000] {logging_mixin.py:188} INFO - [2025-09-04T11:59:09.884+0000] {dag.py:3954} INFO - Setting next_dagrun for dataset_consumes_unknown_never_scheduled to None, run_after=None
[2025-09-04T11:59:09.888+0000] {logging_mixin.py:188} INFO - [2025-09-04T11:59:09.887+0000] {dag.py:3954} INFO - Setting next_dagrun for dataset_produces_1 to 2025-09-03 00:00:00+00:00, run_after=2025-09-04 00:00:00+00:00
[2025-09-04T11:59:09.890+0000] {logging_mixin.py:188} INFO - [2025-09-04T11:59:09.890+0000] {dag.py:3954} INFO - Setting next_dagrun for dataset_produces_2 to None, run_after=None
[2025-09-04T11:59:09.923+0000] {processor.py:183} INFO - Processing /home/airflow/.local/lib/python3.12/site-packages/airflow/example_dags/example_datasets.py took 0.154 seconds
[2025-09-04T11:59:40.265+0000] {processor.py:161} INFO - Started process (PID=1165) to work on /home/airflow/.local/lib/python3.12/site-packages/airflow/example_dags/example_datasets.py
[2025-09-04T11:59:40.267+0000] {processor.py:830} INFO - Processing file /home/airflow/.local/lib/python3.12/site-packages/airflow/example_dags/example_datasets.py for tasks to queue
[2025-09-04T11:59:40.269+0000] {logging_mixin.py:188} INFO - [2025-09-04T11:59:40.269+0000] {dagbag.py:545} INFO - Filling up the DagBag from /home/airflow/.local/lib/python3.12/site-packages/airflow/example_dags/example_datasets.py
[2025-09-04T11:59:40.280+0000] {processor.py:840} INFO - DAG(s) 'dataset_consumes_unknown_never_scheduled', 'conditional_dataset_and_time_based_timetable', 'dataset_consumes_1_never_scheduled', 'dataset_produces_1', 'consume_1_or_2_with_dataset_expressions', 'consume_1_or_both_2_and_3_with_dataset_expressions', 'consume_1_and_2_with_dataset_expressions', 'dataset_produces_2', 'dataset_consumes_1_and_2', 'dataset_consumes_1' retrieved from /home/airflow/.local/lib/python3.12/site-packages/airflow/example_dags/example_datasets.py
[2025-09-04T11:59:40.322+0000] {logging_mixin.py:188} INFO - [2025-09-04T11:59:40.322+0000] {dag.py:3096} INFO - Sync 10 DAGs
[2025-09-04T11:59:40.348+0000] {logging_mixin.py:188} INFO - [2025-09-04T11:59:40.347+0000] {dag.py:3954} INFO - Setting next_dagrun for conditional_dataset_and_time_based_timetable to 2025-09-03 01:00:00+00:00, run_after=2025-09-03 01:00:00+00:00
[2025-09-04T11:59:40.351+0000] {logging_mixin.py:188} INFO - [2025-09-04T11:59:40.351+0000] {dag.py:3954} INFO - Setting next_dagrun for consume_1_and_2_with_dataset_expressions to None, run_after=None
[2025-09-04T11:59:40.354+0000] {logging_mixin.py:188} INFO - [2025-09-04T11:59:40.353+0000] {dag.py:3954} INFO - Setting next_dagrun for consume_1_or_2_with_dataset_expressions to None, run_after=None
[2025-09-04T11:59:40.356+0000] {logging_mixin.py:188} INFO - [2025-09-04T11:59:40.356+0000] {dag.py:3954} INFO - Setting next_dagrun for consume_1_or_both_2_and_3_with_dataset_expressions to None, run_after=None
[2025-09-04T11:59:40.357+0000] {logging_mixin.py:188} INFO - [2025-09-04T11:59:40.357+0000] {dag.py:3954} INFO - Setting next_dagrun for dataset_consumes_1 to None, run_after=None
[2025-09-04T11:59:40.359+0000] {logging_mixin.py:188} INFO - [2025-09-04T11:59:40.359+0000] {dag.py:3954} INFO - Setting next_dagrun for dataset_consumes_1_and_2 to None, run_after=None
[2025-09-04T11:59:40.363+0000] {logging_mixin.py:188} INFO - [2025-09-04T11:59:40.362+0000] {dag.py:3954} INFO - Setting next_dagrun for dataset_consumes_1_never_scheduled to None, run_after=None
[2025-09-04T11:59:40.364+0000] {logging_mixin.py:188} INFO - [2025-09-04T11:59:40.364+0000] {dag.py:3954} INFO - Setting next_dagrun for dataset_consumes_unknown_never_scheduled to None, run_after=None
[2025-09-04T11:59:40.366+0000] {logging_mixin.py:188} INFO - [2025-09-04T11:59:40.366+0000] {dag.py:3954} INFO - Setting next_dagrun for dataset_produces_1 to 2025-09-03 00:00:00+00:00, run_after=2025-09-04 00:00:00+00:00
[2025-09-04T11:59:40.368+0000] {logging_mixin.py:188} INFO - [2025-09-04T11:59:40.368+0000] {dag.py:3954} INFO - Setting next_dagrun for dataset_produces_2 to None, run_after=None
[2025-09-04T11:59:40.396+0000] {processor.py:183} INFO - Processing /home/airflow/.local/lib/python3.12/site-packages/airflow/example_dags/example_datasets.py took 0.136 seconds
[2025-09-04T12:01:29.832+0000] {processor.py:161} INFO - Started process (PID=52) to work on /home/airflow/.local/lib/python3.12/site-packages/airflow/example_dags/example_datasets.py
[2025-09-04T12:01:29.834+0000] {processor.py:830} INFO - Processing file /home/airflow/.local/lib/python3.12/site-packages/airflow/example_dags/example_datasets.py for tasks to queue
[2025-09-04T12:01:29.836+0000] {logging_mixin.py:188} INFO - [2025-09-04T12:01:29.836+0000] {dagbag.py:545} INFO - Filling up the DagBag from /home/airflow/.local/lib/python3.12/site-packages/airflow/example_dags/example_datasets.py
[2025-09-04T12:01:29.858+0000] {processor.py:840} INFO - DAG(s) 'consume_1_or_both_2_and_3_with_dataset_expressions', 'consume_1_or_2_with_dataset_expressions', 'dataset_produces_1', 'dataset_consumes_1', 'dataset_consumes_1_and_2', 'consume_1_and_2_with_dataset_expressions', 'dataset_consumes_unknown_never_scheduled', 'dataset_produces_2', 'conditional_dataset_and_time_based_timetable', 'dataset_consumes_1_never_scheduled' retrieved from /home/airflow/.local/lib/python3.12/site-packages/airflow/example_dags/example_datasets.py
[2025-09-04T12:01:30.188+0000] {logging_mixin.py:188} INFO - [2025-09-04T12:01:30.188+0000] {dag.py:3096} INFO - Sync 10 DAGs
[2025-09-04T12:01:30.214+0000] {logging_mixin.py:188} INFO - [2025-09-04T12:01:30.214+0000] {dag.py:3954} INFO - Setting next_dagrun for conditional_dataset_and_time_based_timetable to 2025-09-03 01:00:00+00:00, run_after=2025-09-03 01:00:00+00:00
[2025-09-04T12:01:30.220+0000] {logging_mixin.py:188} INFO - [2025-09-04T12:01:30.220+0000] {dag.py:3954} INFO - Setting next_dagrun for consume_1_and_2_with_dataset_expressions to None, run_after=None
[2025-09-04T12:01:30.222+0000] {logging_mixin.py:188} INFO - [2025-09-04T12:01:30.222+0000] {dag.py:3954} INFO - Setting next_dagrun for consume_1_or_2_with_dataset_expressions to None, run_after=None
[2025-09-04T12:01:30.223+0000] {logging_mixin.py:188} INFO - [2025-09-04T12:01:30.223+0000] {dag.py:3954} INFO - Setting next_dagrun for consume_1_or_both_2_and_3_with_dataset_expressions to None, run_after=None
[2025-09-04T12:01:30.225+0000] {logging_mixin.py:188} INFO - [2025-09-04T12:01:30.224+0000] {dag.py:3954} INFO - Setting next_dagrun for dataset_consumes_1 to None, run_after=None
[2025-09-04T12:01:30.227+0000] {logging_mixin.py:188} INFO - [2025-09-04T12:01:30.226+0000] {dag.py:3954} INFO - Setting next_dagrun for dataset_consumes_1_and_2 to None, run_after=None
[2025-09-04T12:01:30.228+0000] {logging_mixin.py:188} INFO - [2025-09-04T12:01:30.228+0000] {dag.py:3954} INFO - Setting next_dagrun for dataset_consumes_1_never_scheduled to None, run_after=None
[2025-09-04T12:01:30.230+0000] {logging_mixin.py:188} INFO - [2025-09-04T12:01:30.230+0000] {dag.py:3954} INFO - Setting next_dagrun for dataset_consumes_unknown_never_scheduled to None, run_after=None
[2025-09-04T12:01:30.233+0000] {logging_mixin.py:188} INFO - [2025-09-04T12:01:30.232+0000] {dag.py:3954} INFO - Setting next_dagrun for dataset_produces_1 to 2025-09-03 00:00:00+00:00, run_after=2025-09-04 00:00:00+00:00
[2025-09-04T12:01:30.234+0000] {logging_mixin.py:188} INFO - [2025-09-04T12:01:30.234+0000] {dag.py:3954} INFO - Setting next_dagrun for dataset_produces_2 to None, run_after=None
[2025-09-04T12:01:30.268+0000] {processor.py:183} INFO - Processing /home/airflow/.local/lib/python3.12/site-packages/airflow/example_dags/example_datasets.py took 0.445 seconds
[2025-09-04T12:02:00.407+0000] {processor.py:161} INFO - Started process (PID=111) to work on /home/airflow/.local/lib/python3.12/site-packages/airflow/example_dags/example_datasets.py
[2025-09-04T12:02:00.409+0000] {processor.py:830} INFO - Processing file /home/airflow/.local/lib/python3.12/site-packages/airflow/example_dags/example_datasets.py for tasks to queue
[2025-09-04T12:02:00.412+0000] {logging_mixin.py:188} INFO - [2025-09-04T12:02:00.412+0000] {dagbag.py:545} INFO - Filling up the DagBag from /home/airflow/.local/lib/python3.12/site-packages/airflow/example_dags/example_datasets.py
[2025-09-04T12:02:00.433+0000] {processor.py:840} INFO - DAG(s) 'dataset_produces_1', 'consume_1_or_2_with_dataset_expressions', 'dataset_produces_2', 'consume_1_or_both_2_and_3_with_dataset_expressions', 'dataset_consumes_unknown_never_scheduled', 'consume_1_and_2_with_dataset_expressions', 'conditional_dataset_and_time_based_timetable', 'dataset_consumes_1_and_2', 'dataset_consumes_1', 'dataset_consumes_1_never_scheduled' retrieved from /home/airflow/.local/lib/python3.12/site-packages/airflow/example_dags/example_datasets.py
[2025-09-04T12:02:00.472+0000] {logging_mixin.py:188} INFO - [2025-09-04T12:02:00.472+0000] {dag.py:3096} INFO - Sync 10 DAGs
[2025-09-04T12:02:00.492+0000] {logging_mixin.py:188} INFO - [2025-09-04T12:02:00.492+0000] {dag.py:3954} INFO - Setting next_dagrun for conditional_dataset_and_time_based_timetable to 2025-09-03 01:00:00+00:00, run_after=2025-09-03 01:00:00+00:00
[2025-09-04T12:02:00.496+0000] {logging_mixin.py:188} INFO - [2025-09-04T12:02:00.495+0000] {dag.py:3954} INFO - Setting next_dagrun for consume_1_and_2_with_dataset_expressions to None, run_after=None
[2025-09-04T12:02:00.502+0000] {logging_mixin.py:188} INFO - [2025-09-04T12:02:00.502+0000] {dag.py:3954} INFO - Setting next_dagrun for consume_1_or_2_with_dataset_expressions to None, run_after=None
[2025-09-04T12:02:00.504+0000] {logging_mixin.py:188} INFO - [2025-09-04T12:02:00.504+0000] {dag.py:3954} INFO - Setting next_dagrun for consume_1_or_both_2_and_3_with_dataset_expressions to None, run_after=None
[2025-09-04T12:02:00.507+0000] {logging_mixin.py:188} INFO - [2025-09-04T12:02:00.507+0000] {dag.py:3954} INFO - Setting next_dagrun for dataset_consumes_1 to None, run_after=None
[2025-09-04T12:02:00.509+0000] {logging_mixin.py:188} INFO - [2025-09-04T12:02:00.509+0000] {dag.py:3954} INFO - Setting next_dagrun for dataset_consumes_1_and_2 to None, run_after=None
[2025-09-04T12:02:00.511+0000] {logging_mixin.py:188} INFO - [2025-09-04T12:02:00.511+0000] {dag.py:3954} INFO - Setting next_dagrun for dataset_consumes_1_never_scheduled to None, run_after=None
[2025-09-04T12:02:00.512+0000] {logging_mixin.py:188} INFO - [2025-09-04T12:02:00.512+0000] {dag.py:3954} INFO - Setting next_dagrun for dataset_consumes_unknown_never_scheduled to None, run_after=None
[2025-09-04T12:02:00.515+0000] {logging_mixin.py:188} INFO - [2025-09-04T12:02:00.515+0000] {dag.py:3954} INFO - Setting next_dagrun for dataset_produces_1 to 2025-09-03 00:00:00+00:00, run_after=2025-09-04 00:00:00+00:00
[2025-09-04T12:02:00.518+0000] {logging_mixin.py:188} INFO - [2025-09-04T12:02:00.518+0000] {dag.py:3954} INFO - Setting next_dagrun for dataset_produces_2 to None, run_after=None
[2025-09-04T12:02:00.563+0000] {processor.py:183} INFO - Processing /home/airflow/.local/lib/python3.12/site-packages/airflow/example_dags/example_datasets.py took 0.161 seconds
[2025-09-04T12:02:31.140+0000] {processor.py:161} INFO - Started process (PID=168) to work on /home/airflow/.local/lib/python3.12/site-packages/airflow/example_dags/example_datasets.py
[2025-09-04T12:02:31.141+0000] {processor.py:830} INFO - Processing file /home/airflow/.local/lib/python3.12/site-packages/airflow/example_dags/example_datasets.py for tasks to queue
[2025-09-04T12:02:31.144+0000] {logging_mixin.py:188} INFO - [2025-09-04T12:02:31.143+0000] {dagbag.py:545} INFO - Filling up the DagBag from /home/airflow/.local/lib/python3.12/site-packages/airflow/example_dags/example_datasets.py
[2025-09-04T12:02:31.164+0000] {processor.py:840} INFO - DAG(s) 'consume_1_or_both_2_and_3_with_dataset_expressions', 'dataset_consumes_1', 'dataset_consumes_1_and_2', 'consume_1_and_2_with_dataset_expressions', 'dataset_produces_1', 'consume_1_or_2_with_dataset_expressions', 'dataset_consumes_unknown_never_scheduled', 'conditional_dataset_and_time_based_timetable', 'dataset_produces_2', 'dataset_consumes_1_never_scheduled' retrieved from /home/airflow/.local/lib/python3.12/site-packages/airflow/example_dags/example_datasets.py
[2025-09-04T12:02:31.219+0000] {logging_mixin.py:188} INFO - [2025-09-04T12:02:31.219+0000] {dag.py:3096} INFO - Sync 10 DAGs
[2025-09-04T12:02:31.238+0000] {logging_mixin.py:188} INFO - [2025-09-04T12:02:31.238+0000] {dag.py:3954} INFO - Setting next_dagrun for conditional_dataset_and_time_based_timetable to 2025-09-03 01:00:00+00:00, run_after=2025-09-03 01:00:00+00:00
[2025-09-04T12:02:31.241+0000] {logging_mixin.py:188} INFO - [2025-09-04T12:02:31.241+0000] {dag.py:3954} INFO - Setting next_dagrun for consume_1_and_2_with_dataset_expressions to None, run_after=None
[2025-09-04T12:02:31.242+0000] {logging_mixin.py:188} INFO - [2025-09-04T12:02:31.242+0000] {dag.py:3954} INFO - Setting next_dagrun for consume_1_or_2_with_dataset_expressions to None, run_after=None
[2025-09-04T12:02:31.244+0000] {logging_mixin.py:188} INFO - [2025-09-04T12:02:31.244+0000] {dag.py:3954} INFO - Setting next_dagrun for consume_1_or_both_2_and_3_with_dataset_expressions to None, run_after=None
[2025-09-04T12:02:31.245+0000] {logging_mixin.py:188} INFO - [2025-09-04T12:02:31.245+0000] {dag.py:3954} INFO - Setting next_dagrun for dataset_consumes_1 to None, run_after=None
[2025-09-04T12:02:31.246+0000] {logging_mixin.py:188} INFO - [2025-09-04T12:02:31.246+0000] {dag.py:3954} INFO - Setting next_dagrun for dataset_consumes_1_and_2 to None, run_after=None
[2025-09-04T12:02:31.247+0000] {logging_mixin.py:188} INFO - [2025-09-04T12:02:31.247+0000] {dag.py:3954} INFO - Setting next_dagrun for dataset_consumes_1_never_scheduled to None, run_after=None
[2025-09-04T12:02:31.248+0000] {logging_mixin.py:188} INFO - [2025-09-04T12:02:31.248+0000] {dag.py:3954} INFO - Setting next_dagrun for dataset_consumes_unknown_never_scheduled to None, run_after=None
[2025-09-04T12:02:31.250+0000] {logging_mixin.py:188} INFO - [2025-09-04T12:02:31.250+0000] {dag.py:3954} INFO - Setting next_dagrun for dataset_produces_1 to 2025-09-03 00:00:00+00:00, run_after=2025-09-04 00:00:00+00:00
[2025-09-04T12:02:31.251+0000] {logging_mixin.py:188} INFO - [2025-09-04T12:02:31.251+0000] {dag.py:3954} INFO - Setting next_dagrun for dataset_produces_2 to None, run_after=None
[2025-09-04T12:02:31.273+0000] {processor.py:183} INFO - Processing /home/airflow/.local/lib/python3.12/site-packages/airflow/example_dags/example_datasets.py took 0.137 seconds
[2025-09-04T12:03:01.504+0000] {processor.py:161} INFO - Started process (PID=226) to work on /home/airflow/.local/lib/python3.12/site-packages/airflow/example_dags/example_datasets.py
[2025-09-04T12:03:01.505+0000] {processor.py:830} INFO - Processing file /home/airflow/.local/lib/python3.12/site-packages/airflow/example_dags/example_datasets.py for tasks to queue
[2025-09-04T12:03:01.507+0000] {logging_mixin.py:188} INFO - [2025-09-04T12:03:01.506+0000] {dagbag.py:545} INFO - Filling up the DagBag from /home/airflow/.local/lib/python3.12/site-packages/airflow/example_dags/example_datasets.py
[2025-09-04T12:03:01.517+0000] {processor.py:840} INFO - DAG(s) 'dataset_consumes_unknown_never_scheduled', 'conditional_dataset_and_time_based_timetable', 'dataset_produces_2', 'consume_1_and_2_with_dataset_expressions', 'dataset_consumes_1_and_2', 'consume_1_or_both_2_and_3_with_dataset_expressions', 'dataset_consumes_1', 'consume_1_or_2_with_dataset_expressions', 'dataset_produces_1', 'dataset_consumes_1_never_scheduled' retrieved from /home/airflow/.local/lib/python3.12/site-packages/airflow/example_dags/example_datasets.py
[2025-09-04T12:03:01.553+0000] {logging_mixin.py:188} INFO - [2025-09-04T12:03:01.553+0000] {dag.py:3096} INFO - Sync 10 DAGs
[2025-09-04T12:03:01.572+0000] {logging_mixin.py:188} INFO - [2025-09-04T12:03:01.572+0000] {dag.py:3954} INFO - Setting next_dagrun for conditional_dataset_and_time_based_timetable to 2025-09-03 01:00:00+00:00, run_after=2025-09-03 01:00:00+00:00
[2025-09-04T12:03:01.576+0000] {logging_mixin.py:188} INFO - [2025-09-04T12:03:01.576+0000] {dag.py:3954} INFO - Setting next_dagrun for consume_1_and_2_with_dataset_expressions to None, run_after=None
[2025-09-04T12:03:01.578+0000] {logging_mixin.py:188} INFO - [2025-09-04T12:03:01.577+0000] {dag.py:3954} INFO - Setting next_dagrun for consume_1_or_2_with_dataset_expressions to None, run_after=None
[2025-09-04T12:03:01.580+0000] {logging_mixin.py:188} INFO - [2025-09-04T12:03:01.579+0000] {dag.py:3954} INFO - Setting next_dagrun for consume_1_or_both_2_and_3_with_dataset_expressions to None, run_after=None
[2025-09-04T12:03:01.581+0000] {logging_mixin.py:188} INFO - [2025-09-04T12:03:01.581+0000] {dag.py:3954} INFO - Setting next_dagrun for dataset_consumes_1 to None, run_after=None
[2025-09-04T12:03:01.583+0000] {logging_mixin.py:188} INFO - [2025-09-04T12:03:01.582+0000] {dag.py:3954} INFO - Setting next_dagrun for dataset_consumes_1_and_2 to None, run_after=None
[2025-09-04T12:03:01.584+0000] {logging_mixin.py:188} INFO - [2025-09-04T12:03:01.584+0000] {dag.py:3954} INFO - Setting next_dagrun for dataset_consumes_1_never_scheduled to None, run_after=None
[2025-09-04T12:03:01.585+0000] {logging_mixin.py:188} INFO - [2025-09-04T12:03:01.585+0000] {dag.py:3954} INFO - Setting next_dagrun for dataset_consumes_unknown_never_scheduled to None, run_after=None
[2025-09-04T12:03:01.587+0000] {logging_mixin.py:188} INFO - [2025-09-04T12:03:01.587+0000] {dag.py:3954} INFO - Setting next_dagrun for dataset_produces_1 to 2025-09-03 00:00:00+00:00, run_after=2025-09-04 00:00:00+00:00
[2025-09-04T12:03:01.588+0000] {logging_mixin.py:188} INFO - [2025-09-04T12:03:01.588+0000] {dag.py:3954} INFO - Setting next_dagrun for dataset_produces_2 to None, run_after=None
[2025-09-04T12:03:01.610+0000] {processor.py:183} INFO - Processing /home/airflow/.local/lib/python3.12/site-packages/airflow/example_dags/example_datasets.py took 0.111 seconds
[2025-09-04T12:03:31.765+0000] {processor.py:161} INFO - Started process (PID=284) to work on /home/airflow/.local/lib/python3.12/site-packages/airflow/example_dags/example_datasets.py
[2025-09-04T12:03:31.766+0000] {processor.py:830} INFO - Processing file /home/airflow/.local/lib/python3.12/site-packages/airflow/example_dags/example_datasets.py for tasks to queue
[2025-09-04T12:03:31.768+0000] {logging_mixin.py:188} INFO - [2025-09-04T12:03:31.768+0000] {dagbag.py:545} INFO - Filling up the DagBag from /home/airflow/.local/lib/python3.12/site-packages/airflow/example_dags/example_datasets.py
[2025-09-04T12:03:31.779+0000] {processor.py:840} INFO - DAG(s) 'consume_1_or_2_with_dataset_expressions', 'dataset_consumes_unknown_never_scheduled', 'consume_1_or_both_2_and_3_with_dataset_expressions', 'dataset_consumes_1_and_2', 'dataset_produces_2', 'conditional_dataset_and_time_based_timetable', 'consume_1_and_2_with_dataset_expressions', 'dataset_consumes_1', 'dataset_consumes_1_never_scheduled', 'dataset_produces_1' retrieved from /home/airflow/.local/lib/python3.12/site-packages/airflow/example_dags/example_datasets.py
[2025-09-04T12:03:31.815+0000] {logging_mixin.py:188} INFO - [2025-09-04T12:03:31.815+0000] {dag.py:3096} INFO - Sync 10 DAGs
[2025-09-04T12:03:31.834+0000] {logging_mixin.py:188} INFO - [2025-09-04T12:03:31.833+0000] {dag.py:3954} INFO - Setting next_dagrun for conditional_dataset_and_time_based_timetable to 2025-09-03 01:00:00+00:00, run_after=2025-09-03 01:00:00+00:00
[2025-09-04T12:03:31.840+0000] {logging_mixin.py:188} INFO - [2025-09-04T12:03:31.840+0000] {dag.py:3954} INFO - Setting next_dagrun for consume_1_and_2_with_dataset_expressions to None, run_after=None
[2025-09-04T12:03:31.842+0000] {logging_mixin.py:188} INFO - [2025-09-04T12:03:31.842+0000] {dag.py:3954} INFO - Setting next_dagrun for consume_1_or_2_with_dataset_expressions to None, run_after=None
[2025-09-04T12:03:31.844+0000] {logging_mixin.py:188} INFO - [2025-09-04T12:03:31.843+0000] {dag.py:3954} INFO - Setting next_dagrun for consume_1_or_both_2_and_3_with_dataset_expressions to None, run_after=None
[2025-09-04T12:03:31.846+0000] {logging_mixin.py:188} INFO - [2025-09-04T12:03:31.846+0000] {dag.py:3954} INFO - Setting next_dagrun for dataset_consumes_1 to None, run_after=None
[2025-09-04T12:03:31.848+0000] {logging_mixin.py:188} INFO - [2025-09-04T12:03:31.848+0000] {dag.py:3954} INFO - Setting next_dagrun for dataset_consumes_1_and_2 to None, run_after=None
[2025-09-04T12:03:31.851+0000] {logging_mixin.py:188} INFO - [2025-09-04T12:03:31.851+0000] {dag.py:3954} INFO - Setting next_dagrun for dataset_consumes_1_never_scheduled to None, run_after=None
[2025-09-04T12:03:31.853+0000] {logging_mixin.py:188} INFO - [2025-09-04T12:03:31.853+0000] {dag.py:3954} INFO - Setting next_dagrun for dataset_consumes_unknown_never_scheduled to None, run_after=None
[2025-09-04T12:03:31.856+0000] {logging_mixin.py:188} INFO - [2025-09-04T12:03:31.856+0000] {dag.py:3954} INFO - Setting next_dagrun for dataset_produces_1 to 2025-09-03 00:00:00+00:00, run_after=2025-09-04 00:00:00+00:00
[2025-09-04T12:03:31.858+0000] {logging_mixin.py:188} INFO - [2025-09-04T12:03:31.858+0000] {dag.py:3954} INFO - Setting next_dagrun for dataset_produces_2 to None, run_after=None
[2025-09-04T12:03:31.908+0000] {processor.py:183} INFO - Processing /home/airflow/.local/lib/python3.12/site-packages/airflow/example_dags/example_datasets.py took 0.148 seconds
[2025-09-04T12:04:02.275+0000] {processor.py:161} INFO - Started process (PID=342) to work on /home/airflow/.local/lib/python3.12/site-packages/airflow/example_dags/example_datasets.py
[2025-09-04T12:04:02.277+0000] {processor.py:830} INFO - Processing file /home/airflow/.local/lib/python3.12/site-packages/airflow/example_dags/example_datasets.py for tasks to queue
[2025-09-04T12:04:02.279+0000] {logging_mixin.py:188} INFO - [2025-09-04T12:04:02.279+0000] {dagbag.py:545} INFO - Filling up the DagBag from /home/airflow/.local/lib/python3.12/site-packages/airflow/example_dags/example_datasets.py
[2025-09-04T12:04:02.295+0000] {processor.py:840} INFO - DAG(s) 'dataset_consumes_1', 'dataset_produces_2', 'dataset_produces_1', 'conditional_dataset_and_time_based_timetable', 'dataset_consumes_unknown_never_scheduled', 'consume_1_or_2_with_dataset_expressions', 'consume_1_or_both_2_and_3_with_dataset_expressions', 'dataset_consumes_1_never_scheduled', 'dataset_consumes_1_and_2', 'consume_1_and_2_with_dataset_expressions' retrieved from /home/airflow/.local/lib/python3.12/site-packages/airflow/example_dags/example_datasets.py
[2025-09-04T12:04:02.374+0000] {logging_mixin.py:188} INFO - [2025-09-04T12:04:02.373+0000] {dag.py:3096} INFO - Sync 10 DAGs
[2025-09-04T12:04:02.397+0000] {logging_mixin.py:188} INFO - [2025-09-04T12:04:02.397+0000] {dag.py:3954} INFO - Setting next_dagrun for conditional_dataset_and_time_based_timetable to 2025-09-03 01:00:00+00:00, run_after=2025-09-03 01:00:00+00:00
[2025-09-04T12:04:02.402+0000] {logging_mixin.py:188} INFO - [2025-09-04T12:04:02.402+0000] {dag.py:3954} INFO - Setting next_dagrun for consume_1_and_2_with_dataset_expressions to None, run_after=None
[2025-09-04T12:04:02.404+0000] {logging_mixin.py:188} INFO - [2025-09-04T12:04:02.404+0000] {dag.py:3954} INFO - Setting next_dagrun for consume_1_or_2_with_dataset_expressions to None, run_after=None
[2025-09-04T12:04:02.407+0000] {logging_mixin.py:188} INFO - [2025-09-04T12:04:02.406+0000] {dag.py:3954} INFO - Setting next_dagrun for consume_1_or_both_2_and_3_with_dataset_expressions to None, run_after=None
[2025-09-04T12:04:02.409+0000] {logging_mixin.py:188} INFO - [2025-09-04T12:04:02.408+0000] {dag.py:3954} INFO - Setting next_dagrun for dataset_consumes_1 to None, run_after=None
[2025-09-04T12:04:02.410+0000] {logging_mixin.py:188} INFO - [2025-09-04T12:04:02.410+0000] {dag.py:3954} INFO - Setting next_dagrun for dataset_consumes_1_and_2 to None, run_after=None
[2025-09-04T12:04:02.412+0000] {logging_mixin.py:188} INFO - [2025-09-04T12:04:02.412+0000] {dag.py:3954} INFO - Setting next_dagrun for dataset_consumes_1_never_scheduled to None, run_after=None
[2025-09-04T12:04:02.415+0000] {logging_mixin.py:188} INFO - [2025-09-04T12:04:02.415+0000] {dag.py:3954} INFO - Setting next_dagrun for dataset_consumes_unknown_never_scheduled to None, run_after=None
[2025-09-04T12:04:02.418+0000] {logging_mixin.py:188} INFO - [2025-09-04T12:04:02.418+0000] {dag.py:3954} INFO - Setting next_dagrun for dataset_produces_1 to 2025-09-03 00:00:00+00:00, run_after=2025-09-04 00:00:00+00:00
[2025-09-04T12:04:02.421+0000] {logging_mixin.py:188} INFO - [2025-09-04T12:04:02.421+0000] {dag.py:3954} INFO - Setting next_dagrun for dataset_produces_2 to None, run_after=None
[2025-09-04T12:04:02.489+0000] {processor.py:183} INFO - Processing /home/airflow/.local/lib/python3.12/site-packages/airflow/example_dags/example_datasets.py took 0.221 seconds
[2025-09-04T12:04:32.580+0000] {processor.py:161} INFO - Started process (PID=399) to work on /home/airflow/.local/lib/python3.12/site-packages/airflow/example_dags/example_datasets.py
[2025-09-04T12:04:32.581+0000] {processor.py:830} INFO - Processing file /home/airflow/.local/lib/python3.12/site-packages/airflow/example_dags/example_datasets.py for tasks to queue
[2025-09-04T12:04:32.584+0000] {logging_mixin.py:188} INFO - [2025-09-04T12:04:32.584+0000] {dagbag.py:545} INFO - Filling up the DagBag from /home/airflow/.local/lib/python3.12/site-packages/airflow/example_dags/example_datasets.py
[2025-09-04T12:04:32.599+0000] {processor.py:840} INFO - DAG(s) 'dataset_produces_1', 'dataset_produces_2', 'consume_1_and_2_with_dataset_expressions', 'consume_1_or_both_2_and_3_with_dataset_expressions', 'dataset_consumes_1_and_2', 'consume_1_or_2_with_dataset_expressions', 'dataset_consumes_1_never_scheduled', 'dataset_consumes_1', 'conditional_dataset_and_time_based_timetable', 'dataset_consumes_unknown_never_scheduled' retrieved from /home/airflow/.local/lib/python3.12/site-packages/airflow/example_dags/example_datasets.py
[2025-09-04T12:04:32.632+0000] {logging_mixin.py:188} INFO - [2025-09-04T12:04:32.632+0000] {dag.py:3096} INFO - Sync 10 DAGs
[2025-09-04T12:04:32.649+0000] {logging_mixin.py:188} INFO - [2025-09-04T12:04:32.649+0000] {dag.py:3954} INFO - Setting next_dagrun for conditional_dataset_and_time_based_timetable to 2025-09-03 01:00:00+00:00, run_after=2025-09-03 01:00:00+00:00
[2025-09-04T12:04:32.653+0000] {logging_mixin.py:188} INFO - [2025-09-04T12:04:32.653+0000] {dag.py:3954} INFO - Setting next_dagrun for consume_1_and_2_with_dataset_expressions to None, run_after=None
[2025-09-04T12:04:32.655+0000] {logging_mixin.py:188} INFO - [2025-09-04T12:04:32.654+0000] {dag.py:3954} INFO - Setting next_dagrun for consume_1_or_2_with_dataset_expressions to None, run_after=None
[2025-09-04T12:04:32.656+0000] {logging_mixin.py:188} INFO - [2025-09-04T12:04:32.656+0000] {dag.py:3954} INFO - Setting next_dagrun for consume_1_or_both_2_and_3_with_dataset_expressions to None, run_after=None
[2025-09-04T12:04:32.657+0000] {logging_mixin.py:188} INFO - [2025-09-04T12:04:32.657+0000] {dag.py:3954} INFO - Setting next_dagrun for dataset_consumes_1 to None, run_after=None
[2025-09-04T12:04:32.658+0000] {logging_mixin.py:188} INFO - [2025-09-04T12:04:32.658+0000] {dag.py:3954} INFO - Setting next_dagrun for dataset_consumes_1_and_2 to None, run_after=None
[2025-09-04T12:04:32.660+0000] {logging_mixin.py:188} INFO - [2025-09-04T12:04:32.660+0000] {dag.py:3954} INFO - Setting next_dagrun for dataset_consumes_1_never_scheduled to None, run_after=None
[2025-09-04T12:04:32.661+0000] {logging_mixin.py:188} INFO - [2025-09-04T12:04:32.661+0000] {dag.py:3954} INFO - Setting next_dagrun for dataset_consumes_unknown_never_scheduled to None, run_after=None
[2025-09-04T12:04:32.663+0000] {logging_mixin.py:188} INFO - [2025-09-04T12:04:32.663+0000] {dag.py:3954} INFO - Setting next_dagrun for dataset_produces_1 to 2025-09-03 00:00:00+00:00, run_after=2025-09-04 00:00:00+00:00
[2025-09-04T12:04:32.665+0000] {logging_mixin.py:188} INFO - [2025-09-04T12:04:32.665+0000] {dag.py:3954} INFO - Setting next_dagrun for dataset_produces_2 to None, run_after=None
[2025-09-04T12:04:32.689+0000] {processor.py:183} INFO - Processing /home/airflow/.local/lib/python3.12/site-packages/airflow/example_dags/example_datasets.py took 0.114 seconds
[2025-09-04T12:05:03.233+0000] {processor.py:161} INFO - Started process (PID=457) to work on /home/airflow/.local/lib/python3.12/site-packages/airflow/example_dags/example_datasets.py
[2025-09-04T12:05:03.234+0000] {processor.py:830} INFO - Processing file /home/airflow/.local/lib/python3.12/site-packages/airflow/example_dags/example_datasets.py for tasks to queue
[2025-09-04T12:05:03.237+0000] {logging_mixin.py:188} INFO - [2025-09-04T12:05:03.237+0000] {dagbag.py:545} INFO - Filling up the DagBag from /home/airflow/.local/lib/python3.12/site-packages/airflow/example_dags/example_datasets.py
[2025-09-04T12:05:03.250+0000] {processor.py:840} INFO - DAG(s) 'dataset_consumes_1_and_2', 'consume_1_or_both_2_and_3_with_dataset_expressions', 'dataset_produces_2', 'consume_1_or_2_with_dataset_expressions', 'dataset_consumes_1_never_scheduled', 'dataset_produces_1', 'dataset_consumes_unknown_never_scheduled', 'conditional_dataset_and_time_based_timetable', 'dataset_consumes_1', 'consume_1_and_2_with_dataset_expressions' retrieved from /home/airflow/.local/lib/python3.12/site-packages/airflow/example_dags/example_datasets.py
[2025-09-04T12:05:03.326+0000] {logging_mixin.py:188} INFO - [2025-09-04T12:05:03.326+0000] {dag.py:3096} INFO - Sync 10 DAGs
[2025-09-04T12:05:03.359+0000] {logging_mixin.py:188} INFO - [2025-09-04T12:05:03.359+0000] {dag.py:3954} INFO - Setting next_dagrun for conditional_dataset_and_time_based_timetable to 2025-09-03 01:00:00+00:00, run_after=2025-09-03 01:00:00+00:00
[2025-09-04T12:05:03.364+0000] {logging_mixin.py:188} INFO - [2025-09-04T12:05:03.364+0000] {dag.py:3954} INFO - Setting next_dagrun for consume_1_and_2_with_dataset_expressions to None, run_after=None
[2025-09-04T12:05:03.366+0000] {logging_mixin.py:188} INFO - [2025-09-04T12:05:03.366+0000] {dag.py:3954} INFO - Setting next_dagrun for consume_1_or_2_with_dataset_expressions to None, run_after=None
[2025-09-04T12:05:03.367+0000] {logging_mixin.py:188} INFO - [2025-09-04T12:05:03.367+0000] {dag.py:3954} INFO - Setting next_dagrun for consume_1_or_both_2_and_3_with_dataset_expressions to None, run_after=None
[2025-09-04T12:05:03.369+0000] {logging_mixin.py:188} INFO - [2025-09-04T12:05:03.369+0000] {dag.py:3954} INFO - Setting next_dagrun for dataset_consumes_1 to None, run_after=None
[2025-09-04T12:05:03.371+0000] {logging_mixin.py:188} INFO - [2025-09-04T12:05:03.371+0000] {dag.py:3954} INFO - Setting next_dagrun for dataset_consumes_1_and_2 to None, run_after=None
[2025-09-04T12:05:03.373+0000] {logging_mixin.py:188} INFO - [2025-09-04T12:05:03.373+0000] {dag.py:3954} INFO - Setting next_dagrun for dataset_consumes_1_never_scheduled to None, run_after=None
[2025-09-04T12:05:03.374+0000] {logging_mixin.py:188} INFO - [2025-09-04T12:05:03.374+0000] {dag.py:3954} INFO - Setting next_dagrun for dataset_consumes_unknown_never_scheduled to None, run_after=None
[2025-09-04T12:05:03.377+0000] {logging_mixin.py:188} INFO - [2025-09-04T12:05:03.377+0000] {dag.py:3954} INFO - Setting next_dagrun for dataset_produces_1 to 2025-09-03 00:00:00+00:00, run_after=2025-09-04 00:00:00+00:00
[2025-09-04T12:05:03.379+0000] {logging_mixin.py:188} INFO - [2025-09-04T12:05:03.379+0000] {dag.py:3954} INFO - Setting next_dagrun for dataset_produces_2 to None, run_after=None
[2025-09-04T12:05:03.413+0000] {processor.py:183} INFO - Processing /home/airflow/.local/lib/python3.12/site-packages/airflow/example_dags/example_datasets.py took 0.189 seconds
[2025-09-04T12:05:33.571+0000] {processor.py:161} INFO - Started process (PID=521) to work on /home/airflow/.local/lib/python3.12/site-packages/airflow/example_dags/example_datasets.py
[2025-09-04T12:05:33.572+0000] {processor.py:830} INFO - Processing file /home/airflow/.local/lib/python3.12/site-packages/airflow/example_dags/example_datasets.py for tasks to queue
[2025-09-04T12:05:33.574+0000] {logging_mixin.py:188} INFO - [2025-09-04T12:05:33.573+0000] {dagbag.py:545} INFO - Filling up the DagBag from /home/airflow/.local/lib/python3.12/site-packages/airflow/example_dags/example_datasets.py
[2025-09-04T12:05:33.584+0000] {processor.py:840} INFO - DAG(s) 'conditional_dataset_and_time_based_timetable', 'dataset_consumes_1', 'dataset_consumes_unknown_never_scheduled', 'consume_1_or_both_2_and_3_with_dataset_expressions', 'dataset_produces_1', 'consume_1_and_2_with_dataset_expressions', 'dataset_consumes_1_never_scheduled', 'dataset_consumes_1_and_2', 'dataset_produces_2', 'consume_1_or_2_with_dataset_expressions' retrieved from /home/airflow/.local/lib/python3.12/site-packages/airflow/example_dags/example_datasets.py
[2025-09-04T12:05:33.621+0000] {logging_mixin.py:188} INFO - [2025-09-04T12:05:33.621+0000] {dag.py:3096} INFO - Sync 10 DAGs
[2025-09-04T12:05:33.643+0000] {logging_mixin.py:188} INFO - [2025-09-04T12:05:33.643+0000] {dag.py:3954} INFO - Setting next_dagrun for conditional_dataset_and_time_based_timetable to 2025-09-03 01:00:00+00:00, run_after=2025-09-03 01:00:00+00:00
[2025-09-04T12:05:33.647+0000] {logging_mixin.py:188} INFO - [2025-09-04T12:05:33.647+0000] {dag.py:3954} INFO - Setting next_dagrun for consume_1_and_2_with_dataset_expressions to None, run_after=None
[2025-09-04T12:05:33.652+0000] {logging_mixin.py:188} INFO - [2025-09-04T12:05:33.652+0000] {dag.py:3954} INFO - Setting next_dagrun for consume_1_or_2_with_dataset_expressions to None, run_after=None
[2025-09-04T12:05:33.654+0000] {logging_mixin.py:188} INFO - [2025-09-04T12:05:33.654+0000] {dag.py:3954} INFO - Setting next_dagrun for consume_1_or_both_2_and_3_with_dataset_expressions to None, run_after=None
[2025-09-04T12:05:33.655+0000] {logging_mixin.py:188} INFO - [2025-09-04T12:05:33.655+0000] {dag.py:3954} INFO - Setting next_dagrun for dataset_consumes_1 to None, run_after=None
[2025-09-04T12:05:33.658+0000] {logging_mixin.py:188} INFO - [2025-09-04T12:05:33.658+0000] {dag.py:3954} INFO - Setting next_dagrun for dataset_consumes_1_and_2 to None, run_after=None
[2025-09-04T12:05:33.661+0000] {logging_mixin.py:188} INFO - [2025-09-04T12:05:33.661+0000] {dag.py:3954} INFO - Setting next_dagrun for dataset_consumes_1_never_scheduled to None, run_after=None
[2025-09-04T12:05:33.663+0000] {logging_mixin.py:188} INFO - [2025-09-04T12:05:33.662+0000] {dag.py:3954} INFO - Setting next_dagrun for dataset_consumes_unknown_never_scheduled to None, run_after=None
[2025-09-04T12:05:33.668+0000] {logging_mixin.py:188} INFO - [2025-09-04T12:05:33.668+0000] {dag.py:3954} INFO - Setting next_dagrun for dataset_produces_1 to 2025-09-03 00:00:00+00:00, run_after=2025-09-04 00:00:00+00:00
[2025-09-04T12:05:33.670+0000] {logging_mixin.py:188} INFO - [2025-09-04T12:05:33.670+0000] {dag.py:3954} INFO - Setting next_dagrun for dataset_produces_2 to None, run_after=None
[2025-09-04T12:05:33.724+0000] {processor.py:183} INFO - Processing /home/airflow/.local/lib/python3.12/site-packages/airflow/example_dags/example_datasets.py took 0.158 seconds
[2025-09-04T12:06:34.454+0000] {processor.py:161} INFO - Started process (PID=58) to work on /home/airflow/.local/lib/python3.12/site-packages/airflow/example_dags/example_datasets.py
[2025-09-04T12:06:34.455+0000] {processor.py:830} INFO - Processing file /home/airflow/.local/lib/python3.12/site-packages/airflow/example_dags/example_datasets.py for tasks to queue
[2025-09-04T12:06:34.458+0000] {logging_mixin.py:188} INFO - [2025-09-04T12:06:34.457+0000] {dagbag.py:545} INFO - Filling up the DagBag from /home/airflow/.local/lib/python3.12/site-packages/airflow/example_dags/example_datasets.py
[2025-09-04T12:06:34.475+0000] {processor.py:840} INFO - DAG(s) 'dataset_consumes_1', 'dataset_consumes_1_and_2', 'dataset_produces_2', 'dataset_consumes_unknown_never_scheduled', 'consume_1_and_2_with_dataset_expressions', 'consume_1_or_2_with_dataset_expressions', 'conditional_dataset_and_time_based_timetable', 'dataset_consumes_1_never_scheduled', 'dataset_produces_1', 'consume_1_or_both_2_and_3_with_dataset_expressions' retrieved from /home/airflow/.local/lib/python3.12/site-packages/airflow/example_dags/example_datasets.py
[2025-09-04T12:06:34.495+0000] {logging_mixin.py:188} INFO - [2025-09-04T12:06:34.495+0000] {dag.py:3096} INFO - Sync 10 DAGs
[2025-09-04T12:06:34.526+0000] {logging_mixin.py:188} INFO - [2025-09-04T12:06:34.526+0000] {dag.py:3954} INFO - Setting next_dagrun for conditional_dataset_and_time_based_timetable to 2025-09-03 01:00:00+00:00, run_after=2025-09-03 01:00:00+00:00
[2025-09-04T12:06:34.530+0000] {logging_mixin.py:188} INFO - [2025-09-04T12:06:34.530+0000] {dag.py:3954} INFO - Setting next_dagrun for consume_1_and_2_with_dataset_expressions to None, run_after=None
[2025-09-04T12:06:34.532+0000] {logging_mixin.py:188} INFO - [2025-09-04T12:06:34.532+0000] {dag.py:3954} INFO - Setting next_dagrun for consume_1_or_2_with_dataset_expressions to None, run_after=None
[2025-09-04T12:06:34.535+0000] {logging_mixin.py:188} INFO - [2025-09-04T12:06:34.535+0000] {dag.py:3954} INFO - Setting next_dagrun for consume_1_or_both_2_and_3_with_dataset_expressions to None, run_after=None
[2025-09-04T12:06:34.537+0000] {logging_mixin.py:188} INFO - [2025-09-04T12:06:34.537+0000] {dag.py:3954} INFO - Setting next_dagrun for dataset_consumes_1 to None, run_after=None
[2025-09-04T12:06:34.539+0000] {logging_mixin.py:188} INFO - [2025-09-04T12:06:34.539+0000] {dag.py:3954} INFO - Setting next_dagrun for dataset_consumes_1_and_2 to None, run_after=None
[2025-09-04T12:06:34.541+0000] {logging_mixin.py:188} INFO - [2025-09-04T12:06:34.540+0000] {dag.py:3954} INFO - Setting next_dagrun for dataset_consumes_1_never_scheduled to None, run_after=None
[2025-09-04T12:06:34.542+0000] {logging_mixin.py:188} INFO - [2025-09-04T12:06:34.542+0000] {dag.py:3954} INFO - Setting next_dagrun for dataset_consumes_unknown_never_scheduled to None, run_after=None
[2025-09-04T12:06:34.545+0000] {logging_mixin.py:188} INFO - [2025-09-04T12:06:34.545+0000] {dag.py:3954} INFO - Setting next_dagrun for dataset_produces_1 to 2025-09-03 00:00:00+00:00, run_after=2025-09-04 00:00:00+00:00
[2025-09-04T12:06:34.547+0000] {logging_mixin.py:188} INFO - [2025-09-04T12:06:34.547+0000] {dag.py:3954} INFO - Setting next_dagrun for dataset_produces_2 to None, run_after=None
[2025-09-04T12:06:34.590+0000] {processor.py:183} INFO - Processing /home/airflow/.local/lib/python3.12/site-packages/airflow/example_dags/example_datasets.py took 0.141 seconds
[2025-09-04T12:07:04.811+0000] {processor.py:161} INFO - Started process (PID=116) to work on /home/airflow/.local/lib/python3.12/site-packages/airflow/example_dags/example_datasets.py
[2025-09-04T12:07:04.812+0000] {processor.py:830} INFO - Processing file /home/airflow/.local/lib/python3.12/site-packages/airflow/example_dags/example_datasets.py for tasks to queue
[2025-09-04T12:07:04.815+0000] {logging_mixin.py:188} INFO - [2025-09-04T12:07:04.814+0000] {dagbag.py:545} INFO - Filling up the DagBag from /home/airflow/.local/lib/python3.12/site-packages/airflow/example_dags/example_datasets.py
[2025-09-04T12:07:04.828+0000] {processor.py:840} INFO - DAG(s) 'dataset_consumes_1_never_scheduled', 'consume_1_or_both_2_and_3_with_dataset_expressions', 'consume_1_and_2_with_dataset_expressions', 'consume_1_or_2_with_dataset_expressions', 'dataset_consumes_unknown_never_scheduled', 'dataset_consumes_1', 'conditional_dataset_and_time_based_timetable', 'dataset_consumes_1_and_2', 'dataset_produces_1', 'dataset_produces_2' retrieved from /home/airflow/.local/lib/python3.12/site-packages/airflow/example_dags/example_datasets.py
[2025-09-04T12:07:05.058+0000] {logging_mixin.py:188} INFO - [2025-09-04T12:07:05.058+0000] {dag.py:3096} INFO - Sync 10 DAGs
[2025-09-04T12:07:05.089+0000] {logging_mixin.py:188} INFO - [2025-09-04T12:07:05.089+0000] {dag.py:3954} INFO - Setting next_dagrun for conditional_dataset_and_time_based_timetable to 2025-09-03 01:00:00+00:00, run_after=2025-09-03 01:00:00+00:00
[2025-09-04T12:07:05.095+0000] {logging_mixin.py:188} INFO - [2025-09-04T12:07:05.094+0000] {dag.py:3954} INFO - Setting next_dagrun for consume_1_and_2_with_dataset_expressions to None, run_after=None
[2025-09-04T12:07:05.097+0000] {logging_mixin.py:188} INFO - [2025-09-04T12:07:05.096+0000] {dag.py:3954} INFO - Setting next_dagrun for consume_1_or_2_with_dataset_expressions to None, run_after=None
[2025-09-04T12:07:05.099+0000] {logging_mixin.py:188} INFO - [2025-09-04T12:07:05.098+0000] {dag.py:3954} INFO - Setting next_dagrun for consume_1_or_both_2_and_3_with_dataset_expressions to None, run_after=None
[2025-09-04T12:07:05.100+0000] {logging_mixin.py:188} INFO - [2025-09-04T12:07:05.100+0000] {dag.py:3954} INFO - Setting next_dagrun for dataset_consumes_1 to None, run_after=None
[2025-09-04T12:07:05.102+0000] {logging_mixin.py:188} INFO - [2025-09-04T12:07:05.102+0000] {dag.py:3954} INFO - Setting next_dagrun for dataset_consumes_1_and_2 to None, run_after=None
[2025-09-04T12:07:05.104+0000] {logging_mixin.py:188} INFO - [2025-09-04T12:07:05.103+0000] {dag.py:3954} INFO - Setting next_dagrun for dataset_consumes_1_never_scheduled to None, run_after=None
[2025-09-04T12:07:05.105+0000] {logging_mixin.py:188} INFO - [2025-09-04T12:07:05.105+0000] {dag.py:3954} INFO - Setting next_dagrun for dataset_consumes_unknown_never_scheduled to None, run_after=None
[2025-09-04T12:07:05.107+0000] {logging_mixin.py:188} INFO - [2025-09-04T12:07:05.107+0000] {dag.py:3954} INFO - Setting next_dagrun for dataset_produces_1 to 2025-09-03 00:00:00+00:00, run_after=2025-09-04 00:00:00+00:00
[2025-09-04T12:07:05.109+0000] {logging_mixin.py:188} INFO - [2025-09-04T12:07:05.109+0000] {dag.py:3954} INFO - Setting next_dagrun for dataset_produces_2 to None, run_after=None
[2025-09-04T12:07:05.162+0000] {processor.py:183} INFO - Processing /home/airflow/.local/lib/python3.12/site-packages/airflow/example_dags/example_datasets.py took 0.356 seconds
[2025-09-04T12:07:35.378+0000] {processor.py:161} INFO - Started process (PID=174) to work on /home/airflow/.local/lib/python3.12/site-packages/airflow/example_dags/example_datasets.py
[2025-09-04T12:07:35.380+0000] {processor.py:830} INFO - Processing file /home/airflow/.local/lib/python3.12/site-packages/airflow/example_dags/example_datasets.py for tasks to queue
[2025-09-04T12:07:35.383+0000] {logging_mixin.py:188} INFO - [2025-09-04T12:07:35.383+0000] {dagbag.py:545} INFO - Filling up the DagBag from /home/airflow/.local/lib/python3.12/site-packages/airflow/example_dags/example_datasets.py
[2025-09-04T12:07:35.406+0000] {processor.py:840} INFO - DAG(s) 'dataset_produces_2', 'consume_1_or_2_with_dataset_expressions', 'consume_1_or_both_2_and_3_with_dataset_expressions', 'dataset_consumes_1_never_scheduled', 'dataset_produces_1', 'dataset_consumes_unknown_never_scheduled', 'consume_1_and_2_with_dataset_expressions', 'conditional_dataset_and_time_based_timetable', 'dataset_consumes_1', 'dataset_consumes_1_and_2' retrieved from /home/airflow/.local/lib/python3.12/site-packages/airflow/example_dags/example_datasets.py
[2025-09-04T12:07:35.488+0000] {logging_mixin.py:188} INFO - [2025-09-04T12:07:35.488+0000] {dag.py:3096} INFO - Sync 10 DAGs
[2025-09-04T12:07:35.521+0000] {logging_mixin.py:188} INFO - [2025-09-04T12:07:35.521+0000] {dag.py:3954} INFO - Setting next_dagrun for conditional_dataset_and_time_based_timetable to 2025-09-03 01:00:00+00:00, run_after=2025-09-03 01:00:00+00:00
[2025-09-04T12:07:35.530+0000] {logging_mixin.py:188} INFO - [2025-09-04T12:07:35.529+0000] {dag.py:3954} INFO - Setting next_dagrun for consume_1_and_2_with_dataset_expressions to None, run_after=None
[2025-09-04T12:07:35.534+0000] {logging_mixin.py:188} INFO - [2025-09-04T12:07:35.534+0000] {dag.py:3954} INFO - Setting next_dagrun for consume_1_or_2_with_dataset_expressions to None, run_after=None
[2025-09-04T12:07:35.538+0000] {logging_mixin.py:188} INFO - [2025-09-04T12:07:35.537+0000] {dag.py:3954} INFO - Setting next_dagrun for consume_1_or_both_2_and_3_with_dataset_expressions to None, run_after=None
[2025-09-04T12:07:35.541+0000] {logging_mixin.py:188} INFO - [2025-09-04T12:07:35.541+0000] {dag.py:3954} INFO - Setting next_dagrun for dataset_consumes_1 to None, run_after=None
[2025-09-04T12:07:35.545+0000] {logging_mixin.py:188} INFO - [2025-09-04T12:07:35.545+0000] {dag.py:3954} INFO - Setting next_dagrun for dataset_consumes_1_and_2 to None, run_after=None
[2025-09-04T12:07:35.549+0000] {logging_mixin.py:188} INFO - [2025-09-04T12:07:35.549+0000] {dag.py:3954} INFO - Setting next_dagrun for dataset_consumes_1_never_scheduled to None, run_after=None
[2025-09-04T12:07:35.553+0000] {logging_mixin.py:188} INFO - [2025-09-04T12:07:35.552+0000] {dag.py:3954} INFO - Setting next_dagrun for dataset_consumes_unknown_never_scheduled to None, run_after=None
[2025-09-04T12:07:35.560+0000] {logging_mixin.py:188} INFO - [2025-09-04T12:07:35.559+0000] {dag.py:3954} INFO - Setting next_dagrun for dataset_produces_1 to 2025-09-03 00:00:00+00:00, run_after=2025-09-04 00:00:00+00:00
[2025-09-04T12:07:35.569+0000] {logging_mixin.py:188} INFO - [2025-09-04T12:07:35.568+0000] {dag.py:3954} INFO - Setting next_dagrun for dataset_produces_2 to None, run_after=None
[2025-09-04T12:07:35.655+0000] {processor.py:183} INFO - Processing /home/airflow/.local/lib/python3.12/site-packages/airflow/example_dags/example_datasets.py took 0.288 seconds
[2025-09-04T12:08:06.005+0000] {processor.py:161} INFO - Started process (PID=232) to work on /home/airflow/.local/lib/python3.12/site-packages/airflow/example_dags/example_datasets.py
[2025-09-04T12:08:06.006+0000] {processor.py:830} INFO - Processing file /home/airflow/.local/lib/python3.12/site-packages/airflow/example_dags/example_datasets.py for tasks to queue
[2025-09-04T12:08:06.008+0000] {logging_mixin.py:188} INFO - [2025-09-04T12:08:06.007+0000] {dagbag.py:545} INFO - Filling up the DagBag from /home/airflow/.local/lib/python3.12/site-packages/airflow/example_dags/example_datasets.py
[2025-09-04T12:08:06.019+0000] {processor.py:840} INFO - DAG(s) 'dataset_consumes_1_and_2', 'dataset_produces_2', 'consume_1_and_2_with_dataset_expressions', 'dataset_consumes_1', 'dataset_consumes_1_never_scheduled', 'dataset_consumes_unknown_never_scheduled', 'consume_1_or_both_2_and_3_with_dataset_expressions', 'dataset_produces_1', 'conditional_dataset_and_time_based_timetable', 'consume_1_or_2_with_dataset_expressions' retrieved from /home/airflow/.local/lib/python3.12/site-packages/airflow/example_dags/example_datasets.py
[2025-09-04T12:08:06.055+0000] {logging_mixin.py:188} INFO - [2025-09-04T12:08:06.055+0000] {dag.py:3096} INFO - Sync 10 DAGs
[2025-09-04T12:08:06.074+0000] {logging_mixin.py:188} INFO - [2025-09-04T12:08:06.074+0000] {dag.py:3954} INFO - Setting next_dagrun for conditional_dataset_and_time_based_timetable to 2025-09-03 01:00:00+00:00, run_after=2025-09-03 01:00:00+00:00
[2025-09-04T12:08:06.078+0000] {logging_mixin.py:188} INFO - [2025-09-04T12:08:06.078+0000] {dag.py:3954} INFO - Setting next_dagrun for consume_1_and_2_with_dataset_expressions to None, run_after=None
[2025-09-04T12:08:06.079+0000] {logging_mixin.py:188} INFO - [2025-09-04T12:08:06.079+0000] {dag.py:3954} INFO - Setting next_dagrun for consume_1_or_2_with_dataset_expressions to None, run_after=None
[2025-09-04T12:08:06.081+0000] {logging_mixin.py:188} INFO - [2025-09-04T12:08:06.080+0000] {dag.py:3954} INFO - Setting next_dagrun for consume_1_or_both_2_and_3_with_dataset_expressions to None, run_after=None
[2025-09-04T12:08:06.082+0000] {logging_mixin.py:188} INFO - [2025-09-04T12:08:06.082+0000] {dag.py:3954} INFO - Setting next_dagrun for dataset_consumes_1 to None, run_after=None
[2025-09-04T12:08:06.083+0000] {logging_mixin.py:188} INFO - [2025-09-04T12:08:06.083+0000] {dag.py:3954} INFO - Setting next_dagrun for dataset_consumes_1_and_2 to None, run_after=None
[2025-09-04T12:08:06.084+0000] {logging_mixin.py:188} INFO - [2025-09-04T12:08:06.084+0000] {dag.py:3954} INFO - Setting next_dagrun for dataset_consumes_1_never_scheduled to None, run_after=None
[2025-09-04T12:08:06.086+0000] {logging_mixin.py:188} INFO - [2025-09-04T12:08:06.086+0000] {dag.py:3954} INFO - Setting next_dagrun for dataset_consumes_unknown_never_scheduled to None, run_after=None
[2025-09-04T12:08:06.088+0000] {logging_mixin.py:188} INFO - [2025-09-04T12:08:06.088+0000] {dag.py:3954} INFO - Setting next_dagrun for dataset_produces_1 to 2025-09-03 00:00:00+00:00, run_after=2025-09-04 00:00:00+00:00
[2025-09-04T12:08:06.090+0000] {logging_mixin.py:188} INFO - [2025-09-04T12:08:06.090+0000] {dag.py:3954} INFO - Setting next_dagrun for dataset_produces_2 to None, run_after=None
[2025-09-04T12:08:06.115+0000] {processor.py:183} INFO - Processing /home/airflow/.local/lib/python3.12/site-packages/airflow/example_dags/example_datasets.py took 0.114 seconds
[2025-09-04T12:08:36.289+0000] {processor.py:161} INFO - Started process (PID=289) to work on /home/airflow/.local/lib/python3.12/site-packages/airflow/example_dags/example_datasets.py
[2025-09-04T12:08:36.294+0000] {processor.py:830} INFO - Processing file /home/airflow/.local/lib/python3.12/site-packages/airflow/example_dags/example_datasets.py for tasks to queue
[2025-09-04T12:08:36.299+0000] {logging_mixin.py:188} INFO - [2025-09-04T12:08:36.299+0000] {dagbag.py:545} INFO - Filling up the DagBag from /home/airflow/.local/lib/python3.12/site-packages/airflow/example_dags/example_datasets.py
[2025-09-04T12:08:36.324+0000] {processor.py:840} INFO - DAG(s) 'consume_1_and_2_with_dataset_expressions', 'dataset_consumes_1_never_scheduled', 'conditional_dataset_and_time_based_timetable', 'dataset_consumes_1', 'consume_1_or_both_2_and_3_with_dataset_expressions', 'dataset_consumes_1_and_2', 'dataset_consumes_unknown_never_scheduled', 'consume_1_or_2_with_dataset_expressions', 'dataset_produces_2', 'dataset_produces_1' retrieved from /home/airflow/.local/lib/python3.12/site-packages/airflow/example_dags/example_datasets.py
[2025-09-04T12:08:36.429+0000] {logging_mixin.py:188} INFO - [2025-09-04T12:08:36.429+0000] {dag.py:3096} INFO - Sync 10 DAGs
[2025-09-04T12:08:36.467+0000] {logging_mixin.py:188} INFO - [2025-09-04T12:08:36.467+0000] {dag.py:3954} INFO - Setting next_dagrun for conditional_dataset_and_time_based_timetable to 2025-09-03 01:00:00+00:00, run_after=2025-09-03 01:00:00+00:00
[2025-09-04T12:08:36.472+0000] {logging_mixin.py:188} INFO - [2025-09-04T12:08:36.472+0000] {dag.py:3954} INFO - Setting next_dagrun for consume_1_and_2_with_dataset_expressions to None, run_after=None
[2025-09-04T12:08:36.475+0000] {logging_mixin.py:188} INFO - [2025-09-04T12:08:36.475+0000] {dag.py:3954} INFO - Setting next_dagrun for consume_1_or_2_with_dataset_expressions to None, run_after=None
[2025-09-04T12:08:36.477+0000] {logging_mixin.py:188} INFO - [2025-09-04T12:08:36.477+0000] {dag.py:3954} INFO - Setting next_dagrun for consume_1_or_both_2_and_3_with_dataset_expressions to None, run_after=None
[2025-09-04T12:08:36.479+0000] {logging_mixin.py:188} INFO - [2025-09-04T12:08:36.478+0000] {dag.py:3954} INFO - Setting next_dagrun for dataset_consumes_1 to None, run_after=None
[2025-09-04T12:08:36.482+0000] {logging_mixin.py:188} INFO - [2025-09-04T12:08:36.482+0000] {dag.py:3954} INFO - Setting next_dagrun for dataset_consumes_1_and_2 to None, run_after=None
[2025-09-04T12:08:36.484+0000] {logging_mixin.py:188} INFO - [2025-09-04T12:08:36.484+0000] {dag.py:3954} INFO - Setting next_dagrun for dataset_consumes_1_never_scheduled to None, run_after=None
[2025-09-04T12:08:36.486+0000] {logging_mixin.py:188} INFO - [2025-09-04T12:08:36.485+0000] {dag.py:3954} INFO - Setting next_dagrun for dataset_consumes_unknown_never_scheduled to None, run_after=None
[2025-09-04T12:08:36.490+0000] {logging_mixin.py:188} INFO - [2025-09-04T12:08:36.489+0000] {dag.py:3954} INFO - Setting next_dagrun for dataset_produces_1 to 2025-09-03 00:00:00+00:00, run_after=2025-09-04 00:00:00+00:00
[2025-09-04T12:08:36.493+0000] {logging_mixin.py:188} INFO - [2025-09-04T12:08:36.492+0000] {dag.py:3954} INFO - Setting next_dagrun for dataset_produces_2 to None, run_after=None
[2025-09-04T12:08:36.559+0000] {processor.py:183} INFO - Processing /home/airflow/.local/lib/python3.12/site-packages/airflow/example_dags/example_datasets.py took 0.283 seconds
